wikidata_id,name,country,admin_area,latitude,longitude,start_year,end_year,construction_duration_years,date_precision,start_year_source,end_year_source,start_year_pre_wikipedia,end_year_pre_wikipedia,start_year_mismatch_wikipedia,end_year_mismatch_wikipedia,start_year_wikipedia_final,end_year_wikipedia_final,start_year_wikipedia_infobox,end_year_wikipedia_infobox,start_year_wikipedia_infobox_label,end_year_wikipedia_infobox_label,start_year_wikipedia_earliest,start_year_wikipedia_current,end_year_wikipedia_current,has_major_reconstruction_wikipedia,first_builder_best_effort,first_builder_best_effort_source,founder,commissioner,architect,owner,operator,owner_count,architect_count,founder_count,commissioner_count,architectural_style,heritage_designation,material,material_count,height_m,elevation_m,area_m2,length_m,width_m,size_summary,castle_status_notes,wikipedia_url,wikidata_uri,wiki_date_fields,wikipedia_date_notes,has_coordinates,has_start_year,has_wikipedia,has_material,has_size_data,has_people_data,inception_raw,start_century,wiki_type_extracted,duration_interpretation_note,original_start_year_before_manual_duration_fix,original_end_year_before_manual_duration_fix,original_construction_duration_years_before_manual_duration_fix,manual_duration_fix_applied,manual_duration_fix_status,manual_duration_fix_source_layer,manual_duration_fix_evidence_type,manual_duration_fix_evidence_text,manual_duration_fix_note,manual_duration_fix_original_duration,manual_duration_fix_new_duration
Q3302728,Prezë Fortress,Albania,Prezë,41.431,19.672,550.0,1500.0,950.0,mixed_exact_or_infobox,wikipedia_final_filled,wikipedia_final_filled,,,False,False,550.0,1500.0,550.0,,built,,,,1500.0,False,,,,,,,,0,0,0,0,,,,0,,,,,,,,https://en.wikipedia.org/wiki/Prez%C3%AB_Castle,http://www.wikidata.org/entity/Q3302728,"{'type': 'Castle', 'owner': 'Albania', 'controlled\xa0by': 'Byzantine Empire Principality of Arbanon Kingdom of Albania Principality of Albania Principality of Kastrioti League of Lezhë Ottoman Empire Albania', 'open\xa0to the\xa0public': 'Yes', 'coordinates': '41°25′52″N 19°40′19″E \ufeff / \ufeff 41.431°N 19.672°E \ufeff / 41.431; 19.672', 'built': '550', 'built\xa0by': 'Justinian I', 'materials': 'Stone', 'current commander': 'Njesia Administrative Prezë'}",current_end:completed in the early 15th century and belonged to the thopias ,True,True,True,False,False,False,,,Castle,"construction_duration_years is derived as end_year - start_year; for castles this may represent construction, reconstruction, restoration, or broader historical date span rather than literal build duration.",550.0,1500.0,950.0,False,,,,,,,
Q873884,Berneck Castle,Austria,Kauns,47.0758,10.7019,1200.0,1300.0,100.0,mixed_exact_or_infobox,wikipedia_final_filled,wikipedia_final_filled,,,False,False,1200.0,1987.0,1200.0,,built,,1225.0,,1987.0,False,Magdalena Hörmann | Ekkehard Hörmann,owner,,,,Magdalena Hörmann | Ekkehard Hörmann,,2,0,0,0,,Listed objects in Austria,,0,,,,,,,,https://en.wikipedia.org/wiki/Berneck_Castle,http://www.wikidata.org/entity/Q873884,"{'type': 'Hilltop Castle', 'coordinates': '47°04′33″N 10°42′07″E \ufeff / \ufeff 47.0758°N 10.7019°E \ufeff / 47.0758; 10.7019', 'built': 'early 13th century'}",earliest:first mentioned in 1225 | current_end:completed in 1987 | current_end:rebuilt by hans wilhelm von mülinen as a late gothic residential castle in the 15th century,True,True,True,False,False,True,,,Hilltop Castle,"construction_duration_years was manually corrected using the one-by-one online/historical duration review. For direct ranges, the checked build span is treated as primary. For broad century ranges, the value remains approximate.",1200.0,1987.0,787.0,True,BROAD_CENTURY_SPAN_COMPARE_CAUTION,manual_online_historical_review,broad_century_span,built: early 13th century,Manual correction applied because the one-by-one online review found a broad historical build range or century-span range. The reviewed historical range is treated as primary over the previous derived date span.,787.0,100.0
Q1012734,Burg Krems,Austria,Voitsberg,47.0308,15.1819,1100.0,1400.0,300.0,text_inferred,wikipedia_final_filled,wikipedia_final_filled,,,False,False,1100.0,1400.0,,,,,1100.0,,1400.0,False,,,,,,,,0,0,0,0,,Listed objects in Austria,,0,,,,,,,,https://en.wikipedia.org/wiki/Burg_Krems,http://www.wikidata.org/entity/Q1012734,{'type': 'Castle'},earliest:dates back to the 11th or 12th century | earliest:built in the 13th century | earliest:built in the late 16th century as a transverse wing | earliest:was built in the 13th century | earliest:was built in the late 16th century as a transverse wing | earliest:first mentioned in a document in 1248 | current_end:completed by a square tower with bearing quarry stone masonry from the 14th century,True,True,True,False,False,False,,,Castle,"construction_duration_years is derived as end_year - start_year; for castles this may represent construction, reconstruction, restoration, or broader historical date span rather than literal build duration.",1100.0,1400.0,300.0,False,,,,,,,
Q767828,Burgruine Kollmitz,Austria,Raabs an der Thaya,48.8217,15.5333,1200.0,1300.0,100.0,mixed_exact_or_infobox,wikipedia_final_filled,wikipedia_final_filled,,,False,False,1200.0,1319.0,1200.0,,built,,1319.0,,1319.0,False,,,,,,,,0,0,0,0,,Listed objects in Austria,,0,,,,,,,,https://en.wikipedia.org/wiki/Burgruine_Kollmitz,http://www.wikidata.org/entity/Q767828,"{'type': 'Castle', 'built': '13th Century'}",earliest:first mentioned in the 13th century and the construction of its main tower was completed in 1319 | current_end:completed in 1319,True,True,True,False,False,False,,,Castle,"construction_duration_years was manually corrected using the one-by-one online/historical duration review. For direct ranges, the checked build span is treated as primary. For broad century ranges, the value remains approximate.",1200.0,1319.0,119.0,True,BROAD_CENTURY_SPAN_COMPARE_CAUTION,manual_online_historical_review,broad_century_span,built: 13th Century,Manual correction applied because the one-by-one online review found a broad historical build range or century-span range. The reviewed historical range is treated as primary over the previous derived date span.,119.0,100.0
Q1011689,Falkenstein Castle,Austria,Obervellach,46.9223,13.2402,1100.0,1200.0,100.0,mixed_exact_or_infobox,wikipedia_final_filled,wikipedia_final_filled,,,False,False,1100.0,1772.0,1100.0,,built,,1246.0,,1772.0,False,,,,,,,,0,0,0,0,,Listed objects in Austria,,0,,,,,,,,https://en.wikipedia.org/wiki/Falkenstein_Castle_(Niederfalkenstein),http://www.wikidata.org/entity/Q1011689,"{'type': 'Spur castle', 'owner': 'Private', 'open\xa0to the\xa0public': 'Yes', 'condition': 'Preserved', 'built': '12th century', 'built\xa0by': 'Lords of Falkenstein'}",earliest:first mentioned in 1246 | current_end:enlarged in a baroque style in 1772 and is still in use,True,True,True,False,False,False,1164-01-01T00:00:00Z,,Spur castle,"construction_duration_years was manually corrected using the one-by-one online/historical duration review. For direct ranges, the checked build span is treated as primary. For broad century ranges, the value remains approximate.",1100.0,1772.0,672.0,True,BROAD_CENTURY_SPAN_COMPARE_CAUTION,manual_online_historical_review,broad_century_span,built: 12th century,Manual correction applied because the one-by-one online review found a broad historical build range or century-span range. The reviewed historical range is treated as primary over the previous derived date span.,672.0,100.0
Q1015311,Gösting Castle,Austria,Graz,47.103782,15.381493,1000.0,1728.0,728.0,mixed_exact_or_infobox,wikipedia_final_filled,wikipedia_final_filled,,,False,False,1000.0,1728.0,1042.0,,built,,1000.0,,1728.0,False,,,,,,,,0,0,0,0,,Listed objects in Austria,,0,,,,,,,,https://en.wikipedia.org/wiki/G%C3%B6sting_Castle,http://www.wikidata.org/entity/Q1015311,"{'type': 'Castle', 'owner': 'Auer Family', 'open\xa0to the\xa0public': 'yes', 'condition': 'ruin', 'coordinates': '47°6′14″N 15°22′52″E \ufeff / \ufeff 47.10389°N 15.38111°E \ufeff / 47.10389; 15.38111', 'built': 'before 1042', 'demolished': 'struck by lightning on 10 July 1723'}",earliest:dates to the year 1042 | earliest:founded in 1925 | earliest:was founded in 1925 | earliest:built in the 11th century | earliest:was built in the 11th century | current_end:completed in 1728,True,True,True,False,False,False,1042-01-01T00:00:00Z,,Castle,"construction_duration_years is derived as end_year - start_year; for castles this may represent construction, reconstruction, restoration, or broader historical date span rather than literal build duration.",1000.0,1728.0,728.0,False,,,,,,,
Q875733,Schloss Bruck,Austria,Lienz,46.83228,12.74915,1252.0,1278.0,26.0,mixed_exact_or_infobox,wikipedia_final_filled,wikipedia_final_filled,,,False,False,1252.0,1278.0,1252.0,,built,,,,1278.0,False,,,,,,,,0,0,0,0,,Listed objects in Austria,,0,,,,,,,,https://en.wikipedia.org/wiki/Burg_Bruck,http://www.wikidata.org/entity/Q875733,"{'type': 'Castle', 'owner': 'City of Lienz', 'open\xa0to the\xa0public': 'Yes', 'condition': 'Preserved', 'built': 'From about 1252'}",current_end:completed in 1278 as the residence of the meinhardiner counts of görz ,True,True,True,False,False,False,1252-01-01T00:00:00Z,,Castle,"construction_duration_years is derived as end_year - start_year; for castles this may represent construction, reconstruction, restoration, or broader historical date span rather than literal build duration.",1252.0,1278.0,26.0,False,,,,,,,
Q12630303,Pejačević Manor,Croatia,,45.491873385,18.09311681,1811.0,1812.0,1.0,mixed_exact_or_infobox,wikipedia_final_filled,wikipedia_final_filled,,,False,False,1811.0,1812.0,1811.0,,built,,1811.0,,1812.0,False,,,,,,,,0,0,0,0,,,,0,,,,,,,,https://en.wikipedia.org/wiki/Peja%C4%8Devi%C4%87_Castle_in_Na%C5%A1ice,http://www.wikidata.org/entity/Q12630303,"{'type': 'Lowland castle', 'controlled\xa0by': 'Pejačević family', 'open\xa0to the\xa0public': 'Regional Museum', 'condition': 'renewed', 'coordinates': '45°29′31″N 18°05′35″E \ufeff / \ufeff 45.491873°N 18.093117°E \ufeff / 45.491873; 18.093117', 'built': '1811 - 1812', 'built\xa0by': 'Vincencije Ljudevit Pejačević *1780–†1820'}",earliest:was built in 1811/1812 by the order of vincencije ljudevit pejačević (*1780–†1820) | current_end:finished in 1812,True,True,True,False,False,False,,,Lowland castle,"construction_duration_years is derived as end_year - start_year; for castles this may represent construction, reconstruction, restoration, or broader historical date span rather than literal build duration.",1811.0,1812.0,1.0,False,,,,,,,
Q24708262,Castle Rožmitál pod Třemšínem,Czech Republic,Rožmitál pod Třemšínem,49.602116111,13.862323611,1200.0,2000.0,800.0,mixed_exact_or_infobox,wikipedia_final_filled,wikipedia_final_filled,,,False,False,1200.0,2000.0,1230.0,,built,,1200.0,,2000.0,False,,,,,,,,0,0,0,0,Renaissance architecture,cultural monument of the Czech Republic,,0,,,,,,,,https://en.wikipedia.org/wiki/Ro%C5%BEmit%C3%A1l_pod_T%C5%99em%C5%A1%C3%ADnem_Castle,http://www.wikidata.org/entity/Q24708262,"{'type': 'Castle', 'owner': 'private', 'open\xa0to the\xa0public': 'occasionally', 'website': 'rozmitalskyzamek .cz', 'coordinates': '49°36′8″N 13°51′44″E \ufeff / \ufeff 49.60222°N 13.86222°E \ufeff / 49.60222; 13.86222', 'built': '1230'}",earliest:founded in the first half of the 13th century by oldřich of buzic | earliest:was founded in the first half of the 13th century by oldřich of buzic | earliest:built in the gothic style the 13th century and rebuilt in the renaissance style in 16th-century on behalf of florián gryspek | current_end:completed in 2000,True,True,True,False,False,False,1230-01-01T00:00:00Z,,Castle,"construction_duration_years is derived as end_year - start_year; for castles this may represent construction, reconstruction, restoration, or broader historical date span rather than literal build duration.",1200.0,2000.0,800.0,False,,,,,,,
Q1013039,Loket Castle,Czech Republic,Loket,50.186971166,12.754438,870.0,1822.0,952.0,mixed_exact_or_infobox,wikipedia_final_filled,wikipedia_final_filled,,,False,False,870.0,1822.0,1230.0,,built,,870.0,,1822.0,False,,,,,,,,0,0,0,0,Gothic architecture | Romanesque architecture,cultural monument of the Czech Republic,,0,,427.0,,,,,,https://en.wikipedia.org/wiki/Loket_Castle,http://www.wikidata.org/entity/Q1013039,"{'type': 'Castle', 'coordinates': '50°11.19′N 12°45.05′E \ufeff / \ufeff 50.18650°N 12.75083°E \ufeff / 50.18650; 12.75083', 'built': '1230 [ 1 ]'}",earliest:dates back to the third quarter of the 12th century | earliest:founded in 870 by the margraves of vohburg  | earliest:built in the romanesque style in the 12th century | current_end:completed in 1734 | current_end:finished in 1822,True,True,True,False,False,False,1300-01-01T00:00:00Z,,Castle,"construction_duration_years is derived as end_year - start_year; for castles this may represent construction, reconstruction, restoration, or broader historical date span rather than literal build duration.",870.0,1822.0,952.0,False,,,,,,,
Q655633,Pernštejn Castle,Czech Republic,Pernstein,49.450833333,16.318888888,1270.0,1285.0,15.0,mixed_exact_or_infobox,wikipedia_final_filled,wikipedia_final_filled,,,False,False,1270.0,1600.0,1270.0,,built,,1400.0,,1600.0,False,Czech Republic,owner,,,,Czech Republic,,1,0,0,0,Gothic architecture,national cultural monument of the Czech Republic,,0,,,,,,,,https://en.wikipedia.org/wiki/Pern%C5%A1tejn_Castle,http://www.wikidata.org/entity/Q655633,"{'type': 'Castle', 'coordinates': '49°27′3″N 16°19′6″E \ufeff / \ufeff 49.45083°N 16.31833°E \ufeff / 49.45083; 16.31833', 'built': '1270–1285'}",earliest:built in the mid-15th century there is a large round tower | current_end:finished in the first half of the 16th century by the pernštejns,True,True,True,False,False,True,1270-01-01T00:00:00Z,,Castle,"construction_duration_years was manually corrected using the one-by-one online/historical duration review. For direct ranges, the checked build span is treated as primary. For broad century ranges, the value remains approximate.",1270.0,1600.0,330.0,True,DIFFERS,manual_online_historical_review,built_year_range,built: 1270–1285,Manual correction applied because the one-by-one online review found a direct build span that differed from the file's derived construction_duration_years. The online/historical build span is treated as primary.,330.0,15.0
Q745696,Radyně Castle,Czech Republic,Starý Plzenec,49.68104722,13.46455278,1361.0,1361.0,0.0,mixed_exact_or_infobox,wikipedia_final_filled,wikipedia_final_filled,,,False,False,1361.0,1361.0,1361.0,,built,,,,1361.0,False,Starý Plzenec,owner,,,,Starý Plzenec,,1,0,0,0,Gothic architecture,cultural monument of the Czech Republic,,0,,,,,,,,https://en.wikipedia.org/wiki/Radyn%C4%9B_Castle,http://www.wikidata.org/entity/Q745696,"{'type': 'Castle', 'coordinates': '49°40′51.74″N 13°27′54.66″E \ufeff / \ufeff 49.6810389°N 13.4651833°E \ufeff / 49.6810389; 13.4651833', 'built': '1361'}",current_end:completed in 1361,True,True,True,False,False,True,1361-01-01T00:00:00Z,,Castle,"construction_duration_years is derived as end_year - start_year; for castles this may represent construction, reconstruction, restoration, or broader historical date span rather than literal build duration.",1361.0,1361.0,0.0,False,,,,,,,
Q857504,Egeskov Castle,Denmark,Faaborg-Midtfyn Municipality,55.176388888,10.489444444,1405.0,1554.0,149.0,mixed_exact_or_infobox,wikipedia_final_filled,wikipedia_final_filled,,,False,False,1405.0,1554.0,,1554.0,,completed,1405.0,,,False,,,,,,,,0,0,0,0,Renaissance architecture,monument on Kulturstyrelsen register,,0,,,,,,,,https://en.wikipedia.org/wiki/Egeskov_Castle,http://www.wikidata.org/entity/Q857504,"{'type': 'Water castle', 'location': 'Denmark', 'completed': '1554'}",earliest:first mentioned in 1405,True,True,True,False,False,False,1554-01-01T00:00:00Z,,Water castle,"construction_duration_years is derived as end_year - start_year; for castles this may represent construction, reconstruction, restoration, or broader historical date span rather than literal build duration.",1405.0,1554.0,149.0,False,,,,,,,
Q1012561,Häme Castle,Finland,Hämeenlinna,61.0035132,24.4598186,1200.0,1300.0,100.0,mixed_exact_or_infobox,wikipedia_final_filled,wikipedia_final_filled,,,False,False,1200.0,1953.0,1200.0,1953.0,built,restored,,,,False,Finnish Heritage Agency,owner,,,,Finnish Heritage Agency,,1,0,0,0,medieval architecture,protected building in the Built Heritage Register | Cultural Heritage Site of National Significance,,0,,93.0,,,,,,https://en.wikipedia.org/wiki/H%C3%A4me_Castle,http://www.wikidata.org/entity/Q1012561,"{'type': 'Castle', 'etymology': 'Häme ( Tavastia ), referring to the region', 'location': 'Hämeenlinna , Kanta-Häme , Finland', 'coordinates': '61°00′14″N 24°27′29″E \ufeff / \ufeff 61.00389°N 24.45806°E \ufeff / 61.00389; 24.45806', 'built': '13th century', 'original use': 'Military fortress', 'restored': '1953–1988', 'current use': 'Museum', 'owner': 'Finnish National Board of Antiquities', 'website': 'https://www.kansallismuseo.fi/en/haemeenlinna'}",,True,True,True,False,False,True,1300-01-01T00:00:00Z,,Castle,"construction_duration_years was manually corrected using the one-by-one online/historical duration review. For direct ranges, the checked build span is treated as primary. For broad century ranges, the value remains approximate.",1200.0,1953.0,753.0,True,BROAD_CENTURY_SPAN_COMPARE_CAUTION,manual_online_historical_review,broad_century_span,built: 13th century,Manual correction applied because the one-by-one online review found a broad historical build range or century-span range. The reviewed historical range is treated as primary over the previous derived date span.,753.0,100.0
Q2628629,Kajaani Castle,Finland,Kajaani,64.229143,27.732859,1604.0,1619.0,15.0,mixed_exact_or_infobox,wikipedia_final_filled,wikipedia_final_filled,,,False,False,1600.0,1619.0,1604.0,1619.0,construction started,completed,1600.0,,1666.0,False,,,,,,,,0,0,0,0,,registered archaeological site in Finland,,0,,,,,,,,https://en.wikipedia.org/wiki/Kajaani_Castle,http://www.wikidata.org/entity/Q2628629,"{'type': 'Medieval castle', 'location': 'Kajaani , Finland, Brahenkatu 1 FI-81700 Kajaani Finland', 'coordinates': '64°13′45″N 027°43′58″E \ufeff / \ufeff 64.22917°N 27.73278°E \ufeff / 64.22917; 27.73278', 'construction started': '1604', 'completed': '1619', 'destroyed': '1716', 'owner': 'Finnish Heritage Agency', 'main contractor': 'Charles IX of Sweden'}",earliest:founded in 1651 next to the castle | earliest:was founded in 1651 next to the castle | earliest:built in the early 17th century on an islet in the kajaani river  | earliest:was built in the early 17th century on an islet in the kajaani river  | current_end:completed in 1666 | current_end:completed in 1619 the castle had two round artillery towers and a one-story-high outer wall between them,True,True,True,False,False,False,1604-01-01T00:00:00Z,,Medieval castle,"construction_duration_years was manually corrected using the one-by-one online/historical duration review. For direct ranges, the checked build span is treated as primary. For broad century ranges, the value remains approximate.",1600.0,1619.0,19.0,True,DIFFERS,manual_online_historical_review,explicit_start_completed,construction started: 1604; completed: 1619,Manual correction applied because the one-by-one online review found a direct build span that differed from the file's derived construction_duration_years. The online/historical build span is treated as primary.,19.0,15.0
Q136893,Turku Castle,Finland,Turku,60.4352823,22.2276388,1200.0,1600.0,400.0,text_inferred,wikipedia_final_filled,wikipedia_final_filled,,,False,False,1200.0,1600.0,,,,,1200.0,1987.0,1600.0,True,Finland,owner,,,,Finland,,1,0,0,0,Renaissance architecture,building protected by Decree 480/85 in Finland | Cultural Heritage Site of National Significance,,0,,12.0,,,,,major reconstruction detected in wikipedia text,https://en.wikipedia.org/wiki/Turku_Castle,http://www.wikidata.org/entity/Q136893,"{'type': 'Medieval castle', 'location': 'Turku , Finland , Linnankatu 80 FI-20100 Turku Finland', 'coordinates': '60°26′07″N 022°13′43″E \ufeff / \ufeff 60.43528°N 22.22861°E \ufeff / 60.43528; 22.22861'}",earliest:founded in the late 13th century and stands on the banks of the aura river  | earliest:was founded in the late 13th century and stands on the banks of the aura river  | current_start:restored in 1987 | current_end:finished in the 16th century,True,True,True,False,False,True,1300-01-01T00:00:00Z,,Medieval castle,"construction_duration_years is derived as end_year - start_year; for castles this may represent construction, reconstruction, restoration, or broader historical date span rather than literal build duration.",1200.0,1600.0,400.0,False,,,,,,,
Q1959338,Castle of Colombières,France,Colombières,49.3031,-0.97556,1300.0,1400.0,100.0,mixed_exact_or_infobox,wikipedia_final_filled,wikipedia_final_filled,,,False,False,1300.0,1400.0,,1400.0,,completed,1300.0,,,False,,,,,,,,0,0,0,0,,classified historical monument | monument historique inscrit,,0,,,,,,,,https://en.wikipedia.org/wiki/Ch%C3%A2teau_de_Colombi%C3%A8res,http://www.wikidata.org/entity/Q1959338,"{'type': 'Medieval Castle', 'location': 'Normandy , France', 'coordinates': '49°18′04″N 0°58′31″W \ufeff / \ufeff 49.301014°N 0.975205°W \ufeff / 49.301014; -0.975205', 'completed': '14th century', 'owner': 'Étienne de Maupeou'}",earliest:built during the 14th century in colombières ,True,True,True,False,False,False,,,Medieval Castle,"construction_duration_years is derived as end_year - start_year; for castles this may represent construction, reconstruction, restoration, or broader historical date span rather than literal build duration.",1300.0,1400.0,100.0,False,,,,,,,
Q2971586,Château de Chambéry,France,Chambéry,45.5644,5.91778,1000.0,1100.0,100.0,mixed_exact_or_infobox,wikipedia_final_filled,wikipedia_final_filled,,,False,False,1000.0,1430.0,1000.0,,built,,1000.0,1300.0,1430.0,True,,,,,,,,0,0,0,0,Gothic architecture,classified historical monument,,0,,,,,,,major reconstruction detected in wikipedia text,https://en.wikipedia.org/wiki/Ch%C3%A2teau_des_ducs_de_Savoie,http://www.wikidata.org/entity/Q2971586,"{'type': 'Castle', 'owner': 'Berlion family', 'built': '11th century'}",earliest:dates back to the 1937 universal exhibition in paris | earliest:built in the 11th century by the lords of chambéry | earliest:built in the early 15th century to replace the château's original chapel | earliest:built in the second half of the 14th century | earliest:built in the early 19th century | earliest:built in the early 14th century under amédée v | earliest:was built in 1786 but was damaged in 1798 by a mysterious fire that destroyed the pavillon | earliest:was built in 1470 at the behest of yolande de france | current_start:rebuilt in the early 14th century under amédée v | current_start:rebuilt in 1850 by architect ernest mélano under victor-emmanuel and continued until the third republic | current_start:rebuilt in 1875 | current_start:restored in the late 19th century | current_start:restored in 1895 | current_start:restored in 2002 | current_start:restored in 1811 and is now adjoined to the general council building | current_start:restored in 1991 | current_end:completed in 1430,True,True,True,False,False,False,,,Castle,"construction_duration_years was manually corrected using the one-by-one online/historical duration review. For direct ranges, the checked build span is treated as primary. For broad century ranges, the value remains approximate.",1000.0,1430.0,430.0,True,BROAD_CENTURY_SPAN_COMPARE_CAUTION,manual_online_historical_review,broad_century_span,built: 11th century,Manual correction applied because the one-by-one online review found a broad historical build range or century-span range. The reviewed historical range is treated as primary over the previous derived date span.,430.0,100.0
Q2968956,Château de Châteaubriant,France,Châteaubriant,47.72,-1.373,1000.0,1600.0,600.0,mixed_exact_or_infobox,wikipedia_final_filled,wikipedia_final_filled,,,False,False,1000.0,1300.0,1500.0,,built,,1000.0,1100.0,1300.0,True,departmental council of Loire-Atlantique,owner,,,,departmental council of Loire-Atlantique,,1,0,0,0,,classified historical monument,,0,,,,,,,major reconstruction detected in wikipedia text,https://en.wikipedia.org/wiki/Ch%C3%A2teau_de_Ch%C3%A2teaubriant,http://www.wikidata.org/entity/Q2968956,"{'type': 'Castle , stately home', 'owner': 'General council of Loire-Atlantique', 'open\xa0to the\xa0public': 'Limited', 'condition': 'Mostly intact', 'coordinates': '47°43′12″N 1°22′23″W \ufeff / \ufeff 47.72°N 1.373°W \ufeff / 47.72; -1.373', 'built': '11th-16th century', 'built\xa0by': 'Brient Ist of Châteaubriant', 'materials': 'Sandstone , shale'}",earliest:founded in the 11th century on the eastern border of brittany and | earliest:founded in 1049 in a suburb of the town | earliest:was founded in the 11th century on the eastern border of brittany and | earliest:built in the 14th century | earliest:built in the 14th century | earliest:built in the 14th century and the opening of new windows after the mad war did not alter their austere look | earliest:built in the 14th century and the front dates from the 16th century | earliest:built during the 13th century | earliest:was built in stone around 1100 on the site of the primitive motte  | earliest:was built in the 14th century and the front dates from the 16th century | current_start:rebuilt in stone around 1100 | current_start:rebuilt in the 14th century | current_start:rebuilt in the 14th century | current_start:rebuilt in the 14th century and the opening of new windows after the mad war did not alter their austere look | current_end:completed in the 13th century,True,True,True,False,False,True,,,"Castle , stately home","construction_duration_years was manually corrected using the one-by-one online/historical duration review. For direct ranges, the checked build span is treated as primary. For broad century ranges, the value remains approximate.",1000.0,1300.0,300.0,True,BROAD_CENTURY_SPAN_COMPARE_CAUTION,manual_online_historical_review,broad_century_span,built: 11th-16th century,Manual correction applied because the one-by-one online review found a broad historical build range or century-span range. The reviewed historical range is treated as primary over the previous derived date span.,300.0,600.0
Q2969508,Château de Keriolet,France,Concarneau,47.8865,-3.9081,1863.0,1883.0,20.0,mixed_exact_or_infobox,wikipedia_final_filled,wikipedia_final_filled,,,False,False,1800.0,1883.0,1863.0,1883.0,construction started,completed,1800.0,,,False,Joseph Bigot,architect,,,Joseph Bigot,,,0,1,0,0,Gothic Revival,monument historique inscrit,,0,,,,,,,,https://en.wikipedia.org/wiki/Ch%C3%A2teau_de_Keriolet,http://www.wikidata.org/entity/Q2969508,"{'type': 'Castle', 'architectural style': 'Gothic Revival architecture', 'location': 'Concarneau , France', 'coordinates': '47°53′11″N 3°54′29″W \ufeff / \ufeff 47.8865°N 3.9081°W \ufeff / 47.8865; -3.9081', 'current tenants': 'Christophe Lévèque', 'construction started': '1863', 'completed': '1883', 'client': 'Zénaïde Narichkine-Ioussoupov', 'owner': 'Charles Chauveau', 'architect': 'Joseph Bigot'}",earliest:built in the 19th century in concarneau (france),True,True,True,False,False,True,1883-01-01T00:00:00Z,,Castle,"construction_duration_years was manually corrected using the one-by-one online/historical duration review. For direct ranges, the checked build span is treated as primary. For broad century ranges, the value remains approximate.",1800.0,1883.0,83.0,True,DIFFERS,manual_online_historical_review,explicit_start_completed,construction started: 1863; completed: 1883,Manual correction applied because the one-by-one online review found a direct build span that differed from the file's derived construction_duration_years. The online/historical build span is treated as primary.,83.0,20.0
Q663673,Château de Vincennes,France,Vincennes,48.842777777,2.435833333,1340.0,1410.0,70.0,mixed_exact_or_infobox,wikipedia_final_filled,wikipedia_final_filled,,,False,False,1300.0,1658.0,1340.0,,built,,1300.0,1800.0,1658.0,True,Charles V of France,commissioner,,Charles V of France,,French State,,1,0,0,1,,listed in the general inventory of cultural heritage | classified historical monument,,0,,,,,,,major reconstruction detected in wikipedia text,https://en.wikipedia.org/wiki/Ch%C3%A2teau_de_Vincennes,http://www.wikidata.org/entity/Q663673,"{'type': 'Medieval castle', 'website': 'www .chateau-de-vincennes .fr /en', 'coordinates': '48°50′34″N 2°26′09″E \ufeff / \ufeff 48.84278°N 2.43583°E \ufeff / 48.84278; 2.43583', 'built': 'c. 1340–1410', 'built\xa0by': 'Charles V of France', 'events': 'Hundred Years War Battle of Paris (1814) World War II [ 1 ]'}",earliest:built in the 14th century and for the chapel | current_start:restored in the 19th century under louis napoleon and again in the 20th century | current_end:completed in 1369–70 | current_end:completed in 1552 | current_end:finished in 1371–72 | current_end:finished in the 16th century | current_end:finished in 1658 | current_end:finished in 1369–70,True,True,True,False,False,True,1340-01-01T00:00:00Z,,Medieval castle,"construction_duration_years was manually corrected using the one-by-one online/historical duration review. For direct ranges, the checked build span is treated as primary. For broad century ranges, the value remains approximate.",1300.0,1658.0,358.0,True,DIFFERS,manual_online_historical_review,built_year_range,built: c. 1340–1410,Manual correction applied because the one-by-one online review found a direct build span that differed from the file's derived construction_duration_years. The online/historical build span is treated as primary.,358.0,70.0
Q55235022,Château de l'Île (Ostwald),France,Ostwald,48.544722222,7.713888888,1600.0,1891.0,291.0,mixed_exact_or_infobox,wikipedia_final_filled,wikipedia_final_filled,,,False,False,1600.0,1891.0,1600.0,1891.0,construction started,completed,1891.0,,,False,,,,,,,,0,0,0,0,Renaissance Revival architecture,listed in the general inventory of cultural heritage,,0,,,,,,,,https://en.wikipedia.org/wiki/Ch%C3%A2teau_de_l%27%C3%8Ele,http://www.wikidata.org/entity/Q55235022,"{'former names': 'Schloss Inselburg', 'type': 'Castle', 'architectural style': 'Renaissance , Neo-Renaissance', 'location': 'Ostwald, Bas-Rhin , 4, quai Heydt 67540 Ostwald, France', 'current tenants': 'Les Grandes Étapes Françaises', 'construction started': '17th century', 'completed': '1891; 1994', 'number of rooms': '62 (including modern wing)'}",earliest:was built in 1891 by the entrepreneur léonard heydt (1829–1901),True,True,True,False,False,False,1891-01-01T00:00:00Z,,Castle,"construction_duration_years is derived as end_year - start_year; for castles this may represent construction, reconstruction, restoration, or broader historical date span rather than literal build duration.",1600.0,1891.0,291.0,False,,,,,,,
Q15944458,Château de la Mercerie,France,Magnac-lès-Gardes,45.5014,0.24222,1800.0,1900.0,100.0,mixed_exact_or_infobox,wikipedia_final_filled,wikipedia_final_filled,,,False,False,1800.0,1900.0,,1900.0,,completed,1800.0,,2000.0,False,Raymond Réthoré,owner,,,,Raymond Réthoré,,1,0,0,0,Renaissance architecture,monument historique inscrit | Patrimoine du XXᵉ siècle,,0,,,,,,,,https://en.wikipedia.org/wiki/Ch%C3%A2teau_de_la_Mercerie,http://www.wikidata.org/entity/Q15944458,"{'type': 'Castle', 'architectural style': 'Italian Renaissance and Neo-Gothic', 'location': 'Magnac-Lavalette-Villars , Nouvelle-Aquitaine , France', 'coordinates': '45°30′05″N 0°14′32″E \ufeff / \ufeff 45.50139°N 0.24222°E \ufeff / 45.50139; 0.24222', 'completed': '19th century', 'owner': 'Société Foncière Volta'}",earliest:built in the late 19th century | current_end:enlarged in the 20th century in a classical italian renaissance style by two men,True,True,True,False,False,True,,,Castle,"construction_duration_years is derived as end_year - start_year; for castles this may represent construction, reconstruction, restoration, or broader historical date span rather than literal build duration.",1800.0,1900.0,100.0,False,,,,,,,
Q15940485,Château du Vigneau,France,Bayonne,43.5056,-1.46967,1848.0,1848.0,0.0,mixed_exact_or_infobox,wikipedia_final_filled,wikipedia_final_filled,,,False,False,1848.0,1848.0,,1848.0,,restored date,,1848.0,,True,,,,,,,,0,0,0,0,,monument historique inscrit,,0,,,,,,,major reconstruction detected in wikipedia text,https://en.wikipedia.org/wiki/Ch%C3%A2teau_du_Vigneau,http://www.wikidata.org/entity/Q15940485,"{'location': 'Bayonne , Pyrénées-Atlantiques , France', 'coordinates': '43°30′20″N 1°28′11″W \ufeff / \ufeff 43.50556°N 1.46972°W \ufeff / 43.50556; -1.46972', 'type': 'Castle , winery house, champagne house', 'beginning\xa0date': '19th century', 'restored\xa0date': '1848 transformed 1918'}",current_start:restored in 1848,True,True,True,False,False,False,,,"Castle , winery house, champagne house","construction_duration_years is derived as end_year - start_year; for castles this may represent construction, reconstruction, restoration, or broader historical date span rather than literal build duration.",1848.0,1848.0,0.0,False,,,,,,,
Q15992417,Louvre Castle,France,Paris,48.8602,2.338,1190.0,1610.0,420.0,mixed_exact_or_infobox,wikipedia_final_filled,wikipedia_final_filled,,,False,False,1190.0,1610.0,1190.0,,built,,,,1610.0,False,Philip II of France,commissioner,,Philip II of France,,,,0,0,0,1,,,,0,,,,,,,,https://en.wikipedia.org/wiki/Medieval_Louvre_Castle,http://www.wikidata.org/entity/Q15992417,"{'type': 'Medieval castle', 'condition': 'destroyed', 'coordinates': '48°51′37″N 2°20′17″E \ufeff / \ufeff 48.860247°N 2.338002°E \ufeff / 48.860247; 2.338002', 'built': 'From 1190', 'built\xa0by': 'French kings from Philip II of France', 'demolished': '1528–1660', 'events': ""Imprisonment of Ferdinand, Count of Flanders (1214-1226) Estates General of France (1303) Birth and death of John I of France (1316) Visits of Emperors Charles IV of Luxembourg (1377-1378), Manuel II Palaiologos (1400-1402), Sigismund of Luxembourg (1416), and Charles V of Habsburg (1540) Hundred Years' War (England occupies Paris in 1420–1436) St. Bartholomew's Day massacre (1572) Murder of Concino Concini (1617)""}",current_end:completed in 1610,True,True,True,False,False,True,1190-01-01T00:00:00Z,,Medieval castle,"construction_duration_years is derived as end_year - start_year; for castles this may represent construction, reconstruction, restoration, or broader historical date span rather than literal build duration.",1190.0,1610.0,420.0,False,,,,,,,
Q2243758,castel of Tournon,France,Tournon-sur-Rhône,45.068333333,4.83175,1500.0,1600.0,100.0,mixed_exact_or_infobox,wikipedia_final_filled,wikipedia_final_filled,,,False,False,1500.0,1600.0,,1600.0,,completed,1500.0,,,False,,,,,,,,0,0,0,0,,classified historical monument | monument historique inscrit,,0,,,,,,,,https://en.wikipedia.org/wiki/Ch%C3%A2teau_de_Tournon,http://www.wikidata.org/entity/Q2243758,"{'type': 'castle', 'location': 'Tournon-sur-Rhône , France', 'completed': '16th century'}",earliest:built in the 16th century | earliest:was built in the 16th century,True,True,True,False,False,False,,,castle,"construction_duration_years is derived as end_year - start_year; for castles this may represent construction, reconstruction, restoration, or broader historical date span rather than literal build duration.",1500.0,1600.0,100.0,False,,,,,,,
Q65283232,Amilakhvari Castle,Georgia,Kvemo Chala,42.030277777,44.392777777,1600.0,1800.0,200.0,mixed_exact_or_infobox,wikipedia_final_filled,wikipedia_final_filled,,,False,False,1600.0,1800.0,,1800.0,,completion date,1600.0,,,False,,,,,,,,0,0,0,0,,,,0,,,,,,,,https://en.wikipedia.org/wiki/Amilakhvari_castle,http://www.wikidata.org/entity/Q65283232,"{'location': 'Kvemo Chala , Kaspi Municipality , Shida Kartli , Georgia', 'coordinates': '42°01′49″N 44°23′34″E \ufeff / \ufeff 42.03028°N 44.39278°E \ufeff / 42.03028; 44.39278', 'type': 'Castle, museum', 'beginning\xa0date': '17th century', 'completion\xa0date': '18th century'}",earliest:built in the 17th–18th century | earliest:built in the last third of the 17th century by aznauri papuna karumidze  | earliest:built during the 17th century by the family of nobles amilakhvari  | earliest:was built in the last third of the 17th century by aznauri papuna karumidze  | earliest:was built in 1775 by amirindo amilakhvari  | earliest:was built in 1775 by amilakhori amirindo,True,True,True,False,False,False,,,"Castle, museum","construction_duration_years is derived as end_year - start_year; for castles this may represent construction, reconstruction, restoration, or broader historical date span rather than literal build duration.",1600.0,1800.0,200.0,False,,,,,,,
Q1010752,Altenstein Castle,Germany,Maroldsweisach,50.1715,10.7341,1232.0,2003.0,771.0,mixed_exact_or_infobox,wikipedia_final_filled,wikipedia_final_filled,,,False,False,1232.0,2003.0,1232.0,,built,,1567.0,,2003.0,False,,,,,,,,0,0,0,0,,architectural heritage monument in Bavaria,,0,,,,,,,,https://en.wikipedia.org/wiki/Altenstein_Castle_(Lower_Franconia),http://www.wikidata.org/entity/Q1010752,"{'type': 'hill castle', 'code': 'DE-BY', 'condition': 'ruin', 'coordinates': '50°10′17″N 10°44′02″E \ufeff / \ufeff 50.1714°N 10.7340°E \ufeff / 50.1714; 10.7340', 'height': '452\xa0m\xa0above sea level (NN)', 'built': 'first recorded in 1232'}",earliest:dates to the period around 1567 | current_end:completed in 2003,True,True,True,False,False,False,1232-01-01T00:00:00Z,,hill castle,"construction_duration_years is derived as end_year - start_year; for castles this may represent construction, reconstruction, restoration, or broader historical date span rather than literal build duration.",1232.0,2003.0,771.0,False,,,,,,,
Q1010976,Berum Castle,Germany,Hage,53.6014,7.2973,1310.0,1591.0,281.0,mixed_exact_or_infobox,wikipedia_final_filled,wikipedia_final_filled,,,False,False,1310.0,1591.0,1310.0,,built,,1310.0,,1591.0,False,,,,,,,,0,0,0,0,,architectural heritage monument in Lower Saxony,,0,,,,,,,,https://en.wikipedia.org/wiki/Berum_Castle,http://www.wikidata.org/entity/Q1010976,"{'type': 'Moated castle in a village', 'open\xa0to the\xa0public': 'No', 'condition': 'Largely demolished', 'coordinates': '53°36′05″N 7°17′50″E \ufeff / \ufeff 53.6014°N 07.2973°E \ufeff / 53.6014; 07.2973', 'built': 'c. 1310', 'demolished': '1764'}",earliest:first mentioned in a document of 1310 | current_end:completed in 1591 with the construction of a spire,True,True,True,False,False,False,,,Moated castle in a village,"construction_duration_years is derived as end_year - start_year; for castles this may represent construction, reconstruction, restoration, or broader historical date span rather than literal build duration.",1310.0,1591.0,281.0,False,,,,,,,
Q893095,Boosenburg,Germany,Rüdesheim am Rhein,49.9783,7.91806,1100.0,1200.0,100.0,mixed_exact_or_infobox,wikipedia_final_filled,wikipedia_final_filled,,,False,False,1100.0,1872.0,1100.0,,built,,,,1872.0,False,,,,,,,,0,0,0,0,,cultural heritage monument in Hesse,,0,,,,,,,,https://en.wikipedia.org/wiki/Boosenburg,http://www.wikidata.org/entity/Q893095,"{'type': 'lowland castle', 'code': 'DE-HE', 'condition': 'partly preserved', 'coordinates': '49°58′42″N 7°55′5″E \ufeff / \ufeff 49.97833°N 7.91806°E \ufeff / 49.97833; 7.91806', 'height': '90\xa0m\xa0above sea level (NN)', 'built': '12th century', 'occupants': 'Knights'}",current_end:completed in 1872,True,True,True,False,False,False,,,lowland castle,"construction_duration_years was manually corrected using the one-by-one online/historical duration review. For direct ranges, the checked build span is treated as primary. For broad century ranges, the value remains approximate.",1100.0,1872.0,772.0,True,BROAD_CENTURY_SPAN_COMPARE_CAUTION,manual_online_historical_review,broad_century_span,built: 12th century,Manual correction applied because the one-by-one online review found a broad historical build range or century-span range. The reviewed historical range is treated as primary over the previous derived date span.,772.0,100.0
Q828219,Dohna Castle,Germany,Dohna,50.953,13.8545,950.0,1830.0,880.0,mixed_exact_or_infobox,wikipedia_final_filled,wikipedia_final_filled,,,False,False,950.0,1830.0,950.0,,built,,1040.0,,1830.0,False,,,,,,,,0,0,0,0,,cultural heritage monument in Germany,,0,,,,,,,,https://en.wikipedia.org/wiki/Dohna_Castle,http://www.wikidata.org/entity/Q828219,"{'type': 'hill castle , spur castle', 'code': 'DE-SN', 'condition': 'wall remnant', 'coordinates': '50°57′05″N 13°51′14″E \ufeff / \ufeff 50.951514°N 13.853796°E \ufeff / 50.951514; 13.853796', 'height': '155\xa0m\xa0above sea level (NN)', 'built': 'around 950', 'occupants': 'burgraves, nobility'}",earliest:founded in 1906 | earliest:was founded in 1906 | earliest:first mentioned in records in 1040 in connection with the conflicts between king henry iii (1039–1056) and duke bretislaus of bohemia | current_end:completed in its present shape in 1830,True,True,True,False,False,False,,,"hill castle , spur castle","construction_duration_years is derived as end_year - start_year; for castles this may represent construction, reconstruction, restoration, or broader historical date span rather than literal build duration.",950.0,1830.0,880.0,False,,,,,,,
Q153426,Eltz Castle,Germany,Wierschem,50.205,7.336666666,1157.0,1540.0,383.0,mixed_exact_or_infobox,wikipedia_final_filled,wikipedia_final_filled,,,False,False,1157.0,1540.0,1157.0,,construction started,,,,1540.0,False,,,,,,,,0,0,0,0,Romanesque architecture,cultural heritage monument in Germany,,0,,,,,,,,https://en.wikipedia.org/wiki/Eltz_Castle,http://www.wikidata.org/entity/Q153426,"{'type': 'Hill castle', 'architectural style': 'Romanesque , Baroque', 'location': 'Wierschem , D-56294 Münstermaifeld, Germany', 'coordinates': '50°12′18″N 7°20′12″E \ufeff / \ufeff 50.2050554°N 7.3365971°E \ufeff / 50.2050554; 7.3365971', 'elevation': '320\xa0m (1,050\xa0ft)', 'construction started': 'prior to 1157', 'owner': 'Dr. Karl Graf von und zu Eltz-Kempenich [ 1 ]'}",current_end:finished in 1540,True,True,True,False,False,False,,,Hill castle,"construction_duration_years is derived as end_year - start_year; for castles this may represent construction, reconstruction, restoration, or broader historical date span rather than literal build duration.",1157.0,1540.0,383.0,False,,,,,,,
Q1353635,Erichsburg,Germany,Dassel,51.8226,9.7182,1200.0,1500.0,300.0,mixed_exact_or_infobox,wikipedia_final_filled,wikipedia_final_filled,,,False,False,1200.0,1500.0,,1500.0,,completed,1200.0,,,False,,,,,,,,0,0,0,0,,architectural heritage monument,,0,,,,,,,,https://en.wikipedia.org/wiki/Erichsburg,http://www.wikidata.org/entity/Q1353635,"{'type': 'Lowland castle ( Niederungsburg )', 'location': 'Dassel -Erichsburg', 'coordinates': '51°49′21″N 9°43′06″E \ufeff / \ufeff 51.822611°N 9.7182°E \ufeff / 51.822611; 9.7182', 'completed': 'about 1500 to 1600', 'owner': 'Originally owned by counts; today owned by the ADN Investment Group'}",earliest:built in the 16th century within the principality of calenberg  | earliest:built in the 13th century | earliest:was built in the 16th century within the principality of calenberg ,True,True,True,False,False,False,,,Lowland castle ( Niederungsburg ),"construction_duration_years is derived as end_year - start_year; for castles this may represent construction, reconstruction, restoration, or broader historical date span rather than literal build duration.",1200.0,1500.0,300.0,False,,,,,,,
Q1012085,Grubenhagen Castle,Germany,Einbeck,51.7647,9.81722,1200.0,1300.0,100.0,mixed_exact_or_infobox,wikipedia_final_filled,wikipedia_final_filled,,,False,False,1200.0,1300.0,,1300.0,,completed,1200.0,1520.0,,True,,,,,,,,0,0,0,0,,architectural heritage monument in Lower Saxony,,0,,,,,,,major reconstruction detected in wikipedia text,https://en.wikipedia.org/wiki/Grubenhagen_Castle_(Einbeck),http://www.wikidata.org/entity/Q1012085,"{'alternative names': 'Burg Grubenhagen', 'type': 'hill castle', 'classification': 'keep preserved', 'location': 'near Einbeck , Northeim district, Lower Saxony', 'coordinates': '51°45′53″N 9°49′02″E \ufeff / \ufeff 51.76472°N 9.81722°E \ufeff / 51.76472; 9.81722', 'completed': '12th/13th century', 'height': '298\xa0m\xa0above sea level (NN)'}",earliest:founded in 1291 by henry the admirable  | earliest:built in the 13th century | earliest:was built in the 13th century | earliest:first mentioned in the records in 1263 | current_start:rebuilt in 1520 as a supply depot,True,True,True,False,False,False,,,hill castle,"construction_duration_years is derived as end_year - start_year; for castles this may represent construction, reconstruction, restoration, or broader historical date span rather than literal build duration.",1200.0,1300.0,100.0,False,,,,,,,
Q1015426,Neideck Castle,Germany,Wiesenttal,49.809209815,11.232578779,1050.0,2008.0,958.0,mixed_exact_or_infobox,wikipedia_final_filled,wikipedia_final_filled,,,False,False,1050.0,2008.0,1050.0,,built,,1100.0,,2008.0,False,,,,,,,,0,0,0,0,,architectural heritage monument in Bavaria,,0,,372.0,,,,,,https://en.wikipedia.org/wiki/Neideck_Castle,http://www.wikidata.org/entity/Q1015426,"{'type': 'hill castle , spur castle', 'code': 'DE-BY', 'condition': 'restored ruins', 'coordinates': '49°48′31″N 11°13′56″E \ufeff / \ufeff 49.808748°N 11.232245°E \ufeff / 49.808748; 11.232245', 'height': '402.9\xa0m\xa0above sea level (NN)', 'built': 'probably around 1050', 'materials': 'rubble stone walls, some with quoins', 'occupants': 'ministeriales'}","earliest:dates to the early 13th century | earliest:built in the 12th century | earliest:first mentioned in 1312 as the property of the edelfrei family of schlüsselberg  | current_end:completed in 2008 with the opening of an ""archaeological park"" on the castle site",True,True,True,False,False,False,,,"hill castle , spur castle","construction_duration_years is derived as end_year - start_year; for castles this may represent construction, reconstruction, restoration, or broader historical date span rather than literal build duration.",1050.0,2008.0,958.0,False,,,,,,,
Q435449,Old Castle (Koblenz),Germany,Koblenz,50.3624,7.59403,1185.0,1307.0,122.0,mixed_exact_or_infobox,wikipedia_final_filled,wikipedia_final_filled,,,False,False,1185.0,1307.0,1185.0,,built,,,,1307.0,False,,,,,,,,0,0,0,0,,cultural heritage monument in Germany,,0,,,,,,,,https://en.wikipedia.org/wiki/Old_Castle_(Koblenz),http://www.wikidata.org/entity/Q435449,"{'type': 'lowland castle and settlement', 'code': 'DE-RP', 'condition': 'preserved or largely preserved', 'coordinates': '50°21′44″N 7°35′39″E \ufeff / \ufeff 50.362361°N 7.594028°E \ufeff / 50.362361; 7.594028', 'built': 'around 1185', 'occupants': 'Archbishop of Trier'}",current_end:completed in 1307,True,True,True,False,False,False,,,lowland castle and settlement,"construction_duration_years is derived as end_year - start_year; for castles this may represent construction, reconstruction, restoration, or broader historical date span rather than literal build duration.",1185.0,1307.0,122.0,False,,,,,,,
Q1013713,Ronneburg Castle,Germany,Ronneburg,50.238594841,9.061194449,1200.0,1549.0,349.0,text_inferred,wikipedia_final_filled,wikipedia_final_filled,,,False,False,1200.0,1549.0,,,,,1200.0,1654.0,1549.0,True,,,,,,,,0,0,0,0,,cultural heritage monument in Hesse,,0,,,,,,,major reconstruction detected in wikipedia text,https://en.wikipedia.org/wiki/Ronneburg_Castle,http://www.wikidata.org/entity/Q1013713,"{'alternative names': 'Raneberg, Roneberg', 'type': 'Hilltop castle', 'location': 'Ronneburg , Germany', 'coordinates': '50°14′N 9°4′E \ufeff / \ufeff 50.233°N 9.067°E \ufeff / 50.233; 9.067', 'elevation': '237 m'}",earliest:dates back to the 15th century | earliest:dates to the 16th century | earliest:dates to the 14th century when an additional gate was added in front of the core castle | earliest:founded in the 13th century as a mainz castle to secure the territory | earliest:built in the second quarter of the 14th century | earliest:was built in 1570 on the site of an older gatehouse | current_start:reconstructed in 1654 | current_end:completed in 1549,True,True,True,False,False,False,1200-01-01T00:00:00Z,,Hilltop castle,"construction_duration_years is derived as end_year - start_year; for castles this may represent construction, reconstruction, restoration, or broader historical date span rather than literal build duration.",1200.0,1549.0,349.0,False,,,,,,,
Q885098,Rötteln Castle,Germany,Lörrach,47.6382,7.668,1000.0,1100.0,100.0,mixed_exact_or_infobox,wikipedia_final_filled,wikipedia_final_filled,,,False,False,1000.0,1985.0,1000.0,,built,,1200.0,,1985.0,False,,,,,,,,0,0,0,0,,cultural heritage monument in Germany,stone,1,,,,,,,,https://en.wikipedia.org/wiki/R%C3%B6tteln_Castle,http://www.wikidata.org/entity/Q885098,"{'type': 'Castle', 'owner': 'Government of Baden-Württemberg', 'open\xa0to the\xa0public': 'March–October', 'condition': 'Ruins, partly conserved', 'built': 'c. 11th century', 'built\xa0by': 'Lords of Rötteln', 'in\xa0use': '11th century – 1678', 'materials': 'Stone ( 11th century architecture)', 'demolished': '29 June 1678', 'battles/wars': 'Thirty Years War Franco-Dutch War', 'events': '1356 Basel earthquake'}",earliest:dates back to the time of the noble lords of rötteln in the 13th century | current_end:rebuilt by the röttelnbund in 1985 and now houses event locations,True,True,True,True,False,False,1100-01-01T00:00:00Z,,Castle,"construction_duration_years was manually corrected using the one-by-one online/historical duration review. For direct ranges, the checked build span is treated as primary. For broad century ranges, the value remains approximate.",1000.0,1985.0,985.0,True,BROAD_CENTURY_SPAN_COMPARE_CAUTION,manual_online_historical_review,broad_century_span,built: c. 11th century,Manual correction applied because the one-by-one online review found a broad historical build range or century-span range. The reviewed historical range is treated as primary over the previous derived date span.,985.0,100.0
Q1013835,Schadeck Castle,Germany,Schadeck,50.4083,8.15556,1288.0,2006.0,718.0,mixed_exact_or_infobox,wikipedia_final_filled,wikipedia_final_filled,,,False,False,1288.0,2006.0,1288.0,,built,,,,2006.0,False,,,,,,,,0,0,0,0,,cultural heritage monument in Germany,,0,,,,,,,,https://en.wikipedia.org/wiki/Schadeck_Castle,http://www.wikidata.org/entity/Q1013835,"{'type': 'hill castle', 'code': 'DE-HE', 'condition': 'preserved or largely preserved', 'coordinates': '50°24′30″N 8°09′20″E \ufeff / \ufeff 50.40833°N 8.15556°E \ufeff / 50.40833; 8.15556', 'height': 'Height missing, see template documentation Template:Höhe/Erro in parameter list', 'built': '1288', 'occupants': 'free nobility'}",current_end:completed in 2006,True,True,True,False,False,False,1288-01-01T00:00:00Z,,hill castle,"construction_duration_years is derived as end_year - start_year; for castles this may represent construction, reconstruction, restoration, or broader historical date span rather than literal build duration.",1288.0,2006.0,718.0,False,,,,,,,
Q151545,Wartburg,Germany,Eisenach,50.966111111,10.306388888,1067.0,1859.0,792.0,mixed_exact_or_infobox,wikipedia_final_filled,wikipedia_final_filled,,,False,False,1067.0,1859.0,1067.0,,construction started,,1080.0,,1859.0,False,Louis the Springer,founder,Louis the Springer,,,Thuringia,,1,0,1,0,Romanesque architecture,World Heritage Site,,0,,393.0,,,,,,https://en.wikipedia.org/wiki/Wartburg,http://www.wikidata.org/entity/Q151545,"{'former names': 'Wartberg', 'type': 'Castle', 'location': 'Eisenach , Germany', 'coordinates': '50°57′58″N 10°18′23″E \ufeff / \ufeff 50.96611°N 10.30639°E \ufeff / 50.96611; 10.30639', 'construction started': 'c. 1067', 'renovated': '19th and 20th centuries', 'landlord': 'Wartburg Stiftung', 'criteria': 'Cultural: iii, vi', 'reference': '897', 'inscription': '1999 (23rd Session )'}",earliest:dates to the 14th/15th century and is made up of several half-timbered buildings | earliest:built during the castle's reconstruction in the 19th century | earliest:was built in 1318 | earliest:first mentioned in a written document in 1080 by bruno | current_end:completed in 1859 and sits on the foundations of a medieval keep,True,True,True,False,False,True,1067-01-01T00:00:00Z,,Castle,"construction_duration_years is derived as end_year - start_year; for castles this may represent construction, reconstruction, restoration, or broader historical date span rather than literal build duration.",1067.0,1859.0,792.0,False,,,,,,,
Q637827,Wewelsburg,Germany,Büren,51.606773,8.651431,1603.0,1609.0,6.0,mixed_exact_or_infobox,wikipedia_final_filled,wikipedia_final_filled,,,False,False,1603.0,1609.0,1603.0,1609.0,construction started,completed,1936.0,,,False,Paderborn,owner,,,,Paderborn,,1,0,0,0,Renaissance architecture,architectural heritage monument in North Rhine-Westphalia,,0,,,,,,,,https://en.wikipedia.org/wiki/Wewelsburg,http://www.wikidata.org/entity/Q637827,"{'type': 'Castle', 'architectural style': 'Renaissance', 'location': 'Wewelsburg , Germany', 'coordinates': '51°36′23″N 8°39′06″E \ufeff / \ufeff 51.60639°N 8.65167°E \ufeff / 51.60639; 8.65167', 'current tenants': 'Kreismuseum Wewelsburg, Youth hostel', 'construction started': '1603', 'completed': '1609', 'renovated': '1650–1660 19th century 1930s/1940s 1948/1949 1973–1975', 'client': 'Dietrich von Fürstenberg [ de ]', 'owner': 'District of Paderborn'}","earliest:founded in 1936 the ""gesellschaft zur förderung und pflege deutscher kulturdenkmäler e",True,True,True,False,False,True,1603-01-01T00:00:00Z,,Castle,"construction_duration_years is derived as end_year - start_year; for castles this may represent construction, reconstruction, restoration, or broader historical date span rather than literal build duration.",1603.0,1609.0,6.0,False,,,,,,,
Q4185801,Ardfinnan Castle,Ireland,Ardfinnan,52.31,-7.88,1185.0,1185.0,0.0,mixed_exact_or_infobox,wikipedia_final_filled,wikipedia_final_filled,,,False,False,1185.0,1185.0,,1185.0,,completed,1185.0,,,False,,,,,,,,0,0,0,0,,national monument of Ireland,,0,,,,,,,,https://en.wikipedia.org/wiki/Ardfinnan_Castle,http://www.wikidata.org/entity/Q4185801,"{'former names': 'Castrum de Harfinan', 'type': 'Castle', 'location': 'Ardfinnan , County Tipperary , Ireland', 'coordinates': '52°19′N 7°53′W \ufeff / \ufeff 52.31°N 7.88°W \ufeff / 52.31; -7.88', 'completed': '1185 ; 841\xa0years ago ( 1185 )', 'renovated': '1846', 'client': 'John, King of England', 'known for': ""John's first expedition to Ireland , Knights Templar""}",earliest:was built in 1185 by prince john of england ,True,True,True,False,False,False,1186-01-01T00:00:00Z,,Castle,"construction_duration_years is derived as end_year - start_year; for castles this may represent construction, reconstruction, restoration, or broader historical date span rather than literal build duration.",1185.0,1185.0,0.0,False,,,,,,,
Q24196363,Ballycowan Castle,Ireland,Ballycowan,53.276419,-7.558745,1589.0,1589.0,0.0,mixed_exact_or_infobox,wikipedia_final_filled,wikipedia_final_filled,,,False,False,1589.0,1589.0,,1589.0,,completed,1589.0,,,False,,,,,,,,0,0,0,0,,,,0,,,,,,,,https://en.wikipedia.org/wiki/Ballycowan_Castle,http://www.wikidata.org/entity/Q24196363,"{'type': 'Castle / Fortified House', 'location': 'Ballycowan , County Offaly , Ireland', 'coordinates': '53°16′35″N 7°33′31″W \ufeff / \ufeff 53.276419°N 7.558745°W \ufeff / 53.276419; -7.558745', 'completed': '1589'}",earliest:was built in 1589 as a fortified house by thomas morres,True,True,True,False,False,False,,,Castle / Fortified House,"construction_duration_years is derived as end_year - start_year; for castles this may represent construction, reconstruction, restoration, or broader historical date span rather than literal build duration.",1589.0,1589.0,0.0,False,,,,,,,
Q2419871,Birr Castle,Ireland,Birr,53.095319444,-7.915541666,1170.0,1845.0,675.0,mixed_exact_or_infobox,wikipedia_final_filled,wikipedia_final_filled,,,False,False,1170.0,1845.0,1170.0,,built,,,,1845.0,False,,,,,,,,0,0,0,0,Victorian architecture,,,0,,,,,,,,https://en.wikipedia.org/wiki/Birr_Castle,http://www.wikidata.org/entity/Q2419871,"{'type': 'Castle', 'owner': 'Brendan Parsons, 7th Earl of Rosse', 'coordinates': '53°05′43″N 7°54′53″W \ufeff / \ufeff 53.09536°N 7.91476°W \ufeff / 53.09536; -7.91476', 'built': '1170 ( 1170 )'}",current_end:completed in 1845 | current_end:completed in 1845 and was used for several decades before the last observations were made in the first years of the 20th century,True,True,True,False,False,False,,,Castle,"construction_duration_years is derived as end_year - start_year; for castles this may represent construction, reconstruction, restoration, or broader historical date span rather than literal build duration.",1170.0,1845.0,675.0,False,,,,,,,
Q50427577,Kilcoe Castle,Ireland,County Cork,51.54024,-9.41442,1458.0,2004.0,546.0,mixed_exact_or_infobox,wikipedia_final_filled,wikipedia_final_filled,,,False,False,1458.0,2004.0,1458.0,2004.0,built,restored,1458.0,,,False,,,,,,,,0,0,0,0,,,,0,,,,,,,,https://en.wikipedia.org/wiki/Kilcoe_Castle,http://www.wikidata.org/entity/Q50427577,"{'type': 'Medieval castle', 'coordinates': '51°32′25″N 9°24′52″W \ufeff / \ufeff 51.54024°N 9.41442°W \ufeff / 51.54024; -9.41442', 'area': 'County Cork , Ireland', 'height': '26\xa0m (85\xa0ft)', 'built': '1458 [ 1 ]', 'built for': 'MacCarthys of Muskerry', 'restored': '2004', 'architectural style': 'tower house', 'governing body': 'On private land', 'owner': 'Jeremy Irons'}",earliest:was built in 1458 by the clan dermod branch of the maccarthys ,True,True,True,False,False,False,,,Medieval castle,"construction_duration_years is derived as end_year - start_year; for castles this may represent construction, reconstruction, restoration, or broader historical date span rather than literal build duration.",1458.0,2004.0,546.0,False,,,,,,,
Q6927623,Moydrum Castle,Ireland,County Westmeath,53.4278,-7.8633,1812.0,1814.0,2.0,mixed_exact_or_infobox,wikipedia_final_filled,wikipedia_final_filled,,,False,False,1812.0,1814.0,1812.0,,built,,,,1814.0,False,,,,,,,,0,0,0,0,,,,0,,,,,,,,https://en.wikipedia.org/wiki/Moydrum_Castle,http://www.wikidata.org/entity/Q6927623,"{'type': 'Castle', 'condition': 'Ruin', 'area': '11,444 acres (46.3\xa0km 2 )', 'built': '1812 ( 1812 )', 'architect': 'Richard Morrison', 'in\xa0use': '1814 ( 1814 ) —1924 ( 1924 )', 'fate': 'Set alight on 4 July 1921 by the IRA'}",current_end:completed in 1814 and was described in a topographical dictionary of ireland ,True,True,True,False,False,False,,,Castle,"construction_duration_years is derived as end_year - start_year; for castles this may represent construction, reconstruction, restoration, or broader historical date span rather than literal build duration.",1812.0,1814.0,2.0,False,,,,,,,
Q3662403,Albertis Castle,Italy,Genoa,44.41842,8.92461,1886.0,1893.0,7.0,mixed_exact_or_infobox,wikipedia_final_filled,wikipedia_final_filled,,,False,False,1886.0,1893.0,1886.0,1893.0,construction started,completed,,,,False,Enrico Alberto d'Albertis,commissioner,,Enrico Alberto d'Albertis,Alfredo d'Andrade,Genoa,,1,1,0,1,Gothic Revival,Italian national heritage,,0,,,,,,,,https://en.wikipedia.org/wiki/D%27Albertis_Castle,http://www.wikidata.org/entity/Q3662403,"{'status': 'In use', 'type': 'Castle', 'architectural style': 'Gothic Revival', 'location': 'Corso Dogali, 18, Genoa, Italy', 'construction started': '1886', 'completed': '1893', 'floor count': '5', 'architect': ""Alfredo D'Andrade""}",,True,True,True,False,False,True,1892-01-01T00:00:00Z,,Castle,"construction_duration_years is derived as end_year - start_year; for castles this may represent construction, reconstruction, restoration, or broader historical date span rather than literal build duration.",1886.0,1893.0,7.0,False,,,,,,,
Q3995405,Branzoll Castle,Italy,Klausen,46.6401,11.5655,1250.0,1912.0,662.0,mixed_exact_or_infobox,wikipedia_final_filled,wikipedia_final_filled,,,False,False,1250.0,1912.0,1250.0,,built,,,,1912.0,False,,,,,,,,0,0,0,0,,Cultural heritage monument in South Tyrol,,0,,,,,,,,https://en.wikipedia.org/wiki/Branzoll_Castle,http://www.wikidata.org/entity/Q3995405,"{'type': 'Hill castle', 'code': 'IT-BZ', 'condition': 'Renovated in 1895 and 1911, inhabited', 'coordinates': '46°38′25″N 11°33′55″E \ufeff / \ufeff 46.64018°N 11.565366°E \ufeff / 46.64018; 11.565366', 'built': 'about 1250 (first documented mention)'}",current_end:completed in 1912,True,True,True,False,False,False,,,Hill castle,"construction_duration_years is derived as end_year - start_year; for castles this may represent construction, reconstruction, restoration, or broader historical date span rather than literal build duration.",1250.0,1912.0,662.0,False,,,,,,,
Q3662312,Caldora-Cantelmo Castle,Italy,Pacentro,42.051671,13.995264,1000.0,1400.0,400.0,mixed_exact_or_infobox,wikipedia_final_filled,wikipedia_final_filled,,,False,False,1200.0,1500.0,1300.0,,built,,1200.0,,1500.0,False,,,,,,,,0,0,0,0,,Italian national heritage,,0,,,,,,,,https://en.wikipedia.org/wiki/Castello_Caldora,http://www.wikidata.org/entity/Q3662312,"{'type': 'Castle', 'coordinates': '42°03′06″N 13°59′44″E \ufeff / \ufeff 42.051643°N 13.995472°E \ufeff / 42.051643; 13.995472', 'built': '11th-14th century'}",earliest:dates back to the 11th-13th century | current_end:completed in the second half of the 15th century,True,True,True,False,False,False,,,Castle,"construction_duration_years was manually corrected using the one-by-one online/historical duration review. For direct ranges, the checked build span is treated as primary. For broad century ranges, the value remains approximate.",1200.0,1500.0,300.0,True,BROAD_CENTURY_SPAN_COMPARE_CAUTION,manual_online_historical_review,broad_century_span,built: 11th-14th century,Manual correction applied because the one-by-one online review found a broad historical build range or century-span range. The reviewed historical range is treated as primary over the previous derived date span.,300.0,400.0
Q23702078,Castello Orsini,Italy,Massa d'Albe,42.084233333,13.412480555,1300.0,1400.0,100.0,mixed_exact_or_infobox,wikipedia_final_filled,wikipedia_final_filled,,,False,False,1300.0,1372.0,1300.0,,built,,1300.0,,1372.0,False,,,,,,,,0,0,0,0,,,,0,,,,,,,,https://en.wikipedia.org/wiki/Castello_Orsini,http://www.wikidata.org/entity/Q23702078,"{'type': 'Castle', 'built': '14th century'}",earliest:built in the 14th century  | earliest:was built in the 14th century  | current_end:rebuilt by the orsini family starting in 1372 ,True,True,True,False,False,False,,,Castle,"construction_duration_years was manually corrected using the one-by-one online/historical duration review. For direct ranges, the checked build span is treated as primary. For broad century ranges, the value remains approximate.",1300.0,1372.0,72.0,True,BROAD_CENTURY_SPAN_COMPARE_CAUTION,manual_online_historical_review,broad_century_span,built: 14th century,Manual correction applied because the one-by-one online review found a broad historical build range or century-span range. The reviewed historical range is treated as primary over the previous derived date span.,72.0,100.0
Q21196197,Castello Visconteo,Italy,Vogogna,46.008101,8.295971,1400.0,1500.0,100.0,mixed_exact_or_infobox,wikipedia_final_filled,wikipedia_final_filled,,,False,False,1300.0,2001.0,1400.0,,built,,1300.0,,2001.0,False,,,,,,,,0,0,0,0,,Italian national heritage,,0,,,,,,,,https://en.wikipedia.org/wiki/Visconti_Castle_(Vogogna),http://www.wikidata.org/entity/Q21196197,"{'type': 'Medieval castle', 'owner': 'Municipality of Vogogna', 'open\xa0to the\xa0public': 'Yes', 'condition': 'Good', 'coordinates': '46°00′28″N 8°17′45″E \ufeff / \ufeff 46.00778°N 8.29583°E \ufeff / 46.00778; 8.29583', 'built': '15th century', 'built\xa0by': 'Filippo Maria Visconti', 'materials': 'Stone'}",earliest:built in the 14th century by the visconti  | earliest:was built in the 14th century by the visconti  | current_end:completed in 2001,True,True,True,False,False,False,,,Medieval castle,"construction_duration_years was manually corrected using the one-by-one online/historical duration review. For direct ranges, the checked build span is treated as primary. For broad century ranges, the value remains approximate.",1300.0,2001.0,701.0,True,BROAD_CENTURY_SPAN_COMPARE_CAUTION,manual_online_historical_review,broad_century_span,built: 15th century,Manual correction applied because the one-by-one online review found a broad historical build range or century-span range. The reviewed historical range is treated as primary over the previous derived date span.,701.0,100.0
Q3662392,Castello Visconteo,Italy,Lodi,45.31239,9.498982,1100.0,1400.0,300.0,text_inferred,wikipedia_final_filled,wikipedia_final_filled,,,False,False,1100.0,1355.0,,,,,1100.0,,1355.0,False,Frederick Barbarossa,commissioner,,Frederick Barbarossa,,,,0,0,0,1,,Italian national heritage,,0,,,,,,,,https://en.wikipedia.org/wiki/Visconti_Castle_(Lodi),http://www.wikidata.org/entity/Q3662392,"{'type': 'Medieval castle', 'coordinates': '45°18′44″N 9°29′55″E \ufeff / \ufeff 45.31222°N 9.49861°E \ufeff / 45.31222; 9.49861', 'built': '12th-14th centuries', 'built\xa0by': 'Frederick Barbarossa , Bernabò Visconti'}",earliest:founded in the 12th century by frederick barbarossa  | current_end:rebuilt by him between 1355 and 1370,True,True,True,False,False,True,,,Medieval castle,"construction_duration_years was manually corrected using the one-by-one online/historical duration review. For direct ranges, the checked build span is treated as primary. For broad century ranges, the value remains approximate.",1100.0,1355.0,255.0,True,BROAD_CENTURY_SPAN_COMPARE_CAUTION,manual_online_historical_review,broad_century_span,built: 12th-14th centuries,Manual correction applied because the one-by-one online review found a broad historical build range or century-span range. The reviewed historical range is treated as primary over the previous derived date span.,255.0,300.0
Q3662394,Castello Visconteo,Italy,Voghera,44.989371,9.009289,1335.0,1372.0,37.0,mixed_exact_or_infobox,wikipedia_final_filled,wikipedia_final_filled,,,False,False,1300.0,1372.0,1335.0,,built,,1300.0,,1372.0,False,,,,,,,,0,0,0,0,,Italian national heritage,,0,,,,,,,,https://en.wikipedia.org/wiki/Visconti_Castle_(Voghera),http://www.wikidata.org/entity/Q3662394,"{'type': 'Medieval castle , noble residence', 'owner': 'Italian State', 'open\xa0to the\xa0public': 'Occasionally, for exhibitions or cultural events', 'condition': 'Good', 'coordinates': '44°59′21″N 9°00′33″E \ufeff / \ufeff 44.98917°N 9.00917°E \ufeff / 44.98917; 9.00917', 'built': '1335–1372', 'built\xa0by': 'Azzone Visconti and Galeazzo II Visconti', 'materials': 'Bricks'}",earliest:built in the 14th century by the visconti  | earliest:was built in the 14th century by the visconti  | current_end:completed by galeazzo ii visconti in 1372,True,True,True,False,False,False,1335-01-01T00:00:00Z,,"Medieval castle , noble residence","construction_duration_years was manually corrected using the one-by-one online/historical duration review. For direct ranges, the checked build span is treated as primary. For broad century ranges, the value remains approximate.",1300.0,1372.0,72.0,True,DIFFERS,manual_online_historical_review,built_year_range,built: 1335–1372,Manual correction applied because the one-by-one online review found a direct build span that differed from the file's derived construction_duration_years. The online/historical build span is treated as primary.,72.0,37.0
Q3662484,Castello di Belgioioso,Italy,Belgioioso,45.160394,9.313197,1300.0,1400.0,100.0,mixed_exact_or_infobox,wikipedia_final_filled,wikipedia_final_filled,,,False,False,1300.0,1400.0,1300.0,,built,,,,1400.0,False,,,,,,,,0,0,0,0,,Italian national heritage,,0,,,,,,,,https://en.wikipedia.org/wiki/Belgioioso_Castle,http://www.wikidata.org/entity/Q3662484,"{'type': 'Medieval Castle', 'coordinates': '45°09′37″N 9°18′47″E \ufeff / \ufeff 45.16028°N 9.31306°E \ufeff / 45.16028; 9.31306', 'built': '14th century'}",current_end:rebuilt by galeazzo ii in the second half of the 14th century in an extensive visconti property in the territory where the town of belgioioso later arose,True,True,True,False,False,False,,,Medieval Castle,"construction_duration_years is derived as end_year - start_year; for castles this may represent construction, reconstruction, restoration, or broader historical date span rather than literal build duration.",1300.0,1400.0,100.0,False,,,,,,,
Q2968443,Castle of Barletta,Italy,Barletta,41.321042,16.288691,1000.0,1100.0,100.0,mixed_exact_or_infobox,wikipedia_final_filled,wikipedia_final_filled,,,False,False,1000.0,2009.0,1000.0,,built,,,,2009.0,False,"Frederick II, Holy Roman Emperor",owner,,,,"Frederick II, Holy Roman Emperor",,1,0,0,0,,Italian national heritage,,0,,,,,,,,https://en.wikipedia.org/wiki/Castle_of_Barletta,http://www.wikidata.org/entity/Q2968443,"{'type': 'Medieval-Renaissance castle', 'owner': 'Municipality of Barletta', 'open\xa0to the\xa0public': 'Yes, through guided tours except on Mondays', 'condition': 'Restored between 1973 and 1988', 'website': 'http://www.comune.barletta.bt.it/retecivica/citta/luoghi/castello/castello.html', 'coordinates': '41°19′15″N 16°17′18″E \ufeff / \ufeff 41.320833°N 16.288333°E \ufeff / 41.320833; 16.288333', 'built': '11th century-17th century', 'events': '1915: the castle came under attack by the Austrian scout cruiser Helgoland .', 'past commanders': 'William I of Sicily Frederick II, Holy Roman Emperor Charles I of Anjou Charles V, Holy Roman Emperor Philip IV of Spain', 'garrison': 'Home of the Municipal Museum and the Municipal Library'}",current_end:completed in may 2009,True,True,True,False,False,True,,,Medieval-Renaissance castle,"construction_duration_years was manually corrected using the one-by-one online/historical duration review. For direct ranges, the checked build span is treated as primary. For broad century ranges, the value remains approximate.",1000.0,2009.0,1009.0,True,BROAD_CENTURY_SPAN_COMPARE_CAUTION,manual_online_historical_review,broad_century_span,built: 11th century-17th century,Manual correction applied because the one-by-one online review found a broad historical build range or century-span range. The reviewed historical range is treated as primary over the previous derived date span.,1009.0,100.0
Q3662932,Castle of Trezzo sull'Adda,Italy,Trezzo sull'Adda,45.611823,9.52224,1370.0,1377.0,7.0,mixed_exact_or_infobox,wikipedia_final_filled,wikipedia_final_filled,,,False,False,1370.0,1377.0,1370.0,,built,,,,1377.0,False,Bernabò Visconti,commissioner,,Bernabò Visconti,,,,0,0,0,1,,Italian national heritage,,0,42.0,,,,,height=42.0m,,https://en.wikipedia.org/wiki/Visconti_Castle_(Trezzo_sull%27Adda),http://www.wikidata.org/entity/Q3662932,"{'type': 'Medieval castle', 'owner': ""Municipality of Trezzo sull'Adda"", 'open\xa0to the\xa0public': 'Yes', 'condition': 'Mostly ruined; good the surviving parts (tower and part of the casemates)', 'coordinates': '45°36′42″N 9°31′20″E \ufeff / \ufeff 45.61167°N 9.52222°E \ufeff / 45.61167; 9.52222', 'height': '42\xa0m (138\xa0ft)  (tower)', 'built': '1370–1377', 'built\xa0by': 'Bernabò Visconti', 'materials': 'Stone , cobblestone and bricks', 'events': 'Imprisonment and death of Bernabò Visconti (1385)'}",current_end:completed in 1377,True,True,True,False,True,True,1370-01-01T00:00:00Z,,Medieval castle,"construction_duration_years is derived as end_year - start_year; for castles this may represent construction, reconstruction, restoration, or broader historical date span rather than literal build duration.",1370.0,1377.0,7.0,False,,,,,,,
Q1011701,Festenstein Castle,Italy,Eppan an der Weinstraße,46.511994,11.218769,1200.0,1300.0,100.0,mixed_exact_or_infobox,wikipedia_final_filled,wikipedia_final_filled,,,False,False,1200.0,2008.0,1200.0,2008.0,built,restored,,,,False,,,,,,,,0,0,0,0,,Cultural heritage monument in South Tyrol,,0,,,,,,,,https://en.wikipedia.org/wiki/Festenstein_Castle,http://www.wikidata.org/entity/Q1011701,"{'type': 'Castle ruin', 'location': 'Andrian , South Tyrol , Italy', 'nearest city': 'Bolzano', 'coordinates': '46°30′43″N 11°13′07″E \ufeff / \ufeff 46.5119°N 11.2187°E \ufeff / 46.5119; 11.2187', 'built': '13th century', 'built for': 'Warlords of the region', 'original use': 'Stronghold, tax collection', 'restored': '2008', 'restored by': 'South Tyrolean Office for Cultural Heritage', 'current use': 'Preservation site', 'owner': 'Count Meinhard Khuen von Belasi'}",,True,True,True,False,False,False,,,Castle ruin,"construction_duration_years was manually corrected using the one-by-one online/historical duration review. For direct ranges, the checked build span is treated as primary. For broad century ranges, the value remains approximate.",1200.0,2008.0,808.0,True,BROAD_CENTURY_SPAN_COMPARE_CAUTION,manual_online_historical_review,broad_century_span,built: 13th century,Manual correction applied because the one-by-one online review found a broad historical build range or century-span range. The reviewed historical range is treated as primary over the previous derived date span.,808.0,100.0
Q15712465,Piccolomini Castle,Italy,Capestrano,42.267815,13.769108,1485.0,1485.0,0.0,mixed_exact_or_infobox,wikipedia_final_filled,wikipedia_final_filled,,,False,False,1485.0,1485.0,1485.0,,built,,,,1485.0,False,,,,,,,,0,0,0,0,,Italian national heritage,,0,,,,,,,,https://en.wikipedia.org/wiki/Castello_Piccolomini_(Capestrano),http://www.wikidata.org/entity/Q15712465,"{'type': 'Castle', 'coordinates': '42°16′05″N 13°46′10″E \ufeff / \ufeff 42.268001°N 13.769348°E \ufeff / 42.268001; 13.769348', 'built': '1485'}",current_end:completed in 1485,True,True,True,False,False,False,1485-01-01T00:00:00Z,,Castle,"construction_duration_years is derived as end_year - start_year; for castles this may represent construction, reconstruction, restoration, or broader historical date span rather than literal build duration.",1485.0,1485.0,0.0,False,,,,,,,
Q3662360,Piccolomini Castle,Italy,Celano,42.084491,13.545808,1451.0,1960.0,509.0,mixed_exact_or_infobox,wikipedia_final_filled,wikipedia_final_filled,,,False,False,1451.0,1960.0,1451.0,,built,,,,1960.0,False,,,,,,,,0,0,0,0,Gothic art,Italian national heritage,,0,,,,,,,,https://en.wikipedia.org/wiki/Castello_Piccolomini_(Celano),http://www.wikidata.org/entity/Q3662360,"{'type': 'Castle', 'coordinates': '42°05′05″N 13°32′43″E \ufeff / \ufeff 42.084626°N 13.545257°E \ufeff / 42.084626; 13.545257', 'built': '1451'}",current_end:completed in 1960,True,True,True,False,False,False,1392-01-01T00:00:00Z,,Castle,"construction_duration_years is derived as end_year - start_year; for castles this may represent construction, reconstruction, restoration, or broader historical date span rather than literal build duration.",1451.0,1960.0,509.0,False,,,,,,,
Q1775907,Rocchetta Mattei,Italy,Grizzana Morandi,44.223814,11.059786,1800.0,1900.0,100.0,mixed_exact_or_infobox,wikipedia_final_filled,wikipedia_final_filled,,,False,False,1850.0,1900.0,1850.0,1900.0,construction started,completed,1997.0,,1896.0,False,Cesare Mattei,commissioner,,Cesare Mattei,,,,0,0,0,1,Art Nouveau architecture | Renaissance Revival architecture | Moorish architecture | Gothic Revival,Italian national heritage,,0,,,,,,,,https://en.wikipedia.org/wiki/Rocchetta_Mattei,http://www.wikidata.org/entity/Q1775907,"{'type': 'Castle, former sanatorium', 'location': 'Riola, Emilia-Romagna , Italy', 'coordinates': '44°13′25″N 11°03′36″E \ufeff / \ufeff 44.22361°N 11.06000°E \ufeff / 44.22361; 11.06000', 'construction started': '1850', 'completed': 'late 19th century', 'owner': 'Fondazione Cassa di Risparmio in Bologna', 'architects': 'Cesare Mattei (patron and designer)'}",earliest:founded in 1997 and that it curates documents and objects related to mattei and electrohomeopathy | current_end:completed by the time of his death in 1896,True,True,True,False,False,True,1850-01-01T00:00:00Z,,"Castle, former sanatorium","construction_duration_years was manually corrected using the one-by-one online/historical duration review. For direct ranges, the checked build span is treated as primary. For broad century ranges, the value remains approximate.",1850.0,1900.0,50.0,True,BROAD_CENTURY_SPAN_COMPARE_CAUTION,manual_online_historical_review,completed_century_only,completed: late 19th century,Manual correction applied because the one-by-one online review found a broad historical build range or century-span range. The reviewed historical range is treated as primary over the previous derived date span.,50.0,100.0
Q3662376,Visconti-Sforza Castle,Italy,Galliate,45.478392,8.696201,1400.0,1500.0,100.0,mixed_exact_or_infobox,wikipedia_final_filled,wikipedia_final_filled,,,False,False,1400.0,1496.0,1400.0,,built,,1400.0,,1496.0,False,,,,,,,,0,0,0,0,,Italian national heritage,,0,,,,,,,,https://en.wikipedia.org/wiki/Visconti-Sforza_Castle_(Galliate),http://www.wikidata.org/entity/Q3662376,"{'type': 'Medieval castle', 'owner': 'Municipality of Galliate; private', 'open\xa0to the\xa0public': 'Yes', 'condition': 'Good', 'coordinates': '45°28′43″N 8°41′46″E \ufeff / \ufeff 45.47861°N 8.69611°E \ufeff / 45.47861; 8.69611', 'length': '108\xa0m (354\xa0ft)', 'built': '15th century', 'built\xa0by': 'Visconti , Sforza houses', 'materials': 'Bricks'}",earliest:was erected in the 15th century by the sforza  | current_end:completed in 1496 under the rule of ludovico il moro  | current_end:rebuilt by galeazzo ii visconti in 1350-60 as an outpost near the ticino river's bridgehead,True,True,True,False,False,False,1476-01-01T00:00:00Z,,Medieval castle,"construction_duration_years was manually corrected using the one-by-one online/historical duration review. For direct ranges, the checked build span is treated as primary. For broad century ranges, the value remains approximate.",1400.0,1496.0,96.0,True,BROAD_CENTURY_SPAN_COMPARE_CAUTION,manual_online_historical_review,broad_century_span,built: 15th century,Manual correction applied because the one-by-one online review found a broad historical build range or century-span range. The reviewed historical range is treated as primary over the previous derived date span.,96.0,100.0
Q3662579,Conisbrough Castle,Kingdom of England,Conisbrough,53.4843,-1.22606,1000.0,1100.0,100.0,mixed_exact_or_infobox,wikipedia_final_filled,wikipedia_final_filled,,,False,False,1000.0,1885.0,1000.0,,built,,1000.0,,1885.0,False,"William de Warenne, 1st Earl of Surrey",founder,"William de Warenne, 1st Earl of Surrey",,,English Heritage,English Heritage,1,0,1,0,,Grade I listed building | scheduled monument,,0,,,,,,,,https://en.wikipedia.org/wiki/Conisbrough_Castle,http://www.wikidata.org/entity/Q3662579,"{'type': 'Castle', 'owner': 'Doncaster Metropolitan Borough Council and English Heritage', 'open\xa0to the\xa0public': 'Yes', 'condition': 'Ruined', 'official name': 'Conisbrough Castle', 'designated': '26 November 1987', 'reference\xa0no.': '1192747', 'coordinates': '53°29′03″N 1°13′35″W \ufeff / \ufeff 53.48417°N 1.22639°W \ufeff / 53.48417; -1.22639', 'height': '62 feet (19\xa0m)', 'built': '11th century', 'materials': 'Magnesian Limestone'}",earliest:built in the 11th century by william de warenne  | current_end:completed in 1885,True,True,True,False,False,True,1100-01-01T00:00:00Z,,Castle,"construction_duration_years was manually corrected using the one-by-one online/historical duration review. For direct ranges, the checked build span is treated as primary. For broad century ranges, the value remains approximate.",1000.0,1885.0,885.0,True,BROAD_CENTURY_SPAN_COMPARE_CAUTION,manual_online_historical_review,broad_century_span,built: 11th century,Manual correction applied because the one-by-one online review found a broad historical build range or century-span range. The reviewed historical range is treated as primary over the previous derived date span.,885.0,100.0
Q931757,Klaipėda Castle,Lithuania,Klaipėda,55.70555556,21.12888889,1252.0,2021.0,769.0,mixed_exact_or_infobox,wikipedia_final_filled,wikipedia_final_filled,,,False,False,1252.0,2021.0,1252.0,,built,,1252.0,,2021.0,False,,,,,,,,0,0,0,0,Gothic architecture,,,0,,,,,,,,https://en.wikipedia.org/wiki/Klaip%C4%97da_Castle,http://www.wikidata.org/entity/Q931757,"{'type': 'Castle', 'location': 'Klaipėda , Lithuania', 'coordinates': '55°42′20″N 21°07′44″E \ufeff / \ufeff 55.70556°N 21.12889°E \ufeff / 55.70556; 21.12889', 'built': '1252', 'built for': 'Teutonic Order', 'architectural style': 'Brick Gothic'}",earliest:first mentioned in written sources in 1252 | current_end:completed in 2021,True,True,True,False,False,False,1300-01-01T00:00:00Z,,Castle,"construction_duration_years is derived as end_year - start_year; for castles this may represent construction, reconstruction, restoration, or broader historical date span rather than literal build duration.",1252.0,2021.0,769.0,False,,,,,,,
Q1023846,Panemunė Castle,Lithuania,Jurbarkas District Municipality,55.099,22.986,1313.0,1958.0,645.0,mixed_exact_or_infobox,wikipedia_final_filled,wikipedia_final_filled,,,False,False,1313.0,1958.0,1313.0,1958.0,built,restored,1313.0,,,False,,,,,,,,0,0,0,0,Renaissance,,,0,,,,,,,,https://en.wikipedia.org/wiki/Panemun%C4%97_Castle,http://www.wikidata.org/entity/Q1023846,"{'type': 'Castle', 'location': 'Vytėnai , Lithuania', 'coordinates': '55°05′56″N 22°59′10″E \ufeff / \ufeff 55.099°N 22.986°E \ufeff / 55.099; 22.986', 'built': '1313', 'rebuilt': '1604-1610', 'restored': '1958 2012-2015', 'current use': 'Museum', 'architect': 'Peter Nonhart', 'architectural styles': 'Renaissance and Late gothic', 'owner': 'Vilnius Academy of Arts', 'website': 'panemunespilis.com'}",earliest:was built in 1313 by the teutonic order,True,True,True,False,False,False,1604-01-01T00:00:00Z,,Castle,"construction_duration_years is derived as end_year - start_year; for castles this may represent construction, reconstruction, restoration, or broader historical date span rather than literal build duration.",1313.0,1958.0,645.0,False,,,,,,,
Q16473929,Tauragė Castle,Lithuania,,55.2525,22.28416667,1844.0,1847.0,3.0,mixed_exact_or_infobox,wikipedia_final_filled,wikipedia_final_filled,,,False,False,1844.0,1847.0,1844.0,,built,,,,1847.0,False,,,,,,,,0,0,0,0,Renaissance Revival architecture,,,0,,,,,,,,https://en.wikipedia.org/wiki/Taurag%C4%97_Castle,http://www.wikidata.org/entity/Q16473929,"{'type': 'Castle and residential manor', 'location': 'Tauragė , Lithuania', 'coordinates': '55°15′09″N 22°17′03″E \ufeff / \ufeff 55.2526°N 22.2842°E \ufeff / 55.2526; 22.2842', 'built': '1844 – 1847', 'architectural style': 'Renaissance', 'website': 'Official website'}",current_end:completed in 1847,True,True,True,False,False,False,,,Castle and residential manor,"construction_duration_years is derived as end_year - start_year; for castles this may represent construction, reconstruction, restoration, or broader historical date span rather than literal build duration.",1844.0,1847.0,3.0,False,,,,,,,
Q615735,Berg Castle,Luxembourg,Colmar-Berg,49.81417,6.08694,1907.0,1911.0,4.0,mixed_exact_or_infobox,wikipedia_final_filled,wikipedia_final_filled,,,False,False,1907.0,1911.0,1907.0,1911.0,construction started,completed,,,,False,Max Ostenrieder,architect,,,Max Ostenrieder,State of Luxembourg,,1,1,0,0,,,,0,,230.0,,,,,,https://en.wikipedia.org/wiki/Berg_Castle,http://www.wikidata.org/entity/Q615735,"{'type': 'Castle', 'location': 'Colmar-Berg , Luxembourg', 'coordinates': '49°48′53″N 6°05′15″E \ufeff / \ufeff 49.814666°N 6.087595°E \ufeff / 49.814666; 6.087595', 'construction started': '1907', 'completed': '1911', 'architects': 'Max Ostenrieder and Pierre Funck-Eydt'}",,True,True,True,False,False,True,1911-01-01T00:00:00Z,,Castle,"construction_duration_years is derived as end_year - start_year; for castles this may represent construction, reconstruction, restoration, or broader historical date span rather than literal build duration.",1907.0,1911.0,4.0,False,,,,,,,
Q5319923,Dzików Castle,Poland,Tarnobrzeg,50.579525,21.676627,1400.0,1500.0,100.0,mixed_exact_or_infobox,wikipedia_final_filled,wikipedia_final_filled,,,False,False,1300.0,1500.0,1300.0,1500.0,construction started,completed,,,,False,Franciszek Maria Lanci,architect,,,Franciszek Maria Lanci,House of Ossoliński,,1,1,0,0,Gothic Revival,immovable monument in Poland,,0,,,,,,,,https://en.wikipedia.org/wiki/Dzik%C3%B3w_Castle,http://www.wikidata.org/entity/Q5319923,"{'former names': 'Residence of the Tarnowski Family', 'alternative names': 'Tarnowski Family Castle in Dzików,  Dzików Palace in Tarnobrzeg', 'type': 'castle', 'architectural style': 'neogothic (1830–1927), neobaroque (current)', 'location': '50°34\'46""N   21°40\'32""E, Tarnobrzeg , Poland', 'construction started': 'end of 14th century', 'completed': '15th century', 'renovated': '1830, 1931', 'destroyed': '1927 (fire)', 'demolished': '1809 (Napoleonic war)', 'owner': 'Ossoliński family (since 15th century), Tarnowski family (1522–1945), State Treasury (Skarb Państwa) (since 1945)', 'architects': 'Franciszek Maria Lanci (1830), Wacław Krzyżanowski (1931)'}",,True,True,True,False,False,True,,,castle,"construction_duration_years was manually corrected using the one-by-one online/historical duration review. For direct ranges, the checked build span is treated as primary. For broad century ranges, the value remains approximate.",1300.0,1500.0,200.0,True,BROAD_CENTURY_SPAN_COMPARE_CAUTION,manual_online_historical_review,completed_century_only,completed: 15th century,Manual correction applied because the one-by-one online review found a broad historical build range or century-span range. The reviewed historical range is treated as primary over the previous derived date span.,200.0,100.0
Q9386719,Racibórz Castle,Poland,Racibórz,50.0961,18.2206,1108.0,1287.0,179.0,mixed_exact_or_infobox,wikipedia_final_filled,wikipedia_final_filled,,,False,False,1108.0,1287.0,1108.0,,construction started,,1108.0,1300.0,1287.0,True,Piasts of Silesia,founder,Piasts of Silesia,,,,,0,0,1,0,,immovable monument in Poland,,0,,199.0,,,,,major reconstruction detected in wikipedia text,https://en.wikipedia.org/wiki/Racib%C3%B3rz_Castle,http://www.wikidata.org/entity/Q9386719,"{'type': 'castle', 'location': 'Zamkowa Street 47-400 Racibórz, Racibórz , Poland', 'coordinates': '50°5′46″N 18°13′14″E \ufeff / \ufeff 50.09611°N 18.22056°E \ufeff / 50.09611; 18.22056', 'construction started': '1108'}",earliest:built in the 13th century and rebuilt in the 13th/14th century | earliest:first mentioned in gesta principum polonorum of gallus anonymus in an entry dated 1108 | current_start:rebuilt in the 13th/14th century | current_end:completed in 1287,True,True,True,False,False,True,1300-01-01T00:00:00Z,,castle,"construction_duration_years is derived as end_year - start_year; for castles this may represent construction, reconstruction, restoration, or broader historical date span rather than literal build duration.",1108.0,1287.0,179.0,False,,,,,,,
Q3695846,Castle of Abrantes,Portugal,Abrantes (São Vicente e São João) e Alferrarede,39.46445833,-8.19481944,130.0,1900.0,1770.0,mixed_exact_or_infobox,wikipedia_final_filled,wikipedia_final_filled,,,False,False,130.0,1900.0,130.0,,built,,,,1900.0,False,,,,,,,,0,0,0,0,Romanesque architecture,Immovable Cultural Heritage of Public Interest,,0,,,,,,,,https://en.wikipedia.org/wiki/Castle_of_Abrantes,http://www.wikidata.org/entity/Q3695846,"{'type': 'Castle', 'owner': 'Portuguese Republic', 'open\xa0to the\xa0public': 'Public', 'coordinates': '39°27′52.05″N 8°11′41.35″W \ufeff / \ufeff 39.4644583°N 8.1948194°W \ufeff / 39.4644583; -8.1948194', 'built': '130 BC'}",current_end:completed in the 19th century took from the character of the façade | current_end:completed in the 18th century,True,True,True,False,False,False,,,Castle,"construction_duration_years is derived as end_year - start_year; for castles this may represent construction, reconstruction, restoration, or broader historical date span rather than literal build duration.",130.0,1900.0,1770.0,False,,,,,,,
Q5049743,Castle of Almeida,Portugal,Almeida,40.725565,-6.907421,1641.0,1641.0,0.0,mixed_exact_or_infobox,wikipedia_final_filled,wikipedia_final_filled,,,False,False,1641.0,1641.0,1641.0,,built,,,,1641.0,False,,,,,,,,0,0,0,0,,National Monument of Portugal,,0,,,,,,,,https://en.wikipedia.org/wiki/Castle_Fortress_of_Almeida,http://www.wikidata.org/entity/Q5049743,"{'type': 'Castle', 'owner': 'Portuguese Republic', 'operator': 'DRCCentro (Dispatch 829/2009; Diário da República, Série II, 163, 24 August 2009)', 'open\xa0to the\xa0public': 'Public', 'coordinates': '40°43′32.4″N 6°54′21.5″W \ufeff / \ufeff 40.725667°N 6.905972°W \ufeff / 40.725667; -6.905972', 'built': '1641', 'materials': 'Masonry , Granite, Cement, Wood, Azulejo, Stone'}",current_end:completed in 1508 | current_end:completed in 1641,True,True,True,False,False,False,1641-01-01T00:00:00Z,,Castle,"construction_duration_years is derived as end_year - start_year; for castles this may represent construction, reconstruction, restoration, or broader historical date span rather than literal build duration.",1641.0,1641.0,0.0,False,,,,,,,
Q5050367,Castle of Belver,Portugal,Belver,39.49386944,-7.96090278,1194.0,1212.0,18.0,mixed_exact_or_infobox,wikipedia_final_filled,wikipedia_final_filled,,,False,False,1194.0,1212.0,1194.0,,built,,,,1212.0,False,,,,,,,,0,0,0,0,,National Monument of Portugal,,0,,,,,,,,https://en.wikipedia.org/wiki/Castle_of_Belver,http://www.wikidata.org/entity/Q5050367,"{'type': 'Castle', 'owner': 'Portuguese Republic', 'open\xa0to the\xa0public': 'Public', 'coordinates': '39°29′37.93″N 7°57′39.25″W \ufeff / \ufeff 39.4938694°N 7.9609028°W \ufeff / 39.4938694; -7.9609028', 'built': 'c. 1194', 'materials': 'Stone, Rock , Tile'}",current_end:completed in 1212,True,True,True,False,False,False,1194-01-01T00:00:00Z,,Castle,"construction_duration_years is derived as end_year - start_year; for castles this may represent construction, reconstruction, restoration, or broader historical date span rather than literal build duration.",1194.0,1212.0,18.0,False,,,,,,,
Q2043483,Castle of Evoramonte,Portugal,Evoramonte,38.77189,-7.715841,1100.0,1200.0,100.0,mixed_exact_or_infobox,wikipedia_final_filled,wikipedia_final_filled,,,False,False,1100.0,1531.0,1100.0,,built,,,,1531.0,False,,,,,,,,0,0,0,0,Manueline,National Monument of Portugal,,0,,,,,,,,https://en.wikipedia.org/wiki/Castle_of_Evoramonte,http://www.wikidata.org/entity/Q2043483,"{'type': 'Castle', 'owner': 'Portuguese Republic', 'operator': 'DRC Alentejo (Dispatch 829/2009; DR , Série 2 (163), 24 August 2009', 'open\xa0to the\xa0public': 'Public', 'coordinates': '38°46′19″N 7°42′57″W \ufeff / \ufeff 38.7718312°N 7.7158236°W \ufeff / 38.7718312; -7.7158236', 'built': '12th Century', 'materials': 'Stone, Granite, Marble'}",current_end:completed in 1531),True,True,True,False,False,False,1160-01-01T00:00:00Z,,Castle,"construction_duration_years was manually corrected using the one-by-one online/historical duration review. For direct ranges, the checked build span is treated as primary. For broad century ranges, the value remains approximate.",1100.0,1531.0,431.0,True,BROAD_CENTURY_SPAN_COMPARE_CAUTION,manual_online_historical_review,broad_century_span,built: 12th Century,Manual correction applied because the one-by-one online review found a broad historical build range or century-span range. The reviewed historical range is treated as primary over the previous derived date span.,431.0,100.0
Q5049782,Castle of Freixo de Espada-à-Cinta,Portugal,Freixo de Espada à Cinta e Mazouco,41.0927,-6.8042,1100.0,1200.0,100.0,mixed_exact_or_infobox,wikipedia_final_filled,wikipedia_final_filled,,,False,False,1100.0,1258.0,1100.0,,built,,,,1258.0,False,,,,,,,,0,0,0,0,Manueline,National Monument of Portugal,,0,,,,,,,,https://en.wikipedia.org/wiki/Castle_of_Freixo_de_Espada-%C3%A0-Cinta,http://www.wikidata.org/entity/Q5049782,"{'type': 'Castle', 'owner': 'Portuguese Republic', 'open\xa0to the\xa0public': 'Public', 'coordinates': '41°05′34″N 6°48′15″W \ufeff / \ufeff 41.0927°N 6.8042°W \ufeff / 41.0927; -6.8042', 'built': '12th century', 'materials': 'Granite, Opus vittatum, Masonry, Bronze, Schist'}",current_end:completed in 1258,True,True,True,False,False,False,,,Castle,"construction_duration_years was manually corrected using the one-by-one online/historical duration review. For direct ranges, the checked build span is treated as primary. For broad century ranges, the value remains approximate.",1100.0,1258.0,158.0,True,BROAD_CENTURY_SPAN_COMPARE_CAUTION,manual_online_historical_review,broad_century_span,built: 12th century,Manual correction applied because the one-by-one online review found a broad historical build range or century-span range. The reviewed historical range is treated as primary over the previous derived date span.,158.0,100.0
Q3775726,Castle of Santa Maria da Feira,Portugal,"Santa Maria da Feira, Travanca, Sanfins e Espargo",40.92100556,-8.54276389,868.0,1986.0,1118.0,mixed_exact_or_infobox,wikipedia_final_filled,wikipedia_final_filled,,,False,False,868.0,1986.0,868.0,,built,,,,1986.0,False,Santa Maria da Feira,owner,,,,Santa Maria da Feira,,1,0,0,0,Romanesque architecture,National Monument of Portugal,,0,,,,,,,,https://en.wikipedia.org/wiki/Castle_of_Santa_Maria_da_Feira,http://www.wikidata.org/entity/Q3775726,"{'type': 'Castle', 'owner': 'Portuguese Republic', 'operator': 'Comissão de Vigilância do Castelo de Santa Maria da Feira', 'open\xa0to the\xa0public': 'Public', 'coordinates': '40°55′15.62″N 8°32′33.95″W \ufeff / \ufeff 40.9210056°N 8.5427639°W \ufeff / 40.9210056; -8.5427639', 'built': 'fl. 868', 'materials': 'Granite, Limestone, Masonry, Wood'}",current_end:completed in the second half of the 15th century | current_end:completed in 1877) | current_end:completed in 1986,True,True,True,False,False,True,,,Castle,"construction_duration_years is derived as end_year - start_year; for castles this may represent construction, reconstruction, restoration, or broader historical date span rather than literal build duration.",868.0,1986.0,1118.0,False,,,,,,,
Q5050421,Castle of Terena,Portugal,Terena,38.62166667,-7.40722222,1262.0,1977.0,715.0,mixed_exact_or_infobox,wikipedia_final_filled,wikipedia_final_filled,,,False,False,1262.0,1977.0,1262.0,,built,,,,1977.0,False,,,,,,,,0,0,0,0,,National Monument of Portugal,,0,,,,,,,,https://en.wikipedia.org/wiki/Castle_of_Terena,http://www.wikidata.org/entity/Q5050421,"{'type': 'Castle', 'owner': 'Portuguese Republic', 'operator': 'DRC Alentejo (Dispatch 829/2009; DR, Série 2/163, 24 August 2009)', 'open\xa0to the\xa0public': 'Public', 'built': 'c. 1262', 'materials': 'Stone masonry, Brick, Tiles, Wood'}",current_end:completed in 1977,True,True,True,False,False,False,1262-01-01T00:00:00Z,,Castle,"construction_duration_years is derived as end_year - start_year; for castles this may represent construction, reconstruction, restoration, or broader historical date span rather than literal build duration.",1262.0,1977.0,715.0,False,,,,,,,
Q830976,Devín Castle,Slovakia,Devín,48.173888888,16.978055555,1400.0,1500.0,100.0,mixed_exact_or_infobox,wikipedia_final_filled,wikipedia_final_filled,,,False,False,864.0,2023.0,864.0,,built,,,1900.0,2023.0,True,,,,,,,Great Moravia,0,0,0,0,Gothic architecture,Cultural Heritage Monuments of Slovakia,,0,,,,,,,major reconstruction detected in wikipedia text,https://en.wikipedia.org/wiki/Dev%C3%ADn_Castle,http://www.wikidata.org/entity/Q830976,"{'type': 'Castle', 'controlled\xa0by': 'Great Moravia , Kingdom of Hungary , Czechoslovakia , Nazi Germany , Slovakia', 'open\xa0to the\xa0public': 'nonstop, opening hours apply to the museum', 'condition': 'Ruins (partially reconstructed)', 'built': '864\xa0– 15th century Last fortifications were built in the 17th century', 'events': ""Notable events in the castle's life: Blown-up during the Napoleonic Wars in 1809""}",current_start:reconstructed in the 20th century | current_end:completed in 2023,True,True,True,False,False,True,,,Castle,"construction_duration_years was manually corrected using the one-by-one online/historical duration review. For direct ranges, the checked build span is treated as primary. For broad century ranges, the value remains approximate.",864.0,2023.0,1159.0,True,BROAD_CENTURY_SPAN_COMPARE_CAUTION,manual_online_historical_review,broad_century_span,built: 864 – 15th century Last fortifications were built in the 17th century,Manual correction applied because the one-by-one online review found a broad historical build range or century-span range. The reviewed historical range is treated as primary over the previous derived date span.,1159.0,100.0
Q511688,Castle of Gormaz,Spain,Gormaz,41.4937,-3.008,965.0,1400.0,435.0,mixed_exact_or_infobox,wikipedia_final_filled,wikipedia_final_filled,,,False,False,965.0,1400.0,965.0,1400.0,built,restored,965.0,965.0,,True,Abd ar-Rahman I,owner,,,,Abd ar-Rahman I,,1,0,0,0,,bien de interés cultural,,0,,,,,,,major reconstruction detected in wikipedia text,https://en.wikipedia.org/wiki/Castle_of_Gormaz,http://www.wikidata.org/entity/Q511688,"{'type': 'castle', 'location': 'Gormaz , Spain', 'coordinates': '41°29′37″N 3°00′29″W \ufeff / \ufeff 41.4937°N 3.0080°W \ufeff / 41.4937; -3.0080', 'built': '965 (current form)', 'restored': '14th century', 'architectural styles': 'Moorish architecture , Spanish architecture'}",earliest:was built in 965 to defend the borders of the caliphate of cordoba  | current_start:rebuilt in 965–66 by ghalib ibn abd al-rahman ,True,True,True,False,False,True,,,castle,"construction_duration_years is derived as end_year - start_year; for castles this may represent construction, reconstruction, restoration, or broader historical date span rather than literal build duration.",965.0,1400.0,435.0,False,,,,,,,
Q1934670,Royal Palace of Olite,Spain,Olite/Erriberri,42.481731,-1.649563,1200.0,1967.0,767.0,text_inferred,wikipedia_final_filled,wikipedia_final_filled,,,False,False,1200.0,1967.0,,,,,1200.0,1900.0,1967.0,True,Charles III of Navarre,founder,Charles III of Navarre,,,Patrimonio Nacional,,1,0,1,0,Gothic architecture,Asset of Cultural Interest  (Navarre) | bien de interés cultural,,0,,,,,,,major reconstruction detected in wikipedia text,https://en.wikipedia.org/wiki/Palace_of_the_Kings_of_Navarre_of_Olite,http://www.wikidata.org/entity/Q1934670,"{'type': 'First there was a Roman fortification , after a medieval castle and then a royal palace , currently is a hotel and a town sight', 'architectural style': 'Gothic', 'location': 'Merindad de Olite, Navarre, Spain', 'coordinates': '42°28′54″N 01°38′58″W \ufeff / \ufeff 42.48167°N 1.64944°W \ufeff / 42.48167; -1.64944', 'opened': 'Roman rule, Navarrese rule.', 'architects': ""Saúl de Arnedo, Juan D'Espernou, other unknown.""}",earliest:built in the 13th century in gothic style | earliest:built in the late-14th century it was started by queen eleanor of castile  | current_start:restored in the 20th century | current_end:completed in 1967 and was paid by the foral government of navarre ,True,True,True,False,False,True,1201-01-01T00:00:00Z,,"First there was a Roman fortification , after a medieval castle and then a royal palace , currently is a hotel and a town sight","construction_duration_years is derived as end_year - start_year; for castles this may represent construction, reconstruction, restoration, or broader historical date span rather than literal build duration.",1200.0,1967.0,767.0,False,,,,,,,
Q771891,Hörningsholm Castle,Sweden,Södertälje Municipality,59.05083333,17.66583333,1400.0,1500.0,100.0,mixed_exact_or_infobox,wikipedia_final_filled,wikipedia_final_filled,,,False,False,1400.0,1752.0,1400.0,,built,,,,1752.0,False,Carl Hårleman,architect,,,Carl Hårleman,,,0,1,0,0,,,,0,,,,,,,,https://en.wikipedia.org/wiki/H%C3%B6rningsholm_Castle,http://www.wikidata.org/entity/Q771891,"{'type': 'Castle', 'open\xa0to the\xa0public': 'No', 'coordinates': '59°03′03″N 17°39′57″E \ufeff / \ufeff 59.05083°N 17.66583°E \ufeff / 59.05083; 17.66583', 'built': 'Probably late 15th century', 'built\xa0by': 'Probably Nils Bosson Sture', 'battles/wars': 'Pillaged by Danish troops 1520 Burnt by Russian troops 1719'}",current_end:finished in 1752,True,True,True,False,False,True,,,Castle,"construction_duration_years was manually corrected using the one-by-one online/historical duration review. For direct ranges, the checked build span is treated as primary. For broad century ranges, the value remains approximate.",1400.0,1752.0,352.0,True,BROAD_CENTURY_SPAN_COMPARE_CAUTION,manual_online_historical_review,broad_century_span,built: Probably late 15th century,Manual correction applied because the one-by-one online review found a broad historical build range or century-span range. The reviewed historical range is treated as primary over the previous derived date span.,352.0,100.0
Q1427883,Maltesholm Castle,Sweden,Kristianstad Municipality,55.902222222,13.980833333,1780.0,1780.0,0.0,mixed_exact_or_infobox,wikipedia_final_filled,wikipedia_final_filled,,,False,False,1780.0,1780.0,1780.0,,built,,,,1780.0,False,,,,,,,,0,0,0,0,,,,0,,,,,,,,https://en.wikipedia.org/wiki/Maltesholm_Castle,http://www.wikidata.org/entity/Q1427883,"{'type': 'Castle', 'open\xa0to the\xa0public': 'No', 'coordinates': '55°54′08″N 13°58′51″E \ufeff / \ufeff 55.9022°N 13.9809°E \ufeff / 55.9022; 13.9809', 'built': '1780 ; 246\xa0years ago ( 1780 )'}",current_end:completed in 1780 in the style of swedish classical palace ,True,True,True,False,False,False,1780-01-01T00:00:00Z,,Castle,"construction_duration_years is derived as end_year - start_year; for castles this may represent construction, reconstruction, restoration, or broader historical date span rather than literal build duration.",1780.0,1780.0,0.0,False,,,,,,,
Q1475894,Uppsala Castle,Sweden,Uppsala Municipality,59.85359,17.63543,1549.0,1762.0,213.0,mixed_exact_or_infobox,wikipedia_final_filled,wikipedia_final_filled,,,False,False,1549.0,1762.0,1549.0,1762.0,construction started,completed,,1815.0,1592.0,True,Gustav I of Sweden,founder,Gustav I of Sweden,,,National Property Board of Sweden,Destination Uppsala | Uppsala Art Museum,1,0,1,0,Renaissance architecture,governmental listed building complex | monument in Fornminnesregistret | governmental listed building,,0,,,,,,,major reconstruction detected in wikipedia text,https://en.wikipedia.org/wiki/Uppsala_Castle,http://www.wikidata.org/entity/Q1475894,"{'type': 'Castle', 'location': 'Uppsala , Sweden', 'coordinates': '59°51′12″N 17°38′07″E \ufeff / \ufeff 59.85333°N 17.63528°E \ufeff / 59.85333; 17.63528', 'construction started': '1549', 'completed': '1762 (rebuild after fire)', 'renovated': 'several times'}",current_start:reconstructed in 1815 to be used as a county prison | current_end:completed by the time john iii died in 1592,True,True,True,False,False,True,1567-01-01T00:00:00Z,,Castle,"construction_duration_years is derived as end_year - start_year; for castles this may represent construction, reconstruction, restoration, or broader historical date span rather than literal build duration.",1549.0,1762.0,213.0,False,,,,,,,
Q1663657,Vittskövle Castle,Sweden,Kristianstad Municipality,55.854722222,14.133333333,1553.0,1577.0,24.0,mixed_exact_or_infobox,wikipedia_final_filled,wikipedia_final_filled,,,False,False,1553.0,1577.0,1553.0,,built,,,,1577.0,False,Jonas-Philip Hagerman | Christian Barnekow,owner,,,,Jonas-Philip Hagerman | Christian Barnekow,,2,0,0,0,Renaissance architecture,enskilt byggnadsminne | individual listed building complex,,0,,,,,,,,https://en.wikipedia.org/wiki/Vittsk%C3%B6vle_Castle,http://www.wikidata.org/entity/Q1663657,"{'type': 'Castle', 'open\xa0to the\xa0public': 'No', 'coordinates': '55°51′17″N 14°08′00″E \ufeff / \ufeff 55.8548°N 14.1334°E \ufeff / 55.8548; 14.1334', 'built': '1553-1577 ; 449\xa0years ago ( 1577 )'}",current_end:completed in 1577,True,True,True,False,False,True,1577-01-01T00:00:00Z,,Castle,"construction_duration_years is derived as end_year - start_year; for castles this may represent construction, reconstruction, restoration, or broader historical date span rather than literal build duration.",1553.0,1577.0,24.0,False,,,,,,,
Q687250,Bottmingen Castle,Switzerland,Bottmingen,47.523738,7.570322,1200.0,1363.0,163.0,mixed_exact_or_infobox,wikipedia_final_filled,wikipedia_final_filled,,,False,False,1200.0,1363.0,,1363.0,,completed,1200.0,1700.0,,True,,,,,,,,0,0,0,0,,class A Swiss cultural property of national significance,,0,,291.8,,,,,major reconstruction detected in wikipedia text,https://en.wikipedia.org/wiki/Bottmingen_Castle,http://www.wikidata.org/entity/Q687250,"{'status': 'Preserved', 'type': 'Castle', 'location': 'Bottmingen', 'coordinates': '47°31′25″N 7°34′13″E \ufeff / \ufeff 47.52361°N 7.57028°E \ufeff / 47.52361; 7.57028', 'completed': 'Before 1363'}",earliest:built in the second half of the 13th century | earliest:built during the 18th century into an early- baroque country manor in the french style by johannes deucher | current_start:rebuilt during the 18th century into an early- baroque country manor in the french style by johannes deucher,True,True,True,False,False,False,1300-01-01T00:00:00Z,,Castle,"construction_duration_years is derived as end_year - start_year; for castles this may represent construction, reconstruction, restoration, or broader historical date span rather than literal build duration.",1200.0,1363.0,163.0,False,,,,,,,
Q29573881,Gestelnburg,Switzerland,Niedergesteln,46.31333,7.7831,1100.0,1200.0,100.0,mixed_exact_or_infobox,wikipedia_final_filled,wikipedia_final_filled,,,False,False,1100.0,1993.0,1100.0,,built,,1100.0,,1993.0,False,,,,,,,,0,0,0,0,,class A Swiss cultural property of national significance,,0,,,,,,,,https://en.wikipedia.org/wiki/Gestelnburg,http://www.wikidata.org/entity/Q29573881,"{'type': 'Hill castle , rock castle', 'code': 'CH', 'condition': 'Ruins', 'coordinates': '46°18′49″N 7°46′59″E \ufeff / \ufeff 46.31361°N 7.78306°E \ufeff / 46.31361; 7.78306', 'built': 'Probably 12th century', 'materials': 'Stone masonry'}",earliest:built during the 12th century by the powerful barons de la tour (english | current_end:completed in 1993,True,True,True,False,False,False,,,"Hill castle , rock castle","construction_duration_years was manually corrected using the one-by-one online/historical duration review. For direct ranges, the checked build span is treated as primary. For broad century ranges, the value remains approximate.",1100.0,1993.0,893.0,True,BROAD_CENTURY_SPAN_COMPARE_CAUTION,manual_online_historical_review,broad_century_span,built: Probably 12th century,Manual correction applied because the one-by-one online review found a broad historical build range or century-span range. The reviewed historical range is treated as primary over the previous derived date span.,893.0,100.0
Q668647,Lenzburg Castle,Switzerland,Lenzburg,47.38752385,8.185309862,1036.0,1761.0,725.0,mixed_exact_or_infobox,wikipedia_final_filled,wikipedia_final_filled,,,False,False,1036.0,1761.0,1036.0,,built,,1100.0,,1761.0,False,Lincoln Ellsworth,owner,,,,Lincoln Ellsworth,,1,0,0,0,,class A Swiss cultural property of national significance,,0,,,,,,,,https://en.wikipedia.org/wiki/Lenzburg_Castle,http://www.wikidata.org/entity/Q668647,"{'type': 'hill castle', 'code': 'CH-AG', 'condition': 'preserved', 'coordinates': '47°23′15″N 8°11′08″E \ufeff / \ufeff 47.38738°N 8.18548°E \ufeff / 47.38738; 8.18548', 'height': '508 m\xa0above the\xa0sea', 'built': 'before 1036'}",earliest:was built in 1672–74 on the site of a 1625 guardhouse and laundry | earliest:was built in 1520 | earliest:was built in 1100 as a 4-storey | earliest:first mentioned in 1369 | current_end:finished in 1344 | current_end:enlarged in 1761–62),True,True,True,False,False,True,1036-01-01T00:00:00Z,,hill castle,"construction_duration_years is derived as end_year - start_year; for castles this may represent construction, reconstruction, restoration, or broader historical date span rather than literal build duration.",1036.0,1761.0,725.0,False,,,,,,,
Q670256,Marschlins Castle,Switzerland,Landquart,46.954444444,9.584444444,1200.0,1300.0,100.0,mixed_exact_or_infobox,wikipedia_final_filled,wikipedia_final_filled,,,False,False,1200.0,1638.0,1200.0,,built,,1200.0,,1638.0,False,,,,,,,,0,0,0,0,,class A Swiss cultural property of national significance,,0,,,,,,,,https://en.wikipedia.org/wiki/Marschlins_Castle,http://www.wikidata.org/entity/Q670256,"{'type': 'water castle', 'code': 'CH-GR', 'condition': 'privately owned', 'coordinates': '46°57′16.36″N 09°35′4.14″E \ufeff / \ufeff 46.9545444°N 9.5844833°E \ufeff / 46.9545444; 9.5844833', 'built': '13th century', 'occupants': 'Bishop of Chur'}",earliest:built in the 13th century | earliest:built in the main tower in 1771 | earliest:was built in the 13th century | earliest:was built in 1638 by the pfau workshop and the cabinets decorated with the alliance arms of heinrich hirzel-yolanda von salis are from 1674 | earliest:was built in the main tower in 1771 | current_end:completed in 1638 and is paneled in stone pine ,True,True,True,False,False,False,,,water castle,"construction_duration_years was manually corrected using the one-by-one online/historical duration review. For direct ranges, the checked build span is treated as primary. For broad century ranges, the value remains approximate.",1200.0,1638.0,438.0,True,BROAD_CENTURY_SPAN_COMPARE_CAUTION,manual_online_historical_review,broad_century_span,built: 13th century,Manual correction applied because the one-by-one online review found a broad historical build range or century-span range. The reviewed historical range is treated as primary over the previous derived date span.,438.0,100.0
Q2970842,Tourbillon Castle,Switzerland,Sion,46.236463888,7.366952777,1297.0,1308.0,11.0,mixed_exact_or_infobox,wikipedia_final_filled,wikipedia_final_filled,,,False,False,1297.0,1887.0,1297.0,,built,,1893.0,,1887.0,False,Boniface de Challant,architect,,,Boniface de Challant,,,0,1,0,0,,class A Swiss cultural property of national significance,,0,,,,,,,,https://en.wikipedia.org/wiki/Tourbillon_Castle,http://www.wikidata.org/entity/Q2970842,"{'type': 'Castle Ruins', 'owner': 'Tourbillon Castle foundation', 'open\xa0to the\xa0public': 'Yes', 'coordinates': '46°14′11″N 7°22′1″E \ufeff / \ufeff 46.23639°N 7.36694°E \ufeff / 46.23639; 7.36694', 'built': '1297–1308', 'built\xa0by': 'Boniface de Challant', 'battles/wars': 'Raron affair (1417)', 'official name': 'Tourbillon, ruines du château - Moyen Age', 'reference\xa0no.': '7044'}",earliest:was built in 1893 in the dovecote tower | current_end:completed in 1887,True,True,True,False,False,True,1290-01-01T00:00:00Z,,Castle Ruins,"construction_duration_years was manually corrected using the one-by-one online/historical duration review. For direct ranges, the checked build span is treated as primary. For broad century ranges, the value remains approximate.",1297.0,1887.0,590.0,True,DIFFERS,manual_online_historical_review,built_year_range,built: 1297–1308,Manual correction applied because the one-by-one online review found a direct build span that differed from the file's derived construction_duration_years. The online/historical build span is treated as primary.,590.0,11.0
Q29521715,Upper Castle Zizers,Switzerland,Zizers,46.934542,9.567474,1680.0,1976.0,296.0,mixed_exact_or_infobox,wikipedia_final_filled,wikipedia_final_filled,,,False,False,1680.0,1976.0,1680.0,1976.0,built,restored,,,,False,,,,,,,,0,0,0,0,,class A Swiss cultural property of national significance,,0,,,,,,,,"https://en.wikipedia.org/wiki/Upper_Castle,_Zizers",http://www.wikidata.org/entity/Q29521715,"{'type': 'Castle', 'location': 'Oberschlossweg\xa0/\xa0Stöcklistrasse, Zizers', 'coordinates': '46°56′04″N 9°34′03″E \ufeff / \ufeff 46.934542°N 9.567474°E \ufeff / 46.934542; 9.567474', 'built': '1680', 'built for': 'Baron Simon von Salis', 'restored': '1976-84 2003-04'}",,True,True,True,False,False,False,,,Castle,"construction_duration_years is derived as end_year - start_year; for castles this may represent construction, reconstruction, restoration, or broader historical date span rather than literal build duration.",1680.0,1976.0,296.0,False,,,,,,,
Q319745,Aberystwyth Castle,United Kingdom,Aberystwyth,52.413277777,-4.089503888,1277.0,1289.0,12.0,mixed_exact_or_infobox,wikipedia_final_filled,wikipedia_final_filled,,,False,False,1200.0,1289.0,1277.0,,built,,1200.0,,1289.0,False,,,,,,,,0,0,0,0,,National Monuments of Wales | Grade I listed building | scheduled monument,,0,,18.7,,,,,,https://en.wikipedia.org/wiki/Aberystwyth_Castle,http://www.wikidata.org/entity/Q319745,"{'type': 'Diamond-shaped concentric castle', 'controlled\xa0by': 'Aberystwyth Town Council', 'condition': 'Ruin', 'coordinates': '52°24′48″N 4°05′23″W \ufeff / \ufeff 52.41324°N 4.08968°W \ufeff / 52.41324; -4.08968', 'built': '1277–1289', 'built\xa0by': 'Later work attributed to James of Saint George', 'in\xa0use': 'Open to public', 'materials': 'Siltstone', 'demolished': '1649', 'events': 'Welsh Wars English Civil War'}",earliest:was built in response to the first welsh war in the late 13th century | current_end:completed in 1289 at a cost of £4,True,True,True,False,False,False,1277-01-01T00:00:00Z,,Diamond-shaped concentric castle,"construction_duration_years was manually corrected using the one-by-one online/historical duration review. For direct ranges, the checked build span is treated as primary. For broad century ranges, the value remains approximate.",1200.0,1289.0,89.0,True,DIFFERS,manual_online_historical_review,built_year_range,built: 1277–1289,Manual correction applied because the one-by-one online review found a direct build span that differed from the file's derived construction_duration_years. The online/historical build span is treated as primary.,89.0,12.0
Q4788264,Ardrossan Castle,United Kingdom,North Ayrshire,55.6419,-4.8101,1140.0,1500.0,360.0,mixed_exact_or_infobox,wikipedia_final_filled,wikipedia_final_filled,,,False,False,1140.0,1500.0,1140.0,,built,,,,1500.0,False,,,,,,,,0,0,0,0,,scheduled monument,,0,,,,,,,,https://en.wikipedia.org/wiki/Ardrossan_Castle,http://www.wikidata.org/entity/Q4788264,"{'type': 'Castle of enceinte', 'open\xa0to the\xa0public': 'No. Fenced and under video surveillance. (caution advised due to loose rocks)', 'condition': 'Ruined', 'coordinates': '55°38′N 4°49′W \ufeff / \ufeff 55.64°N 4.81°W \ufeff / 55.64; -4.81', 'built': 'around 1140', 'built\xa0by': 'Simon de Morville', 'materials': 'stone wood and metal'}",current_end:rebuilt by clan montgomery in the 15th century,True,True,True,False,False,False,,,Castle of enceinte,"construction_duration_years is derived as end_year - start_year; for castles this may represent construction, reconstruction, restoration, or broader historical date span rather than literal build duration.",1140.0,1500.0,360.0,False,,,,,,,
Q4852123,Ballygally Castle,United Kingdom,Ballygalley,54.899,-5.8617,1625.0,1625.0,0.0,mixed_exact_or_infobox,wikipedia_final_filled,wikipedia_final_filled,,,False,False,1625.0,1625.0,,1625.0,,completed,1625.0,,,False,,,,,,,,0,0,0,0,,Grade A listed building,,0,,,,,,,,https://en.wikipedia.org/wiki/Ballygally_Castle,http://www.wikidata.org/entity/Q4852123,"{'type': 'Castle', 'location': 'Ballygally , County Antrim , Northern Ireland', 'coordinates': '54°53′56″N 5°51′40″W \ufeff / \ufeff 54.89889°N 5.86111°W \ufeff / 54.89889; -5.86111', 'completed': '1625', 'architect': 'James Shaw'}",earliest:was built in 1625 by james shaw of scotland ,True,True,True,False,False,False,1649-01-01T00:00:00Z,,Castle,"construction_duration_years is derived as end_year - start_year; for castles this may represent construction, reconstruction, restoration, or broader historical date span rather than literal build duration.",1625.0,1625.0,0.0,False,,,,,,,
Q827174,Berry Pomeroy Castle,United Kingdom,Berry Pomeroy,50.449,-3.63662,1400.0,1710.0,310.0,text_inferred,wikipedia_final_filled,wikipedia_final_filled,,,False,False,1400.0,1710.0,,,,,1400.0,,1710.0,False,English Heritage,owner,,,,English Heritage,English Heritage,1,0,0,0,Tudor architecture,Grade I listed building | scheduled monument,,0,,,,,,,,https://en.wikipedia.org/wiki/Berry_Pomeroy_Castle,http://www.wikidata.org/entity/Q827174,"{'type': 'Castle', 'location': 'Berry Pomeroy , England', 'coordinates': '50°26′56″N 3°38′12″W \ufeff / \ufeff 50.4490°N 3.6366°W \ufeff / 50.4490; -3.6366', 'demolished': 'After 1694', 'owner': 'The 19th Duke of Somerset (with administration by English Heritage )'}",earliest:built in the late 15th century by the pomeroy family which had held the land since the 11th century | earliest:built in the late 15th century | earliest:was built in the late 15th century by the pomeroy family which had held the land since the 11th century | current_end:completed in 1710,True,True,True,False,False,True,1496-01-01T00:00:00Z,,Castle,"construction_duration_years is derived as end_year - start_year; for castles this may represent construction, reconstruction, restoration, or broader historical date span rather than literal build duration.",1400.0,1710.0,310.0,False,,,,,,,
Q328595,Carisbrooke Castle,United Kingdom,Newport and Carisbrooke,50.6875,-1.31389,1100.0,1200.0,100.0,mixed_exact_or_infobox,wikipedia_final_filled,wikipedia_final_filled,,,False,False,1100.0,1600.0,1100.0,,built,,,,1600.0,False,English Heritage,owner,,,,English Heritage,English Heritage,1,0,0,0,,Grade I listed building,,0,,,,,,,,https://en.wikipedia.org/wiki/Carisbrooke_Castle,http://www.wikidata.org/entity/Q328595,"{'type': 'Castle', 'owner': 'Managed by English Heritage', 'open\xa0to the\xa0public': 'Yes', 'condition': 'Complete', 'coordinates': '50°41′15″N 1°18′48″W \ufeff / \ufeff 50.6874°N 1.3133°W \ufeff / 50.6874; -1.3133', 'grid reference': 'grid reference SZ486877', 'built': 'Begun in 12th century', 'in\xa0use': 'Until 1944', 'past commanders': 'Sir Nicholas Wadham (died 1542) Captain of the Isle of Wight, 1509–1520', 'occupants': 'Isabella de Fortibus , Charles I of England (imprisoned), Princess Beatrice of the United Kingdom'}",current_end:completed by 1600 at the cost of £4,True,True,True,False,False,True,1100-01-01T00:00:00Z,,Castle,"construction_duration_years was manually corrected using the one-by-one online/historical duration review. For direct ranges, the checked build span is treated as primary. For broad century ranges, the value remains approximate.",1100.0,1600.0,500.0,True,BROAD_CENTURY_SPAN_COMPARE_CAUTION,manual_online_historical_review,broad_century_span,built: Begun in 12th century,Manual correction applied because the one-by-one online review found a broad historical build range or century-span range. The reviewed historical range is treated as primary over the previous derived date span.,500.0,100.0
Q614836,Carlisle Castle,United Kingdom,Carlisle,54.8972,-2.94167,1092.0,1138.0,46.0,text_inferred,wikipedia_final_filled,wikipedia_final_filled,,,False,False,1092.0,1138.0,,,,,1092.0,1122.0,1138.0,True,William II of England,owner,,,,William II of England,English Heritage,1,0,0,0,Norman architecture,scheduled monument,,0,,,,,,,major reconstruction detected in wikipedia text,https://en.wikipedia.org/wiki/Carlisle_Castle,http://www.wikidata.org/entity/Q614836,"{'type': 'Castle', 'owner': 'English Heritage', 'open\xa0to the\xa0public': 'Yes', 'condition': 'Intact', 'coordinates': '54°53′50″N 2°56′31″W \ufeff / \ufeff 54.897260°N 2.941936°W \ufeff / 54.897260; -2.941936', 'grid reference': 'grid reference NY396562', 'materials': 'Stone', 'battles/wars': 'Invasion of England by King David I (1135) Siege of Carlisle (1315) Siege of Carlisle (1644) Siege of Carlisle (Nov 1745) Siege of Carlisle (Dec 1745)', 'events': 'The Anarchy First War of Scottish Independence First English Civil War Jacobite rising of 1745'}",earliest:built during the reign of william ii in 1092 [ 1 ] and rebuilt in stone under henry i in 1122 | current_start:rebuilt in stone under henry i in 1122 | current_end:rebuilt by order of david i of scotland following the battle of the standard in 1138,True,True,True,False,False,True,1093-01-01T00:00:00Z,,Castle,"construction_duration_years is derived as end_year - start_year; for castles this may represent construction, reconstruction, restoration, or broader historical date span rather than literal build duration.",1092.0,1138.0,46.0,False,,,,,,,
Q1070187,Chepstow Castle,United Kingdom,Chepstow,51.6439,-2.6757,1066.0,1300.0,234.0,mixed_exact_or_infobox,wikipedia_final_filled,wikipedia_final_filled,,,False,False,1066.0,1090.0,1066.0,,built,,,,1090.0,False,"William FitzOsbern, 1st Earl of Hereford",commissioner,,"William FitzOsbern, 1st Earl of Hereford",,Cadw,Cadw,1,0,0,1,,National Monuments of Wales | Grade I listed building | scheduled monument,,0,,28.0,,,,,,https://en.wikipedia.org/wiki/Chepstow_Castle,http://www.wikidata.org/entity/Q1070187,"{'type': 'Castle', 'owner': 'Cadw', 'open\xa0to the\xa0public': 'Yes', 'condition': 'Mostly Intact', 'coordinates': '51°38′38″N 2°40′33″W \ufeff / \ufeff 51.6439°N 2.6757°W \ufeff / 51.6439; -2.6757', 'built': '1066–1300', 'built\xa0by': 'William fitzOsbern William Marshal and his sons Roger Bigod', 'in\xa0use': '1067–1685', 'materials': 'Various forms of limestone and sandstone'}",current_end:completed by about 1090,True,True,True,False,False,True,1067-01-01T00:00:00Z,,Castle,"construction_duration_years was manually corrected using the one-by-one online/historical duration review. For direct ranges, the checked build span is treated as primary. For broad century ranges, the value remains approximate.",1066.0,1090.0,24.0,True,DIFFERS,manual_online_historical_review,built_year_range,built: 1066–1300,Manual correction applied because the one-by-one online review found a direct build span that differed from the file's derived construction_duration_years. The online/historical build span is treated as primary.,24.0,234.0
Q3306356,Chirk Castle,United Kingdom,Chirk,52.935,-3.08972,1295.0,1295.0,0.0,mixed_exact_or_infobox,wikipedia_final_filled,wikipedia_final_filled,,,False,False,1295.0,1295.0,,1295.0,,completed,1295.0,,,False,Roger Mortimer de Chirk,commissioner,,Roger Mortimer de Chirk,,Myddelton family | National Trust,National Trust,2,0,0,1,,National Monuments of Wales | Grade I listed building | Site of Special Scientific Interest,,0,,210.0,308.54,,,,,https://en.wikipedia.org/wiki/Chirk_Castle,http://www.wikidata.org/entity/Q3306356,"{'type': 'Castle / Stately home', 'location': 'Chirk , Wrexham County Borough', 'coordinates': '52°56′06″N 3°05′23″W \ufeff / \ufeff 52.93500°N 3.08972°W \ufeff / 52.93500; -3.08972', 'completed': '1295', 'owner': 'National Trust', 'designated': '20 October 1952', 'reference\xa0no.': '598'}",earliest:was built in 1295 by roger mortimer de chirk ,True,True,True,False,True,True,1295-01-01T00:00:00Z,,Castle / Stately home,"construction_duration_years is derived as end_year - start_year; for castles this may represent construction, reconstruction, restoration, or broader historical date span rather than literal build duration.",1295.0,1295.0,0.0,False,,,,,,,
Q198287,Colchester Castle,United Kingdom,Colchester,51.890589,0.903047,1076.0,1801.0,725.0,mixed_exact_or_infobox,wikipedia_final_filled,wikipedia_final_filled,,,False,False,1076.0,1801.0,1076.0,,built,,,,1801.0,False,Eudo Dapifer,founder,Eudo Dapifer,William the Conqueror,Gundulf,,,0,1,1,1,Norman architecture,Grade I listed building | scheduled monument,,0,,,,,,,,https://en.wikipedia.org/wiki/Colchester_Castle,http://www.wikidata.org/entity/Q198287,"{'type': 'Norman castle', 'owner': 'Borough of Colchester', 'controlled\xa0by': 'Colchester & Ipswich Museums', 'condition': 'Keep is largely intact.', 'coordinates': '51°53′26″N 0°54′11″E \ufeff / \ufeff 51.890589°N 0.903047°E \ufeff / 51.890589; 0.903047', 'built': 'circa 1076', 'built\xa0by': 'William I of England', 'demolished': 'Bailey wall and keep battlements, 17th century', 'events': ""1216 siege in the First Barons' War 1648 capture in the Siege of Colchester""}",current_end:completed in 1760 | current_end:enlarged in 1801,True,True,True,False,False,True,1069-01-01T00:00:00Z,,Norman castle,"construction_duration_years is derived as end_year - start_year; for castles this may represent construction, reconstruction, restoration, or broader historical date span rather than literal build duration.",1076.0,1801.0,725.0,False,,,,,,,
Q17321090,Dalquharran Castle,United Kingdom,South Ayrshire,55.283127112,-4.724626474,1790.0,1790.0,0.0,mixed_exact_or_infobox,wikipedia_final_filled,wikipedia_final_filled,,,False,False,1790.0,1790.0,1790.0,,built,,,,1790.0,False,,,,,,,,0,0,0,0,,category A listed building,,0,,,,,,,,https://en.wikipedia.org/wiki/Dalquharran_Castle,http://www.wikidata.org/entity/Q17321090,"{'location': 'Dailly , South Ayrshire , Scotland UK grid reference NS 270021', 'coordinates': '55°16′59″N 4°43′29″W \ufeff / \ufeff 55.2831°N 4.7246°W \ufeff / 55.2831; -4.7246', 'built': '1790', 'built for': 'Thomas Kennedy', 'architect': 'Robert Adam', 'designated': '28 June 1935', 'reference\xa0no.': 'SM316', 'official name': 'Dalquharran Castle (Old Castle)', 'type': 'Secular: castle'}","current_end:completed in 1790] should not be confused with the ruined old dalquharran castle which stands nearby"" | current_end:completed in 1790",True,True,True,False,False,False,,,Secular: castle,"construction_duration_years is derived as end_year - start_year; for castles this may represent construction, reconstruction, restoration, or broader historical date span rather than literal build duration.",1790.0,1790.0,0.0,False,,,,,,,
Q2557884,Fast Castle,United Kingdom,Scottish Borders,55.932437,-2.2238607,1522.0,1522.0,0.0,mixed_exact_or_infobox,wikipedia_final_filled,wikipedia_final_filled,,,False,False,1522.0,1522.0,1522.0,,built,,,,1522.0,False,,,,,,,,0,0,0,0,,scheduled monument,,0,,,,,,,,https://en.wikipedia.org/wiki/Fast_Castle,http://www.wikidata.org/entity/Q2557884,"{'type': 'Courtyard castle', 'owner': 'Private', 'open\xa0to the\xa0public': 'Yes', 'condition': 'Ruin', 'coordinates': '55°55′57″N 2°13′26″W \ufeff / \ufeff 55.9324°N 2.2239°W \ufeff / 55.9324; -2.2239', 'built': 'Unknown, rebuilt 1522', 'built\xa0by': 'First phase: unknown Second phase: Earl of Dunbar Third phase: George Home, 4th Lord Home', 'materials': 'First phase: unknown Second phase: Stone'}",current_end:rebuilt by 1522,True,True,True,False,False,False,1522-01-01T00:00:00Z,,Courtyard castle,"construction_duration_years is derived as end_year - start_year; for castles this may represent construction, reconstruction, restoration, or broader historical date span rather than literal build duration.",1522.0,1522.0,0.0,False,,,,,,,
Q17571145,Harthill Castle,United Kingdom,Aberdeenshire,57.3161,-2.52197,1400.0,1500.0,100.0,mixed_exact_or_infobox,wikipedia_final_filled,wikipedia_final_filled,,,False,False,1601.0,1978.0,1601.0,,built,,,,1978.0,False,,,,,,,,0,0,0,0,,category A listed building,,0,,,,,,,,https://en.wikipedia.org/wiki/Harthill_Castle,http://www.wikidata.org/entity/Q17571145,"{'type': 'Z-plan castle', 'open\xa0to the\xa0public': 'No', 'condition': 'Restored; occupied', 'coordinates': '57°18′56″N 2°31′17″W \ufeff / \ufeff 57.3156°N 2.5214°W \ufeff / 57.3156; -2.5214', 'built': 'First castle: by 15th century Second castle: 1601 or 1638'}",current_end:completed in 1978,True,True,True,False,False,False,,,Z-plan castle,"construction_duration_years was manually corrected using the one-by-one online/historical duration review. For direct ranges, the checked build span is treated as primary. For broad century ranges, the value remains approximate.",1601.0,1978.0,377.0,True,BROAD_CENTURY_SPAN_COMPARE_CAUTION,manual_online_historical_review,broad_century_span,built: First castle: by 15th century Second castle: 1601 or 1638,Manual correction applied because the one-by-one online review found a broad historical build range or century-span range. The reviewed historical range is treated as primary over the previous derived date span.,377.0,100.0
Q1741258,Kilchurn Castle,United Kingdom,Argyll and Bute,56.4037,-5.0274,1400.0,1500.0,100.0,mixed_exact_or_infobox,wikipedia_final_filled,wikipedia_final_filled,,,False,False,1400.0,1614.0,1400.0,,built,,,,1614.0,False,Clan Campbell,commissioner,,Clan Campbell,,Historic Environment Scotland,Historic Environment Scotland,1,0,0,1,,scheduled monument,,0,,,,,,,,https://en.wikipedia.org/wiki/Kilchurn_Castle,http://www.wikidata.org/entity/Q1741258,"{'type': 'Castle', 'owner': 'Historic Environment Scotland', 'open\xa0to the\xa0public': 'Yes', 'condition': 'Ruined', 'website': 'Historic Scotland', 'coordinates': '56°24′13″N 5°1′44″W \ufeff / \ufeff 56.40361°N 5.02889°W \ufeff / 56.40361; -5.02889', 'built': '15th century', 'built\xa0by': 'Clan Campbell', 'in\xa0use': '15th century-1760', 'fate': 'Renovated frequently, destroyed by lightning'}",current_end:enlarged in 1614,True,True,True,False,False,True,1450-01-01T00:00:00Z,,Castle,"construction_duration_years was manually corrected using the one-by-one online/historical duration review. For direct ranges, the checked build span is treated as primary. For broad century ranges, the value remains approximate.",1400.0,1614.0,214.0,True,BROAD_CENTURY_SPAN_COMPARE_CAUTION,manual_online_historical_review,broad_century_span,built: 15th century,Manual correction applied because the one-by-one online review found a broad historical build range or century-span range. The reviewed historical range is treated as primary over the previous derived date span.,214.0,100.0
Q1741270,Kildrummy Castle,United Kingdom,Aberdeenshire,57.234811111,-2.904630555,1200.0,1300.0,100.0,mixed_exact_or_infobox,wikipedia_final_filled,wikipedia_final_filled,,,False,False,1200.0,1300.0,,1300.0,,completed,1200.0,,,False,Historic Environment Scotland,owner,,,,Historic Environment Scotland,Historic Environment Scotland,1,0,0,0,,scheduled monument,,0,,,,,,,,https://en.wikipedia.org/wiki/Kildrummy_Castle,http://www.wikidata.org/entity/Q1741270,"{'location': 'Scotland', 'coordinates': '57°14′06″N 2°54′18″W \ufeff / \ufeff 57.235°N 2.905°W \ufeff / 57.235; -2.905', 'completed': '13th century', 'owner': 'Historic Environment Scotland', 'official name': 'Kildrummy Castle', 'type': 'Secular: castle; well', 'designated': '1 July 1987', 'reference\xa0no.': 'GDL00237'}",earliest:built in the mid-13th century under gilbert de moravia ,True,True,True,False,False,True,,,Secular: castle; well,"construction_duration_years is derived as end_year - start_year; for castles this may represent construction, reconstruction, restoration, or broader historical date span rather than literal build duration.",1200.0,1300.0,100.0,False,,,,,,,
Q2969640,Lancaster Castle,United Kingdom,Lancaster,54.0498,-2.80562,1000.0,2019.0,1019.0,text_inferred,wikipedia_final_filled,wikipedia_final_filled,,,False,False,1000.0,2019.0,,,,,1000.0,1660.0,2019.0,True,Roger the Poitevin,founder,Roger the Poitevin,,,Duchy of Lancaster,,1,0,1,0,,Grade I listed building,,0,,,,,,,major reconstruction detected in wikipedia text,https://en.wikipedia.org/wiki/Lancaster_Castle,http://www.wikidata.org/entity/Q2969640,"{'type': 'Castle', 'website': 'www .lancastercastle .com', 'coordinates': '54°02′59″N 2°48′20″W \ufeff / \ufeff 54.04981°N 2.80562°W \ufeff / 54.04981; -2.80562 grid reference SD473619'}",earliest:dates to the 12th century [ 9 ] when it was the residence for the lord of the castle—the owner or his representative | earliest:founded in the 11th century on the site of a roman fort overlooking a crossing of the river lune  | earliest:built in the early 13th century | earliest:was built in 1788 in a gothic style  | current_start:restored in 1660  | current_end:completed in november 2019,True,True,True,False,False,True,1093-01-01T00:00:00Z,,Castle,"construction_duration_years is derived as end_year - start_year; for castles this may represent construction, reconstruction, restoration, or broader historical date span rather than literal build duration.",1000.0,2019.0,1019.0,False,,,,,,,
Q6530697,Leslie Castle,United Kingdom,Aberdeenshire,57.3124,-2.66626,1661.0,1989.0,328.0,mixed_exact_or_infobox,wikipedia_final_filled,wikipedia_final_filled,,,False,False,1661.0,1989.0,1661.0,1989.0,built,restored,,,,False,,,,,,,,0,0,0,0,,category B listed building,,0,,,,,,,,https://en.wikipedia.org/wiki/Leslie_Castle,http://www.wikidata.org/entity/Q6530697,"{'type': 'Castle', 'location': 'Leslie, Aberdeenshire', 'coordinates': '57°18′45″N 2°39′59″W \ufeff / \ufeff 57.3125°N 2.666389°W \ufeff / 57.3125; -2.666389', 'built': 'Around 1661', 'built for': 'William Forbes of Monymusk', 'restored': '1989', 'current use': 'Operates as a Guesthouse', 'official name': 'LESLIE CASTLE', 'designated': '24 November 1972', 'reference\xa0no.': 'LB9239'}",,True,True,True,False,False,False,,,Castle,"construction_duration_years is derived as end_year - start_year; for castles this may represent construction, reconstruction, restoration, or broader historical date span rather than literal build duration.",1661.0,1989.0,328.0,False,,,,,,,
Q7057595,Northampton Castle,United Kingdom,Northampton,52.2371,-0.90489,1084.0,1086.0,2.0,mixed_exact_or_infobox,wikipedia_final_filled,wikipedia_final_filled,,,False,False,1084.0,1086.0,1084.0,,built,,,1963.0,1086.0,True,"Simon I de Senlis, Earl of Huntingdon-Northampton",commissioner,,"Simon I de Senlis, Earl of Huntingdon-Northampton",,"Simon I de Senlis, Earl of Huntingdon-Northampton",,1,0,0,1,Norman architecture,scheduled monument,,0,,,,,,,major reconstruction detected in wikipedia text,https://en.wikipedia.org/wiki/Northampton_Castle,http://www.wikidata.org/entity/Q7057595,"{'type': 'Motte-and-bailey castle', 'condition': 'Destroyed', 'coordinates': '52°14′13″N 0°54′18″W \ufeff / \ufeff 52.237°N 0.905°W \ufeff / 52.237; -0.905', 'built': '1084', 'built\xa0by': 'Simon de Senlis'}","current_start:rebuilt in 1963–64 [ 10 ] with the suffix ""castle"" to its name dropped as it had become the only remaining station in the town | current_end:completed in 1086",True,True,True,False,False,True,1084-01-01T00:00:00Z,,Motte-and-bailey castle,"construction_duration_years is derived as end_year - start_year; for castles this may represent construction, reconstruction, restoration, or broader historical date span rather than literal build duration.",1084.0,1086.0,2.0,False,,,,,,,
Q1672292,Norwich Castle,United Kingdom,Norwich,52.6281,1.29678,1067.0,1827.0,760.0,mixed_exact_or_infobox,wikipedia_final_filled,wikipedia_final_filled,,,False,False,1067.0,1827.0,1067.0,,built,,1803.0,,1827.0,False,William the Conqueror,owner,,,,William the Conqueror,,1,0,0,0,,Grade I listed building | scheduled monument,Caen stone,1,,,,,,,,https://en.wikipedia.org/wiki/Norwich_Castle,http://www.wikidata.org/entity/Q1672292,"{'type': 'Motte-and-bailey castle', 'location': 'Norwich', 'coordinates': '52°37′43″N 1°17′47″E \ufeff / \ufeff 52.6286°N 1.2964°E \ufeff / 52.6286; 1.2964', 'height': '27 metres (89\xa0ft)', 'built': '1067 ( 1067 ) onwards', 'architectural style': 'Norman', 'governing body': 'Norfolk Museums and Archaeology Service', 'designated': '26 February 1954', 'reference\xa0no.': '1372724 [ 1 ]'}",earliest:founded in 1803 by crome and robert ladbrooke and brought together professional painters and drawing masters such as john sell cotman  | earliest:was founded in 1803 by crome and robert ladbrooke and brought together professional painters and drawing masters such as john sell cotman  | current_end:completed by 1827 [ 32 ] or 1828,True,True,True,True,False,True,1066-01-01T00:00:00Z,,Motte-and-bailey castle,"construction_duration_years is derived as end_year - start_year; for castles this may represent construction, reconstruction, restoration, or broader historical date span rather than literal build duration.",1067.0,1827.0,760.0,False,,,,,,,
Q7969192,Old Wardour Castle,United Kingdom,Donhead St Andrew,51.0363247,-2.0888994,1300.0,1400.0,100.0,mixed_exact_or_infobox,wikipedia_final_filled,wikipedia_final_filled,,,False,False,1300.0,1578.0,1300.0,,built,,1792.0,,1578.0,False,English Heritage,owner,,,,English Heritage,English Heritage,1,0,0,0,,Grade II* listed park and garden | Grade I listed building | scheduled monument,,0,,,383.53,,,,,https://en.wikipedia.org/wiki/Wardour_Castle,http://www.wikidata.org/entity/Q7969192,"{'type': 'Castle', 'location': 'Donhead St. Andrew , Tisbury', 'coordinates': '51°02′11″N 2°05′20″W \ufeff / \ufeff 51.0365°N 2.0888°W \ufeff / 51.0365; -2.0888', 'os grid reference': 'ST9387126334', 'area': 'Wiltshire', 'built': '14th century', 'architect': 'William Wynford', 'owner': 'English Heritage', 'official name': 'Wardour Castle and Old Wardour Castle', 'designated': '1 September 1987', 'reference\xa0no.': '1000507'}",earliest:was built in 1792 by josiah lane of tisbury utilising stones from the castle ruins | current_end:completed by around 1578,True,True,True,False,True,True,,,Castle,"construction_duration_years was manually corrected using the one-by-one online/historical duration review. For direct ranges, the checked build span is treated as primary. For broad century ranges, the value remains approximate.",1300.0,1578.0,278.0,True,BROAD_CENTURY_SPAN_COMPARE_CAUTION,manual_online_historical_review,broad_century_span,built: 14th century,Manual correction applied because the one-by-one online review found a broad historical build range or century-span range. The reviewed historical range is treated as primary over the previous derived date span.,278.0,100.0
Q2970215,Pevensey Castle,United Kingdom,Pevensey,50.8192,0.333114,290.0,1301.0,1011.0,mixed_exact_or_infobox,wikipedia_final_filled,wikipedia_final_filled,,,False,False,290.0,1301.0,290.0,,built,,290.0,1301.0,1301.0,True,William the Conqueror,founder,William the Conqueror,"Robert, Count of Mortain | Richard I of England | William the Conqueror",,"Peter II, Count of Savoy | Eleanor of Provence | John of Gaunt",English Heritage,3,0,1,3,,scheduled monument,,0,,,,,,,major reconstruction detected in wikipedia text,https://en.wikipedia.org/wiki/Pevensey_Castle,http://www.wikidata.org/entity/Q2970215,"{'type': 'Castle', 'controlled\xa0by': 'English Heritage', 'condition': 'Ruin', 'coordinates': '50°49′08″N 0°20′03″E \ufeff / \ufeff 50.8188°N 0.3342°E \ufeff / 50.8188; 0.3342', 'grid reference': 'grid reference TQ644048', 'height': '~9.5 metres (31\xa0ft) (outer walls)', 'built': 'c. 290 AD', 'built\xa0by': 'Carausius ?', 'in\xa0use': 'c. 290–471/491, 1066 – mid-16th century, 1940–1945', 'materials': 'Wood, cement, flint, chalk, ironstone, greensand, sandstone', 'battles/wars': 'Massacre of 491 First Siege of Pevensey (1088) Second Siege of Pevensey (1147) Third Siege of Pevensey (1264–65) Fourth Siege of Pevensey (1399) Second World War (1939–1945)', 'events': 'Built by Romans (c. 290), reoccupied by Normans (1066), slighted (c. 1216), abandoned (16th century), state ownership (1925), reoccupied by Allies (1940–45)', 'garrison': 'Classis Anderidaensis , Abulci (Roman era), Norman & English forces (medieval era), Home Guard , British Army , Canadian Army , U.S. Army Air Corps (1940–45)'}",earliest:built in the mid-13th century | earliest:built in the mid-4th century but it has been dated to around 290 | current_start:rebuilt in 1302 | current_start:reconstructed in 1301 but were reported to be in a ruinous condition only five years later | current_end:rebuilt by edward i in 1301–02 and possibly on other occasions,True,True,True,False,False,True,1066-01-01T00:00:00Z,,Castle,"construction_duration_years is derived as end_year - start_year; for castles this may represent construction, reconstruction, restoration, or broader historical date span rather than literal build duration.",290.0,1301.0,1011.0,False,,,,,,,
Q2970220,Piel Castle,United Kingdom,Barrow-in-Furness,54.06254938,-3.173599575,1300.0,1991.0,691.0,text_inferred,wikipedia_final_filled,wikipedia_final_filled,,,False,False,1300.0,1991.0,,,,,1300.0,,1991.0,False,Furness Abbey,commissioner,,Furness Abbey,,Furness Abbey,English Heritage,1,0,0,1,,Grade I listed building | scheduled monument,sandstone,1,,,,,,,,https://en.wikipedia.org/wiki/Piel_Castle,http://www.wikidata.org/entity/Q2970220,"{'type': 'Concentric castle', 'owner': 'English Heritage', 'open\xa0to the\xa0public': 'Yes', 'condition': 'Ruined', 'coordinates': '54°03′45″N 3°10′24″W \ufeff / \ufeff 54.0626°N 3.1733°W \ufeff / 54.0626; -3.1733', 'grid reference': 'grid reference SD233636', 'materials': 'Beach stone and red sandstone', 'events': 'Landing of Lambert Simnel in 1487'}",earliest:built in the early-14th century by john cockerham | current_end:completed in 1991,True,True,True,True,False,True,,,Concentric castle,"construction_duration_years is derived as end_year - start_year; for castles this may represent construction, reconstruction, restoration, or broader historical date span rather than literal build duration.",1300.0,1991.0,691.0,False,,,,,,,
Q17643879,Queenborough Castle,United Kingdom,Isle of Sheppey,51.4162,0.748645,1361.0,1367.0,6.0,mixed_exact_or_infobox,wikipedia_final_filled,wikipedia_final_filled,,,False,False,1361.0,1367.0,1361.0,,built,,1369.0,,1367.0,False,,,,,,,,0,0,0,0,,scheduled monument,,0,,,,,,,,https://en.wikipedia.org/wiki/Queenborough_Castle,http://www.wikidata.org/entity/Q17643879,"{'type': 'Concentric castle', 'open\xa0to the\xa0public': 'Yes', 'coordinates': '51°24′58.32″N 0°44′55.17″E \ufeff / \ufeff 51.4162000°N 0.7486583°E \ufeff / 51.4162000; 0.7486583', 'built': '1361-1367', 'demolished': '1650', 'events': ""Hundred Years' War Jack Cade's Rebellion""}",earliest:built in the bailey from 1369 to 1377 | current_end:completed by about 1367 [ 5 ] at a cost of some £20,True,True,True,False,False,False,1361-01-01T00:00:00Z,,Concentric castle,"construction_duration_years is derived as end_year - start_year; for castles this may represent construction, reconstruction, restoration, or broader historical date span rather than literal build duration.",1361.0,1367.0,6.0,False,,,,,,,
Q913981,Urquhart Castle,United Kingdom,Highland,57.324,-4.442,1200.0,1600.0,400.0,text_inferred,wikipedia_final_filled,wikipedia_final_filled,,,False,False,1200.0,1922.0,,,,,1200.0,,1922.0,False,Historic Environment Scotland,owner,,,,Historic Environment Scotland,Historic Environment Scotland,1,0,0,0,,scheduled monument,,0,,,,,,,,https://en.wikipedia.org/wiki/Urquhart_Castle,http://www.wikidata.org/entity/Q913981,"{'type': 'Curtain wall castle and tower house', 'owner': 'Historic Environment Scotland', 'open\xa0to the\xa0public': 'Yes', 'condition': 'Ruined', 'coordinates': '57°19′26″N 4°26′31″W \ufeff / \ufeff 57.324°N 4.442°W \ufeff / 57.324; -4.442', 'built': '13th to 16th centuries', 'in\xa0use': 'Until c. 1692 ; 334 years ago ( 1692 )'}",earliest:founded in the 13th century | current_end:completed by 1922,True,True,True,False,False,True,,,Curtain wall castle and tower house,"construction_duration_years was manually corrected using the one-by-one online/historical duration review. For direct ranges, the checked build span is treated as primary. For broad century ranges, the value remains approximate.",1200.0,1922.0,722.0,True,BROAD_CENTURY_SPAN_COMPARE_CAUTION,manual_online_historical_review,broad_century_span,built: 13th to 16th centuries,Manual correction applied because the one-by-one online review found a broad historical build range or century-span range. The reviewed historical range is treated as primary over the previous derived date span.,722.0,400.0
Q4917439,Waytemore Castle,United Kingdom,Bishop's Stortford,51.872,0.162949,1100.0,1200.0,100.0,mixed_exact_or_infobox,wikipedia_final_filled,wikipedia_final_filled,,,False,False,1100.0,1214.0,1100.0,,built,,,,1214.0,False,,,,,,,,0,0,0,0,,Grade I listed building | scheduled monument,,0,,,,,,,,https://en.wikipedia.org/wiki/Waytemore_Castle,http://www.wikidata.org/entity/Q4917439,"{'type': 'Castle Ruins', 'owner': ""Bishop's Stortford Town Council"", 'open\xa0to the\xa0public': 'On Request', 'condition': 'Ruins', 'coordinates': '51°52′19″N 0°09′47″E \ufeff / \ufeff 51.871934°N 0.162959°E \ufeff / 51.871934; 0.162959', 'grid reference': 'grid reference TL4900421473', 'built': 'c.12th Century', 'built\xa0by': 'Normans', 'materials': 'Stone'}",current_end:rebuilt by king john in 1214,True,True,True,False,False,False,,,Castle Ruins,"construction_duration_years was manually corrected using the one-by-one online/historical duration review. For direct ranges, the checked build span is treated as primary. For broad century ranges, the value remains approximate.",1100.0,1214.0,114.0,True,BROAD_CENTURY_SPAN_COMPARE_CAUTION,manual_online_historical_review,broad_century_span,built: c.12th Century,Manual correction applied because the one-by-one online review found a broad historical build range or century-span range. The reviewed historical range is treated as primary over the previous derived date span.,114.0,100.0
