wikidata_id,name,country,admin_area,latitude,longitude,start_year,end_year,construction_duration_years,date_precision,start_year_source,end_year_source,start_year_pre_wikipedia,end_year_pre_wikipedia,start_year_mismatch_wikipedia,end_year_mismatch_wikipedia,start_year_wikipedia_final,end_year_wikipedia_final,start_year_wikipedia_infobox,end_year_wikipedia_infobox,start_year_wikipedia_infobox_label,end_year_wikipedia_infobox_label,start_year_wikipedia_earliest,start_year_wikipedia_current,end_year_wikipedia_current,has_major_reconstruction_wikipedia,first_builder_best_effort,first_builder_best_effort_source,founder,commissioner,architect,owner,operator,owner_count,architect_count,founder_count,commissioner_count,architectural_style,heritage_designation,material,material_count,height_m,elevation_m,area_m2,length_m,width_m,size_summary,castle_status_notes,wikipedia_url,wikidata_uri,wiki_date_fields,wikipedia_date_notes,has_coordinates,has_start_year,has_wikipedia,has_material,has_size_data,has_people_data,inception_raw,start_century,wiki_type_extracted,duration_interpretation_note,original_start_year_before_manual_duration_fix,original_end_year_before_manual_duration_fix,original_construction_duration_years_before_manual_duration_fix,manual_duration_fix_applied,manual_duration_fix_status,manual_duration_fix_source_layer,manual_duration_fix_evidence_type,manual_duration_fix_evidence_text,manual_duration_fix_note,manual_duration_fix_original_duration,manual_duration_fix_new_duration,osm_object_type,osm_object_id,osm_display_name,osm_geometry_type,osm_match_score,osm_name_score,osm_match_distance_m,osm_matching_method,osm_area_confidence,osm_tags_json,osm_centroid_latitude,osm_centroid_longitude,osm_area_m2,osm_plot_area_m2,osm_surface_area_m2,osm_bbox_length_m,osm_bbox_width_m,osm_height_m,latitude_final,longitude_final,elevation_m_open_elevation,area_m2_final,plot_area_m2_final,surface_area_m2_final,height_m_final,elevation_m_final,area_source_final,height_source_final,elevation_source_final,osm_area_note,has_osm_area,has_area_final,has_height_final,has_elevation_final,has_coordinates_final,osm_enrichment_note
Q3302728,Prezë Fortress,Albania,Prezë,41.431,19.672,550.0,1500.0,950.0,mixed_exact_or_infobox,wikipedia_final_filled,wikipedia_final_filled,,,False,False,550.0,1500.0,550.0,,built,,,,1500.0,False,,,,,,,,0,0,0,0,,,,0,,,,,,,,https://en.wikipedia.org/wiki/Prez%C3%AB_Castle,http://www.wikidata.org/entity/Q3302728,"{'type': 'Castle', 'owner': 'Albania', 'controlled\xa0by': 'Byzantine Empire Principality of Arbanon Kingdom of Albania Principality of Albania Principality of Kastrioti League of Lezhë Ottoman Empire Albania', 'open\xa0to the\xa0public': 'Yes', 'coordinates': '41°25′52″N 19°40′19″E \ufeff / \ufeff 41.431°N 19.672°E \ufeff / 41.431; 19.672', 'built': '550', 'built\xa0by': 'Justinian I', 'materials': 'Stone', 'current commander': 'Njesia Administrative Prezë'}",current_end:completed in the early 15th century and belonged to the thopias ,True,True,True,False,False,False,,,Castle,"construction_duration_years is derived as end_year - start_year; for castles this may represent construction, reconstruction, restoration, or broader historical date span rather than literal build duration.",550.0,1500.0,950.0,False,,,,,,,,,,,,,,,no_osm_match,none,,,,,,,,,,41.431,19.672,243.0,,,,,243.0,,,open_elevation,,False,False,False,True,True,"OSM area was calculated from polygon geometry when available. OSM area should be interpreted as mapped footprint/grounds/outline area, not necessarily architectural floor area. Elevation was filled from Open-Elevation when no existing elevation value was present."
Q873884,Berneck Castle,Austria,Kauns,47.0758,10.7019,1200.0,1300.0,100.0,mixed_exact_or_infobox,wikipedia_final_filled,wikipedia_final_filled,,,False,False,1200.0,1987.0,1200.0,,built,,1225.0,,1987.0,False,Magdalena Hörmann | Ekkehard Hörmann,owner,,,,Magdalena Hörmann | Ekkehard Hörmann,,2,0,0,0,,Listed objects in Austria,,0,,,,,,,,https://en.wikipedia.org/wiki/Berneck_Castle,http://www.wikidata.org/entity/Q873884,"{'type': 'Hilltop Castle', 'coordinates': '47°04′33″N 10°42′07″E \ufeff / \ufeff 47.0758°N 10.7019°E \ufeff / 47.0758; 10.7019', 'built': 'early 13th century'}",earliest:first mentioned in 1225 | current_end:completed in 1987 | current_end:rebuilt by hans wilhelm von mülinen as a late gothic residential castle in the 15th century,True,True,True,False,False,True,,,Hilltop Castle,"construction_duration_years was manually corrected using the one-by-one online/historical duration review. For direct ranges, the checked build span is treated as primary. For broad century ranges, the value remains approximate.",1200.0,1987.0,787.0,True,BROAD_CENTURY_SPAN_COMPARE_CAUTION,manual_online_historical_review,broad_century_span,built: early 13th century,Manual correction applied because the one-by-one online review found a broad historical build range or century-span range. The reviewed historical range is treated as primary over the previous derived date span.,787.0,100.0,way,228361477.0,Burg Berneck (Schloss Bernegg),Polygon,170.0,0.5,37.34715145203722,overpass_castle_polygon,high,"{""access"": ""private"", ""addr:city"": ""Kauns"", ""addr:country"": ""AT"", ""addr:housenumber"": ""1"", ""addr:postcode"": ""6526"", ""addr:street"": ""Burggasse"", ""alt_name"": ""Burgruine Berneck"", ""building"": ""yes"", ""castle_type"": ""defensive"", ""heritage"": ""2"", ""heritage:operator"": ""bda"", ""historic"": ""castle"", ""name"": ""Burg Berneck (Schloss Bernegg)"", ""ref:at:bda"": ""39508"", ""wikidata"": ""Q873884"", ""wikimedia_commons"": ""Category:Burg Berneck (Kauns)"", ""wikipedia"": ""de:Burg Berneck (Tirol)""}",47.076042241176474,10.702241623529412,1045.3323970771678,1045.3323970771678,1045.3323970771678,76.65361003379803,28.871120979078114,,47.0758,10.7019,1058.0,1045.3323970771678,1045.3323970771678,1045.3323970771678,,1058.0,osm_polygon,,open_elevation,Area calculated from OpenStreetMap polygon geometry using local UTM projection. This is a footprint/grounds/outline proxy depending on how the castle is mapped in OSM.,True,True,False,True,True,"OSM area was calculated from polygon geometry when available. OSM area should be interpreted as mapped footprint/grounds/outline area, not necessarily architectural floor area. Elevation was filled from Open-Elevation when no existing elevation value was present."
Q1012734,Burg Krems,Austria,Voitsberg,47.0308,15.1819,1100.0,1400.0,300.0,text_inferred,wikipedia_final_filled,wikipedia_final_filled,,,False,False,1100.0,1400.0,,,,,1100.0,,1400.0,False,,,,,,,,0,0,0,0,,Listed objects in Austria,,0,,,,,,,,https://en.wikipedia.org/wiki/Burg_Krems,http://www.wikidata.org/entity/Q1012734,{'type': 'Castle'},earliest:dates back to the 11th or 12th century | earliest:built in the 13th century | earliest:built in the late 16th century as a transverse wing | earliest:was built in the 13th century | earliest:was built in the late 16th century as a transverse wing | earliest:first mentioned in a document in 1248 | current_end:completed by a square tower with bearing quarry stone masonry from the 14th century,True,True,True,False,False,False,,,Castle,"construction_duration_years is derived as end_year - start_year; for castles this may represent construction, reconstruction, restoration, or broader historical date span rather than literal build duration.",1100.0,1400.0,300.0,False,,,,,,,,way,30559468.0,Ruine Krems,Polygon,170.0,0.5,29.976339731868368,overpass_castle_polygon,high,"{""addr:postcode"": ""8570"", ""castle_type"": ""defensive"", ""heritage"": ""2"", ""heritage:operator"": ""bda"", ""historic"": ""castle"", ""name"": ""Ruine Krems"", ""ref:at:bda"": ""119428"", ""ruins"": ""yes"", ""source"": ""plan.at 2009"", ""wikidata"": ""Q1012734"", ""wikimedia_commons"": ""Category:Burgruine Krems"", ""wikipedia"": ""de:Burg Krems""}",47.030998884999995,15.182167001666665,2551.725786058072,2551.725786058072,2551.725786058072,120.01423717197031,65.79897446167888,,47.0308,15.1819,393.0,2551.725786058072,2551.725786058072,2551.725786058072,,393.0,osm_polygon,,open_elevation,Area calculated from OpenStreetMap polygon geometry using local UTM projection. This is a footprint/grounds/outline proxy depending on how the castle is mapped in OSM.,True,True,False,True,True,"OSM area was calculated from polygon geometry when available. OSM area should be interpreted as mapped footprint/grounds/outline area, not necessarily architectural floor area. Elevation was filled from Open-Elevation when no existing elevation value was present."
Q767828,Burgruine Kollmitz,Austria,Raabs an der Thaya,48.8217,15.5333,1200.0,1300.0,100.0,mixed_exact_or_infobox,wikipedia_final_filled,wikipedia_final_filled,,,False,False,1200.0,1319.0,1200.0,,built,,1319.0,,1319.0,False,,,,,,,,0,0,0,0,,Listed objects in Austria,,0,,,,,,,,https://en.wikipedia.org/wiki/Burgruine_Kollmitz,http://www.wikidata.org/entity/Q767828,"{'type': 'Castle', 'built': '13th Century'}",earliest:first mentioned in the 13th century and the construction of its main tower was completed in 1319 | current_end:completed in 1319,True,True,True,False,False,False,,,Castle,"construction_duration_years was manually corrected using the one-by-one online/historical duration review. For direct ranges, the checked build span is treated as primary. For broad century ranges, the value remains approximate.",1200.0,1319.0,119.0,True,BROAD_CENTURY_SPAN_COMPARE_CAUTION,manual_online_historical_review,broad_century_span,built: 13th Century,Manual correction applied because the one-by-one online review found a broad historical build range or century-span range. The reviewed historical range is treated as primary over the previous derived date span.,119.0,100.0,way,106793760.0,Böhmische Mauer,Polygon,55.0,0.0,362.1589138557093,overpass_castle_polygon,low,"{""building"": ""yes"", ""castle_type"": ""defensive"", ""castle_type:de"": ""burgruine"", ""heritage"": ""2"", ""heritage:operator"": ""bda"", ""historic"": ""castle"", ""historic:civilization"": ""medieval"", ""material"": ""stone"", ""name"": ""Böhmische Mauer"", ""ref:at:bda"": ""17279"", ""ruins"": ""yes"", ""source"": ""Bing"", ""toilets:wheelchair"": ""no"", ""url"": ""http://www.kollmitz.at"", ""wikidata"": ""Q1019759"", ""wikimedia_commons"": ""File:GuentherZ_2010-07-31_0045_Kollmitzdoerfl_Boehmische_Mauer_Tor.jpg"", ""wikipedia"": ""de:Böhmische Mauer""}",48.82446012,15.530673806666666,261.76285239418297,261.76285239418297,261.76285239418297,110.48674584261607,53.82924957573414,,48.8217,15.5333,419.0,261.76285239418297,261.76285239418297,261.76285239418297,,419.0,osm_polygon,,open_elevation,Area calculated from OpenStreetMap polygon geometry using local UTM projection. This is a footprint/grounds/outline proxy depending on how the castle is mapped in OSM.,True,True,False,True,True,"OSM area was calculated from polygon geometry when available. OSM area should be interpreted as mapped footprint/grounds/outline area, not necessarily architectural floor area. Elevation was filled from Open-Elevation when no existing elevation value was present."
Q1011689,Falkenstein Castle,Austria,Obervellach,46.9223,13.2402,1100.0,1200.0,100.0,mixed_exact_or_infobox,wikipedia_final_filled,wikipedia_final_filled,,,False,False,1100.0,1772.0,1100.0,,built,,1246.0,,1772.0,False,,,,,,,,0,0,0,0,,Listed objects in Austria,,0,,,,,,,,https://en.wikipedia.org/wiki/Falkenstein_Castle_(Niederfalkenstein),http://www.wikidata.org/entity/Q1011689,"{'type': 'Spur castle', 'owner': 'Private', 'open\xa0to the\xa0public': 'Yes', 'condition': 'Preserved', 'built': '12th century', 'built\xa0by': 'Lords of Falkenstein'}",earliest:first mentioned in 1246 | current_end:enlarged in a baroque style in 1772 and is still in use,True,True,True,False,False,False,1164-01-01T00:00:00Z,,Spur castle,"construction_duration_years was manually corrected using the one-by-one online/historical duration review. For direct ranges, the checked build span is treated as primary. For broad century ranges, the value remains approximate.",1100.0,1772.0,672.0,True,BROAD_CENTURY_SPAN_COMPARE_CAUTION,manual_online_historical_review,broad_century_span,built: 12th century,Manual correction applied because the one-by-one online review found a broad historical build range or century-span range. The reviewed historical range is treated as primary over the previous derived date span.,672.0,100.0,way,372935536.0,Burg Niederfalkenstein,Polygon,140.0,0.0,18.50599512474802,overpass_castle_polygon,high,"{""alt_name"": ""Burg Unterfalkenstein;Walchenstein;Schloss Niederfalkenstein"", ""building"": ""yes"", ""building:condition"": ""mainly_preserved"", ""castle_type"": ""defensive"", ""castle_type:de"": ""burg"", ""heritage"": ""2"", ""heritage:operator"": ""bda"", ""historic"": ""castle"", ""image"": ""File:Niederfalkenstein_02.jpg"", ""int_name"": ""Falkenstein Castle"", ""name"": ""Burg Niederfalkenstein"", ""ref:at:bda"": ""34694"", ""source"": ""Geoimage.at MaxRes"", ""start_date"": ""1164"", ""website"": ""http://burgfalkenstein.at"", ""wikidata"": ""Q1011689"", ""wikimedia_commons"": ""Category:Burg Falkenstein (Obervellach)"", ""wikipedia"": ""de:Burg Falkenstein (Obervellach)""}",46.922433337499996,13.240345825,322.01311999878425,322.01311999878425,322.01311999878425,30.29883064236492,23.617372397333384,,46.9223,13.2402,850.0,322.01311999878425,322.01311999878425,322.01311999878425,,850.0,osm_polygon,,open_elevation,Area calculated from OpenStreetMap polygon geometry using local UTM projection. This is a footprint/grounds/outline proxy depending on how the castle is mapped in OSM.,True,True,False,True,True,"OSM area was calculated from polygon geometry when available. OSM area should be interpreted as mapped footprint/grounds/outline area, not necessarily architectural floor area. Elevation was filled from Open-Elevation when no existing elevation value was present."
Q1015311,Gösting Castle,Austria,Graz,47.103782,15.381493,1000.0,1728.0,728.0,mixed_exact_or_infobox,wikipedia_final_filled,wikipedia_final_filled,,,False,False,1000.0,1728.0,1042.0,,built,,1000.0,,1728.0,False,,,,,,,,0,0,0,0,,Listed objects in Austria,,0,,,,,,,,https://en.wikipedia.org/wiki/G%C3%B6sting_Castle,http://www.wikidata.org/entity/Q1015311,"{'type': 'Castle', 'owner': 'Auer Family', 'open\xa0to the\xa0public': 'yes', 'condition': 'ruin', 'coordinates': '47°6′14″N 15°22′52″E \ufeff / \ufeff 47.10389°N 15.38111°E \ufeff / 47.10389; 15.38111', 'built': 'before 1042', 'demolished': 'struck by lightning on 10 July 1723'}",earliest:dates to the year 1042 | earliest:founded in 1925 | earliest:was founded in 1925 | earliest:built in the 11th century | earliest:was built in the 11th century | current_end:completed in 1728,True,True,True,False,False,False,1042-01-01T00:00:00Z,,Castle,"construction_duration_years is derived as end_year - start_year; for castles this may represent construction, reconstruction, restoration, or broader historical date span rather than literal build duration.",1000.0,1728.0,728.0,False,,,,,,,,way,40582966.0,Burgruine Gösting,Polygon,170.0,0.5,14.367527329890379,overpass_castle_polygon,high,"{""access"": ""no"", ""addr:city"": ""Graz"", ""addr:country"": ""AT"", ""addr:housenumber"": ""50"", ""addr:postcode"": ""8051"", ""addr:street"": ""Ruinenweg"", ""building"": ""yes"", ""castle_type"": ""defensive"", ""castle_type:de"": ""burgruine"", ""heritage"": ""2"", ""heritage:operator"": ""bda"", ""historic"": ""castle"", ""name"": ""Burgruine Gösting"", ""ref:at:bda"": ""36135"", ""ruins"": ""yes"", ""start_date"": ""before 1042"", ""wikidata"": ""Q1015311"", ""wikimedia_commons"": ""Category:Burg Gösting"", ""wikipedia"": ""de:Burgruine Gösting""}",47.10376674666666,15.381681500000003,303.04234735280943,303.04234735280943,303.04234735280943,34.10333995602559,22.299218770116568,,47.103782,15.381493,519.0,303.04234735280943,303.04234735280943,303.04234735280943,,519.0,osm_polygon,,open_elevation,Area calculated from OpenStreetMap polygon geometry using local UTM projection. This is a footprint/grounds/outline proxy depending on how the castle is mapped in OSM.,True,True,False,True,True,"OSM area was calculated from polygon geometry when available. OSM area should be interpreted as mapped footprint/grounds/outline area, not necessarily architectural floor area. Elevation was filled from Open-Elevation when no existing elevation value was present."
Q875733,Schloss Bruck,Austria,Lienz,46.83228,12.74915,1252.0,1278.0,26.0,mixed_exact_or_infobox,wikipedia_final_filled,wikipedia_final_filled,,,False,False,1252.0,1278.0,1252.0,,built,,,,1278.0,False,,,,,,,,0,0,0,0,,Listed objects in Austria,,0,,,,,,,,https://en.wikipedia.org/wiki/Burg_Bruck,http://www.wikidata.org/entity/Q875733,"{'type': 'Castle', 'owner': 'City of Lienz', 'open\xa0to the\xa0public': 'Yes', 'condition': 'Preserved', 'built': 'From about 1252'}",current_end:completed in 1278 as the residence of the meinhardiner counts of görz ,True,True,True,False,False,False,1252-01-01T00:00:00Z,,Castle,"construction_duration_years is derived as end_year - start_year; for castles this may represent construction, reconstruction, restoration, or broader historical date span rather than literal build duration.",1252.0,1278.0,26.0,False,,,,,,,,relation,1638146.0,Schloss Bruck,Polygon,200.0,1.0,14.60484980580949,overpass_castle_polygon,high,"{""building"": ""yes"", ""castle_type"": ""defensive"", ""castle_type:de"": ""burg"", ""historic"": ""castle"", ""name"": ""Schloss Bruck"", ""type"": ""multipolygon"", ""wikidata"": ""Q875733"", ""wikimedia_commons"": ""Category:Schloss Bruck"", ""wikipedia"": ""de:Schloss Bruck (Lienz)""}",46.832283309999994,12.748958075000001,1853.7417283325055,1853.7417283325055,1853.7417283325055,61.63077380787581,56.93066162400646,,46.83228,12.74915,724.0,1853.7417283325055,1853.7417283325055,1853.7417283325055,,724.0,osm_polygon,,open_elevation,Area calculated from OpenStreetMap polygon geometry using local UTM projection. This is a footprint/grounds/outline proxy depending on how the castle is mapped in OSM.,True,True,False,True,True,"OSM area was calculated from polygon geometry when available. OSM area should be interpreted as mapped footprint/grounds/outline area, not necessarily architectural floor area. Elevation was filled from Open-Elevation when no existing elevation value was present."
Q12630303,Pejačević Manor,Croatia,,45.491873385,18.09311681,1811.0,1812.0,1.0,mixed_exact_or_infobox,wikipedia_final_filled,wikipedia_final_filled,,,False,False,1811.0,1812.0,1811.0,,built,,1811.0,,1812.0,False,,,,,,,,0,0,0,0,,,,0,,,,,,,,https://en.wikipedia.org/wiki/Peja%C4%8Devi%C4%87_Castle_in_Na%C5%A1ice,http://www.wikidata.org/entity/Q12630303,"{'type': 'Lowland castle', 'controlled\xa0by': 'Pejačević family', 'open\xa0to the\xa0public': 'Regional Museum', 'condition': 'renewed', 'coordinates': '45°29′31″N 18°05′35″E \ufeff / \ufeff 45.491873°N 18.093117°E \ufeff / 45.491873; 18.093117', 'built': '1811 - 1812', 'built\xa0by': 'Vincencije Ljudevit Pejačević *1780–†1820'}",earliest:was built in 1811/1812 by the order of vincencije ljudevit pejačević (*1780–†1820) | current_end:finished in 1812,True,True,True,False,False,False,,,Lowland castle,"construction_duration_years is derived as end_year - start_year; for castles this may represent construction, reconstruction, restoration, or broader historical date span rather than literal build duration.",1811.0,1812.0,1.0,False,,,,,,,,way,43060545.0,Dvorac Pejačević,Polygon,170.0,0.5,21.128708448604414,overpass_castle_polygon,high,"{""addr:city"": ""Našice"", ""addr:housenumber"": ""5"", ""addr:postcode"": ""31500"", ""addr:street"": ""Pejačevićev trg"", ""building"": ""yes"", ""building:architecture"": ""neo-baroque"", ""castle_type"": ""stately"", ""castle_type:de"": ""schloss"", ""historic"": ""castle"", ""name"": ""Dvorac Pejačević"", ""start_date"": ""1812-01"", ""wikidata"": ""Q12630303"", ""wikipedia"": ""hr:Dvorac Pejačević u Našicama""}",45.49173843571428,18.092925985714288,847.9571075297889,847.9571075297889,847.9571075297889,48.74353453418007,33.49507262185216,,45.491873385,18.09311681,137.0,847.9571075297889,847.9571075297889,847.9571075297889,,137.0,osm_polygon,,open_elevation,Area calculated from OpenStreetMap polygon geometry using local UTM projection. This is a footprint/grounds/outline proxy depending on how the castle is mapped in OSM.,True,True,False,True,True,"OSM area was calculated from polygon geometry when available. OSM area should be interpreted as mapped footprint/grounds/outline area, not necessarily architectural floor area. Elevation was filled from Open-Elevation when no existing elevation value was present."
Q24708262,Castle Rožmitál pod Třemšínem,Czech Republic,Rožmitál pod Třemšínem,49.602116111,13.862323611,1200.0,2000.0,800.0,mixed_exact_or_infobox,wikipedia_final_filled,wikipedia_final_filled,,,False,False,1200.0,2000.0,1230.0,,built,,1200.0,,2000.0,False,,,,,,,,0,0,0,0,Renaissance architecture,cultural monument of the Czech Republic,,0,,,,,,,,https://en.wikipedia.org/wiki/Ro%C5%BEmit%C3%A1l_pod_T%C5%99em%C5%A1%C3%ADnem_Castle,http://www.wikidata.org/entity/Q24708262,"{'type': 'Castle', 'owner': 'private', 'open\xa0to the\xa0public': 'occasionally', 'website': 'rozmitalskyzamek .cz', 'coordinates': '49°36′8″N 13°51′44″E \ufeff / \ufeff 49.60222°N 13.86222°E \ufeff / 49.60222; 13.86222', 'built': '1230'}",earliest:founded in the first half of the 13th century by oldřich of buzic | earliest:was founded in the first half of the 13th century by oldřich of buzic | earliest:built in the gothic style the 13th century and rebuilt in the renaissance style in 16th-century on behalf of florián gryspek | current_end:completed in 2000,True,True,True,False,False,False,1230-01-01T00:00:00Z,,Castle,"construction_duration_years is derived as end_year - start_year; for castles this may represent construction, reconstruction, restoration, or broader historical date span rather than literal build duration.",1200.0,2000.0,800.0,False,,,,,,,,way,610518655.0,Zámek Rožmitál pod Třemšínem,Polygon,160.0,0.75,21.438986822158913,overpass_castle_polygon,high,"{""historic"": ""castle"", ""name"": ""Zámek Rožmitál pod Třemšínem"", ""wikidata"": ""Q24708262"", ""wikipedia"": ""cs:Rožmitál pod Třemšínem (zámek)""}",49.60230650833333,13.862370483333331,5100.850118276877,5100.850118276877,5100.850118276877,97.22590286564082,79.18687718664296,,49.602116111,13.862323611,521.0,5100.850118276877,5100.850118276877,5100.850118276877,,521.0,osm_polygon,,open_elevation,Area calculated from OpenStreetMap polygon geometry using local UTM projection. This is a footprint/grounds/outline proxy depending on how the castle is mapped in OSM.,True,True,False,True,True,"OSM area was calculated from polygon geometry when available. OSM area should be interpreted as mapped footprint/grounds/outline area, not necessarily architectural floor area. Elevation was filled from Open-Elevation when no existing elevation value was present."
Q1013039,Loket Castle,Czech Republic,Loket,50.186971166,12.754438,870.0,1822.0,952.0,mixed_exact_or_infobox,wikipedia_final_filled,wikipedia_final_filled,,,False,False,870.0,1822.0,1230.0,,built,,870.0,,1822.0,False,,,,,,,,0,0,0,0,Gothic architecture | Romanesque architecture,cultural monument of the Czech Republic,,0,,427.0,,,,,,https://en.wikipedia.org/wiki/Loket_Castle,http://www.wikidata.org/entity/Q1013039,"{'type': 'Castle', 'coordinates': '50°11.19′N 12°45.05′E \ufeff / \ufeff 50.18650°N 12.75083°E \ufeff / 50.18650; 12.75083', 'built': '1230 [ 1 ]'}",earliest:dates back to the third quarter of the 12th century | earliest:founded in 870 by the margraves of vohburg  | earliest:built in the romanesque style in the 12th century | current_end:completed in 1734 | current_end:finished in 1822,True,True,True,False,False,False,1300-01-01T00:00:00Z,,Castle,"construction_duration_years is derived as end_year - start_year; for castles this may represent construction, reconstruction, restoration, or broader historical date span rather than literal build duration.",870.0,1822.0,952.0,False,,,,,,,,relation,319032.0,Hrad Loket,Polygon,200.0,1.0,23.868288834440527,overpass_castle_polygon,high,"{""alt_name:de"": ""Elbogen"", ""building"": ""yes"", ""castle_type"": ""defensive"", ""historic"": ""castle"", ""name"": ""Hrad Loket"", ""name:de"": ""Burg Loket"", ""opening_hours"": ""Nov-Mar 09:00-15:30; Apr-Oct 09:00-16:30"", ""start_date"": ""1250"", ""tourism"": ""attraction"", ""type"": ""multipolygon"", ""website"": ""https://www.hradloket.cz/"", ""wikidata"": ""Q1013039""}",50.18713121964286,12.754214608928569,3067.7023533490064,3067.7023533490064,3067.7023533490064,86.37203035777202,65.93296340014786,,50.186971166,12.754438,,3067.7023533490064,3067.7023533490064,3067.7023533490064,,427.0,osm_polygon,,existing,Area calculated from OpenStreetMap polygon geometry using local UTM projection. This is a footprint/grounds/outline proxy depending on how the castle is mapped in OSM.,True,True,False,True,True,"OSM area was calculated from polygon geometry when available. OSM area should be interpreted as mapped footprint/grounds/outline area, not necessarily architectural floor area. Elevation was filled from Open-Elevation when no existing elevation value was present."
Q655633,Pernštejn Castle,Czech Republic,Pernstein,49.450833333,16.318888888,1270.0,1285.0,15.0,mixed_exact_or_infobox,wikipedia_final_filled,wikipedia_final_filled,,,False,False,1270.0,1600.0,1270.0,,built,,1400.0,,1600.0,False,Czech Republic,owner,,,,Czech Republic,,1,0,0,0,Gothic architecture,national cultural monument of the Czech Republic,,0,,,,,,,,https://en.wikipedia.org/wiki/Pern%C5%A1tejn_Castle,http://www.wikidata.org/entity/Q655633,"{'type': 'Castle', 'coordinates': '49°27′3″N 16°19′6″E \ufeff / \ufeff 49.45083°N 16.31833°E \ufeff / 49.45083; 16.31833', 'built': '1270–1285'}",earliest:built in the mid-15th century there is a large round tower | current_end:finished in the first half of the 16th century by the pernštejns,True,True,True,False,False,True,1270-01-01T00:00:00Z,,Castle,"construction_duration_years was manually corrected using the one-by-one online/historical duration review. For direct ranges, the checked build span is treated as primary. For broad century ranges, the value remains approximate.",1270.0,1600.0,330.0,True,DIFFERS,manual_online_historical_review,built_year_range,built: 1270–1285,Manual correction applied because the one-by-one online review found a direct build span that differed from the file's derived construction_duration_years. The online/historical build span is treated as primary.,330.0,15.0,,,,,,,,no_osm_match,none,,,,,,,,,,49.450833333,16.318888888,418.0,,,,,418.0,,,open_elevation,,False,False,False,True,True,"OSM area was calculated from polygon geometry when available. OSM area should be interpreted as mapped footprint/grounds/outline area, not necessarily architectural floor area. Elevation was filled from Open-Elevation when no existing elevation value was present."
Q745696,Radyně Castle,Czech Republic,Starý Plzenec,49.68104722,13.46455278,1361.0,1361.0,0.0,mixed_exact_or_infobox,wikipedia_final_filled,wikipedia_final_filled,,,False,False,1361.0,1361.0,1361.0,,built,,,,1361.0,False,Starý Plzenec,owner,,,,Starý Plzenec,,1,0,0,0,Gothic architecture,cultural monument of the Czech Republic,,0,,,,,,,,https://en.wikipedia.org/wiki/Radyn%C4%9B_Castle,http://www.wikidata.org/entity/Q745696,"{'type': 'Castle', 'coordinates': '49°40′51.74″N 13°27′54.66″E \ufeff / \ufeff 49.6810389°N 13.4651833°E \ufeff / 49.6810389; 13.4651833', 'built': '1361'}",current_end:completed in 1361,True,True,True,False,False,True,1361-01-01T00:00:00Z,,Castle,"construction_duration_years is derived as end_year - start_year; for castles this may represent construction, reconstruction, restoration, or broader historical date span rather than literal build duration.",1361.0,1361.0,0.0,False,,,,,,,,way,29010769.0,Radyně,Polygon,200.0,1.0,35.430650037185565,overpass_castle_polygon,high,"{""access"": ""permissive"", ""castle_type"": ""defensive"", ""historic"": ""castle"", ""historic:civilization"": ""medieval"", ""name"": ""Radyně"", ""ruins"": ""yes"", ""source"": ""cuzk:km"", ""wikidata"": ""Q745696"", ""wikipedia"": ""en:Radyně Castle""}",49.680990699999995,13.465037419999998,698.6081932467306,698.6081932467306,698.6081932467306,51.70850286382483,22.12722960766405,,49.68104722,13.46455278,557.0,698.6081932467306,698.6081932467306,698.6081932467306,,557.0,osm_polygon,,open_elevation,Area calculated from OpenStreetMap polygon geometry using local UTM projection. This is a footprint/grounds/outline proxy depending on how the castle is mapped in OSM.,True,True,False,True,True,"OSM area was calculated from polygon geometry when available. OSM area should be interpreted as mapped footprint/grounds/outline area, not necessarily architectural floor area. Elevation was filled from Open-Elevation when no existing elevation value was present."
Q857504,Egeskov Castle,Denmark,Faaborg-Midtfyn Municipality,55.176388888,10.489444444,1405.0,1554.0,149.0,mixed_exact_or_infobox,wikipedia_final_filled,wikipedia_final_filled,,,False,False,1405.0,1554.0,,1554.0,,completed,1405.0,,,False,,,,,,,,0,0,0,0,Renaissance architecture,monument on Kulturstyrelsen register,,0,,,,,,,,https://en.wikipedia.org/wiki/Egeskov_Castle,http://www.wikidata.org/entity/Q857504,"{'type': 'Water castle', 'location': 'Denmark', 'completed': '1554'}",earliest:first mentioned in 1405,True,True,True,False,False,False,1554-01-01T00:00:00Z,,Water castle,"construction_duration_years is derived as end_year - start_year; for castles this may represent construction, reconstruction, restoration, or broader historical date span rather than literal build duration.",1405.0,1554.0,149.0,False,,,,,,,,way,96858366.0,Egeskov Slot,Polygon,170.0,0.5,59.037007284797255,overpass_castle_polygon,high,"{""building"": ""castle"", ""castle_type"": ""stately"", ""historic"": ""castle"", ""name"": ""Egeskov Slot"", ""name:de"": ""Schloss Egeskov"", ""tourism"": ""attraction"", ""visit"": ""entrance"", ""wikidata"": ""Q857504""}",55.17620884054054,10.490319094594593,928.4436494970528,928.4436494970528,928.4436494970528,47.8005689419806,34.18170672014821,,55.176388888,10.489444444,63.0,928.4436494970528,928.4436494970528,928.4436494970528,,63.0,osm_polygon,,open_elevation,Area calculated from OpenStreetMap polygon geometry using local UTM projection. This is a footprint/grounds/outline proxy depending on how the castle is mapped in OSM.,True,True,False,True,True,"OSM area was calculated from polygon geometry when available. OSM area should be interpreted as mapped footprint/grounds/outline area, not necessarily architectural floor area. Elevation was filled from Open-Elevation when no existing elevation value was present."
Q1012561,Häme Castle,Finland,Hämeenlinna,61.0035132,24.4598186,1200.0,1300.0,100.0,mixed_exact_or_infobox,wikipedia_final_filled,wikipedia_final_filled,,,False,False,1200.0,1953.0,1200.0,1953.0,built,restored,,,,False,Finnish Heritage Agency,owner,,,,Finnish Heritage Agency,,1,0,0,0,medieval architecture,protected building in the Built Heritage Register | Cultural Heritage Site of National Significance,,0,,93.0,,,,,,https://en.wikipedia.org/wiki/H%C3%A4me_Castle,http://www.wikidata.org/entity/Q1012561,"{'type': 'Castle', 'etymology': 'Häme ( Tavastia ), referring to the region', 'location': 'Hämeenlinna , Kanta-Häme , Finland', 'coordinates': '61°00′14″N 24°27′29″E \ufeff / \ufeff 61.00389°N 24.45806°E \ufeff / 61.00389; 24.45806', 'built': '13th century', 'original use': 'Military fortress', 'restored': '1953–1988', 'current use': 'Museum', 'owner': 'Finnish National Board of Antiquities', 'website': 'https://www.kansallismuseo.fi/en/haemeenlinna'}",,True,True,True,False,False,True,1300-01-01T00:00:00Z,,Castle,"construction_duration_years was manually corrected using the one-by-one online/historical duration review. For direct ranges, the checked build span is treated as primary. For broad century ranges, the value remains approximate.",1200.0,1953.0,753.0,True,BROAD_CENTURY_SPAN_COMPARE_CAUTION,manual_online_historical_review,broad_century_span,built: 13th century,Manual correction applied because the one-by-one online review found a broad historical build range or century-span range. The reviewed historical range is treated as primary over the previous derived date span.,753.0,100.0,relation,15882655.0,Hämeen linna,Polygon,140.0,0.0,15.188008407660853,overpass_castle_polygon,high,"{""building"": ""castle"", ""building:levels"": ""8"", ""castle_type"": ""defensive"", ""historic"": ""castle"", ""historic:civilization"": ""medieval"", ""name"": ""Hämeen linna"", ""name:da"": ""Tavastehus slott"", ""name:fi"": ""Hämeen linna"", ""name:no"": ""Tavastehus slott"", ""name:sv"": ""Tavastehus slott"", ""old_name"": ""Tavastia"", ""start_date"": ""before 1308"", ""type"": ""multipolygon"", ""wheelchair"": ""limited"", ""wikidata"": ""Q1012561"", ""wikipedia"": ""fi:Hämeen linna""}",61.00363728571429,24.459700828571435,1026.8513311372215,1026.8513311372215,1026.8513311372215,44.23353364493232,43.81357455160469,,61.0035132,24.4598186,,1026.8513311372215,1026.8513311372215,1026.8513311372215,,93.0,osm_polygon,,existing,Area calculated from OpenStreetMap polygon geometry using local UTM projection. This is a footprint/grounds/outline proxy depending on how the castle is mapped in OSM.,True,True,False,True,True,"OSM area was calculated from polygon geometry when available. OSM area should be interpreted as mapped footprint/grounds/outline area, not necessarily architectural floor area. Elevation was filled from Open-Elevation when no existing elevation value was present."
Q2628629,Kajaani Castle,Finland,Kajaani,64.229143,27.732859,1604.0,1619.0,15.0,mixed_exact_or_infobox,wikipedia_final_filled,wikipedia_final_filled,,,False,False,1600.0,1619.0,1604.0,1619.0,construction started,completed,1600.0,,1666.0,False,,,,,,,,0,0,0,0,,registered archaeological site in Finland,,0,,,,,,,,https://en.wikipedia.org/wiki/Kajaani_Castle,http://www.wikidata.org/entity/Q2628629,"{'type': 'Medieval castle', 'location': 'Kajaani , Finland, Brahenkatu 1 FI-81700 Kajaani Finland', 'coordinates': '64°13′45″N 027°43′58″E \ufeff / \ufeff 64.22917°N 27.73278°E \ufeff / 64.22917; 27.73278', 'construction started': '1604', 'completed': '1619', 'destroyed': '1716', 'owner': 'Finnish Heritage Agency', 'main contractor': 'Charles IX of Sweden'}",earliest:founded in 1651 next to the castle | earliest:was founded in 1651 next to the castle | earliest:built in the early 17th century on an islet in the kajaani river  | earliest:was built in the early 17th century on an islet in the kajaani river  | current_end:completed in 1666 | current_end:completed in 1619 the castle had two round artillery towers and a one-story-high outer wall between them,True,True,True,False,False,False,1604-01-01T00:00:00Z,,Medieval castle,"construction_duration_years was manually corrected using the one-by-one online/historical duration review. For direct ranges, the checked build span is treated as primary. For broad century ranges, the value remains approximate.",1600.0,1619.0,19.0,True,DIFFERS,manual_online_historical_review,explicit_start_completed,construction started: 1604; completed: 1619,Manual correction applied because the one-by-one online review found a direct build span that differed from the file's derived construction_duration_years. The online/historical build span is treated as primary.,19.0,15.0,,,,,,,,no_osm_match,none,,,,,,,,,,64.229143,27.732859,0.0,,,,,0.0,,,open_elevation,,False,False,False,True,True,"OSM area was calculated from polygon geometry when available. OSM area should be interpreted as mapped footprint/grounds/outline area, not necessarily architectural floor area. Elevation was filled from Open-Elevation when no existing elevation value was present."
Q136893,Turku Castle,Finland,Turku,60.4352823,22.2276388,1200.0,1600.0,400.0,text_inferred,wikipedia_final_filled,wikipedia_final_filled,,,False,False,1200.0,1600.0,,,,,1200.0,1987.0,1600.0,True,Finland,owner,,,,Finland,,1,0,0,0,Renaissance architecture,building protected by Decree 480/85 in Finland | Cultural Heritage Site of National Significance,,0,,12.0,,,,,major reconstruction detected in wikipedia text,https://en.wikipedia.org/wiki/Turku_Castle,http://www.wikidata.org/entity/Q136893,"{'type': 'Medieval castle', 'location': 'Turku , Finland , Linnankatu 80 FI-20100 Turku Finland', 'coordinates': '60°26′07″N 022°13′43″E \ufeff / \ufeff 60.43528°N 22.22861°E \ufeff / 60.43528; 22.22861'}",earliest:founded in the late 13th century and stands on the banks of the aura river  | earliest:was founded in the late 13th century and stands on the banks of the aura river  | current_start:restored in 1987 | current_end:finished in the 16th century,True,True,True,False,False,True,1300-01-01T00:00:00Z,,Medieval castle,"construction_duration_years is derived as end_year - start_year; for castles this may represent construction, reconstruction, restoration, or broader historical date span rather than literal build duration.",1200.0,1600.0,400.0,False,,,,,,,,way,466736288.0,Turun linna,Polygon,160.0,0.3333333333333333,68.92141955578477,overpass_castle_polygon,high,"{""addr:city"": ""Turku"", ""addr:housenumber"": ""80"", ""addr:postcode"": ""20100"", ""addr:street"": ""Linnankatu"", ""castle_type"": ""fortress"", ""email"": ""turunlinna@turku.fi"", ""historic"": ""castle"", ""historic:civilization"": ""medieval"", ""name"": ""Turun linna"", ""name:en"": ""Turku Castle"", ""name:fi"": ""Turun linna"", ""name:fr"": ""Château de Turku"", ""name:ja"": ""トゥルク城"", ""name:pl"": ""Zamek w Turku"", ""name:ru"": ""Замок Турку"", ""name:sv"": ""Åbo slott"", ""name:zh-Hans"": ""图尔库城堡"", ""name:zh-Hant"": ""圖爾庫城堡"", ""opening_hours"": ""Tu-Su 10:00-18:00"", ""source:topology"": ""Turun maastokartta"", ""start_date"": ""1280s"", ""tourism"": ""attraction"", ""website"": ""https://www.turunlinna.fi"", ""wheelchair"": ""limited"", ""wikidata"": ""Q136893"", ""wikipedia"": ""fi:Turun linna""}",60.43525528933334,22.228893822666663,6178.008821971133,6178.008821971133,6178.008821971133,142.201364156208,67.13328488357365,,60.4352823,22.2276388,,6178.008821971133,6178.008821971133,6178.008821971133,,12.0,osm_polygon,,existing,Area calculated from OpenStreetMap polygon geometry using local UTM projection. This is a footprint/grounds/outline proxy depending on how the castle is mapped in OSM.,True,True,False,True,True,"OSM area was calculated from polygon geometry when available. OSM area should be interpreted as mapped footprint/grounds/outline area, not necessarily architectural floor area. Elevation was filled from Open-Elevation when no existing elevation value was present."
Q1959338,Castle of Colombières,France,Colombières,49.3031,-0.97556,1300.0,1400.0,100.0,mixed_exact_or_infobox,wikipedia_final_filled,wikipedia_final_filled,,,False,False,1300.0,1400.0,,1400.0,,completed,1300.0,,,False,,,,,,,,0,0,0,0,,classified historical monument | monument historique inscrit,,0,,,,,,,,https://en.wikipedia.org/wiki/Ch%C3%A2teau_de_Colombi%C3%A8res,http://www.wikidata.org/entity/Q1959338,"{'type': 'Medieval Castle', 'location': 'Normandy , France', 'coordinates': '49°18′04″N 0°58′31″W \ufeff / \ufeff 49.301014°N 0.975205°W \ufeff / 49.301014; -0.975205', 'completed': '14th century', 'owner': 'Étienne de Maupeou'}",earliest:built during the 14th century in colombières ,True,True,True,False,False,False,,,Medieval Castle,"construction_duration_years is derived as end_year - start_year; for castles this may represent construction, reconstruction, restoration, or broader historical date span rather than literal build duration.",1300.0,1400.0,100.0,False,,,,,,,,way,334238210.0,Château de Colombières,Polygon,175.0,1.0,3.838664226295411,overpass_castle_polygon,high,"{""building"": ""yes"", ""heritage"": ""2"", ""heritage:operator"": ""mhs"", ""historic"": ""castle"", ""mhs:inscription_date"": ""1927-07-02"", ""name"": ""Château de Colombières"", ""ref:mhs"": ""PA00111234"", ""source"": ""cadastre-dgi-fr source : Direction Générale des Finances Publiques - Cadastre. Mise à jour : 2015"", ""source:heritage"": ""Ministère de la Culture - 2022-01"", ""start_date"": ""C15"", ""wikidata"": ""Q1959338"", ""wikipedia"": ""fr:Château de Colombières""}",49.303133516666676,-0.9755473166666667,788.924029748216,788.924029748216,788.924029748216,48.83222882752307,40.259559070691466,,49.3031,-0.97556,5.0,788.924029748216,788.924029748216,788.924029748216,,5.0,osm_polygon,,open_elevation,Area calculated from OpenStreetMap polygon geometry using local UTM projection. This is a footprint/grounds/outline proxy depending on how the castle is mapped in OSM.,True,True,False,True,True,"OSM area was calculated from polygon geometry when available. OSM area should be interpreted as mapped footprint/grounds/outline area, not necessarily architectural floor area. Elevation was filled from Open-Elevation when no existing elevation value was present."
Q2971586,Château de Chambéry,France,Chambéry,45.5644,5.91778,1000.0,1100.0,100.0,mixed_exact_or_infobox,wikipedia_final_filled,wikipedia_final_filled,,,False,False,1000.0,1430.0,1000.0,,built,,1000.0,1300.0,1430.0,True,,,,,,,,0,0,0,0,Gothic architecture,classified historical monument,,0,,,,,,,major reconstruction detected in wikipedia text,https://en.wikipedia.org/wiki/Ch%C3%A2teau_des_ducs_de_Savoie,http://www.wikidata.org/entity/Q2971586,"{'type': 'Castle', 'owner': 'Berlion family', 'built': '11th century'}",earliest:dates back to the 1937 universal exhibition in paris | earliest:built in the 11th century by the lords of chambéry | earliest:built in the early 15th century to replace the château's original chapel | earliest:built in the second half of the 14th century | earliest:built in the early 19th century | earliest:built in the early 14th century under amédée v | earliest:was built in 1786 but was damaged in 1798 by a mysterious fire that destroyed the pavillon | earliest:was built in 1470 at the behest of yolande de france | current_start:rebuilt in the early 14th century under amédée v | current_start:rebuilt in 1850 by architect ernest mélano under victor-emmanuel and continued until the third republic | current_start:rebuilt in 1875 | current_start:restored in the late 19th century | current_start:restored in 1895 | current_start:restored in 2002 | current_start:restored in 1811 and is now adjoined to the general council building | current_start:restored in 1991 | current_end:completed in 1430,True,True,True,False,False,False,,,Castle,"construction_duration_years was manually corrected using the one-by-one online/historical duration review. For direct ranges, the checked build span is treated as primary. For broad century ranges, the value remains approximate.",1000.0,1430.0,430.0,True,BROAD_CENTURY_SPAN_COMPARE_CAUTION,manual_online_historical_review,broad_century_span,built: 11th century,Manual correction applied because the one-by-one online review found a broad historical build range or century-span range. The reviewed historical range is treated as primary over the previous derived date span.,430.0,100.0,way,237985593.0,Aile du Midi,Polygon,115.0,0.0,31.369218565805696,overpass_castle_polygon,high,"{""building"": ""public"", ""historic"": ""castle"", ""name"": ""Aile du Midi""}",45.564510958139536,5.918150476744186,2322.0758534188176,2322.0758534188176,2322.0758534188176,98.28168139094487,54.08996551297605,,45.5644,5.91778,282.0,2322.0758534188176,2322.0758534188176,2322.0758534188176,,282.0,osm_polygon,,open_elevation,Area calculated from OpenStreetMap polygon geometry using local UTM projection. This is a footprint/grounds/outline proxy depending on how the castle is mapped in OSM.,True,True,False,True,True,"OSM area was calculated from polygon geometry when available. OSM area should be interpreted as mapped footprint/grounds/outline area, not necessarily architectural floor area. Elevation was filled from Open-Elevation when no existing elevation value was present."
Q2968956,Château de Châteaubriant,France,Châteaubriant,47.72,-1.373,1000.0,1600.0,600.0,mixed_exact_or_infobox,wikipedia_final_filled,wikipedia_final_filled,,,False,False,1000.0,1300.0,1500.0,,built,,1000.0,1100.0,1300.0,True,departmental council of Loire-Atlantique,owner,,,,departmental council of Loire-Atlantique,,1,0,0,0,,classified historical monument,,0,,,,,,,major reconstruction detected in wikipedia text,https://en.wikipedia.org/wiki/Ch%C3%A2teau_de_Ch%C3%A2teaubriant,http://www.wikidata.org/entity/Q2968956,"{'type': 'Castle , stately home', 'owner': 'General council of Loire-Atlantique', 'open\xa0to the\xa0public': 'Limited', 'condition': 'Mostly intact', 'coordinates': '47°43′12″N 1°22′23″W \ufeff / \ufeff 47.72°N 1.373°W \ufeff / 47.72; -1.373', 'built': '11th-16th century', 'built\xa0by': 'Brient Ist of Châteaubriant', 'materials': 'Sandstone , shale'}",earliest:founded in the 11th century on the eastern border of brittany and | earliest:founded in 1049 in a suburb of the town | earliest:was founded in the 11th century on the eastern border of brittany and | earliest:built in the 14th century | earliest:built in the 14th century | earliest:built in the 14th century and the opening of new windows after the mad war did not alter their austere look | earliest:built in the 14th century and the front dates from the 16th century | earliest:built during the 13th century | earliest:was built in stone around 1100 on the site of the primitive motte  | earliest:was built in the 14th century and the front dates from the 16th century | current_start:rebuilt in stone around 1100 | current_start:rebuilt in the 14th century | current_start:rebuilt in the 14th century | current_start:rebuilt in the 14th century and the opening of new windows after the mad war did not alter their austere look | current_end:completed in the 13th century,True,True,True,False,False,True,,,"Castle , stately home","construction_duration_years was manually corrected using the one-by-one online/historical duration review. For direct ranges, the checked build span is treated as primary. For broad century ranges, the value remains approximate.",1000.0,1300.0,300.0,True,BROAD_CENTURY_SPAN_COMPARE_CAUTION,manual_online_historical_review,broad_century_span,built: 11th-16th century,Manual correction applied because the one-by-one online review found a broad historical build range or century-span range. The reviewed historical range is treated as primary over the previous derived date span.,300.0,600.0,way,374504898.0,Château de Châteaubriant,Polygon,175.0,1.0,35.08764686417207,overpass_castle_polygon,high,"{""heritage"": ""2"", ""heritage:operator"": ""mhs"", ""historic"": ""castle"", ""mhs:inscription_date"": ""1921-07-11"", ""name"": ""Château de Châteaubriant"", ""name:br"": ""Kastell Kastell-Briant"", ""opening_hours"": ""09:00-19:00"", ""ref:mhs"": ""PA00108582"", ""tourism"": ""attraction"", ""website"": ""https://www.grand-patrimoine.loire-atlantique.fr/jcms/les-sites-a-visiter/chateau-de-chateaubriant-fr-eja_77026"", ""wikidata"": ""Q2968956"", ""wikipedia"": ""fr:Château de Châteaubriant""}",47.71970798000001,-1.3731777292857141,20121.072174804034,20121.072174804034,20121.072174804034,180.81699488079175,173.8893064064905,,47.72,-1.373,66.0,20121.072174804034,20121.072174804034,20121.072174804034,,66.0,osm_polygon,,open_elevation,Area calculated from OpenStreetMap polygon geometry using local UTM projection. This is a footprint/grounds/outline proxy depending on how the castle is mapped in OSM.,True,True,False,True,True,"OSM area was calculated from polygon geometry when available. OSM area should be interpreted as mapped footprint/grounds/outline area, not necessarily architectural floor area. Elevation was filled from Open-Elevation when no existing elevation value was present."
Q2969508,Château de Keriolet,France,Concarneau,47.8865,-3.9081,1863.0,1883.0,20.0,mixed_exact_or_infobox,wikipedia_final_filled,wikipedia_final_filled,,,False,False,1800.0,1883.0,1863.0,1883.0,construction started,completed,1800.0,,,False,Joseph Bigot,architect,,,Joseph Bigot,,,0,1,0,0,Gothic Revival,monument historique inscrit,,0,,,,,,,,https://en.wikipedia.org/wiki/Ch%C3%A2teau_de_Keriolet,http://www.wikidata.org/entity/Q2969508,"{'type': 'Castle', 'architectural style': 'Gothic Revival architecture', 'location': 'Concarneau , France', 'coordinates': '47°53′11″N 3°54′29″W \ufeff / \ufeff 47.8865°N 3.9081°W \ufeff / 47.8865; -3.9081', 'current tenants': 'Christophe Lévèque', 'construction started': '1863', 'completed': '1883', 'client': 'Zénaïde Narichkine-Ioussoupov', 'owner': 'Charles Chauveau', 'architect': 'Joseph Bigot'}",earliest:built in the 19th century in concarneau (france),True,True,True,False,False,True,1883-01-01T00:00:00Z,,Castle,"construction_duration_years was manually corrected using the one-by-one online/historical duration review. For direct ranges, the checked build span is treated as primary. For broad century ranges, the value remains approximate.",1800.0,1883.0,83.0,True,DIFFERS,manual_online_historical_review,explicit_start_completed,construction started: 1863; completed: 1883,Manual correction applied because the one-by-one online review found a direct build span that differed from the file's derived construction_duration_years. The online/historical build span is treated as primary.,83.0,20.0,way,118505874.0,Château de Kériolet,Polygon,115.0,0.0,7.261674020656824,overpass_castle_polygon,high,"{""building"": ""yes"", ""heritage"": ""3"", ""heritage:operator"": ""mhs"", ""historic"": ""castle"", ""mhs:inscription_date"": ""1984-12-21"", ""name"": ""Château de Kériolet"", ""name:br"": ""Kastell Kerioled"", ""name:fr"": ""Château de Kériolet"", ""ref:mhs"": ""PA00089890"", ""source"": ""cadastre-dgi-fr source : Direction Générale des Impôts - Cadastre. Mise à jour : 2011"", ""source:heritage"": ""data.gouv.fr, Ministère de la Culture - 2016"", ""source:name:br"": ""proper translation"", ""start_date"": ""C19"", ""wikidata"": ""Q2969508"", ""wikipedia"": ""fr:Château de Kériolet""}",47.88646013870968,-3.9080228612903234,783.6040989350782,783.6040989350782,783.6040989350782,54.42886279162485,31.444094738923013,,47.8865,-3.9081,60.0,783.6040989350782,783.6040989350782,783.6040989350782,,60.0,osm_polygon,,open_elevation,Area calculated from OpenStreetMap polygon geometry using local UTM projection. This is a footprint/grounds/outline proxy depending on how the castle is mapped in OSM.,True,True,False,True,True,"OSM area was calculated from polygon geometry when available. OSM area should be interpreted as mapped footprint/grounds/outline area, not necessarily architectural floor area. Elevation was filled from Open-Elevation when no existing elevation value was present."
Q663673,Château de Vincennes,France,Vincennes,48.842777777,2.435833333,1340.0,1410.0,70.0,mixed_exact_or_infobox,wikipedia_final_filled,wikipedia_final_filled,,,False,False,1300.0,1658.0,1340.0,,built,,1300.0,1800.0,1658.0,True,Charles V of France,commissioner,,Charles V of France,,French State,,1,0,0,1,,listed in the general inventory of cultural heritage | classified historical monument,,0,,,,,,,major reconstruction detected in wikipedia text,https://en.wikipedia.org/wiki/Ch%C3%A2teau_de_Vincennes,http://www.wikidata.org/entity/Q663673,"{'type': 'Medieval castle', 'website': 'www .chateau-de-vincennes .fr /en', 'coordinates': '48°50′34″N 2°26′09″E \ufeff / \ufeff 48.84278°N 2.43583°E \ufeff / 48.84278; 2.43583', 'built': 'c. 1340–1410', 'built\xa0by': 'Charles V of France', 'events': 'Hundred Years War Battle of Paris (1814) World War II [ 1 ]'}",earliest:built in the 14th century and for the chapel | current_start:restored in the 19th century under louis napoleon and again in the 20th century | current_end:completed in 1369–70 | current_end:completed in 1552 | current_end:finished in 1371–72 | current_end:finished in the 16th century | current_end:finished in 1658 | current_end:finished in 1369–70,True,True,True,False,False,True,1340-01-01T00:00:00Z,,Medieval castle,"construction_duration_years was manually corrected using the one-by-one online/historical duration review. For direct ranges, the checked build span is treated as primary. For broad century ranges, the value remains approximate.",1300.0,1658.0,358.0,True,DIFFERS,manual_online_historical_review,built_year_range,built: c. 1340–1410,Manual correction applied because the one-by-one online review found a direct build span that differed from the file's derived construction_duration_years. The online/historical build span is treated as primary.,358.0,70.0,way,23032971.0,Château de Vincennes,Polygon,175.0,1.0,30.201975586049,overpass_castle_polygon,high,"{""description"": ""Plus haut donjon d'Europe"", ""heritage"": ""2"", ""heritage:operator"": ""mhs"", ""historic"": ""castle"", ""name"": ""Château de Vincennes"", ""name:ar"": ""قصر فانسان"", ""name:zh"": ""万塞讷城堡"", ""phone"": ""+33 1 43 28 15 48"", ""ref:mhs"": ""PA00086567"", ""tourism"": ""attraction"", ""url"": ""https://youtu.be/EZv8baNkQuQ?si=ky7S3bDysvTPJOr1"", ""website"": ""http://www.chateau-vincennes.fr"", ""wheelchair"": ""limited"", ""wikidata"": ""Q663673"", ""wikimedia_commons"": ""Category:Château de Vincennes"", ""wikipedia"": ""fr:Château de Vincennes"", ""year_of_construction"": ""C14""}",48.84251399090909,2.435734972727273,91935.65425642775,91935.65425642775,91935.65425642775,417.5450016716495,296.68337636836804,,48.842777777,2.435833333,56.0,91935.65425642775,91935.65425642775,91935.65425642775,,56.0,osm_polygon,,open_elevation,Area calculated from OpenStreetMap polygon geometry using local UTM projection. This is a footprint/grounds/outline proxy depending on how the castle is mapped in OSM.,True,True,False,True,True,"OSM area was calculated from polygon geometry when available. OSM area should be interpreted as mapped footprint/grounds/outline area, not necessarily architectural floor area. Elevation was filled from Open-Elevation when no existing elevation value was present."
Q55235022,Château de l'Île (Ostwald),France,Ostwald,48.544722222,7.713888888,1600.0,1891.0,291.0,mixed_exact_or_infobox,wikipedia_final_filled,wikipedia_final_filled,,,False,False,1600.0,1891.0,1600.0,1891.0,construction started,completed,1891.0,,,False,,,,,,,,0,0,0,0,Renaissance Revival architecture,listed in the general inventory of cultural heritage,,0,,,,,,,,https://en.wikipedia.org/wiki/Ch%C3%A2teau_de_l%27%C3%8Ele,http://www.wikidata.org/entity/Q55235022,"{'former names': 'Schloss Inselburg', 'type': 'Castle', 'architectural style': 'Renaissance , Neo-Renaissance', 'location': 'Ostwald, Bas-Rhin , 4, quai Heydt 67540 Ostwald, France', 'current tenants': 'Les Grandes Étapes Françaises', 'construction started': '17th century', 'completed': '1891; 1994', 'number of rooms': '62 (including modern wing)'}",earliest:was built in 1891 by the entrepreneur léonard heydt (1829–1901),True,True,True,False,False,False,1891-01-01T00:00:00Z,,Castle,"construction_duration_years is derived as end_year - start_year; for castles this may represent construction, reconstruction, restoration, or broader historical date span rather than literal build duration.",1600.0,1891.0,291.0,False,,,,,,,,way,51549490.0,Château de l'Île,Polygon,135.0,1.0,18.77201346249313,overpass_castle_polygon,high,"{""building"": ""yes"", ""name"": ""Château de l'Île"", ""source"": ""cadastre-dgi-fr source : Direction Générale des Impôts - Cadastre. Mise à jour : 2010"", ""stars"": ""4"", ""tourism"": ""hotel"", ""wikidata"": ""Q55235022""}",48.54464159102564,7.714112925641025,2546.280471062074,2546.280471062074,2546.280471062074,100.18617577012628,95.4229247966432,,48.544722222,7.713888888,143.0,2546.280471062074,2546.280471062074,2546.280471062074,,143.0,osm_polygon,,open_elevation,Area calculated from OpenStreetMap polygon geometry using local UTM projection. This is a footprint/grounds/outline proxy depending on how the castle is mapped in OSM.,True,True,False,True,True,"OSM area was calculated from polygon geometry when available. OSM area should be interpreted as mapped footprint/grounds/outline area, not necessarily architectural floor area. Elevation was filled from Open-Elevation when no existing elevation value was present."
Q15944458,Château de la Mercerie,France,Magnac-lès-Gardes,45.5014,0.24222,1800.0,1900.0,100.0,mixed_exact_or_infobox,wikipedia_final_filled,wikipedia_final_filled,,,False,False,1800.0,1900.0,,1900.0,,completed,1800.0,,2000.0,False,Raymond Réthoré,owner,,,,Raymond Réthoré,,1,0,0,0,Renaissance architecture,monument historique inscrit | Patrimoine du XXᵉ siècle,,0,,,,,,,,https://en.wikipedia.org/wiki/Ch%C3%A2teau_de_la_Mercerie,http://www.wikidata.org/entity/Q15944458,"{'type': 'Castle', 'architectural style': 'Italian Renaissance and Neo-Gothic', 'location': 'Magnac-Lavalette-Villars , Nouvelle-Aquitaine , France', 'coordinates': '45°30′05″N 0°14′32″E \ufeff / \ufeff 45.50139°N 0.24222°E \ufeff / 45.50139; 0.24222', 'completed': '19th century', 'owner': 'Société Foncière Volta'}",earliest:built in the late 19th century | current_end:enlarged in the 20th century in a classical italian renaissance style by two men,True,True,True,False,False,True,,,Castle,"construction_duration_years is derived as end_year - start_year; for castles this may represent construction, reconstruction, restoration, or broader historical date span rather than literal build duration.",1800.0,1900.0,100.0,False,,,,,,,,,,,,,,,no_osm_match,none,,,,,,,,,,45.5014,0.24222,205.0,,,,,205.0,,,open_elevation,,False,False,False,True,True,"OSM area was calculated from polygon geometry when available. OSM area should be interpreted as mapped footprint/grounds/outline area, not necessarily architectural floor area. Elevation was filled from Open-Elevation when no existing elevation value was present."
Q15940485,Château du Vigneau,France,Bayonne,43.5056,-1.46967,1848.0,1848.0,0.0,mixed_exact_or_infobox,wikipedia_final_filled,wikipedia_final_filled,,,False,False,1848.0,1848.0,,1848.0,,restored date,,1848.0,,True,,,,,,,,0,0,0,0,,monument historique inscrit,,0,,,,,,,major reconstruction detected in wikipedia text,https://en.wikipedia.org/wiki/Ch%C3%A2teau_du_Vigneau,http://www.wikidata.org/entity/Q15940485,"{'location': 'Bayonne , Pyrénées-Atlantiques , France', 'coordinates': '43°30′20″N 1°28′11″W \ufeff / \ufeff 43.50556°N 1.46972°W \ufeff / 43.50556; -1.46972', 'type': 'Castle , winery house, champagne house', 'beginning\xa0date': '19th century', 'restored\xa0date': '1848 transformed 1918'}",current_start:restored in 1848,True,True,True,False,False,False,,,"Castle , winery house, champagne house","construction_duration_years is derived as end_year - start_year; for castles this may represent construction, reconstruction, restoration, or broader historical date span rather than literal build duration.",1848.0,1848.0,0.0,False,,,,,,,,way,72682572.0,Château du Vigneau,Polygon,175.0,1.0,3.5926802261230453,overpass_castle_polygon,high,"{""building"": ""yes"", ""heritage"": ""3"", ""heritage:operator"": ""mhs"", ""historic"": ""castle"", ""mhs:inscription_date"": ""2009-06-12"", ""name"": ""Château du Vigneau"", ""ref:mhs"": ""PA64000071"", ""source"": ""cadastre-dgi-fr source : Direction Générale des Impôts - Cadastre. Mise à jour : 2010"", ""source:heritage"": ""data.gouv.fr, Ministère de la Culture - 2016"", ""start_date"": ""C19"", ""wikidata"": ""Q15940485"", ""wikipedia"": ""fr:Château du Vigneau (Bayonne)""}",43.50563028000001,-1.46965446,230.4713933700969,230.4713933700969,230.4713933700969,23.716250804485753,16.523269329220057,,43.5056,-1.46967,51.0,230.4713933700969,230.4713933700969,230.4713933700969,,51.0,osm_polygon,,open_elevation,Area calculated from OpenStreetMap polygon geometry using local UTM projection. This is a footprint/grounds/outline proxy depending on how the castle is mapped in OSM.,True,True,False,True,True,"OSM area was calculated from polygon geometry when available. OSM area should be interpreted as mapped footprint/grounds/outline area, not necessarily architectural floor area. Elevation was filled from Open-Elevation when no existing elevation value was present."
Q15992417,Louvre Castle,France,Paris,48.8602,2.338,1190.0,1610.0,420.0,mixed_exact_or_infobox,wikipedia_final_filled,wikipedia_final_filled,,,False,False,1190.0,1610.0,1190.0,,built,,,,1610.0,False,Philip II of France,commissioner,,Philip II of France,,,,0,0,0,1,,,,0,,,,,,,,https://en.wikipedia.org/wiki/Medieval_Louvre_Castle,http://www.wikidata.org/entity/Q15992417,"{'type': 'Medieval castle', 'condition': 'destroyed', 'coordinates': '48°51′37″N 2°20′17″E \ufeff / \ufeff 48.860247°N 2.338002°E \ufeff / 48.860247; 2.338002', 'built': 'From 1190', 'built\xa0by': 'French kings from Philip II of France', 'demolished': '1528–1660', 'events': ""Imprisonment of Ferdinand, Count of Flanders (1214-1226) Estates General of France (1303) Birth and death of John I of France (1316) Visits of Emperors Charles IV of Luxembourg (1377-1378), Manuel II Palaiologos (1400-1402), Sigismund of Luxembourg (1416), and Charles V of Habsburg (1540) Hundred Years' War (England occupies Paris in 1420–1436) St. Bartholomew's Day massacre (1572) Murder of Concino Concini (1617)""}",current_end:completed in 1610,True,True,True,False,False,True,1190-01-01T00:00:00Z,,Medieval castle,"construction_duration_years is derived as end_year - start_year; for castles this may represent construction, reconstruction, restoration, or broader historical date span rather than literal build duration.",1190.0,1610.0,420.0,False,,,,,,,,relation,3262297.0,Palais du Louvre,Polygon,145.0,0.25,149.06113665660726,overpass_castle_polygon,high,"{""addr:city"": ""Paris"", ""addr:postcode"": ""75001"", ""alt_name:zh"": ""卢浮宫"", ""building"": ""castle"", ""building:levels"": ""3"", ""castle_type"": ""stately"", ""heritage"": ""2"", ""historic"": ""castle"", ""image"": ""http://upload.wikimedia.org/wikipedia/commons/6/66/Louvre_Museum_Wikimedia_Commons.jpg"", ""image:0"": ""https://photos.app.goo.gl/nvWhqUJ2HyqyL2jr5"", ""image:panorama"": ""http://upload.wikimedia.org/wikipedia/commons/d/d2/Jardin_du_Carrousel.jpg"", ""importance"": ""international"", ""name"": ""Palais du Louvre"", ""name:ar"": ""قصر اللوفر"", ""name:de"": ""Louvre"", ""name:en"": ""Louvre Palace"", ""name:eo"": ""Luvra Palaco"", ""name:fr"": ""Palais du Louvre"", ""name:it"": ""Palazzo del Louvre"", ""name:ja"": ""ルーブル美術館"", ""name:ko"": ""루브르 박물관"", ""name:pl"": ""Luwr"", ""name:ru"": ""Лувр"", ""name:zh"": ""卢浮宫博物馆"", ""name:zh-Hans"": ""卢浮宫博物馆"", ""name:zh-Hant"": ""羅浮宮博物館"", ""note"": ""This is for the LOUVRE PALACE and includes only the building itself. DO NOT MIX IT UP WITH THE LOUVRE MUSEUM!"", ""phone"": ""+33 1 40205050"", ""roof:material"": ""metal"", ""roof:shape"": ""many"", ""source"": ""cadastre-dgi-fr source : Direction Générale des Impôts - Cadastre. Mise à jour : 2010"", ""toilets:wheelchair"": ""yes"", ""tourism"": ""attraction"", ""type"": ""multipolygon"", ""website"": ""https://www.louvre.fr/"", ""wheelchair"": ""yes"", ""wikidata"": ""Q1075988"", ""wikipedia"": ""fr:Palais du Louvre""}",48.86102909857143,2.336398836060606,71090.01509911833,71090.01509911833,71090.01509911833,710.4453358751489,470.28330095205456,,48.8602,2.338,42.0,71090.01509911833,71090.01509911833,71090.01509911833,,42.0,osm_polygon,,open_elevation,Area calculated from OpenStreetMap polygon geometry using local UTM projection. This is a footprint/grounds/outline proxy depending on how the castle is mapped in OSM.,True,True,False,True,True,"OSM area was calculated from polygon geometry when available. OSM area should be interpreted as mapped footprint/grounds/outline area, not necessarily architectural floor area. Elevation was filled from Open-Elevation when no existing elevation value was present."
Q2243758,castel of Tournon,France,Tournon-sur-Rhône,45.068333333,4.83175,1500.0,1600.0,100.0,mixed_exact_or_infobox,wikipedia_final_filled,wikipedia_final_filled,,,False,False,1500.0,1600.0,,1600.0,,completed,1500.0,,,False,,,,,,,,0,0,0,0,,classified historical monument | monument historique inscrit,,0,,,,,,,,https://en.wikipedia.org/wiki/Ch%C3%A2teau_de_Tournon,http://www.wikidata.org/entity/Q2243758,"{'type': 'castle', 'location': 'Tournon-sur-Rhône , France', 'completed': '16th century'}",earliest:built in the 16th century | earliest:was built in the 16th century,True,True,True,False,False,False,,,castle,"construction_duration_years is derived as end_year - start_year; for castles this may represent construction, reconstruction, restoration, or broader historical date span rather than literal build duration.",1500.0,1600.0,100.0,False,,,,,,,,way,105030810.0,Château - Musée de Tournon,Polygon,170.0,0.5,12.417231373189072,overpass_castle_polygon,high,"{""building"": ""yes"", ""castle_type"": ""defensive"", ""contact:website"": ""http://www.ville-tournon.com/chateau-musee"", ""heritage"": ""2"", ""heritage:operator"": ""mhs"", ""historic"": ""castle"", ""mhs:inscription_date"": ""1927-07-12"", ""name"": ""Château - Musée de Tournon"", ""phone"": ""+33 4 75 08 10 30"", ""ref:mhs"": ""PA00116828"", ""source"": ""cadastre-dgi-fr source : Direction Générale des Impôts - Cadastre. Mise à jour : 2011"", ""source:heritage"": ""data.gouv.fr:Ministère de la Culture - 04/2015"", ""source:mhs"": ""data.gouv.fr:Ministère de la Culture - 08/2011"", ""tourism"": ""museum"", ""website"": ""http://www.chateaumusee-tournon.com/"", ""wikidata"": ""Q2243758"", ""wikipedia"": ""fr:Château de Tournon""}",45.068420480769234,4.831848866666667,1225.8767115539904,1225.8767115539904,1225.8767115539904,65.43935004621744,45.85126483615022,,45.068333333,4.83175,131.0,1225.8767115539904,1225.8767115539904,1225.8767115539904,,131.0,osm_polygon,,open_elevation,Area calculated from OpenStreetMap polygon geometry using local UTM projection. This is a footprint/grounds/outline proxy depending on how the castle is mapped in OSM.,True,True,False,True,True,"OSM area was calculated from polygon geometry when available. OSM area should be interpreted as mapped footprint/grounds/outline area, not necessarily architectural floor area. Elevation was filled from Open-Elevation when no existing elevation value was present."
Q65283232,Amilakhvari Castle,Georgia,Kvemo Chala,42.030277777,44.392777777,1600.0,1800.0,200.0,mixed_exact_or_infobox,wikipedia_final_filled,wikipedia_final_filled,,,False,False,1600.0,1800.0,,1800.0,,completion date,1600.0,,,False,,,,,,,,0,0,0,0,,,,0,,,,,,,,https://en.wikipedia.org/wiki/Amilakhvari_castle,http://www.wikidata.org/entity/Q65283232,"{'location': 'Kvemo Chala , Kaspi Municipality , Shida Kartli , Georgia', 'coordinates': '42°01′49″N 44°23′34″E \ufeff / \ufeff 42.03028°N 44.39278°E \ufeff / 42.03028; 44.39278', 'type': 'Castle, museum', 'beginning\xa0date': '17th century', 'completion\xa0date': '18th century'}",earliest:built in the 17th–18th century | earliest:built in the last third of the 17th century by aznauri papuna karumidze  | earliest:built during the 17th century by the family of nobles amilakhvari  | earliest:was built in the last third of the 17th century by aznauri papuna karumidze  | earliest:was built in 1775 by amirindo amilakhvari  | earliest:was built in 1775 by amilakhori amirindo,True,True,True,False,False,False,,,"Castle, museum","construction_duration_years is derived as end_year - start_year; for castles this may represent construction, reconstruction, restoration, or broader historical date span rather than literal build duration.",1600.0,1800.0,200.0,False,,,,,,,,,,,,,,,no_osm_match,none,,,,,,,,,,42.030277777,44.392777777,726.0,,,,,726.0,,,open_elevation,,False,False,False,True,True,"OSM area was calculated from polygon geometry when available. OSM area should be interpreted as mapped footprint/grounds/outline area, not necessarily architectural floor area. Elevation was filled from Open-Elevation when no existing elevation value was present."
Q1010752,Altenstein Castle,Germany,Maroldsweisach,50.1715,10.7341,1232.0,2003.0,771.0,mixed_exact_or_infobox,wikipedia_final_filled,wikipedia_final_filled,,,False,False,1232.0,2003.0,1232.0,,built,,1567.0,,2003.0,False,,,,,,,,0,0,0,0,,architectural heritage monument in Bavaria,,0,,,,,,,,https://en.wikipedia.org/wiki/Altenstein_Castle_(Lower_Franconia),http://www.wikidata.org/entity/Q1010752,"{'type': 'hill castle', 'code': 'DE-BY', 'condition': 'ruin', 'coordinates': '50°10′17″N 10°44′02″E \ufeff / \ufeff 50.1714°N 10.7340°E \ufeff / 50.1714; 10.7340', 'height': '452\xa0m\xa0above sea level (NN)', 'built': 'first recorded in 1232'}",earliest:dates to the period around 1567 | current_end:completed in 2003,True,True,True,False,False,False,1232-01-01T00:00:00Z,,hill castle,"construction_duration_years is derived as end_year - start_year; for castles this may represent construction, reconstruction, restoration, or broader historical date span rather than literal build duration.",1232.0,2003.0,771.0,False,,,,,,,,way,1225627064.0,Burgruine Altenstein,Polygon,170.0,0.5,7.772942531747507,overpass_castle_polygon,high,"{""castle_type"": ""defensive"", ""historic"": ""castle"", ""name"": ""Burgruine Altenstein"", ""ruins"": ""yes"", ""wikidata"": ""Q1010752"", ""wikimedia_commons"": ""Category:Burg Altenstein"", ""wikipedia"": ""de:Burg Altenstein (Unterfranken)""}",50.171530096296294,10.734001492592588,8502.010141260398,8502.010141260398,8502.010141260398,108.79024305252824,105.4842848489061,,50.1715,10.7341,437.0,8502.010141260398,8502.010141260398,8502.010141260398,,437.0,osm_polygon,,open_elevation,Area calculated from OpenStreetMap polygon geometry using local UTM projection. This is a footprint/grounds/outline proxy depending on how the castle is mapped in OSM.,True,True,False,True,True,"OSM area was calculated from polygon geometry when available. OSM area should be interpreted as mapped footprint/grounds/outline area, not necessarily architectural floor area. Elevation was filled from Open-Elevation when no existing elevation value was present."
Q1010976,Berum Castle,Germany,Hage,53.6014,7.2973,1310.0,1591.0,281.0,mixed_exact_or_infobox,wikipedia_final_filled,wikipedia_final_filled,,,False,False,1310.0,1591.0,1310.0,,built,,1310.0,,1591.0,False,,,,,,,,0,0,0,0,,architectural heritage monument in Lower Saxony,,0,,,,,,,,https://en.wikipedia.org/wiki/Berum_Castle,http://www.wikidata.org/entity/Q1010976,"{'type': 'Moated castle in a village', 'open\xa0to the\xa0public': 'No', 'condition': 'Largely demolished', 'coordinates': '53°36′05″N 7°17′50″E \ufeff / \ufeff 53.6014°N 07.2973°E \ufeff / 53.6014; 07.2973', 'built': 'c. 1310', 'demolished': '1764'}",earliest:first mentioned in a document of 1310 | current_end:completed in 1591 with the construction of a spire,True,True,True,False,False,False,,,Moated castle in a village,"construction_duration_years is derived as end_year - start_year; for castles this may represent construction, reconstruction, restoration, or broader historical date span rather than literal build duration.",1310.0,1591.0,281.0,False,,,,,,,,way,56149704.0,Burg Berum,Polygon,200.0,1.0,51.35531646105972,overpass_castle_polygon,high,"{""addr:city"": ""Hage"", ""addr:housenumber"": ""1"", ""addr:postcode"": ""26524"", ""addr:street"": ""Burgstraße"", ""building"": ""yes"", ""castle_type"": ""stately"", ""castle_type:de"": ""Wasserschloss"", ""heritage"": ""4"", ""heritage:operator"": ""nld"", ""historic"": ""castle"", ""moated"": ""yes"", ""name"": ""Burg Berum"", ""source"": ""Orthophoto Umweltkartendienst des Landes Niedersachsen"", ""website"": ""https://burgberum.de/"", ""wikidata"": ""Q1010976"", ""wikimedia_commons"": ""File:Burg Berum.jpg"", ""wikipedia"": ""de:Burg Berum""}",53.60171241176471,7.297873229411765,789.1533849380427,789.1533849380427,789.1533849380427,51.58104706928134,51.43403210962424,,53.6014,7.2973,5.0,789.1533849380427,789.1533849380427,789.1533849380427,,5.0,osm_polygon,,open_elevation,Area calculated from OpenStreetMap polygon geometry using local UTM projection. This is a footprint/grounds/outline proxy depending on how the castle is mapped in OSM.,True,True,False,True,True,"OSM area was calculated from polygon geometry when available. OSM area should be interpreted as mapped footprint/grounds/outline area, not necessarily architectural floor area. Elevation was filled from Open-Elevation when no existing elevation value was present."
Q893095,Boosenburg,Germany,Rüdesheim am Rhein,49.9783,7.91806,1100.0,1200.0,100.0,mixed_exact_or_infobox,wikipedia_final_filled,wikipedia_final_filled,,,False,False,1100.0,1872.0,1100.0,,built,,,,1872.0,False,,,,,,,,0,0,0,0,,cultural heritage monument in Hesse,,0,,,,,,,,https://en.wikipedia.org/wiki/Boosenburg,http://www.wikidata.org/entity/Q893095,"{'type': 'lowland castle', 'code': 'DE-HE', 'condition': 'partly preserved', 'coordinates': '49°58′42″N 7°55′5″E \ufeff / \ufeff 49.97833°N 7.91806°E \ufeff / 49.97833; 7.91806', 'height': '90\xa0m\xa0above sea level (NN)', 'built': '12th century', 'occupants': 'Knights'}",current_end:completed in 1872,True,True,True,False,False,False,,,lowland castle,"construction_duration_years was manually corrected using the one-by-one online/historical duration review. For direct ranges, the checked build span is treated as primary. For broad century ranges, the value remains approximate.",1100.0,1872.0,772.0,True,BROAD_CENTURY_SPAN_COMPARE_CAUTION,manual_online_historical_review,broad_century_span,built: 12th century,Manual correction applied because the one-by-one online review found a broad historical build range or century-span range. The reviewed historical range is treated as primary over the previous derived date span.,772.0,100.0,way,51190995.0,Boosenburg,Polygon,175.0,1.0,8.923362409303548,overpass_castle_polygon,high,"{""addr:city"": ""Rüdesheim am Rhein"", ""addr:country"": ""DE"", ""addr:postcode"": ""65385"", ""building"": ""yes"", ""historic"": ""castle"", ""name"": ""Boosenburg"", ""wheelchair"": ""no"", ""wikidata"": ""Q893095"", ""wikipedia"": ""de:Boosenburg""}",49.97837692857142,7.9180955285714285,295.85339439754665,295.85339439754665,295.85339439754665,21.603538767434657,18.599392954085488,,49.9783,7.91806,89.0,295.85339439754665,295.85339439754665,295.85339439754665,,89.0,osm_polygon,,open_elevation,Area calculated from OpenStreetMap polygon geometry using local UTM projection. This is a footprint/grounds/outline proxy depending on how the castle is mapped in OSM.,True,True,False,True,True,"OSM area was calculated from polygon geometry when available. OSM area should be interpreted as mapped footprint/grounds/outline area, not necessarily architectural floor area. Elevation was filled from Open-Elevation when no existing elevation value was present."
Q828219,Dohna Castle,Germany,Dohna,50.953,13.8545,950.0,1830.0,880.0,mixed_exact_or_infobox,wikipedia_final_filled,wikipedia_final_filled,,,False,False,950.0,1830.0,950.0,,built,,1040.0,,1830.0,False,,,,,,,,0,0,0,0,,cultural heritage monument in Germany,,0,,,,,,,,https://en.wikipedia.org/wiki/Dohna_Castle,http://www.wikidata.org/entity/Q828219,"{'type': 'hill castle , spur castle', 'code': 'DE-SN', 'condition': 'wall remnant', 'coordinates': '50°57′05″N 13°51′14″E \ufeff / \ufeff 50.951514°N 13.853796°E \ufeff / 50.951514; 13.853796', 'height': '155\xa0m\xa0above sea level (NN)', 'built': 'around 950', 'occupants': 'burgraves, nobility'}",earliest:founded in 1906 | earliest:was founded in 1906 | earliest:first mentioned in records in 1040 in connection with the conflicts between king henry iii (1039–1056) and duke bretislaus of bohemia | current_end:completed in its present shape in 1830,True,True,True,False,False,False,,,"hill castle , spur castle","construction_duration_years is derived as end_year - start_year; for castles this may represent construction, reconstruction, restoration, or broader historical date span rather than literal build duration.",950.0,1830.0,880.0,False,,,,,,,,way,81113716.0,Burg Dohna,Polygon,200.0,1.0,5.939582728780848,overpass_castle_polygon,high,"{""castle_type"": ""defensive"", ""historic"": ""castle"", ""image"": ""https://commons.wikimedia.org/wiki/File:Dohna_Burg_(01)_2006-10-19.jpg"", ""landuse"": ""institutional"", ""layer"": ""1"", ""name"": ""Burg Dohna"", ""website"": ""https://burg-dohna.de/"", ""wikidata"": ""Q828219"", ""wikipedia"": ""cs:Donín (hrad)""}",50.95302718918918,13.854572986486488,6918.687361017663,6918.687361017663,6918.687361017663,158.0356334084645,89.88776785455411,,50.953,13.8545,167.0,6918.687361017663,6918.687361017663,6918.687361017663,,167.0,osm_polygon,,open_elevation,Area calculated from OpenStreetMap polygon geometry using local UTM projection. This is a footprint/grounds/outline proxy depending on how the castle is mapped in OSM.,True,True,False,True,True,"OSM area was calculated from polygon geometry when available. OSM area should be interpreted as mapped footprint/grounds/outline area, not necessarily architectural floor area. Elevation was filled from Open-Elevation when no existing elevation value was present."
Q153426,Eltz Castle,Germany,Wierschem,50.205,7.336666666,1157.0,1540.0,383.0,mixed_exact_or_infobox,wikipedia_final_filled,wikipedia_final_filled,,,False,False,1157.0,1540.0,1157.0,,construction started,,,,1540.0,False,,,,,,,,0,0,0,0,Romanesque architecture,cultural heritage monument in Germany,,0,,,,,,,,https://en.wikipedia.org/wiki/Eltz_Castle,http://www.wikidata.org/entity/Q153426,"{'type': 'Hill castle', 'architectural style': 'Romanesque , Baroque', 'location': 'Wierschem , D-56294 Münstermaifeld, Germany', 'coordinates': '50°12′18″N 7°20′12″E \ufeff / \ufeff 50.2050554°N 7.3365971°E \ufeff / 50.2050554; 7.3365971', 'elevation': '320\xa0m (1,050\xa0ft)', 'construction started': 'prior to 1157', 'owner': 'Dr. Karl Graf von und zu Eltz-Kempenich [ 1 ]'}",current_end:finished in 1540,True,True,True,False,False,False,,,Hill castle,"construction_duration_years is derived as end_year - start_year; for castles this may represent construction, reconstruction, restoration, or broader historical date span rather than literal build duration.",1157.0,1540.0,383.0,False,,,,,,,,way,238981197.0,Burg Eltz,Polygon,200.0,1.0,10.038568033611222,overpass_castle_polygon,high,"{""access"": ""customers"", ""building"": ""yes"", ""building:condition"": ""preserved"", ""castle_type"": ""defensive"", ""castle_type:de"": ""burg"", ""heritage"": ""yes"", ""historic"": ""castle"", ""historic:civilization"": ""medieval"", ""name"": ""Burg Eltz"", ""name:de"": ""Burg Eltz"", ""name:en"": ""Eltz Castle"", ""start_date"": ""C12"", ""tourism"": ""attraction"", ""website"": ""https://www.burg-eltz.de/"", ""wheelchair"": ""no"", ""wikidata"": ""Q153426"", ""wikipedia"": ""de:Burg Eltz""}",50.2050502225,7.336549454999999,1341.029987577977,1341.029987577977,1341.029987577977,64.41574817989022,36.38797314243857,,50.205,7.336666666,129.0,1341.029987577977,1341.029987577977,1341.029987577977,,129.0,osm_polygon,,open_elevation,Area calculated from OpenStreetMap polygon geometry using local UTM projection. This is a footprint/grounds/outline proxy depending on how the castle is mapped in OSM.,True,True,False,True,True,"OSM area was calculated from polygon geometry when available. OSM area should be interpreted as mapped footprint/grounds/outline area, not necessarily architectural floor area. Elevation was filled from Open-Elevation when no existing elevation value was present."
Q1353635,Erichsburg,Germany,Dassel,51.8226,9.7182,1200.0,1500.0,300.0,mixed_exact_or_infobox,wikipedia_final_filled,wikipedia_final_filled,,,False,False,1200.0,1500.0,,1500.0,,completed,1200.0,,,False,,,,,,,,0,0,0,0,,architectural heritage monument,,0,,,,,,,,https://en.wikipedia.org/wiki/Erichsburg,http://www.wikidata.org/entity/Q1353635,"{'type': 'Lowland castle ( Niederungsburg )', 'location': 'Dassel -Erichsburg', 'coordinates': '51°49′21″N 9°43′06″E \ufeff / \ufeff 51.822611°N 9.7182°E \ufeff / 51.822611; 9.7182', 'completed': 'about 1500 to 1600', 'owner': 'Originally owned by counts; today owned by the ADN Investment Group'}",earliest:built in the 16th century within the principality of calenberg  | earliest:built in the 13th century | earliest:was built in the 16th century within the principality of calenberg ,True,True,True,False,False,False,,,Lowland castle ( Niederungsburg ),"construction_duration_years is derived as end_year - start_year; for castles this may represent construction, reconstruction, restoration, or broader historical date span rather than literal build duration.",1200.0,1500.0,300.0,False,,,,,,,,,,,,,,,no_osm_match,none,,,,,,,,,,51.8226,9.7182,160.0,,,,,160.0,,,open_elevation,,False,False,False,True,True,"OSM area was calculated from polygon geometry when available. OSM area should be interpreted as mapped footprint/grounds/outline area, not necessarily architectural floor area. Elevation was filled from Open-Elevation when no existing elevation value was present."
Q1012085,Grubenhagen Castle,Germany,Einbeck,51.7647,9.81722,1200.0,1300.0,100.0,mixed_exact_or_infobox,wikipedia_final_filled,wikipedia_final_filled,,,False,False,1200.0,1300.0,,1300.0,,completed,1200.0,1520.0,,True,,,,,,,,0,0,0,0,,architectural heritage monument in Lower Saxony,,0,,,,,,,major reconstruction detected in wikipedia text,https://en.wikipedia.org/wiki/Grubenhagen_Castle_(Einbeck),http://www.wikidata.org/entity/Q1012085,"{'alternative names': 'Burg Grubenhagen', 'type': 'hill castle', 'classification': 'keep preserved', 'location': 'near Einbeck , Northeim district, Lower Saxony', 'coordinates': '51°45′53″N 9°49′02″E \ufeff / \ufeff 51.76472°N 9.81722°E \ufeff / 51.76472; 9.81722', 'completed': '12th/13th century', 'height': '298\xa0m\xa0above sea level (NN)'}",earliest:founded in 1291 by henry the admirable  | earliest:built in the 13th century | earliest:was built in the 13th century | earliest:first mentioned in the records in 1263 | current_start:rebuilt in 1520 as a supply depot,True,True,True,False,False,False,,,hill castle,"construction_duration_years is derived as end_year - start_year; for castles this may represent construction, reconstruction, restoration, or broader historical date span rather than literal build duration.",1200.0,1300.0,100.0,False,,,,,,,,way,24997452.0,Burg Grubenhagen,Polygon,200.0,1.0,7.860609310408017,overpass_castle_polygon,high,"{""access"": ""yes"", ""castle_type"": ""defensive"", ""historic"": ""castle"", ""name"": ""Burg Grubenhagen"", ""ruins"": ""yes"", ""wikidata"": ""Q1012085"", ""wikipedia"": ""de:Burg Grubenhagen (Einbeck)""}",51.764733899999996,9.817119766666668,4204.4829228461585,4204.4829228461585,4204.4829228461585,95.39877988398075,95.27375010610558,,51.7647,9.81722,285.0,4204.4829228461585,4204.4829228461585,4204.4829228461585,,285.0,osm_polygon,,open_elevation,Area calculated from OpenStreetMap polygon geometry using local UTM projection. This is a footprint/grounds/outline proxy depending on how the castle is mapped in OSM.,True,True,False,True,True,"OSM area was calculated from polygon geometry when available. OSM area should be interpreted as mapped footprint/grounds/outline area, not necessarily architectural floor area. Elevation was filled from Open-Elevation when no existing elevation value was present."
Q1015426,Neideck Castle,Germany,Wiesenttal,49.809209815,11.232578779,1050.0,2008.0,958.0,mixed_exact_or_infobox,wikipedia_final_filled,wikipedia_final_filled,,,False,False,1050.0,2008.0,1050.0,,built,,1100.0,,2008.0,False,,,,,,,,0,0,0,0,,architectural heritage monument in Bavaria,,0,,372.0,,,,,,https://en.wikipedia.org/wiki/Neideck_Castle,http://www.wikidata.org/entity/Q1015426,"{'type': 'hill castle , spur castle', 'code': 'DE-BY', 'condition': 'restored ruins', 'coordinates': '49°48′31″N 11°13′56″E \ufeff / \ufeff 49.808748°N 11.232245°E \ufeff / 49.808748; 11.232245', 'height': '402.9\xa0m\xa0above sea level (NN)', 'built': 'probably around 1050', 'materials': 'rubble stone walls, some with quoins', 'occupants': 'ministeriales'}","earliest:dates to the early 13th century | earliest:built in the 12th century | earliest:first mentioned in 1312 as the property of the edelfrei family of schlüsselberg  | current_end:completed in 2008 with the opening of an ""archaeological park"" on the castle site",True,True,True,False,False,False,,,"hill castle , spur castle","construction_duration_years is derived as end_year - start_year; for castles this may represent construction, reconstruction, restoration, or broader historical date span rather than literal build duration.",1050.0,2008.0,958.0,False,,,,,,,,,,,,,,,no_osm_match,none,,,,,,,,,,49.809209815,11.232578779,,,,,,372.0,,,existing,,False,False,False,True,True,"OSM area was calculated from polygon geometry when available. OSM area should be interpreted as mapped footprint/grounds/outline area, not necessarily architectural floor area. Elevation was filled from Open-Elevation when no existing elevation value was present."
Q435449,Old Castle (Koblenz),Germany,Koblenz,50.3624,7.59403,1185.0,1307.0,122.0,mixed_exact_or_infobox,wikipedia_final_filled,wikipedia_final_filled,,,False,False,1185.0,1307.0,1185.0,,built,,,,1307.0,False,,,,,,,,0,0,0,0,,cultural heritage monument in Germany,,0,,,,,,,,https://en.wikipedia.org/wiki/Old_Castle_(Koblenz),http://www.wikidata.org/entity/Q435449,"{'type': 'lowland castle and settlement', 'code': 'DE-RP', 'condition': 'preserved or largely preserved', 'coordinates': '50°21′44″N 7°35′39″E \ufeff / \ufeff 50.362361°N 7.594028°E \ufeff / 50.362361; 7.594028', 'built': 'around 1185', 'occupants': 'Archbishop of Trier'}",current_end:completed in 1307,True,True,True,False,False,False,,,lowland castle and settlement,"construction_duration_years is derived as end_year - start_year; for castles this may represent construction, reconstruction, restoration, or broader historical date span rather than literal build duration.",1185.0,1307.0,122.0,False,,,,,,,,way,155559340.0,Alte Burg,Polygon,140.0,0.0,10.156605199908537,overpass_castle_polygon,high,"{""addr:housenumber"": ""1"", ""addr:street"": ""Burgstraße"", ""building"": ""castle"", ""building:colour"": ""white"", ""castle_type"": ""defensive"", ""heritage"": ""yes"", ""heritage:operator"": ""gdke"", ""historic"": ""castle"", ""image"": ""https://photos.app.goo.gl/NkaMS8Ger2kAJ19X7"", ""name"": ""Alte Burg"", ""wikidata"": ""Q435449"", ""wikimedia_commons"": ""Category:Alte Burg (Koblenz)"", ""wikipedia"": ""de:Alte Burg (Koblenz)""}",50.3623412037037,7.594139574074075,514.4325930915066,514.4325930915066,514.4325930915066,34.725907624990214,22.98095610924065,,50.3624,7.59403,83.0,514.4325930915066,514.4325930915066,514.4325930915066,,83.0,osm_polygon,,open_elevation,Area calculated from OpenStreetMap polygon geometry using local UTM projection. This is a footprint/grounds/outline proxy depending on how the castle is mapped in OSM.,True,True,False,True,True,"OSM area was calculated from polygon geometry when available. OSM area should be interpreted as mapped footprint/grounds/outline area, not necessarily architectural floor area. Elevation was filled from Open-Elevation when no existing elevation value was present."
Q1013713,Ronneburg Castle,Germany,Ronneburg,50.238594841,9.061194449,1200.0,1549.0,349.0,text_inferred,wikipedia_final_filled,wikipedia_final_filled,,,False,False,1200.0,1549.0,,,,,1200.0,1654.0,1549.0,True,,,,,,,,0,0,0,0,,cultural heritage monument in Hesse,,0,,,,,,,major reconstruction detected in wikipedia text,https://en.wikipedia.org/wiki/Ronneburg_Castle,http://www.wikidata.org/entity/Q1013713,"{'alternative names': 'Raneberg, Roneberg', 'type': 'Hilltop castle', 'location': 'Ronneburg , Germany', 'coordinates': '50°14′N 9°4′E \ufeff / \ufeff 50.233°N 9.067°E \ufeff / 50.233; 9.067', 'elevation': '237 m'}",earliest:dates back to the 15th century | earliest:dates to the 16th century | earliest:dates to the 14th century when an additional gate was added in front of the core castle | earliest:founded in the 13th century as a mainz castle to secure the territory | earliest:built in the second quarter of the 14th century | earliest:was built in 1570 on the site of an older gatehouse | current_start:reconstructed in 1654 | current_end:completed in 1549,True,True,True,False,False,False,1200-01-01T00:00:00Z,,Hilltop castle,"construction_duration_years is derived as end_year - start_year; for castles this may represent construction, reconstruction, restoration, or broader historical date span rather than literal build duration.",1200.0,1549.0,349.0,False,,,,,,,,relation,68165.0,Burg Ronneburg,Polygon,200.0,1.0,34.187103813357076,overpass_castle_polygon,high,"{""addr:city"": ""Ronneburg"", ""addr:postcode"": ""63549"", ""addr:street"": ""Burg Ronneburg"", ""building"": ""yes"", ""castle_type"": ""defensive"", ""heritage"": ""yes"", ""historic"": ""castle"", ""leisure"": ""park"", ""name"": ""Burg Ronneburg"", ""phone"": ""+49 6048 950905"", ""toilets:wheelchair"": ""no"", ""type"": ""multipolygon"", ""website"": ""https://burg-ronneburg.de/"", ""wheelchair"": ""no"", ""wheelchair:description"": ""Im Restaurant selbst keine Toilette gefunden;eine weitere sei im Schloss, allerdings Eingang über (breite) Stufen"", ""wikidata"": ""Q1013713"", ""wikipedia"": ""de:Burg Ronneburg""}",50.238321306043964,9.060974972527472,6954.528116360269,6954.528116360269,6954.528116360269,127.65041384089272,98.81251171510667,,50.238594841,9.061194449,238.0,6954.528116360269,6954.528116360269,6954.528116360269,,238.0,osm_polygon,,open_elevation,Area calculated from OpenStreetMap polygon geometry using local UTM projection. This is a footprint/grounds/outline proxy depending on how the castle is mapped in OSM.,True,True,False,True,True,"OSM area was calculated from polygon geometry when available. OSM area should be interpreted as mapped footprint/grounds/outline area, not necessarily architectural floor area. Elevation was filled from Open-Elevation when no existing elevation value was present."
Q885098,Rötteln Castle,Germany,Lörrach,47.6382,7.668,1000.0,1100.0,100.0,mixed_exact_or_infobox,wikipedia_final_filled,wikipedia_final_filled,,,False,False,1000.0,1985.0,1000.0,,built,,1200.0,,1985.0,False,,,,,,,,0,0,0,0,,cultural heritage monument in Germany,stone,1,,,,,,,,https://en.wikipedia.org/wiki/R%C3%B6tteln_Castle,http://www.wikidata.org/entity/Q885098,"{'type': 'Castle', 'owner': 'Government of Baden-Württemberg', 'open\xa0to the\xa0public': 'March–October', 'condition': 'Ruins, partly conserved', 'built': 'c. 11th century', 'built\xa0by': 'Lords of Rötteln', 'in\xa0use': '11th century – 1678', 'materials': 'Stone ( 11th century architecture)', 'demolished': '29 June 1678', 'battles/wars': 'Thirty Years War Franco-Dutch War', 'events': '1356 Basel earthquake'}",earliest:dates back to the time of the noble lords of rötteln in the 13th century | current_end:rebuilt by the röttelnbund in 1985 and now houses event locations,True,True,True,True,False,False,1100-01-01T00:00:00Z,,Castle,"construction_duration_years was manually corrected using the one-by-one online/historical duration review. For direct ranges, the checked build span is treated as primary. For broad century ranges, the value remains approximate.",1000.0,1985.0,985.0,True,BROAD_CENTURY_SPAN_COMPARE_CAUTION,manual_online_historical_review,broad_century_span,built: c. 11th century,Manual correction applied because the one-by-one online review found a broad historical build range or century-span range. The reviewed historical range is treated as primary over the previous derived date span.,985.0,100.0,,,,,,,,no_osm_match,none,,,,,,,,,,47.6382,7.668,418.0,,,,,418.0,,,open_elevation,,False,False,False,True,True,"OSM area was calculated from polygon geometry when available. OSM area should be interpreted as mapped footprint/grounds/outline area, not necessarily architectural floor area. Elevation was filled from Open-Elevation when no existing elevation value was present."
Q1013835,Schadeck Castle,Germany,Schadeck,50.4083,8.15556,1288.0,2006.0,718.0,mixed_exact_or_infobox,wikipedia_final_filled,wikipedia_final_filled,,,False,False,1288.0,2006.0,1288.0,,built,,,,2006.0,False,,,,,,,,0,0,0,0,,cultural heritage monument in Germany,,0,,,,,,,,https://en.wikipedia.org/wiki/Schadeck_Castle,http://www.wikidata.org/entity/Q1013835,"{'type': 'hill castle', 'code': 'DE-HE', 'condition': 'preserved or largely preserved', 'coordinates': '50°24′30″N 8°09′20″E \ufeff / \ufeff 50.40833°N 8.15556°E \ufeff / 50.40833; 8.15556', 'height': 'Height missing, see template documentation Template:Höhe/Erro in parameter list', 'built': '1288', 'occupants': 'free nobility'}",current_end:completed in 2006,True,True,True,False,False,False,1288-01-01T00:00:00Z,,hill castle,"construction_duration_years is derived as end_year - start_year; for castles this may represent construction, reconstruction, restoration, or broader historical date span rather than literal build duration.",1288.0,2006.0,718.0,False,,,,,,,,,,,,,,,no_osm_match,none,,,,,,,,,,50.4083,8.15556,122.0,,,,,122.0,,,open_elevation,,False,False,False,True,True,"OSM area was calculated from polygon geometry when available. OSM area should be interpreted as mapped footprint/grounds/outline area, not necessarily architectural floor area. Elevation was filled from Open-Elevation when no existing elevation value was present."
Q151545,Wartburg,Germany,Eisenach,50.966111111,10.306388888,1067.0,1859.0,792.0,mixed_exact_or_infobox,wikipedia_final_filled,wikipedia_final_filled,,,False,False,1067.0,1859.0,1067.0,,construction started,,1080.0,,1859.0,False,Louis the Springer,founder,Louis the Springer,,,Thuringia,,1,0,1,0,Romanesque architecture,World Heritage Site,,0,,393.0,,,,,,https://en.wikipedia.org/wiki/Wartburg,http://www.wikidata.org/entity/Q151545,"{'former names': 'Wartberg', 'type': 'Castle', 'location': 'Eisenach , Germany', 'coordinates': '50°57′58″N 10°18′23″E \ufeff / \ufeff 50.96611°N 10.30639°E \ufeff / 50.96611; 10.30639', 'construction started': 'c. 1067', 'renovated': '19th and 20th centuries', 'landlord': 'Wartburg Stiftung', 'criteria': 'Cultural: iii, vi', 'reference': '897', 'inscription': '1999 (23rd Session )'}",earliest:dates to the 14th/15th century and is made up of several half-timbered buildings | earliest:built during the castle's reconstruction in the 19th century | earliest:was built in 1318 | earliest:first mentioned in a written document in 1080 by bruno | current_end:completed in 1859 and sits on the foundations of a medieval keep,True,True,True,False,False,True,1067-01-01T00:00:00Z,,Castle,"construction_duration_years is derived as end_year - start_year; for castles this may represent construction, reconstruction, restoration, or broader historical date span rather than literal build duration.",1067.0,1859.0,792.0,False,,,,,,,,way,42978884.0,"Parkplatz Wartburg ""P1""",Polygon,80.0,0.5,829.203665475253,overpass_castle_polygon,medium,"{""access"": ""yes"", ""amenity"": ""parking"", ""charge"": ""6.00 EUR/day"", ""fee"": ""yes"", ""name"": ""Parkplatz Wartburg \""P1\"""", ""parking"": ""surface""}",50.96568855833333,10.318210783333333,2289.5997274842,2289.5997274842,2289.5997274842,133.99882883322425,106.59776515327394,,50.966111111,10.306388888,,2289.5997274842,2289.5997274842,2289.5997274842,,393.0,osm_polygon,,existing,Area calculated from OpenStreetMap polygon geometry using local UTM projection. This is a footprint/grounds/outline proxy depending on how the castle is mapped in OSM.,True,True,False,True,True,"OSM area was calculated from polygon geometry when available. OSM area should be interpreted as mapped footprint/grounds/outline area, not necessarily architectural floor area. Elevation was filled from Open-Elevation when no existing elevation value was present."
Q637827,Wewelsburg,Germany,Büren,51.606773,8.651431,1603.0,1609.0,6.0,mixed_exact_or_infobox,wikipedia_final_filled,wikipedia_final_filled,,,False,False,1603.0,1609.0,1603.0,1609.0,construction started,completed,1936.0,,,False,Paderborn,owner,,,,Paderborn,,1,0,0,0,Renaissance architecture,architectural heritage monument in North Rhine-Westphalia,,0,,,,,,,,https://en.wikipedia.org/wiki/Wewelsburg,http://www.wikidata.org/entity/Q637827,"{'type': 'Castle', 'architectural style': 'Renaissance', 'location': 'Wewelsburg , Germany', 'coordinates': '51°36′23″N 8°39′06″E \ufeff / \ufeff 51.60639°N 8.65167°E \ufeff / 51.60639; 8.65167', 'current tenants': 'Kreismuseum Wewelsburg, Youth hostel', 'construction started': '1603', 'completed': '1609', 'renovated': '1650–1660 19th century 1930s/1940s 1948/1949 1973–1975', 'client': 'Dietrich von Fürstenberg [ de ]', 'owner': 'District of Paderborn'}","earliest:founded in 1936 the ""gesellschaft zur förderung und pflege deutscher kulturdenkmäler e",True,True,True,False,False,True,1603-01-01T00:00:00Z,,Castle,"construction_duration_years is derived as end_year - start_year; for castles this may represent construction, reconstruction, restoration, or broader historical date span rather than literal build duration.",1603.0,1609.0,6.0,False,,,,,,,,relation,3922836.0,Wewelsburg,Polygon,170.0,0.5,12.000164848033348,overpass_castle_polygon,high,"{""addr:city"": ""Büren"", ""addr:country"": ""DE"", ""addr:housenumber"": ""17"", ""addr:postcode"": ""33142"", ""addr:street"": ""Burgwall"", ""addr:suburb"": ""Wewelsburg"", ""alt_name"": ""Schloss Wewelsburg, Schloß Wewelsburg"", ""building"": ""yes"", ""building:architecture"": ""renaissance"", ""building:colour"": ""gray"", ""building:levels"": ""3"", ""building:material"": ""stone"", ""castle_type"": ""stately"", ""heritage"": ""8"", ""heritage:operator"": ""UntereDenkmalbehörde"", ""historic"": ""castle"", ""image"": ""File:Wewelsburg2010 b.jpg"", ""name"": ""Wewelsburg"", ""ref:büren"": ""12/2"", ""ref:gnd"": ""4199190-4"", ""ref:viaf"": ""239053687"", ""roof:colour"": ""silver"", ""source:addr"": ""NRW Atlas: ALKIS"", ""start_date"": ""(1123) 1603 - 1609"", ""type"": ""multipolygon"", ""wheelchair"": ""no"", ""wikidata"": ""Q637827"", ""wikimedia_commons"": ""Category:Wewelsburg"", ""wikipedia"": ""de:Wewelsburg""}",51.606833439999996,8.65128703882353,2558.9874539504744,2558.9874539504744,2558.9874539504744,81.7687739431858,63.696409745141864,,51.606773,8.651431,194.0,2558.9874539504744,2558.9874539504744,2558.9874539504744,,194.0,osm_polygon,,open_elevation,Area calculated from OpenStreetMap polygon geometry using local UTM projection. This is a footprint/grounds/outline proxy depending on how the castle is mapped in OSM.,True,True,False,True,True,"OSM area was calculated from polygon geometry when available. OSM area should be interpreted as mapped footprint/grounds/outline area, not necessarily architectural floor area. Elevation was filled from Open-Elevation when no existing elevation value was present."
Q4185801,Ardfinnan Castle,Ireland,Ardfinnan,52.31,-7.88,1185.0,1185.0,0.0,mixed_exact_or_infobox,wikipedia_final_filled,wikipedia_final_filled,,,False,False,1185.0,1185.0,,1185.0,,completed,1185.0,,,False,,,,,,,,0,0,0,0,,national monument of Ireland,,0,,,,,,,,https://en.wikipedia.org/wiki/Ardfinnan_Castle,http://www.wikidata.org/entity/Q4185801,"{'former names': 'Castrum de Harfinan', 'type': 'Castle', 'location': 'Ardfinnan , County Tipperary , Ireland', 'coordinates': '52°19′N 7°53′W \ufeff / \ufeff 52.31°N 7.88°W \ufeff / 52.31; -7.88', 'completed': '1185 ; 841\xa0years ago ( 1185 )', 'renovated': '1846', 'client': 'John, King of England', 'known for': ""John's first expedition to Ireland , Knights Templar""}",earliest:was built in 1185 by prince john of england ,True,True,True,False,False,False,1186-01-01T00:00:00Z,,Castle,"construction_duration_years is derived as end_year - start_year; for castles this may represent construction, reconstruction, restoration, or broader historical date span rather than literal build duration.",1185.0,1185.0,0.0,False,,,,,,,,way,519231923.0,Ardfinnan Castle,Polygon,190.0,1.0,141.0472629384519,overpass_castle_polygon,high,"{""access"": ""private"", ""castle_type"": ""defensive"", ""heritage"": ""yes"", ""historic"": ""castle"", ""name"": ""Ardfinnan Castle"", ""wikidata"": ""Q4185801"", ""wikipedia"": ""en:Ardfinnan Castle""}",52.31126548947368,-7.880142110526315,2251.6514308237083,2251.6514308237083,2251.6514308237083,60.50244910293259,50.4064685003832,,52.31,-7.88,30.0,2251.6514308237083,2251.6514308237083,2251.6514308237083,,30.0,osm_polygon,,open_elevation,Area calculated from OpenStreetMap polygon geometry using local UTM projection. This is a footprint/grounds/outline proxy depending on how the castle is mapped in OSM.,True,True,False,True,True,"OSM area was calculated from polygon geometry when available. OSM area should be interpreted as mapped footprint/grounds/outline area, not necessarily architectural floor area. Elevation was filled from Open-Elevation when no existing elevation value was present."
Q24196363,Ballycowan Castle,Ireland,Ballycowan,53.276419,-7.558745,1589.0,1589.0,0.0,mixed_exact_or_infobox,wikipedia_final_filled,wikipedia_final_filled,,,False,False,1589.0,1589.0,,1589.0,,completed,1589.0,,,False,,,,,,,,0,0,0,0,,,,0,,,,,,,,https://en.wikipedia.org/wiki/Ballycowan_Castle,http://www.wikidata.org/entity/Q24196363,"{'type': 'Castle / Fortified House', 'location': 'Ballycowan , County Offaly , Ireland', 'coordinates': '53°16′35″N 7°33′31″W \ufeff / \ufeff 53.276419°N 7.558745°W \ufeff / 53.276419; -7.558745', 'completed': '1589'}",earliest:was built in 1589 as a fortified house by thomas morres,True,True,True,False,False,False,,,Castle / Fortified House,"construction_duration_years is derived as end_year - start_year; for castles this may represent construction, reconstruction, restoration, or broader historical date span rather than literal build duration.",1589.0,1589.0,0.0,False,,,,,,,,way,242081206.0,Ballycowan Castle,Polygon,175.0,1.0,6.019252754552518,overpass_castle_polygon,high,"{""historic"": ""castle"", ""name"": ""Ballycowan Castle"", ""wikidata"": ""Q24196363"", ""wikipedia"": ""en:Ballycowan Castle""}",53.27636791428571,-7.558774942857143,343.58511246062835,343.58511246062835,343.58511246062835,22.427242959151044,17.470118511468172,,53.276419,-7.558745,53.0,343.58511246062835,343.58511246062835,343.58511246062835,,53.0,osm_polygon,,open_elevation,Area calculated from OpenStreetMap polygon geometry using local UTM projection. This is a footprint/grounds/outline proxy depending on how the castle is mapped in OSM.,True,True,False,True,True,"OSM area was calculated from polygon geometry when available. OSM area should be interpreted as mapped footprint/grounds/outline area, not necessarily architectural floor area. Elevation was filled from Open-Elevation when no existing elevation value was present."
Q2419871,Birr Castle,Ireland,Birr,53.095319444,-7.915541666,1170.0,1845.0,675.0,mixed_exact_or_infobox,wikipedia_final_filled,wikipedia_final_filled,,,False,False,1170.0,1845.0,1170.0,,built,,,,1845.0,False,,,,,,,,0,0,0,0,Victorian architecture,,,0,,,,,,,,https://en.wikipedia.org/wiki/Birr_Castle,http://www.wikidata.org/entity/Q2419871,"{'type': 'Castle', 'owner': 'Brendan Parsons, 7th Earl of Rosse', 'coordinates': '53°05′43″N 7°54′53″W \ufeff / \ufeff 53.09536°N 7.91476°W \ufeff / 53.09536; -7.91476', 'built': '1170 ( 1170 )'}",current_end:completed in 1845 | current_end:completed in 1845 and was used for several decades before the last observations were made in the first years of the 20th century,True,True,True,False,False,False,,,Castle,"construction_duration_years is derived as end_year - start_year; for castles this may represent construction, reconstruction, restoration, or broader historical date span rather than literal build duration.",1170.0,1845.0,675.0,False,,,,,,,,way,419215618.0,Birr Castle,Polygon,160.0,0.3333333333333333,44.8442308443168,overpass_castle_polygon,high,"{""building"": ""yes"", ""castle_type"": ""stately"", ""fixme"": ""Create relation to include walls and buildings."", ""historic"": ""castle"", ""historic:civilization"": ""early modern"", ""name"": ""Birr Castle"", ""name:ar"": ""قلعة بير"", ""name:ca"": ""Castell de Birr"", ""name:es"": ""Castillo de Birr"", ""name:eu"": ""Birr gaztelua"", ""name:ga"": ""Caisleán Bhiorra"", ""name:hy"": ""Բիր դղյակ"", ""name:it"": ""Castello di Birr"", ""name:pt"": ""Castelo de Birr"", ""name:ru"": ""Замок Бирр"", ""wikidata"": ""Q2419871"", ""wikipedia"": ""en:Birr Castle""}",53.09530604761905,-7.914870423809522,1119.340746977725,1119.340746977725,1119.340746977725,60.3270823857747,36.41956886090338,,53.095319444,-7.915541666,53.0,1119.340746977725,1119.340746977725,1119.340746977725,,53.0,osm_polygon,,open_elevation,Area calculated from OpenStreetMap polygon geometry using local UTM projection. This is a footprint/grounds/outline proxy depending on how the castle is mapped in OSM.,True,True,False,True,True,"OSM area was calculated from polygon geometry when available. OSM area should be interpreted as mapped footprint/grounds/outline area, not necessarily architectural floor area. Elevation was filled from Open-Elevation when no existing elevation value was present."
Q50427577,Kilcoe Castle,Ireland,County Cork,51.54024,-9.41442,1458.0,2004.0,546.0,mixed_exact_or_infobox,wikipedia_final_filled,wikipedia_final_filled,,,False,False,1458.0,2004.0,1458.0,2004.0,built,restored,1458.0,,,False,,,,,,,,0,0,0,0,,,,0,,,,,,,,https://en.wikipedia.org/wiki/Kilcoe_Castle,http://www.wikidata.org/entity/Q50427577,"{'type': 'Medieval castle', 'coordinates': '51°32′25″N 9°24′52″W \ufeff / \ufeff 51.54024°N 9.41442°W \ufeff / 51.54024; -9.41442', 'area': 'County Cork , Ireland', 'height': '26\xa0m (85\xa0ft)', 'built': '1458 [ 1 ]', 'built for': 'MacCarthys of Muskerry', 'restored': '2004', 'architectural style': 'tower house', 'governing body': 'On private land', 'owner': 'Jeremy Irons'}",earliest:was built in 1458 by the clan dermod branch of the maccarthys ,True,True,True,False,False,False,,,Medieval castle,"construction_duration_years is derived as end_year - start_year; for castles this may represent construction, reconstruction, restoration, or broader historical date span rather than literal build duration.",1458.0,2004.0,546.0,False,,,,,,,,,,,,,,,no_osm_match,none,,,,,,,,,,51.54024,-9.41442,7.0,,,,,7.0,,,open_elevation,,False,False,False,True,True,"OSM area was calculated from polygon geometry when available. OSM area should be interpreted as mapped footprint/grounds/outline area, not necessarily architectural floor area. Elevation was filled from Open-Elevation when no existing elevation value was present."
Q6927623,Moydrum Castle,Ireland,County Westmeath,53.4278,-7.8633,1812.0,1814.0,2.0,mixed_exact_or_infobox,wikipedia_final_filled,wikipedia_final_filled,,,False,False,1812.0,1814.0,1812.0,,built,,,,1814.0,False,,,,,,,,0,0,0,0,,,,0,,,,,,,,https://en.wikipedia.org/wiki/Moydrum_Castle,http://www.wikidata.org/entity/Q6927623,"{'type': 'Castle', 'condition': 'Ruin', 'area': '11,444 acres (46.3\xa0km 2 )', 'built': '1812 ( 1812 )', 'architect': 'Richard Morrison', 'in\xa0use': '1814 ( 1814 ) —1924 ( 1924 )', 'fate': 'Set alight on 4 July 1921 by the IRA'}",current_end:completed in 1814 and was described in a topographical dictionary of ireland ,True,True,True,False,False,False,,,Castle,"construction_duration_years is derived as end_year - start_year; for castles this may represent construction, reconstruction, restoration, or broader historical date span rather than literal build duration.",1812.0,1814.0,2.0,False,,,,,,,,way,1485004883.0,Moydrum Castle Woodland,Polygon,105.0,0.5,73.82930421421732,overpass_castle_polygon,high,"{""landuse"": ""forest"", ""leaf_cycle"": ""mixed"", ""leaf_type"": ""broadleaved"", ""name"": ""Moydrum Castle Woodland"", ""produce"": ""wood;timber""}",53.427168259999995,-7.86364293,2101.3492089936003,2101.3492089936003,2101.3492089936003,61.442159003578126,56.34564491407946,,53.4278,-7.8633,55.0,2101.3492089936003,2101.3492089936003,2101.3492089936003,,55.0,osm_polygon,,open_elevation,Area calculated from OpenStreetMap polygon geometry using local UTM projection. This is a footprint/grounds/outline proxy depending on how the castle is mapped in OSM.,True,True,False,True,True,"OSM area was calculated from polygon geometry when available. OSM area should be interpreted as mapped footprint/grounds/outline area, not necessarily architectural floor area. Elevation was filled from Open-Elevation when no existing elevation value was present."
Q3662403,Albertis Castle,Italy,Genoa,44.41842,8.92461,1886.0,1893.0,7.0,mixed_exact_or_infobox,wikipedia_final_filled,wikipedia_final_filled,,,False,False,1886.0,1893.0,1886.0,1893.0,construction started,completed,,,,False,Enrico Alberto d'Albertis,commissioner,,Enrico Alberto d'Albertis,Alfredo d'Andrade,Genoa,,1,1,0,1,Gothic Revival,Italian national heritage,,0,,,,,,,,https://en.wikipedia.org/wiki/D%27Albertis_Castle,http://www.wikidata.org/entity/Q3662403,"{'status': 'In use', 'type': 'Castle', 'architectural style': 'Gothic Revival', 'location': 'Corso Dogali, 18, Genoa, Italy', 'construction started': '1886', 'completed': '1893', 'floor count': '5', 'architect': ""Alfredo D'Andrade""}",,True,True,True,False,False,True,1892-01-01T00:00:00Z,,Castle,"construction_duration_years is derived as end_year - start_year; for castles this may represent construction, reconstruction, restoration, or broader historical date span rather than literal build duration.",1886.0,1893.0,7.0,False,,,,,,,,way,154545927.0,Castello D'Albertis,Polygon,175.0,1.0,22.95303015989573,overpass_castle_polygon,high,"{""building"": ""castle"", ""historic"": ""castle"", ""image"": ""http://www.castellodalbertiseventi.it/foto_album/photogallery.htm"", ""name"": ""Castello D'Albertis"", ""url"": ""https://www.museidigenova.it/it/castello-dalbertis-museo-delle-culture-del-mondo"", ""wheelchair"": ""yes"", ""wikidata"": ""Q3662403"", ""wikipedia"": ""it:Castello d'Albertis""}",44.41822018367347,8.924682524489796,1470.7073608530088,1470.7073608530088,1470.7073608530088,78.9863576265052,59.049451187078375,,44.41842,8.92461,69.0,1470.7073608530088,1470.7073608530088,1470.7073608530088,,69.0,osm_polygon,,open_elevation,Area calculated from OpenStreetMap polygon geometry using local UTM projection. This is a footprint/grounds/outline proxy depending on how the castle is mapped in OSM.,True,True,False,True,True,"OSM area was calculated from polygon geometry when available. OSM area should be interpreted as mapped footprint/grounds/outline area, not necessarily architectural floor area. Elevation was filled from Open-Elevation when no existing elevation value was present."
Q3995405,Branzoll Castle,Italy,Klausen,46.6401,11.5655,1250.0,1912.0,662.0,mixed_exact_or_infobox,wikipedia_final_filled,wikipedia_final_filled,,,False,False,1250.0,1912.0,1250.0,,built,,,,1912.0,False,,,,,,,,0,0,0,0,,Cultural heritage monument in South Tyrol,,0,,,,,,,,https://en.wikipedia.org/wiki/Branzoll_Castle,http://www.wikidata.org/entity/Q3995405,"{'type': 'Hill castle', 'code': 'IT-BZ', 'condition': 'Renovated in 1895 and 1911, inhabited', 'coordinates': '46°38′25″N 11°33′55″E \ufeff / \ufeff 46.64018°N 11.565366°E \ufeff / 46.64018; 11.565366', 'built': 'about 1250 (first documented mention)'}",current_end:completed in 1912,True,True,True,False,False,False,,,Hill castle,"construction_duration_years is derived as end_year - start_year; for castles this may represent construction, reconstruction, restoration, or broader historical date span rather than literal build duration.",1250.0,1912.0,662.0,False,,,,,,,,way,247119390.0,Schloss Branzoll,Polygon,175.0,1.0,9.999344797545444,overpass_castle_polygon,high,"{""building"": ""yes"", ""historic"": ""castle"", ""name"": ""Schloss Branzoll"", ""wikidata"": ""Q3995405""}",46.64012174166666,11.565372908333332,194.92501054649145,194.92501054649145,194.92501054649145,19.514274682849646,17.71500699222088,,46.6401,11.5655,553.0,194.92501054649145,194.92501054649145,194.92501054649145,,553.0,osm_polygon,,open_elevation,Area calculated from OpenStreetMap polygon geometry using local UTM projection. This is a footprint/grounds/outline proxy depending on how the castle is mapped in OSM.,True,True,False,True,True,"OSM area was calculated from polygon geometry when available. OSM area should be interpreted as mapped footprint/grounds/outline area, not necessarily architectural floor area. Elevation was filled from Open-Elevation when no existing elevation value was present."
Q3662312,Caldora-Cantelmo Castle,Italy,Pacentro,42.051671,13.995264,1000.0,1400.0,400.0,mixed_exact_or_infobox,wikipedia_final_filled,wikipedia_final_filled,,,False,False,1200.0,1500.0,1300.0,,built,,1200.0,,1500.0,False,,,,,,,,0,0,0,0,,Italian national heritage,,0,,,,,,,,https://en.wikipedia.org/wiki/Castello_Caldora,http://www.wikidata.org/entity/Q3662312,"{'type': 'Castle', 'coordinates': '42°03′06″N 13°59′44″E \ufeff / \ufeff 42.051643°N 13.995472°E \ufeff / 42.051643; 13.995472', 'built': '11th-14th century'}",earliest:dates back to the 11th-13th century | current_end:completed in the second half of the 15th century,True,True,True,False,False,False,,,Castle,"construction_duration_years was manually corrected using the one-by-one online/historical duration review. For direct ranges, the checked build span is treated as primary. For broad century ranges, the value remains approximate.",1200.0,1500.0,300.0,True,BROAD_CENTURY_SPAN_COMPARE_CAUTION,manual_online_historical_review,broad_century_span,built: 11th-14th century,Manual correction applied because the one-by-one online review found a broad historical build range or century-span range. The reviewed historical range is treated as primary over the previous derived date span.,300.0,400.0,way,380092454.0,Castello Caldora,Polygon,145.0,0.5,16.387119604902015,overpass_castle_polygon,high,"{""building"": ""yes"", ""height"": ""10 m"", ""historic"": ""castle"", ""historic:civilization"": ""medieval"", ""name"": ""Castello Caldora"", ""website"": ""https://fondoambiente.it/luoghi/castello-dei-cantelmo-e-borgo?ldc"", ""wheelchair"": ""limited"", ""wikidata"": ""Q3662312"", ""wikimedia_commons"": ""Category:Castello Caldora (Pacentro)"", ""wikipedia"": ""it:Castello Caldora (Pacentro)""}",42.051561364705876,13.995396629411765,1521.1754770073883,1521.1754770073883,1521.1754770073883,53.68508924136404,43.40610084403306,10.0,42.051671,13.995264,695.0,1521.1754770073883,1521.1754770073883,1521.1754770073883,10.0,695.0,osm_polygon,osm_height_tag,open_elevation,Area calculated from OpenStreetMap polygon geometry using local UTM projection. This is a footprint/grounds/outline proxy depending on how the castle is mapped in OSM.,True,True,True,True,True,"OSM area was calculated from polygon geometry when available. OSM area should be interpreted as mapped footprint/grounds/outline area, not necessarily architectural floor area. Elevation was filled from Open-Elevation when no existing elevation value was present."
Q23702078,Castello Orsini,Italy,Massa d'Albe,42.084233333,13.412480555,1300.0,1400.0,100.0,mixed_exact_or_infobox,wikipedia_final_filled,wikipedia_final_filled,,,False,False,1300.0,1372.0,1300.0,,built,,1300.0,,1372.0,False,,,,,,,,0,0,0,0,,,,0,,,,,,,,https://en.wikipedia.org/wiki/Castello_Orsini,http://www.wikidata.org/entity/Q23702078,"{'type': 'Castle', 'built': '14th century'}",earliest:built in the 14th century  | earliest:was built in the 14th century  | current_end:rebuilt by the orsini family starting in 1372 ,True,True,True,False,False,False,,,Castle,"construction_duration_years was manually corrected using the one-by-one online/historical duration review. For direct ranges, the checked build span is treated as primary. For broad century ranges, the value remains approximate.",1300.0,1372.0,72.0,True,BROAD_CENTURY_SPAN_COMPARE_CAUTION,manual_online_historical_review,broad_century_span,built: 14th century,Manual correction applied because the one-by-one online review found a broad historical build range or century-span range. The reviewed historical range is treated as primary over the previous derived date span.,72.0,100.0,way,230875050.0,Rocca Orsini,Polygon,145.0,0.5,19.42188385764662,overpass_castle_polygon,high,"{""building"": ""ruins"", ""historic"": ""castle"", ""name"": ""Rocca Orsini"", ""wikidata"": ""Q23702078""}",42.084264385714285,13.41224895714286,570.9507113182009,570.9507113182009,570.9507113182009,29.96417183795711,24.174251971766353,,42.084233333,13.412480555,999.0,570.9507113182009,570.9507113182009,570.9507113182009,,999.0,osm_polygon,,open_elevation,Area calculated from OpenStreetMap polygon geometry using local UTM projection. This is a footprint/grounds/outline proxy depending on how the castle is mapped in OSM.,True,True,False,True,True,"OSM area was calculated from polygon geometry when available. OSM area should be interpreted as mapped footprint/grounds/outline area, not necessarily architectural floor area. Elevation was filled from Open-Elevation when no existing elevation value was present."
Q21196197,Castello Visconteo,Italy,Vogogna,46.008101,8.295971,1400.0,1500.0,100.0,mixed_exact_or_infobox,wikipedia_final_filled,wikipedia_final_filled,,,False,False,1300.0,2001.0,1400.0,,built,,1300.0,,2001.0,False,,,,,,,,0,0,0,0,,Italian national heritage,,0,,,,,,,,https://en.wikipedia.org/wiki/Visconti_Castle_(Vogogna),http://www.wikidata.org/entity/Q21196197,"{'type': 'Medieval castle', 'owner': 'Municipality of Vogogna', 'open\xa0to the\xa0public': 'Yes', 'condition': 'Good', 'coordinates': '46°00′28″N 8°17′45″E \ufeff / \ufeff 46.00778°N 8.29583°E \ufeff / 46.00778; 8.29583', 'built': '15th century', 'built\xa0by': 'Filippo Maria Visconti', 'materials': 'Stone'}",earliest:built in the 14th century by the visconti  | earliest:was built in the 14th century by the visconti  | current_end:completed in 2001,True,True,True,False,False,False,,,Medieval castle,"construction_duration_years was manually corrected using the one-by-one online/historical duration review. For direct ranges, the checked build span is treated as primary. For broad century ranges, the value remains approximate.",1300.0,2001.0,701.0,True,BROAD_CENTURY_SPAN_COMPARE_CAUTION,manual_online_historical_review,broad_century_span,built: 15th century,Manual correction applied because the one-by-one online review found a broad historical build range or century-span range. The reviewed historical range is treated as primary over the previous derived date span.,701.0,100.0,way,1019085669.0,Castello Visconteo,Polygon,175.0,1.0,4.62298164526878,overpass_castle_polygon,high,"{""building"": ""yes"", ""description"": ""Per gli orari di visita si consiglia di visitare il sito."", ""email"": ""castellodivogogna@gmail.com"", ""historic"": ""castle"", ""lit"": ""no"", ""name"": ""Castello Visconteo"", ""phone"": ""+39 0324 347217"", ""website"": ""https://www.comune.vogogna.vb.it/it-it/appuntamenti/apertura-castello-visconteo-67704-1-ee5f9e206b0b25e253d67e246f0bc50e"", ""wikidata"": ""Q21196197""}",46.008116822727274,8.295915645454544,396.0398105346255,396.0398105346255,396.0398105346255,45.846307039959356,16.09920899849385,,46.008101,8.295971,235.0,396.0398105346255,396.0398105346255,396.0398105346255,,235.0,osm_polygon,,open_elevation,Area calculated from OpenStreetMap polygon geometry using local UTM projection. This is a footprint/grounds/outline proxy depending on how the castle is mapped in OSM.,True,True,False,True,True,"OSM area was calculated from polygon geometry when available. OSM area should be interpreted as mapped footprint/grounds/outline area, not necessarily architectural floor area. Elevation was filled from Open-Elevation when no existing elevation value was present."
Q3662392,Castello Visconteo,Italy,Lodi,45.31239,9.498982,1100.0,1400.0,300.0,text_inferred,wikipedia_final_filled,wikipedia_final_filled,,,False,False,1100.0,1355.0,,,,,1100.0,,1355.0,False,Frederick Barbarossa,commissioner,,Frederick Barbarossa,,,,0,0,0,1,,Italian national heritage,,0,,,,,,,,https://en.wikipedia.org/wiki/Visconti_Castle_(Lodi),http://www.wikidata.org/entity/Q3662392,"{'type': 'Medieval castle', 'coordinates': '45°18′44″N 9°29′55″E \ufeff / \ufeff 45.31222°N 9.49861°E \ufeff / 45.31222; 9.49861', 'built': '12th-14th centuries', 'built\xa0by': 'Frederick Barbarossa , Bernabò Visconti'}",earliest:founded in the 12th century by frederick barbarossa  | current_end:rebuilt by him between 1355 and 1370,True,True,True,False,False,True,,,Medieval castle,"construction_duration_years was manually corrected using the one-by-one online/historical duration review. For direct ranges, the checked build span is treated as primary. For broad century ranges, the value remains approximate.",1100.0,1355.0,255.0,True,BROAD_CENTURY_SPAN_COMPARE_CAUTION,manual_online_historical_review,broad_century_span,built: 12th-14th centuries,Manual correction applied because the one-by-one online review found a broad historical build range or century-span range. The reviewed historical range is treated as primary over the previous derived date span.,255.0,300.0,way,693546249.0,Castello visconteo,Polygon,200.0,1.0,24.028929067098314,overpass_castle_polygon,high,"{""building"": ""castle"", ""castle_type"": ""defensive"", ""historic"": ""castle"", ""name"": ""Castello visconteo"", ""wikidata"": ""Q3662392"", ""wikipedia"": ""it:Castello Visconteo (Lodi)""}",45.312414744444446,9.498676733333333,1427.9583870561303,1427.9583870561303,1427.9583870561303,93.43572536495049,56.32042200118303,,45.31239,9.498982,80.0,1427.9583870561303,1427.9583870561303,1427.9583870561303,,80.0,osm_polygon,,open_elevation,Area calculated from OpenStreetMap polygon geometry using local UTM projection. This is a footprint/grounds/outline proxy depending on how the castle is mapped in OSM.,True,True,False,True,True,"OSM area was calculated from polygon geometry when available. OSM area should be interpreted as mapped footprint/grounds/outline area, not necessarily architectural floor area. Elevation was filled from Open-Elevation when no existing elevation value was present."
Q3662394,Castello Visconteo,Italy,Voghera,44.989371,9.009289,1335.0,1372.0,37.0,mixed_exact_or_infobox,wikipedia_final_filled,wikipedia_final_filled,,,False,False,1300.0,1372.0,1335.0,,built,,1300.0,,1372.0,False,,,,,,,,0,0,0,0,,Italian national heritage,,0,,,,,,,,https://en.wikipedia.org/wiki/Visconti_Castle_(Voghera),http://www.wikidata.org/entity/Q3662394,"{'type': 'Medieval castle , noble residence', 'owner': 'Italian State', 'open\xa0to the\xa0public': 'Occasionally, for exhibitions or cultural events', 'condition': 'Good', 'coordinates': '44°59′21″N 9°00′33″E \ufeff / \ufeff 44.98917°N 9.00917°E \ufeff / 44.98917; 9.00917', 'built': '1335–1372', 'built\xa0by': 'Azzone Visconti and Galeazzo II Visconti', 'materials': 'Bricks'}",earliest:built in the 14th century by the visconti  | earliest:was built in the 14th century by the visconti  | current_end:completed by galeazzo ii visconti in 1372,True,True,True,False,False,False,1335-01-01T00:00:00Z,,"Medieval castle , noble residence","construction_duration_years was manually corrected using the one-by-one online/historical duration review. For direct ranges, the checked build span is treated as primary. For broad century ranges, the value remains approximate.",1300.0,1372.0,72.0,True,DIFFERS,manual_online_historical_review,built_year_range,built: 1335–1372,Manual correction applied because the one-by-one online review found a direct build span that differed from the file's derived construction_duration_years. The online/historical build span is treated as primary.,72.0,37.0,way,1103837297.0,Castello Visconteo,Polygon,175.0,1.0,17.955151261169096,overpass_castle_polygon,high,"{""historic"": ""castle"", ""name"": ""Castello Visconteo"", ""note:it"": ""Allineato a CTR-DBT Lombardia"", ""ruins"": ""no"", ""wikidata"": ""Q3662394"", ""wikipedia"": ""it:Castello Visconteo (Voghera)""}",44.989251433333344,9.009135549999998,2791.3770028129347,2791.3770028129347,2791.3770028129347,60.32340981159359,57.354450463026296,,44.989371,9.009289,102.0,2791.3770028129347,2791.3770028129347,2791.3770028129347,,102.0,osm_polygon,,open_elevation,Area calculated from OpenStreetMap polygon geometry using local UTM projection. This is a footprint/grounds/outline proxy depending on how the castle is mapped in OSM.,True,True,False,True,True,"OSM area was calculated from polygon geometry when available. OSM area should be interpreted as mapped footprint/grounds/outline area, not necessarily architectural floor area. Elevation was filled from Open-Elevation when no existing elevation value was present."
Q3662484,Castello di Belgioioso,Italy,Belgioioso,45.160394,9.313197,1300.0,1400.0,100.0,mixed_exact_or_infobox,wikipedia_final_filled,wikipedia_final_filled,,,False,False,1300.0,1400.0,1300.0,,built,,,,1400.0,False,,,,,,,,0,0,0,0,,Italian national heritage,,0,,,,,,,,https://en.wikipedia.org/wiki/Belgioioso_Castle,http://www.wikidata.org/entity/Q3662484,"{'type': 'Medieval Castle', 'coordinates': '45°09′37″N 9°18′47″E \ufeff / \ufeff 45.16028°N 9.31306°E \ufeff / 45.16028; 9.31306', 'built': '14th century'}",current_end:rebuilt by galeazzo ii in the second half of the 14th century in an extensive visconti property in the territory where the town of belgioioso later arose,True,True,True,False,False,False,,,Medieval Castle,"construction_duration_years is derived as end_year - start_year; for castles this may represent construction, reconstruction, restoration, or broader historical date span rather than literal build duration.",1300.0,1400.0,100.0,False,,,,,,,,relation,1640313.0,Castello di Belgioioso,Polygon,200.0,1.0,7.275983277254388,overpass_castle_polygon,high,"{""access"": ""yes"", ""building"": ""yes"", ""castle_type"": ""palace"", ""historic"": ""castle"", ""historic:civilization"": ""medieval"", ""name"": ""Castello di Belgioioso"", ""start_date"": ""C14"", ""type"": ""multipolygon"", ""website"": ""https://www.belgioioso.it/"", ""wikidata"": ""Q3662484"", ""wikipedia"": ""it:Castello di Belgioioso""}",45.16033218846154,9.31316655,8632.422387846778,8632.422387846778,8632.422387846778,107.13163972087204,106.40297822153661,,45.160394,9.313197,74.0,8632.422387846778,8632.422387846778,8632.422387846778,,74.0,osm_polygon,,open_elevation,Area calculated from OpenStreetMap polygon geometry using local UTM projection. This is a footprint/grounds/outline proxy depending on how the castle is mapped in OSM.,True,True,False,True,True,"OSM area was calculated from polygon geometry when available. OSM area should be interpreted as mapped footprint/grounds/outline area, not necessarily architectural floor area. Elevation was filled from Open-Elevation when no existing elevation value was present."
Q2968443,Castle of Barletta,Italy,Barletta,41.321042,16.288691,1000.0,1100.0,100.0,mixed_exact_or_infobox,wikipedia_final_filled,wikipedia_final_filled,,,False,False,1000.0,2009.0,1000.0,,built,,,,2009.0,False,"Frederick II, Holy Roman Emperor",owner,,,,"Frederick II, Holy Roman Emperor",,1,0,0,0,,Italian national heritage,,0,,,,,,,,https://en.wikipedia.org/wiki/Castle_of_Barletta,http://www.wikidata.org/entity/Q2968443,"{'type': 'Medieval-Renaissance castle', 'owner': 'Municipality of Barletta', 'open\xa0to the\xa0public': 'Yes, through guided tours except on Mondays', 'condition': 'Restored between 1973 and 1988', 'website': 'http://www.comune.barletta.bt.it/retecivica/citta/luoghi/castello/castello.html', 'coordinates': '41°19′15″N 16°17′18″E \ufeff / \ufeff 41.320833°N 16.288333°E \ufeff / 41.320833; 16.288333', 'built': '11th century-17th century', 'events': '1915: the castle came under attack by the Austrian scout cruiser Helgoland .', 'past commanders': 'William I of Sicily Frederick II, Holy Roman Emperor Charles I of Anjou Charles V, Holy Roman Emperor Philip IV of Spain', 'garrison': 'Home of the Municipal Museum and the Municipal Library'}",current_end:completed in may 2009,True,True,True,False,False,True,,,Medieval-Renaissance castle,"construction_duration_years was manually corrected using the one-by-one online/historical duration review. For direct ranges, the checked build span is treated as primary. For broad century ranges, the value remains approximate.",1000.0,2009.0,1009.0,True,BROAD_CENTURY_SPAN_COMPARE_CAUTION,manual_online_historical_review,broad_century_span,built: 11th century-17th century,Manual correction applied because the one-by-one online review found a broad historical build range or century-span range. The reviewed historical range is treated as primary over the previous derived date span.,1009.0,100.0,relation,3966963.0,Castello di Barletta,Polygon,170.0,0.5,13.751153225905016,overpass_castle_polygon,high,"{""access"": ""yes"", ""building"": ""castle"", ""building:levels"": ""4"", ""castle_type"": ""fortress"", ""historic"": ""castle"", ""name"": ""Castello di Barletta"", ""name:es"": ""Castillo de Barletta"", ""name:fr"": ""Château de Barletta"", ""name:it"": ""Castello di Barletta"", ""roof:shape"": ""many"", ""tourism"": ""attraction"", ""type"": ""multipolygon"", ""wheelchair"": ""yes"", ""wikidata"": ""Q2968443"", ""wikipedia"": ""it:Castello di Barletta"", ""wikipedia:es"": ""es:Castillo de Barletta""}",41.321124492452824,16.28856832264151,10173.340022647883,10173.340022647883,10173.340022647883,169.76166022277903,167.55538183357567,,41.321042,16.288691,2.0,10173.340022647883,10173.340022647883,10173.340022647883,,2.0,osm_polygon,,open_elevation,Area calculated from OpenStreetMap polygon geometry using local UTM projection. This is a footprint/grounds/outline proxy depending on how the castle is mapped in OSM.,True,True,False,True,True,"OSM area was calculated from polygon geometry when available. OSM area should be interpreted as mapped footprint/grounds/outline area, not necessarily architectural floor area. Elevation was filled from Open-Elevation when no existing elevation value was present."
Q3662932,Castle of Trezzo sull'Adda,Italy,Trezzo sull'Adda,45.611823,9.52224,1370.0,1377.0,7.0,mixed_exact_or_infobox,wikipedia_final_filled,wikipedia_final_filled,,,False,False,1370.0,1377.0,1370.0,,built,,,,1377.0,False,Bernabò Visconti,commissioner,,Bernabò Visconti,,,,0,0,0,1,,Italian national heritage,,0,42.0,,,,,height=42.0m,,https://en.wikipedia.org/wiki/Visconti_Castle_(Trezzo_sull%27Adda),http://www.wikidata.org/entity/Q3662932,"{'type': 'Medieval castle', 'owner': ""Municipality of Trezzo sull'Adda"", 'open\xa0to the\xa0public': 'Yes', 'condition': 'Mostly ruined; good the surviving parts (tower and part of the casemates)', 'coordinates': '45°36′42″N 9°31′20″E \ufeff / \ufeff 45.61167°N 9.52222°E \ufeff / 45.61167; 9.52222', 'height': '42\xa0m (138\xa0ft)  (tower)', 'built': '1370–1377', 'built\xa0by': 'Bernabò Visconti', 'materials': 'Stone , cobblestone and bricks', 'events': 'Imprisonment and death of Bernabò Visconti (1385)'}",current_end:completed in 1377,True,True,True,False,True,True,1370-01-01T00:00:00Z,,Medieval castle,"construction_duration_years is derived as end_year - start_year; for castles this may represent construction, reconstruction, restoration, or broader historical date span rather than literal build duration.",1370.0,1377.0,7.0,False,,,,,,,,way,450348506.0,Antico ponte visconteo,Polygon,83.0,0.0,64.21251334067391,overpass_castle_polygon,high,"{""alt_name"": ""Ponte di Bernabò Visconti"", ""barrier"": ""wall"", ""building:colour"": ""#e1d5c9"", ""building:material"": ""stone"", ""colour"": ""#e1d5c9"", ""historic"": ""ruins"", ""name"": ""Antico ponte visconteo"", ""start_date"": ""1370"", ""wikidata"": ""Q1495209""}",45.61206614,9.5229888,98.39496927448756,98.39496927448756,98.39496927448756,11.672296388074756,11.190222912700847,,45.611823,9.52224,171.0,98.39496927448756,98.39496927448756,98.39496927448756,42.0,171.0,osm_polygon,existing,open_elevation,Area calculated from OpenStreetMap polygon geometry using local UTM projection. This is a footprint/grounds/outline proxy depending on how the castle is mapped in OSM.,True,True,True,True,True,"OSM area was calculated from polygon geometry when available. OSM area should be interpreted as mapped footprint/grounds/outline area, not necessarily architectural floor area. Elevation was filled from Open-Elevation when no existing elevation value was present."
Q1011701,Festenstein Castle,Italy,Eppan an der Weinstraße,46.511994,11.218769,1200.0,1300.0,100.0,mixed_exact_or_infobox,wikipedia_final_filled,wikipedia_final_filled,,,False,False,1200.0,2008.0,1200.0,2008.0,built,restored,,,,False,,,,,,,,0,0,0,0,,Cultural heritage monument in South Tyrol,,0,,,,,,,,https://en.wikipedia.org/wiki/Festenstein_Castle,http://www.wikidata.org/entity/Q1011701,"{'type': 'Castle ruin', 'location': 'Andrian , South Tyrol , Italy', 'nearest city': 'Bolzano', 'coordinates': '46°30′43″N 11°13′07″E \ufeff / \ufeff 46.5119°N 11.2187°E \ufeff / 46.5119; 11.2187', 'built': '13th century', 'built for': 'Warlords of the region', 'original use': 'Stronghold, tax collection', 'restored': '2008', 'restored by': 'South Tyrolean Office for Cultural Heritage', 'current use': 'Preservation site', 'owner': 'Count Meinhard Khuen von Belasi'}",,True,True,True,False,False,False,,,Castle ruin,"construction_duration_years was manually corrected using the one-by-one online/historical duration review. For direct ranges, the checked build span is treated as primary. For broad century ranges, the value remains approximate.",1200.0,2008.0,808.0,True,BROAD_CENTURY_SPAN_COMPARE_CAUTION,manual_online_historical_review,broad_century_span,built: 13th century,Manual correction applied because the one-by-one online review found a broad historical build range or century-span range. The reviewed historical range is treated as primary over the previous derived date span.,808.0,100.0,way,161411139.0,Festenstein - Castelforte,Polygon,145.0,0.5,3.4167352661556025,overpass_castle_polygon,high,"{""building"": ""yes"", ""historic"": ""castle"", ""name"": ""Festenstein - Castelforte"", ""name:de"": ""Festenstein"", ""name:it"": ""Castelforte"", ""ruins"": ""yes"", ""wikidata"": ""Q1011701"", ""wikipedia"": ""it:Castelforte (Appiano)""}",46.51199153181819,11.218813504545455,611.237857974848,611.237857974848,611.237857974848,43.488230790011585,26.65556230826769,,46.511994,11.218769,527.0,611.237857974848,611.237857974848,611.237857974848,,527.0,osm_polygon,,open_elevation,Area calculated from OpenStreetMap polygon geometry using local UTM projection. This is a footprint/grounds/outline proxy depending on how the castle is mapped in OSM.,True,True,False,True,True,"OSM area was calculated from polygon geometry when available. OSM area should be interpreted as mapped footprint/grounds/outline area, not necessarily architectural floor area. Elevation was filled from Open-Elevation when no existing elevation value was present."
Q15712465,Piccolomini Castle,Italy,Capestrano,42.267815,13.769108,1485.0,1485.0,0.0,mixed_exact_or_infobox,wikipedia_final_filled,wikipedia_final_filled,,,False,False,1485.0,1485.0,1485.0,,built,,,,1485.0,False,,,,,,,,0,0,0,0,,Italian national heritage,,0,,,,,,,,https://en.wikipedia.org/wiki/Castello_Piccolomini_(Capestrano),http://www.wikidata.org/entity/Q15712465,"{'type': 'Castle', 'coordinates': '42°16′05″N 13°46′10″E \ufeff / \ufeff 42.268001°N 13.769348°E \ufeff / 42.268001; 13.769348', 'built': '1485'}",current_end:completed in 1485,True,True,True,False,False,False,1485-01-01T00:00:00Z,,Castle,"construction_duration_years is derived as end_year - start_year; for castles this may represent construction, reconstruction, restoration, or broader historical date span rather than literal build duration.",1485.0,1485.0,0.0,False,,,,,,,,relation,12099795.0,Castello Piccolomini,MultiPolygon,175.0,1.0,17.613194821983907,overpass_castle_polygon,high,"{""building"": ""yes"", ""historic"": ""castle"", ""name"": ""Castello Piccolomini"", ""start_date"": ""1485"", ""tourism"": ""attraction"", ""type"": ""multipolygon"", ""wikidata"": ""Q15712465"", ""wikipedia"": ""it:Castello Piccolomini (Capestrano)""}",42.267957218181806,13.769202248484847,1331.8934135509999,1331.8934135509999,1331.8934135509999,69.02980925049633,58.65986932843225,,42.267815,13.769108,492.0,1331.8934135509999,1331.8934135509999,1331.8934135509999,,492.0,osm_polygon,,open_elevation,Area calculated from OpenStreetMap polygon geometry using local UTM projection. This is a footprint/grounds/outline proxy depending on how the castle is mapped in OSM.,True,True,False,True,True,"OSM area was calculated from polygon geometry when available. OSM area should be interpreted as mapped footprint/grounds/outline area, not necessarily architectural floor area. Elevation was filled from Open-Elevation when no existing elevation value was present."
Q3662360,Piccolomini Castle,Italy,Celano,42.084491,13.545808,1451.0,1960.0,509.0,mixed_exact_or_infobox,wikipedia_final_filled,wikipedia_final_filled,,,False,False,1451.0,1960.0,1451.0,,built,,,,1960.0,False,,,,,,,,0,0,0,0,Gothic art,Italian national heritage,,0,,,,,,,,https://en.wikipedia.org/wiki/Castello_Piccolomini_(Celano),http://www.wikidata.org/entity/Q3662360,"{'type': 'Castle', 'coordinates': '42°05′05″N 13°32′43″E \ufeff / \ufeff 42.084626°N 13.545257°E \ufeff / 42.084626; 13.545257', 'built': '1451'}",current_end:completed in 1960,True,True,True,False,False,False,1392-01-01T00:00:00Z,,Castle,"construction_duration_years is derived as end_year - start_year; for castles this may represent construction, reconstruction, restoration, or broader historical date span rather than literal build duration.",1451.0,1960.0,509.0,False,,,,,,,,,,,,,,,no_osm_match,none,,,,,,,,,,42.084491,13.545808,841.0,,,,,841.0,,,open_elevation,,False,False,False,True,True,"OSM area was calculated from polygon geometry when available. OSM area should be interpreted as mapped footprint/grounds/outline area, not necessarily architectural floor area. Elevation was filled from Open-Elevation when no existing elevation value was present."
Q1775907,Rocchetta Mattei,Italy,Grizzana Morandi,44.223814,11.059786,1800.0,1900.0,100.0,mixed_exact_or_infobox,wikipedia_final_filled,wikipedia_final_filled,,,False,False,1850.0,1900.0,1850.0,1900.0,construction started,completed,1997.0,,1896.0,False,Cesare Mattei,commissioner,,Cesare Mattei,,,,0,0,0,1,Art Nouveau architecture | Renaissance Revival architecture | Moorish architecture | Gothic Revival,Italian national heritage,,0,,,,,,,,https://en.wikipedia.org/wiki/Rocchetta_Mattei,http://www.wikidata.org/entity/Q1775907,"{'type': 'Castle, former sanatorium', 'location': 'Riola, Emilia-Romagna , Italy', 'coordinates': '44°13′25″N 11°03′36″E \ufeff / \ufeff 44.22361°N 11.06000°E \ufeff / 44.22361; 11.06000', 'construction started': '1850', 'completed': 'late 19th century', 'owner': 'Fondazione Cassa di Risparmio in Bologna', 'architects': 'Cesare Mattei (patron and designer)'}",earliest:founded in 1997 and that it curates documents and objects related to mattei and electrohomeopathy | current_end:completed by the time of his death in 1896,True,True,True,False,False,True,1850-01-01T00:00:00Z,,"Castle, former sanatorium","construction_duration_years was manually corrected using the one-by-one online/historical duration review. For direct ranges, the checked build span is treated as primary. For broad century ranges, the value remains approximate.",1850.0,1900.0,50.0,True,BROAD_CENTURY_SPAN_COMPARE_CAUTION,manual_online_historical_review,completed_century_only,completed: late 19th century,Manual correction applied because the one-by-one online review found a broad historical build range or century-span range. The reviewed historical range is treated as primary over the previous derived date span.,50.0,100.0,relation,2101194.0,Rocchetta Mattei,Polygon,200.0,1.0,29.428117306407554,overpass_castle_polygon,high,"{""access"": ""customers"", ""addr:city"": ""Grizzana Morandi"", ""addr:country"": ""IT"", ""addr:housenumber"": ""46A"", ""addr:postcode"": ""40030"", ""addr:province"": ""BO"", ""addr:street"": ""SP62 Riola-Savignano"", ""architect"": ""Cesare Mattei"", ""architectural_style"": ""eclectic;Moorish Revival;Gothic Revival;medieval revival"", ""building"": ""castle"", ""castle_type"": ""stately"", ""contact:email"": ""rocchettamattei@comune.grizzanamorandi.bo.it"", ""contact:phone"": ""+39 051 673 0335"", ""description"": ""Castello eclettico ottocentesco costruito dal conte Cesare Mattei a partire dal 1850 sulle rovine della Rocca di Savignano. Mescola elementi medievali, moreschi e neorinascimentali; fu dimora di Mattei e centro legato alla diffusione dell’elettromeopatia."", ""dog"": ""no"", ""fee"": ""yes"", ""guided_tour"": ""yes"", ""historic"": ""castle"", ""museum"": ""yes"", ""name"": ""Rocchetta Mattei"", ""operator"": ""Comune di Grizzana Morandi"", ""owner"": ""Fondazione Cassa di Risparmio in Bologna"", ""ref:mibact"": ""122696"", ""reservation"": ""required"", ""source"": ""survey;Rocchetta Mattei official website;Fondazione Carisbo;Wikidata"", ""start_date"": ""1850"", ""stroller"": ""no"", ""tourism"": ""attraction"", ""type"": ""multipolygon"", ""website"": ""https://www.rocchetta-mattei.it/"", ""wikidata"": ""Q1775907"", ""wikimedia_commons"": ""Category:Rocchetta Mattei"", ""wikipedia"": ""it:Rocchetta Mattei""}",44.2235709890625,11.059639731250002,1846.6733827182347,1846.6733827182347,1846.6733827182347,82.28556977491826,54.41067922208458,,44.223814,11.059786,312.0,1846.6733827182347,1846.6733827182347,1846.6733827182347,,312.0,osm_polygon,,open_elevation,Area calculated from OpenStreetMap polygon geometry using local UTM projection. This is a footprint/grounds/outline proxy depending on how the castle is mapped in OSM.,True,True,False,True,True,"OSM area was calculated from polygon geometry when available. OSM area should be interpreted as mapped footprint/grounds/outline area, not necessarily architectural floor area. Elevation was filled from Open-Elevation when no existing elevation value was present."
Q3662376,Visconti-Sforza Castle,Italy,Galliate,45.478392,8.696201,1400.0,1500.0,100.0,mixed_exact_or_infobox,wikipedia_final_filled,wikipedia_final_filled,,,False,False,1400.0,1496.0,1400.0,,built,,1400.0,,1496.0,False,,,,,,,,0,0,0,0,,Italian national heritage,,0,,,,,,,,https://en.wikipedia.org/wiki/Visconti-Sforza_Castle_(Galliate),http://www.wikidata.org/entity/Q3662376,"{'type': 'Medieval castle', 'owner': 'Municipality of Galliate; private', 'open\xa0to the\xa0public': 'Yes', 'condition': 'Good', 'coordinates': '45°28′43″N 8°41′46″E \ufeff / \ufeff 45.47861°N 8.69611°E \ufeff / 45.47861; 8.69611', 'length': '108\xa0m (354\xa0ft)', 'built': '15th century', 'built\xa0by': 'Visconti , Sforza houses', 'materials': 'Bricks'}",earliest:was erected in the 15th century by the sforza  | current_end:completed in 1496 under the rule of ludovico il moro  | current_end:rebuilt by galeazzo ii visconti in 1350-60 as an outpost near the ticino river's bridgehead,True,True,True,False,False,False,1476-01-01T00:00:00Z,,Medieval castle,"construction_duration_years was manually corrected using the one-by-one online/historical duration review. For direct ranges, the checked build span is treated as primary. For broad century ranges, the value remains approximate.",1400.0,1496.0,96.0,True,BROAD_CENTURY_SPAN_COMPARE_CAUTION,manual_online_historical_review,broad_century_span,built: 15th century,Manual correction applied because the one-by-one online review found a broad historical build range or century-span range. The reviewed historical range is treated as primary over the previous derived date span.,96.0,100.0,relation,3268447.0,Castello Sforzesco di Galliate,Polygon,140.0,0.0,49.439102542631,overpass_castle_polygon,high,"{""building"": ""castle"", ""castle_type"": ""palace"", ""email"": ""sociocult@comune.galliate.no.it"", ""historic"": ""castle"", ""historic:civilization"": ""modern"", ""name"": ""Castello Sforzesco di Galliate"", ""payment:cash"": ""yes"", ""phone"": ""+39 0321 800761"", ""tourism"": ""attraction"", ""type"": ""multipolygon"", ""website"": ""https://comune.galliate.no.it/Servizi-on-line/Sportello-virtuale-del-cittadino/Cultura-sport-tempo-libero/VISITE-GUIDATE-AL-CASTELLO-E-AL-MUSEO-ACHILLE-VARZI"", ""wikidata"": ""Q3662376"", ""wikipedia"": ""it:Castello Sforzesco di Galliate""}",45.47883520416667,8.696251502083333,5249.18135482565,5249.18135482565,5249.18135482565,132.06264784099767,117.86266511119902,,45.478392,8.696201,157.0,5249.18135482565,5249.18135482565,5249.18135482565,,157.0,osm_polygon,,open_elevation,Area calculated from OpenStreetMap polygon geometry using local UTM projection. This is a footprint/grounds/outline proxy depending on how the castle is mapped in OSM.,True,True,False,True,True,"OSM area was calculated from polygon geometry when available. OSM area should be interpreted as mapped footprint/grounds/outline area, not necessarily architectural floor area. Elevation was filled from Open-Elevation when no existing elevation value was present."
Q3662579,Conisbrough Castle,Kingdom of England,Conisbrough,53.4843,-1.22606,1000.0,1100.0,100.0,mixed_exact_or_infobox,wikipedia_final_filled,wikipedia_final_filled,,,False,False,1000.0,1885.0,1000.0,,built,,1000.0,,1885.0,False,"William de Warenne, 1st Earl of Surrey",founder,"William de Warenne, 1st Earl of Surrey",,,English Heritage,English Heritage,1,0,1,0,,Grade I listed building | scheduled monument,,0,,,,,,,,https://en.wikipedia.org/wiki/Conisbrough_Castle,http://www.wikidata.org/entity/Q3662579,"{'type': 'Castle', 'owner': 'Doncaster Metropolitan Borough Council and English Heritage', 'open\xa0to the\xa0public': 'Yes', 'condition': 'Ruined', 'official name': 'Conisbrough Castle', 'designated': '26 November 1987', 'reference\xa0no.': '1192747', 'coordinates': '53°29′03″N 1°13′35″W \ufeff / \ufeff 53.48417°N 1.22639°W \ufeff / 53.48417; -1.22639', 'height': '62 feet (19\xa0m)', 'built': '11th century', 'materials': 'Magnesian Limestone'}",earliest:built in the 11th century by william de warenne  | current_end:completed in 1885,True,True,True,False,False,True,1100-01-01T00:00:00Z,,Castle,"construction_duration_years was manually corrected using the one-by-one online/historical duration review. For direct ranges, the checked build span is treated as primary. For broad century ranges, the value remains approximate.",1000.0,1885.0,885.0,True,BROAD_CENTURY_SPAN_COMPARE_CAUTION,manual_online_historical_review,broad_century_span,built: 11th century,Manual correction applied because the one-by-one online review found a broad historical build range or century-span range. The reviewed historical range is treated as primary over the previous derived date span.,885.0,100.0,way,148822083.0,Conisbrough Castle,Polygon,200.0,1.0,35.32950937112462,overpass_castle_polygon,high,"{""castle_type"": ""defensive"", ""historic"": ""castle"", ""landuse"": ""grass"", ""listed_status"": ""Grade I"", ""name"": ""Conisbrough Castle"", ""name:ga"": ""Caisleán Conisbrough"", ""name:it"": ""Castello di Conisbrough"", ""name:zh"": ""科尼斯伯勒城堡"", ""operator"": ""English Heritage"", ""postal_code"": ""DN12 3BU"", ""ruins"": ""yes"", ""tourism"": ""attraction"", ""website"": ""https://www.english-heritage.org.uk/visit/places/conisbrough-castle/"", ""wikidata"": ""Q3662579"", ""wikipedia"": ""en:Conisbrough Castle""}",53.4840758368421,-1.2264384052631578,22560.73431633921,22560.73431633921,22560.73431633921,198.84757064189762,178.3825595265953,,53.4843,-1.22606,48.0,22560.73431633921,22560.73431633921,22560.73431633921,,48.0,osm_polygon,,open_elevation,Area calculated from OpenStreetMap polygon geometry using local UTM projection. This is a footprint/grounds/outline proxy depending on how the castle is mapped in OSM.,True,True,False,True,True,"OSM area was calculated from polygon geometry when available. OSM area should be interpreted as mapped footprint/grounds/outline area, not necessarily architectural floor area. Elevation was filled from Open-Elevation when no existing elevation value was present."
Q931757,Klaipėda Castle,Lithuania,Klaipėda,55.70555556,21.12888889,1252.0,2021.0,769.0,mixed_exact_or_infobox,wikipedia_final_filled,wikipedia_final_filled,,,False,False,1252.0,2021.0,1252.0,,built,,1252.0,,2021.0,False,,,,,,,,0,0,0,0,Gothic architecture,,,0,,,,,,,,https://en.wikipedia.org/wiki/Klaip%C4%97da_Castle,http://www.wikidata.org/entity/Q931757,"{'type': 'Castle', 'location': 'Klaipėda , Lithuania', 'coordinates': '55°42′20″N 21°07′44″E \ufeff / \ufeff 55.70556°N 21.12889°E \ufeff / 55.70556; 21.12889', 'built': '1252', 'built for': 'Teutonic Order', 'architectural style': 'Brick Gothic'}",earliest:first mentioned in written sources in 1252 | current_end:completed in 2021,True,True,True,False,False,False,1300-01-01T00:00:00Z,,Castle,"construction_duration_years is derived as end_year - start_year; for castles this may represent construction, reconstruction, restoration, or broader historical date span rather than literal build duration.",1252.0,2021.0,769.0,False,,,,,,,,,,,,,,,no_osm_match,none,,,,,,,,,,55.70555556,21.12888889,0.0,,,,,0.0,,,open_elevation,,False,False,False,True,True,"OSM area was calculated from polygon geometry when available. OSM area should be interpreted as mapped footprint/grounds/outline area, not necessarily architectural floor area. Elevation was filled from Open-Elevation when no existing elevation value was present."
Q1023846,Panemunė Castle,Lithuania,Jurbarkas District Municipality,55.099,22.986,1313.0,1958.0,645.0,mixed_exact_or_infobox,wikipedia_final_filled,wikipedia_final_filled,,,False,False,1313.0,1958.0,1313.0,1958.0,built,restored,1313.0,,,False,,,,,,,,0,0,0,0,Renaissance,,,0,,,,,,,,https://en.wikipedia.org/wiki/Panemun%C4%97_Castle,http://www.wikidata.org/entity/Q1023846,"{'type': 'Castle', 'location': 'Vytėnai , Lithuania', 'coordinates': '55°05′56″N 22°59′10″E \ufeff / \ufeff 55.099°N 22.986°E \ufeff / 55.099; 22.986', 'built': '1313', 'rebuilt': '1604-1610', 'restored': '1958 2012-2015', 'current use': 'Museum', 'architect': 'Peter Nonhart', 'architectural styles': 'Renaissance and Late gothic', 'owner': 'Vilnius Academy of Arts', 'website': 'panemunespilis.com'}",earliest:was built in 1313 by the teutonic order,True,True,True,False,False,False,1604-01-01T00:00:00Z,,Castle,"construction_duration_years is derived as end_year - start_year; for castles this may represent construction, reconstruction, restoration, or broader historical date span rather than literal build duration.",1313.0,1958.0,645.0,False,,,,,,,,,,,,,,,no_osm_match,none,,,,,,,,,,55.099,22.986,35.0,,,,,35.0,,,open_elevation,,False,False,False,True,True,"OSM area was calculated from polygon geometry when available. OSM area should be interpreted as mapped footprint/grounds/outline area, not necessarily architectural floor area. Elevation was filled from Open-Elevation when no existing elevation value was present."
Q16473929,Tauragė Castle,Lithuania,,55.2525,22.28416667,1844.0,1847.0,3.0,mixed_exact_or_infobox,wikipedia_final_filled,wikipedia_final_filled,,,False,False,1844.0,1847.0,1844.0,,built,,,,1847.0,False,,,,,,,,0,0,0,0,Renaissance Revival architecture,,,0,,,,,,,,https://en.wikipedia.org/wiki/Taurag%C4%97_Castle,http://www.wikidata.org/entity/Q16473929,"{'type': 'Castle and residential manor', 'location': 'Tauragė , Lithuania', 'coordinates': '55°15′09″N 22°17′03″E \ufeff / \ufeff 55.2526°N 22.2842°E \ufeff / 55.2526; 22.2842', 'built': '1844 – 1847', 'architectural style': 'Renaissance', 'website': 'Official website'}",current_end:completed in 1847,True,True,True,False,False,False,,,Castle and residential manor,"construction_duration_years is derived as end_year - start_year; for castles this may represent construction, reconstruction, restoration, or broader historical date span rather than literal build duration.",1844.0,1847.0,3.0,False,,,,,,,,way,305294728.0,Tauragės pilis,Polygon,145.0,0.5,14.777907441362688,overpass_castle_polygon,high,"{""description"": ""Pastatyta 1844–1847 metais."", ""historic"": ""castle"", ""image"": ""https://lt.wikipedia.org/wiki/Taurag%C4%97s_pilis#/media/File:Taurages_dvaras.jpg"", ""name"": ""Tauragės pilis"", ""wikidata"": ""Q16473929"", ""wikipedia"": ""lt:Tauragės pilis""}",55.252620462500005,22.284265164062504,5835.163488772009,5835.163488772009,5835.163488772009,112.5158515740186,111.7331842216663,,55.2525,22.28416667,35.0,5835.163488772009,5835.163488772009,5835.163488772009,,35.0,osm_polygon,,open_elevation,Area calculated from OpenStreetMap polygon geometry using local UTM projection. This is a footprint/grounds/outline proxy depending on how the castle is mapped in OSM.,True,True,False,True,True,"OSM area was calculated from polygon geometry when available. OSM area should be interpreted as mapped footprint/grounds/outline area, not necessarily architectural floor area. Elevation was filled from Open-Elevation when no existing elevation value was present."
Q615735,Berg Castle,Luxembourg,Colmar-Berg,49.81417,6.08694,1907.0,1911.0,4.0,mixed_exact_or_infobox,wikipedia_final_filled,wikipedia_final_filled,,,False,False,1907.0,1911.0,1907.0,1911.0,construction started,completed,,,,False,Max Ostenrieder,architect,,,Max Ostenrieder,State of Luxembourg,,1,1,0,0,,,,0,,230.0,,,,,,https://en.wikipedia.org/wiki/Berg_Castle,http://www.wikidata.org/entity/Q615735,"{'type': 'Castle', 'location': 'Colmar-Berg , Luxembourg', 'coordinates': '49°48′53″N 6°05′15″E \ufeff / \ufeff 49.814666°N 6.087595°E \ufeff / 49.814666; 6.087595', 'construction started': '1907', 'completed': '1911', 'architects': 'Max Ostenrieder and Pierre Funck-Eydt'}",,True,True,True,False,False,True,1911-01-01T00:00:00Z,,Castle,"construction_duration_years is derived as end_year - start_year; for castles this may represent construction, reconstruction, restoration, or broader historical date span rather than literal build duration.",1907.0,1911.0,4.0,False,,,,,,,,relation,4230179.0,Château de Berg,Polygon,145.0,0.5,82.90129387214672,overpass_castle_polygon,high,"{""alt_name"": ""Château de Colmar-Berg"", ""building"": ""yes"", ""historic"": ""castle"", ""name"": ""Château de Berg"", ""name:lb"": ""Schlass Bierg"", ""place"": ""isolated_dwelling"", ""type"": ""multipolygon"", ""wikidata"": ""Q615735"", ""wikipedia"": ""lb:Schlass Bierg""}",49.814674111290316,6.087791256451613,3047.627281899032,3047.627281899032,3047.627281899032,80.25732173805591,72.66199781000614,,49.81417,6.08694,,3047.627281899032,3047.627281899032,3047.627281899032,,230.0,osm_polygon,,existing,Area calculated from OpenStreetMap polygon geometry using local UTM projection. This is a footprint/grounds/outline proxy depending on how the castle is mapped in OSM.,True,True,False,True,True,"OSM area was calculated from polygon geometry when available. OSM area should be interpreted as mapped footprint/grounds/outline area, not necessarily architectural floor area. Elevation was filled from Open-Elevation when no existing elevation value was present."
Q5319923,Dzików Castle,Poland,Tarnobrzeg,50.579525,21.676627,1400.0,1500.0,100.0,mixed_exact_or_infobox,wikipedia_final_filled,wikipedia_final_filled,,,False,False,1300.0,1500.0,1300.0,1500.0,construction started,completed,,,,False,Franciszek Maria Lanci,architect,,,Franciszek Maria Lanci,House of Ossoliński,,1,1,0,0,Gothic Revival,immovable monument in Poland,,0,,,,,,,,https://en.wikipedia.org/wiki/Dzik%C3%B3w_Castle,http://www.wikidata.org/entity/Q5319923,"{'former names': 'Residence of the Tarnowski Family', 'alternative names': 'Tarnowski Family Castle in Dzików,  Dzików Palace in Tarnobrzeg', 'type': 'castle', 'architectural style': 'neogothic (1830–1927), neobaroque (current)', 'location': '50°34\'46""N   21°40\'32""E, Tarnobrzeg , Poland', 'construction started': 'end of 14th century', 'completed': '15th century', 'renovated': '1830, 1931', 'destroyed': '1927 (fire)', 'demolished': '1809 (Napoleonic war)', 'owner': 'Ossoliński family (since 15th century), Tarnowski family (1522–1945), State Treasury (Skarb Państwa) (since 1945)', 'architects': 'Franciszek Maria Lanci (1830), Wacław Krzyżanowski (1931)'}",,True,True,True,False,False,True,,,castle,"construction_duration_years was manually corrected using the one-by-one online/historical duration review. For direct ranges, the checked build span is treated as primary. For broad century ranges, the value remains approximate.",1300.0,1500.0,200.0,True,BROAD_CENTURY_SPAN_COMPARE_CAUTION,manual_online_historical_review,completed_century_only,completed: 15th century,Manual correction applied because the one-by-one online review found a broad historical build range or century-span range. The reviewed historical range is treated as primary over the previous derived date span.,200.0,100.0,,,,,,,,no_osm_match,none,,,,,,,,,,50.579525,21.676627,154.0,,,,,154.0,,,open_elevation,,False,False,False,True,True,"OSM area was calculated from polygon geometry when available. OSM area should be interpreted as mapped footprint/grounds/outline area, not necessarily architectural floor area. Elevation was filled from Open-Elevation when no existing elevation value was present."
Q9386719,Racibórz Castle,Poland,Racibórz,50.0961,18.2206,1108.0,1287.0,179.0,mixed_exact_or_infobox,wikipedia_final_filled,wikipedia_final_filled,,,False,False,1108.0,1287.0,1108.0,,construction started,,1108.0,1300.0,1287.0,True,Piasts of Silesia,founder,Piasts of Silesia,,,,,0,0,1,0,,immovable monument in Poland,,0,,199.0,,,,,major reconstruction detected in wikipedia text,https://en.wikipedia.org/wiki/Racib%C3%B3rz_Castle,http://www.wikidata.org/entity/Q9386719,"{'type': 'castle', 'location': 'Zamkowa Street 47-400 Racibórz, Racibórz , Poland', 'coordinates': '50°5′46″N 18°13′14″E \ufeff / \ufeff 50.09611°N 18.22056°E \ufeff / 50.09611; 18.22056', 'construction started': '1108'}",earliest:built in the 13th century and rebuilt in the 13th/14th century | earliest:first mentioned in gesta principum polonorum of gallus anonymus in an entry dated 1108 | current_start:rebuilt in the 13th/14th century | current_end:completed in 1287,True,True,True,False,False,True,1300-01-01T00:00:00Z,,castle,"construction_duration_years is derived as end_year - start_year; for castles this may represent construction, reconstruction, restoration, or broader historical date span rather than literal build duration.",1108.0,1287.0,179.0,False,,,,,,,,way,1334316727.0,Zamek Piastowski w Raciborzu,Polygon,115.0,0.0,40.602443148377965,overpass_castle_polygon,high,"{""email"": ""it@zamekpiastowski.pl"", ""historic"": ""castle"", ""name"": ""Zamek Piastowski w Raciborzu"", ""operator"": ""Zamek Piastowski w Raciborzu"", ""phone"": ""+48 32 700 60 52"", ""ref:ckkp"": ""SL00557"", ""tourism"": ""attraction"", ""website"": ""https://www.zamekpiastowski.pl/site/start.html"", ""wikidata"": ""Q9386719"", ""wikipedia"": ""pl:Zamek w Raciborzu""}",50.095760774285715,18.220810632857145,7149.537252768395,7149.537252768395,7149.537252768395,121.7654023701325,96.94520029844716,,50.0961,18.2206,,7149.537252768395,7149.537252768395,7149.537252768395,,199.0,osm_polygon,,existing,Area calculated from OpenStreetMap polygon geometry using local UTM projection. This is a footprint/grounds/outline proxy depending on how the castle is mapped in OSM.,True,True,False,True,True,"OSM area was calculated from polygon geometry when available. OSM area should be interpreted as mapped footprint/grounds/outline area, not necessarily architectural floor area. Elevation was filled from Open-Elevation when no existing elevation value was present."
Q3695846,Castle of Abrantes,Portugal,Abrantes (São Vicente e São João) e Alferrarede,39.46445833,-8.19481944,130.0,1900.0,1770.0,mixed_exact_or_infobox,wikipedia_final_filled,wikipedia_final_filled,,,False,False,130.0,1900.0,130.0,,built,,,,1900.0,False,,,,,,,,0,0,0,0,Romanesque architecture,Immovable Cultural Heritage of Public Interest,,0,,,,,,,,https://en.wikipedia.org/wiki/Castle_of_Abrantes,http://www.wikidata.org/entity/Q3695846,"{'type': 'Castle', 'owner': 'Portuguese Republic', 'open\xa0to the\xa0public': 'Public', 'coordinates': '39°27′52.05″N 8°11′41.35″W \ufeff / \ufeff 39.4644583°N 8.1948194°W \ufeff / 39.4644583; -8.1948194', 'built': '130 BC'}",current_end:completed in the 19th century took from the character of the façade | current_end:completed in the 18th century,True,True,True,False,False,False,,,Castle,"construction_duration_years is derived as end_year - start_year; for castles this may represent construction, reconstruction, restoration, or broader historical date span rather than literal build duration.",130.0,1900.0,1770.0,False,,,,,,,,way,127654558.0,Castelo de Abrantes,Polygon,160.0,0.3333333333333333,14.381747112092217,overpass_castle_polygon,high,"{""access"": ""permissive"", ""addr:country"": ""PT"", ""alt_name"": ""Fortaleza de Abrantes"", ""barrier"": ""city_wall"", ""castle_type"": ""fortress"", ""heritage"": ""2"", ""heritage:operator"": ""dgpc"", ""heritage:ref"": ""IIP"", ""heritage:since"": ""1957"", ""heritage:website"": ""https://servicos.dgpc.gov.pt/pesquisapatrimonioimovel/detalhes.php?code=73848"", ""heritage:website:sipa"": ""http://monumentos.pt/Site/APP_PagesUser/SIPA.aspx?id=3381"", ""historic"": ""castle"", ""historic:civilization"": ""medieval"", ""name"": ""Castelo de Abrantes"", ""operator"": ""DGPC, Decreto-Lei n.º 115/2012, DR, 1.ª série, n.º 102 de 25 maio 2012"", ""protection_title"": ""Imóvel de Interesse Público"", ""ref:dgpc"": ""73848"", ""ref:ipa"": ""3381"", ""site_status"": ""Classificado"", ""source:ref"": ""http://www.dre.pt/pdf1s/1957/07/16200/07340735.pdf"", ""survey:date"": ""2020-04-05"", ""wall"": ""castle_wall"", ""wikidata"": ""Q3695846"", ""wikipedia"": ""pt:Castelo de Abrantes""}",39.464329282608695,-8.194830667391303,15714.443275299596,15714.443275299596,15714.443275299596,199.6362045230344,166.90186942764558,,39.46445833,-8.19481944,182.0,15714.443275299596,15714.443275299596,15714.443275299596,,182.0,osm_polygon,,open_elevation,Area calculated from OpenStreetMap polygon geometry using local UTM projection. This is a footprint/grounds/outline proxy depending on how the castle is mapped in OSM.,True,True,False,True,True,"OSM area was calculated from polygon geometry when available. OSM area should be interpreted as mapped footprint/grounds/outline area, not necessarily architectural floor area. Elevation was filled from Open-Elevation when no existing elevation value was present."
Q5049743,Castle of Almeida,Portugal,Almeida,40.725565,-6.907421,1641.0,1641.0,0.0,mixed_exact_or_infobox,wikipedia_final_filled,wikipedia_final_filled,,,False,False,1641.0,1641.0,1641.0,,built,,,,1641.0,False,,,,,,,,0,0,0,0,,National Monument of Portugal,,0,,,,,,,,https://en.wikipedia.org/wiki/Castle_Fortress_of_Almeida,http://www.wikidata.org/entity/Q5049743,"{'type': 'Castle', 'owner': 'Portuguese Republic', 'operator': 'DRCCentro (Dispatch 829/2009; Diário da República, Série II, 163, 24 August 2009)', 'open\xa0to the\xa0public': 'Public', 'coordinates': '40°43′32.4″N 6°54′21.5″W \ufeff / \ufeff 40.725667°N 6.905972°W \ufeff / 40.725667; -6.905972', 'built': '1641', 'materials': 'Masonry , Granite, Cement, Wood, Azulejo, Stone'}",current_end:completed in 1508 | current_end:completed in 1641,True,True,True,False,False,False,1641-01-01T00:00:00Z,,Castle,"construction_duration_years is derived as end_year - start_year; for castles this may represent construction, reconstruction, restoration, or broader historical date span rather than literal build duration.",1641.0,1641.0,0.0,False,,,,,,,,way,491987356.0,,Polygon,83.0,0.0,83.82475680070881,overpass_castle_polygon,high,"{""barrier"": ""fence"", ""fence_type"": ""metal"", ""historic"": ""ruins""}",40.72618916,-6.90797884,225.4519553512419,225.4519553512419,225.4519553512419,21.102794273523614,20.92416027188301,,40.725565,-6.907421,762.0,225.4519553512419,225.4519553512419,225.4519553512419,,762.0,osm_polygon,,open_elevation,Area calculated from OpenStreetMap polygon geometry using local UTM projection. This is a footprint/grounds/outline proxy depending on how the castle is mapped in OSM.,True,True,False,True,True,"OSM area was calculated from polygon geometry when available. OSM area should be interpreted as mapped footprint/grounds/outline area, not necessarily architectural floor area. Elevation was filled from Open-Elevation when no existing elevation value was present."
Q5050367,Castle of Belver,Portugal,Belver,39.49386944,-7.96090278,1194.0,1212.0,18.0,mixed_exact_or_infobox,wikipedia_final_filled,wikipedia_final_filled,,,False,False,1194.0,1212.0,1194.0,,built,,,,1212.0,False,,,,,,,,0,0,0,0,,National Monument of Portugal,,0,,,,,,,,https://en.wikipedia.org/wiki/Castle_of_Belver,http://www.wikidata.org/entity/Q5050367,"{'type': 'Castle', 'owner': 'Portuguese Republic', 'open\xa0to the\xa0public': 'Public', 'coordinates': '39°29′37.93″N 7°57′39.25″W \ufeff / \ufeff 39.4938694°N 7.9609028°W \ufeff / 39.4938694; -7.9609028', 'built': 'c. 1194', 'materials': 'Stone, Rock , Tile'}",current_end:completed in 1212,True,True,True,False,False,False,1194-01-01T00:00:00Z,,Castle,"construction_duration_years is derived as end_year - start_year; for castles this may represent construction, reconstruction, restoration, or broader historical date span rather than literal build duration.",1194.0,1212.0,18.0,False,,,,,,,,way,537446518.0,Castelo de Belver,Polygon,170.0,0.5,12.539891463450644,overpass_castle_polygon,high,"{""castle_type"": ""defensive"", ""charge"": ""2 EUR"", ""fee"": ""yes"", ""heritage"": ""2"", ""heritage:operator"": ""pc"", ""heritage:website"": ""https://servicos.dgpc.gov.pt/pesquisapatrimonioimovel/detalhes.php?code=70546"", ""heritage:website:sipa"": ""http://monumentos.pt/Site/APP_PagesUser/SIPA.aspx?id=4574"", ""historic"": ""castle"", ""name"": ""Castelo de Belver"", ""opening_hours"": ""We-Su 10:00-13:00,14:00-18:00"", ""operator"": ""DRCAlentejo, Portaria n.º 829/2009, DR, 2.ª série, n.º 163 de 24 agosto 2009"", ""pc:inscription_date"": ""1910-06-16"", ""protection_title"": ""Monumento Nacional"", ""ref:ipa"": ""4574"", ""ref:pc"": ""70546"", ""related_law"": ""Decreto de 16-06-1910, DG, n.º 136, de 23-06-1910"", ""short_protection_title"": ""MN"", ""tourism"": ""attraction"", ""wikidata"": ""Q5050367""}",39.49381019215686,-7.9610271254901965,2577.4624917509805,2577.4624917509805,2577.4624917509805,64.72253299877048,63.07813309994526,,39.49386944,-7.96090278,128.0,2577.4624917509805,2577.4624917509805,2577.4624917509805,,128.0,osm_polygon,,open_elevation,Area calculated from OpenStreetMap polygon geometry using local UTM projection. This is a footprint/grounds/outline proxy depending on how the castle is mapped in OSM.,True,True,False,True,True,"OSM area was calculated from polygon geometry when available. OSM area should be interpreted as mapped footprint/grounds/outline area, not necessarily architectural floor area. Elevation was filled from Open-Elevation when no existing elevation value was present."
Q2043483,Castle of Evoramonte,Portugal,Evoramonte,38.77189,-7.715841,1100.0,1200.0,100.0,mixed_exact_or_infobox,wikipedia_final_filled,wikipedia_final_filled,,,False,False,1100.0,1531.0,1100.0,,built,,,,1531.0,False,,,,,,,,0,0,0,0,Manueline,National Monument of Portugal,,0,,,,,,,,https://en.wikipedia.org/wiki/Castle_of_Evoramonte,http://www.wikidata.org/entity/Q2043483,"{'type': 'Castle', 'owner': 'Portuguese Republic', 'operator': 'DRC Alentejo (Dispatch 829/2009; DR , Série 2 (163), 24 August 2009', 'open\xa0to the\xa0public': 'Public', 'coordinates': '38°46′19″N 7°42′57″W \ufeff / \ufeff 38.7718312°N 7.7158236°W \ufeff / 38.7718312; -7.7158236', 'built': '12th Century', 'materials': 'Stone, Granite, Marble'}",current_end:completed in 1531),True,True,True,False,False,False,1160-01-01T00:00:00Z,,Castle,"construction_duration_years was manually corrected using the one-by-one online/historical duration review. For direct ranges, the checked build span is treated as primary. For broad century ranges, the value remains approximate.",1100.0,1531.0,431.0,True,BROAD_CENTURY_SPAN_COMPARE_CAUTION,manual_online_historical_review,broad_century_span,built: 12th Century,Manual correction applied because the one-by-one online review found a broad historical build range or century-span range. The reviewed historical range is treated as primary over the previous derived date span.,431.0,100.0,way,645954710.0,Castelo de Evoramonte,Polygon,150.0,0.16666666666666666,4.22868568570648,overpass_castle_polygon,high,"{""alt_name"": ""Castelo de Évora Monte"", ""barrier"": ""wall"", ""building"": ""fort"", ""castle_type"": ""fortress"", ""fee"": ""yes"", ""heritage"": ""2"", ""heritage:operator"": ""pc"", ""heritage:website"": ""https://servicos.dgpc.gov.pt/pesquisapatrimonioimovel/detalhes.php?code=70670"", ""heritage:website:sipa"": ""http://monumentos.pt/Site/APP_PagesUser/SIPA.aspx?id=2720"", ""historic"": ""castle"", ""name"": ""Castelo de Evoramonte"", ""official_name"": ""Castelo e cerca urbana de Evoramonte"", ""operator"": ""DRC Alentejo, Portaria nº 829/2009, DR, 2ª. Série, nº 163 de 24 de agosto de 2009"", ""pc:inscription_date"": ""1910-06-23"", ""protection_title"": ""Monumento Nacional"", ""ref:ipa"": ""2720"", ""ref:pc"": ""70670"", ""related_law"": ""http://www.igespar.pt/media/uploads/decsmaria/Decreto23_06_1910.pdf"", ""short_protection_title"": ""MN"", ""source:pkey"": ""37383"", ""wall"": ""castle_wall"", ""wikidata"": ""Q2043483"", ""wikipedia"": ""pt:Castelo de Évora Monte""}",38.7718539917647,-7.7158253094117635,483.02311946849676,483.02311946849676,483.02311946849676,32.88478005770594,32.72807499591727,,38.77189,-7.715841,476.0,483.02311946849676,483.02311946849676,483.02311946849676,,476.0,osm_polygon,,open_elevation,Area calculated from OpenStreetMap polygon geometry using local UTM projection. This is a footprint/grounds/outline proxy depending on how the castle is mapped in OSM.,True,True,False,True,True,"OSM area was calculated from polygon geometry when available. OSM area should be interpreted as mapped footprint/grounds/outline area, not necessarily architectural floor area. Elevation was filled from Open-Elevation when no existing elevation value was present."
Q5049782,Castle of Freixo de Espada-à-Cinta,Portugal,Freixo de Espada à Cinta e Mazouco,41.0927,-6.8042,1100.0,1200.0,100.0,mixed_exact_or_infobox,wikipedia_final_filled,wikipedia_final_filled,,,False,False,1100.0,1258.0,1100.0,,built,,,,1258.0,False,,,,,,,,0,0,0,0,Manueline,National Monument of Portugal,,0,,,,,,,,https://en.wikipedia.org/wiki/Castle_of_Freixo_de_Espada-%C3%A0-Cinta,http://www.wikidata.org/entity/Q5049782,"{'type': 'Castle', 'owner': 'Portuguese Republic', 'open\xa0to the\xa0public': 'Public', 'coordinates': '41°05′34″N 6°48′15″W \ufeff / \ufeff 41.0927°N 6.8042°W \ufeff / 41.0927; -6.8042', 'built': '12th century', 'materials': 'Granite, Opus vittatum, Masonry, Bronze, Schist'}",current_end:completed in 1258,True,True,True,False,False,False,,,Castle,"construction_duration_years was manually corrected using the one-by-one online/historical duration review. For direct ranges, the checked build span is treated as primary. For broad century ranges, the value remains approximate.",1100.0,1258.0,158.0,True,BROAD_CENTURY_SPAN_COMPARE_CAUTION,manual_online_historical_review,broad_century_span,built: 12th century,Manual correction applied because the one-by-one online review found a broad historical build range or century-span range. The reviewed historical range is treated as primary over the previous derived date span.,158.0,100.0,relation,11012017.0,Castelo de Freixo de Espada à Cinta,Polygon,170.0,0.5,4.333361917336117,overpass_castle_polygon,high,"{""alt_name"": ""Castelo de Freixo de Espada-à-Cinta;Torre do Galo"", ""castle_type"": ""defensive"", ""heritage"": ""2"", ""heritage:operator"": ""dgpc"", ""heritage:ref"": ""MN"", ""heritage:since"": ""1910"", ""heritage:website"": ""https://servicos.dgpc.gov.pt/pesquisapatrimonioimovel/detalhes.php?code=70453"", ""heritage:website:sipa"": ""http://monumentos.pt/Site/APP_PagesUser/SIPA.aspx?id=2116"", ""historic"": ""castle"", ""name"": ""Castelo de Freixo de Espada à Cinta"", ""protection_title"": ""Monumento Nacional"", ""ref:dgpc"": ""70453"", ""ref:ipa"": ""2116"", ""related_law"": ""Decreto de 16-06-1910, DG, n.º 136, de 23-06-1910"", ""site_status"": ""Classificado"", ""source:ref"": ""http://www.igespar.pt/media/uploads/decsmaria/Decreto23_06_1910.pdf"", ""type"": ""multipolygon"", ""wikidata"": ""Q5049782"", ""wikipedia"": ""pt:Castelo de Freixo de Espada à Cinta""}",41.092663968085105,-6.804219699999999,94.97511197885817,94.97511197885817,94.97511197885817,11.462435604189523,11.369796136394143,,41.0927,-6.8042,465.0,94.97511197885817,94.97511197885817,94.97511197885817,,465.0,osm_polygon,,open_elevation,Area calculated from OpenStreetMap polygon geometry using local UTM projection. This is a footprint/grounds/outline proxy depending on how the castle is mapped in OSM.,True,True,False,True,True,"OSM area was calculated from polygon geometry when available. OSM area should be interpreted as mapped footprint/grounds/outline area, not necessarily architectural floor area. Elevation was filled from Open-Elevation when no existing elevation value was present."
Q3775726,Castle of Santa Maria da Feira,Portugal,"Santa Maria da Feira, Travanca, Sanfins e Espargo",40.92100556,-8.54276389,868.0,1986.0,1118.0,mixed_exact_or_infobox,wikipedia_final_filled,wikipedia_final_filled,,,False,False,868.0,1986.0,868.0,,built,,,,1986.0,False,Santa Maria da Feira,owner,,,,Santa Maria da Feira,,1,0,0,0,Romanesque architecture,National Monument of Portugal,,0,,,,,,,,https://en.wikipedia.org/wiki/Castle_of_Santa_Maria_da_Feira,http://www.wikidata.org/entity/Q3775726,"{'type': 'Castle', 'owner': 'Portuguese Republic', 'operator': 'Comissão de Vigilância do Castelo de Santa Maria da Feira', 'open\xa0to the\xa0public': 'Public', 'coordinates': '40°55′15.62″N 8°32′33.95″W \ufeff / \ufeff 40.9210056°N 8.5427639°W \ufeff / 40.9210056; -8.5427639', 'built': 'fl. 868', 'materials': 'Granite, Limestone, Masonry, Wood'}",current_end:completed in the second half of the 15th century | current_end:completed in 1877) | current_end:completed in 1986,True,True,True,False,False,True,,,Castle,"construction_duration_years is derived as end_year - start_year; for castles this may represent construction, reconstruction, restoration, or broader historical date span rather than literal build duration.",868.0,1986.0,1118.0,False,,,,,,,,way,175471271.0,Castelo de Santa Maria da Feira,Polygon,180.0,0.6666666666666666,12.68771407275968,overpass_castle_polygon,high,"{""addr:city"": ""Santa Maria da Feira"", ""addr:country"": ""PT"", ""addr:postcode"": ""4520-000"", ""addr:street"": ""Alameda Doutor Roberto Vaz Oliveira"", ""alt_name"": ""Castelo da Feira"", ""castle_type"": ""defensive"", ""charge"": ""3.00 EUR"", ""contact:fax"": ""+351 256 374 608"", ""contact:phone"": ""+351 256 372 248"", ""contact:website"": ""http://www.castelodafeira.com/"", ""fee"": ""yes"", ""fee:conditional"": ""no @ (age < 6)"", ""heritage"": ""2"", ""heritage:operator"": ""pc"", ""heritage:website"": ""https://imovel.patrimoniocultural.gov.pt/detalhes.php?code=70478"", ""heritage:website:sipa"": ""http://monumentos.pt/Site/APP_PagesUser/SIPA.aspx?id=1040"", ""historic"": ""castle"", ""name"": ""Castelo de Santa Maria da Feira"", ""name:en"": ""Santa Maria da Feira Castle"", ""note"": ""DRCNorte, Portaria n.º 829/2009, DR, 2.ª série, n.º 163 de 24 agosto 2009"", ""opening_hours"": ""Oct-Mar: Tu-Su 09:00-12:30,13:30-17:30; Apr-Sep: Tu-Su 10:00-12:30,13:30-18:30"", ""operator"": ""Comissão de Vigilância do Castelo de Santa Maria da Feira"", ""payment:cards"": ""no"", ""payment:cash"": ""yes"", ""payment:electronic_purses"": ""no"", ""pc:inscription_date"": ""1910-06-23"", ""protection_title"": ""Monumento Nacional"", ""ref:ipa"": ""1040"", ""ref:pc"": ""70478"", ""short_protection_title"": ""MN"", ""tourism"": ""attraction"", ""website:sipa"": ""http://www.monumentos.gov.pt/Site/APP_PagesUser/SIPA.aspx?id=1040"", ""wheelchair"": ""limited"", ""wikidata"": ""Q3775726"", ""wikimedia_commons"": ""Category:Castelo de Santa Maria da Feira"", ""wikipedia"": ""pt:Castelo de Santa Maria da Feira""}",40.92089250370371,-8.54274347962963,3316.3961483965327,3316.3961483965327,3316.3961483965327,99.92454443394672,85.89603800419718,,40.92100556,-8.54276389,156.0,3316.3961483965327,3316.3961483965327,3316.3961483965327,,156.0,osm_polygon,,open_elevation,Area calculated from OpenStreetMap polygon geometry using local UTM projection. This is a footprint/grounds/outline proxy depending on how the castle is mapped in OSM.,True,True,False,True,True,"OSM area was calculated from polygon geometry when available. OSM area should be interpreted as mapped footprint/grounds/outline area, not necessarily architectural floor area. Elevation was filled from Open-Elevation when no existing elevation value was present."
Q5050421,Castle of Terena,Portugal,Terena,38.62166667,-7.40722222,1262.0,1977.0,715.0,mixed_exact_or_infobox,wikipedia_final_filled,wikipedia_final_filled,,,False,False,1262.0,1977.0,1262.0,,built,,,,1977.0,False,,,,,,,,0,0,0,0,,National Monument of Portugal,,0,,,,,,,,https://en.wikipedia.org/wiki/Castle_of_Terena,http://www.wikidata.org/entity/Q5050421,"{'type': 'Castle', 'owner': 'Portuguese Republic', 'operator': 'DRC Alentejo (Dispatch 829/2009; DR, Série 2/163, 24 August 2009)', 'open\xa0to the\xa0public': 'Public', 'built': 'c. 1262', 'materials': 'Stone masonry, Brick, Tiles, Wood'}",current_end:completed in 1977,True,True,True,False,False,False,1262-01-01T00:00:00Z,,Castle,"construction_duration_years is derived as end_year - start_year; for castles this may represent construction, reconstruction, restoration, or broader historical date span rather than literal build duration.",1262.0,1977.0,715.0,False,,,,,,,,way,488102694.0,Castelo de Terena,Polygon,170.0,0.5,13.61478839001866,overpass_castle_polygon,high,"{""castle_type"": ""defensive"", ""heritage"": ""2"", ""heritage:operator"": ""pc"", ""heritage:website"": ""https://servicos.dgpc.gov.pt/pesquisapatrimonioimovel/detalhes.php?code=70190"", ""heritage:website:sipa"": ""http://monumentos.pt/Site/APP_PagesUser/SIPA.aspx?id=4432"", ""historic"": ""castle"", ""name"": ""Castelo de Terena"", ""operator"": ""DRCAlentejo, Portaria n.º 829/2009, DR, 2.ª série, n.º 163 de 24 agosto 2009"", ""pc:inscription_date"": ""1946-01-02"", ""protection_title"": ""Monumento Nacional"", ""ref:ipa"": ""4432"", ""ref:pc"": ""70190"", ""short_protection_title"": ""MN"", ""tourism"": ""attraction"", ""wikidata"": ""Q5050421"", ""wikipedia"": ""pt:Castelo de Terena""}",38.62154463513514,-7.40720947027027,4275.184932423139,4275.184932423139,4275.184932423139,95.088463479653,74.64439855469391,,38.62166667,-7.40722222,221.0,4275.184932423139,4275.184932423139,4275.184932423139,,221.0,osm_polygon,,open_elevation,Area calculated from OpenStreetMap polygon geometry using local UTM projection. This is a footprint/grounds/outline proxy depending on how the castle is mapped in OSM.,True,True,False,True,True,"OSM area was calculated from polygon geometry when available. OSM area should be interpreted as mapped footprint/grounds/outline area, not necessarily architectural floor area. Elevation was filled from Open-Elevation when no existing elevation value was present."
Q830976,Devín Castle,Slovakia,Devín,48.173888888,16.978055555,1400.0,1500.0,100.0,mixed_exact_or_infobox,wikipedia_final_filled,wikipedia_final_filled,,,False,False,864.0,2023.0,864.0,,built,,,1900.0,2023.0,True,,,,,,,Great Moravia,0,0,0,0,Gothic architecture,Cultural Heritage Monuments of Slovakia,,0,,,,,,,major reconstruction detected in wikipedia text,https://en.wikipedia.org/wiki/Dev%C3%ADn_Castle,http://www.wikidata.org/entity/Q830976,"{'type': 'Castle', 'controlled\xa0by': 'Great Moravia , Kingdom of Hungary , Czechoslovakia , Nazi Germany , Slovakia', 'open\xa0to the\xa0public': 'nonstop, opening hours apply to the museum', 'condition': 'Ruins (partially reconstructed)', 'built': '864\xa0– 15th century Last fortifications were built in the 17th century', 'events': ""Notable events in the castle's life: Blown-up during the Napoleonic Wars in 1809""}",current_start:reconstructed in the 20th century | current_end:completed in 2023,True,True,True,False,False,True,,,Castle,"construction_duration_years was manually corrected using the one-by-one online/historical duration review. For direct ranges, the checked build span is treated as primary. For broad century ranges, the value remains approximate.",864.0,2023.0,1159.0,True,BROAD_CENTURY_SPAN_COMPARE_CAUTION,manual_online_historical_review,broad_century_span,built: 864 – 15th century Last fortifications were built in the 17th century,Manual correction applied because the one-by-one online review found a broad historical build range or century-span range. The reviewed historical range is treated as primary over the previous derived date span.,1159.0,100.0,way,722938329.0,Devín,Polygon,142.0,0.2,109.66136980821528,overpass_castle_polygon,high,"{""access"": ""customers"", ""alt_name"": ""Hrad Devín;Devínsky hrad"", ""area"": ""yes"", ""castle_type"": ""defensive"", ""charge:conditional"": ""8 EUR/person @ Apr-Oct; 4 EUR/child @ Apr-Oct; 6 EUR/person @ Nov-Mar; 3 EUR/child @ Nov-Mar"", ""contact:facebook"": ""https://www.facebook.com/hraddevin/"", ""email"": ""hrad.devin@bratislava.sk"", ""historic"": ""castle"", ""name"": ""Devín"", ""name:de"": ""Burgruine Theben"", ""name:en"": ""Devín Castle"", ""name:es"": ""Castillo de Devín"", ""name:fr"": ""Château de Devín"", ""name:hu"": ""Dévény vára"", ""name:ru"": ""Замок Девин"", ""name:sk"": ""Devín"", ""name:zh"": ""杰温城堡"", ""opening_hours"": ""Apr,May,Sep Tu-Su 10:00-18:00; Jun-Aug Tu-Su 10:00-19:00; Mar,Oct Tu-Su 10:00-17:00; Nov-Feb Tu-Su 10:00-16:00"", ""phone"": ""+421 2 657 301 05"", ""ruins"": ""yes"", ""source:name"": ""skgeodesy.sk"", ""website"": ""https://muzeumbratislava.sk/hrad-devin"", ""wikidata"": ""Q830976"", ""wikimedia_commons"": ""Category:Devín Castle"", ""wikipedia"": ""sk:Devín (hrad)""}",48.173446137198056,16.97937699758454,64796.18138482383,64796.18138482383,64796.18138482383,441.2523462821264,361.9877663971856,,48.173888888,16.978055555,185.0,64796.18138482383,64796.18138482383,64796.18138482383,,185.0,osm_polygon,,open_elevation,Area calculated from OpenStreetMap polygon geometry using local UTM projection. This is a footprint/grounds/outline proxy depending on how the castle is mapped in OSM.,True,True,False,True,True,"OSM area was calculated from polygon geometry when available. OSM area should be interpreted as mapped footprint/grounds/outline area, not necessarily architectural floor area. Elevation was filled from Open-Elevation when no existing elevation value was present."
Q511688,Castle of Gormaz,Spain,Gormaz,41.4937,-3.008,965.0,1400.0,435.0,mixed_exact_or_infobox,wikipedia_final_filled,wikipedia_final_filled,,,False,False,965.0,1400.0,965.0,1400.0,built,restored,965.0,965.0,,True,Abd ar-Rahman I,owner,,,,Abd ar-Rahman I,,1,0,0,0,,bien de interés cultural,,0,,,,,,,major reconstruction detected in wikipedia text,https://en.wikipedia.org/wiki/Castle_of_Gormaz,http://www.wikidata.org/entity/Q511688,"{'type': 'castle', 'location': 'Gormaz , Spain', 'coordinates': '41°29′37″N 3°00′29″W \ufeff / \ufeff 41.4937°N 3.0080°W \ufeff / 41.4937; -3.0080', 'built': '965 (current form)', 'restored': '14th century', 'architectural styles': 'Moorish architecture , Spanish architecture'}",earliest:was built in 965 to defend the borders of the caliphate of cordoba  | current_start:rebuilt in 965–66 by ghalib ibn abd al-rahman ,True,True,True,False,False,True,,,castle,"construction_duration_years is derived as end_year - start_year; for castles this may represent construction, reconstruction, restoration, or broader historical date span rather than literal build duration.",965.0,1400.0,435.0,False,,,,,,,,,,,,,,,no_osm_match,none,,,,,,,,,,41.4937,-3.008,997.0,,,,,997.0,,,open_elevation,,False,False,False,True,True,"OSM area was calculated from polygon geometry when available. OSM area should be interpreted as mapped footprint/grounds/outline area, not necessarily architectural floor area. Elevation was filled from Open-Elevation when no existing elevation value was present."
Q1934670,Royal Palace of Olite,Spain,Olite/Erriberri,42.481731,-1.649563,1200.0,1967.0,767.0,text_inferred,wikipedia_final_filled,wikipedia_final_filled,,,False,False,1200.0,1967.0,,,,,1200.0,1900.0,1967.0,True,Charles III of Navarre,founder,Charles III of Navarre,,,Patrimonio Nacional,,1,0,1,0,Gothic architecture,Asset of Cultural Interest  (Navarre) | bien de interés cultural,,0,,,,,,,major reconstruction detected in wikipedia text,https://en.wikipedia.org/wiki/Palace_of_the_Kings_of_Navarre_of_Olite,http://www.wikidata.org/entity/Q1934670,"{'type': 'First there was a Roman fortification , after a medieval castle and then a royal palace , currently is a hotel and a town sight', 'architectural style': 'Gothic', 'location': 'Merindad de Olite, Navarre, Spain', 'coordinates': '42°28′54″N 01°38′58″W \ufeff / \ufeff 42.48167°N 1.64944°W \ufeff / 42.48167; -1.64944', 'opened': 'Roman rule, Navarrese rule.', 'architects': ""Saúl de Arnedo, Juan D'Espernou, other unknown.""}",earliest:built in the 13th century in gothic style | earliest:built in the late-14th century it was started by queen eleanor of castile  | current_start:restored in the 20th century | current_end:completed in 1967 and was paid by the foral government of navarre ,True,True,True,False,False,True,1201-01-01T00:00:00Z,,"First there was a Roman fortification , after a medieval castle and then a royal palace , currently is a hotel and a town sight","construction_duration_years is derived as end_year - start_year; for castles this may represent construction, reconstruction, restoration, or broader historical date span rather than literal build duration.",1200.0,1967.0,767.0,False,,,,,,,,relation,7342188.0,Palacio Real de Olite,Polygon,152.0,0.2,14.856995721666452,overpass_castle_polygon,high,"{""access"": ""private"", ""building"": ""yes"", ""castle_type"": ""palace"", ""charge"": ""4.90 EUR/person"", ""fee"": ""yes"", ""historic"": ""castle"", ""name"": ""Palacio Real de Olite"", ""name:es"": ""Castillo de Olite"", ""name:eu"": ""Erriberriko Nafarroako Erregeen Jauregia"", ""tourism"": ""attraction"", ""type"": ""multipolygon"", ""website"": ""https://www.olite.es/turismo/palacio-de-olite/"", ""wikidata"": ""Q1934670"", ""wikipedia"": ""es:Palacio Real de Olite""}",42.48171912549019,-1.6493825460784315,2595.302328615735,2595.302328615735,2595.302328615735,105.84622794983443,65.43215133622289,,42.481731,-1.649563,387.0,2595.302328615735,2595.302328615735,2595.302328615735,,387.0,osm_polygon,,open_elevation,Area calculated from OpenStreetMap polygon geometry using local UTM projection. This is a footprint/grounds/outline proxy depending on how the castle is mapped in OSM.,True,True,False,True,True,"OSM area was calculated from polygon geometry when available. OSM area should be interpreted as mapped footprint/grounds/outline area, not necessarily architectural floor area. Elevation was filled from Open-Elevation when no existing elevation value was present."
Q771891,Hörningsholm Castle,Sweden,Södertälje Municipality,59.05083333,17.66583333,1400.0,1500.0,100.0,mixed_exact_or_infobox,wikipedia_final_filled,wikipedia_final_filled,,,False,False,1400.0,1752.0,1400.0,,built,,,,1752.0,False,Carl Hårleman,architect,,,Carl Hårleman,,,0,1,0,0,,,,0,,,,,,,,https://en.wikipedia.org/wiki/H%C3%B6rningsholm_Castle,http://www.wikidata.org/entity/Q771891,"{'type': 'Castle', 'open\xa0to the\xa0public': 'No', 'coordinates': '59°03′03″N 17°39′57″E \ufeff / \ufeff 59.05083°N 17.66583°E \ufeff / 59.05083; 17.66583', 'built': 'Probably late 15th century', 'built\xa0by': 'Probably Nils Bosson Sture', 'battles/wars': 'Pillaged by Danish troops 1520 Burnt by Russian troops 1719'}",current_end:finished in 1752,True,True,True,False,False,True,,,Castle,"construction_duration_years was manually corrected using the one-by-one online/historical duration review. For direct ranges, the checked build span is treated as primary. For broad century ranges, the value remains approximate.",1400.0,1752.0,352.0,True,BROAD_CENTURY_SPAN_COMPARE_CAUTION,manual_online_historical_review,broad_century_span,built: Probably late 15th century,Manual correction applied because the one-by-one online review found a broad historical build range or century-span range. The reviewed historical range is treated as primary over the previous derived date span.,352.0,100.0,way,244263328.0,Hörningsholms slott,Polygon,115.0,0.0,60.02086035166934,overpass_castle_polygon,high,"{""building"": ""yes"", ""historic"": ""castle"", ""name"": ""Hörningsholms slott"", ""wikidata"": ""Q771891""}",59.05038932222222,17.66643018888889,779.4875121460983,779.4875121460983,779.4875121460983,46.17393961176276,23.621178335743025,,59.05083333,17.66583333,5.0,779.4875121460983,779.4875121460983,779.4875121460983,,5.0,osm_polygon,,open_elevation,Area calculated from OpenStreetMap polygon geometry using local UTM projection. This is a footprint/grounds/outline proxy depending on how the castle is mapped in OSM.,True,True,False,True,True,"OSM area was calculated from polygon geometry when available. OSM area should be interpreted as mapped footprint/grounds/outline area, not necessarily architectural floor area. Elevation was filled from Open-Elevation when no existing elevation value was present."
Q1427883,Maltesholm Castle,Sweden,Kristianstad Municipality,55.902222222,13.980833333,1780.0,1780.0,0.0,mixed_exact_or_infobox,wikipedia_final_filled,wikipedia_final_filled,,,False,False,1780.0,1780.0,1780.0,,built,,,,1780.0,False,,,,,,,,0,0,0,0,,,,0,,,,,,,,https://en.wikipedia.org/wiki/Maltesholm_Castle,http://www.wikidata.org/entity/Q1427883,"{'type': 'Castle', 'open\xa0to the\xa0public': 'No', 'coordinates': '55°54′08″N 13°58′51″E \ufeff / \ufeff 55.9022°N 13.9809°E \ufeff / 55.9022; 13.9809', 'built': '1780 ; 246\xa0years ago ( 1780 )'}",current_end:completed in 1780 in the style of swedish classical palace ,True,True,True,False,False,False,1780-01-01T00:00:00Z,,Castle,"construction_duration_years is derived as end_year - start_year; for castles this may represent construction, reconstruction, restoration, or broader historical date span rather than literal build duration.",1780.0,1780.0,0.0,False,,,,,,,,way,199242965.0,Maltesholm slott,Polygon,145.0,0.5,29.682162847636,overpass_castle_polygon,high,"{""building"": ""yes"", ""historic"": ""castle"", ""name"": ""Maltesholm slott"", ""wikidata"": ""Q1427883"", ""wikipedia"": ""sv:Maltesholms slott""}",55.901962409999996,13.980942619999999,745.7259794094349,745.7259794094349,745.7259794094349,44.64721908053616,23.275482152588665,,55.902222222,13.980833333,114.0,745.7259794094349,745.7259794094349,745.7259794094349,,114.0,osm_polygon,,open_elevation,Area calculated from OpenStreetMap polygon geometry using local UTM projection. This is a footprint/grounds/outline proxy depending on how the castle is mapped in OSM.,True,True,False,True,True,"OSM area was calculated from polygon geometry when available. OSM area should be interpreted as mapped footprint/grounds/outline area, not necessarily architectural floor area. Elevation was filled from Open-Elevation when no existing elevation value was present."
Q1475894,Uppsala Castle,Sweden,Uppsala Municipality,59.85359,17.63543,1549.0,1762.0,213.0,mixed_exact_or_infobox,wikipedia_final_filled,wikipedia_final_filled,,,False,False,1549.0,1762.0,1549.0,1762.0,construction started,completed,,1815.0,1592.0,True,Gustav I of Sweden,founder,Gustav I of Sweden,,,National Property Board of Sweden,Destination Uppsala | Uppsala Art Museum,1,0,1,0,Renaissance architecture,governmental listed building complex | monument in Fornminnesregistret | governmental listed building,,0,,,,,,,major reconstruction detected in wikipedia text,https://en.wikipedia.org/wiki/Uppsala_Castle,http://www.wikidata.org/entity/Q1475894,"{'type': 'Castle', 'location': 'Uppsala , Sweden', 'coordinates': '59°51′12″N 17°38′07″E \ufeff / \ufeff 59.85333°N 17.63528°E \ufeff / 59.85333; 17.63528', 'construction started': '1549', 'completed': '1762 (rebuild after fire)', 'renovated': 'several times'}",current_start:reconstructed in 1815 to be used as a county prison | current_end:completed by the time john iii died in 1592,True,True,True,False,False,True,1567-01-01T00:00:00Z,,Castle,"construction_duration_years is derived as end_year - start_year; for castles this may represent construction, reconstruction, restoration, or broader historical date span rather than literal build duration.",1549.0,1762.0,213.0,False,,,,,,,,way,24433739.0,Uppsala slott,Polygon,170.0,0.5,32.00145604843805,overpass_castle_polygon,high,"{""addr:city"": ""Uppsala"", ""addr:country"": ""SE"", ""addr:housenumber"": ""1"", ""addr:street"": ""Drottning Christinas väg"", ""building"": ""yes"", ""castle_type"": ""stately"", ""comment"": ""Here's hoping bings images of central Uppsala are well adjusted."", ""description:en"": ""Large castle built in 1549 and extensively rebuilt after a fire in 1702. Today is the governors's residence and houses 3 museums. (Source: sv.Wikipedia)"", ""fee"": ""yes"", ""historic"": ""castle"", ""name"": ""Uppsala slott"", ""name:fi"": ""Uppsalan linna"", ""name:ko"": ""웁살라 성"", ""name:sv"": ""Uppsala slott"", ""roof:colour"": ""black"", ""roof:material"": ""metal"", ""source"": ""Bing"", ""start_date"": ""1500s"", ""wheelchair"": ""limited"", ""wikidata"": ""Q1475894"", ""wikimedia_commons"": ""Category:Uppsala_slott"", ""wikipedia"": ""sv:Uppsala slott""}",59.853359536250004,17.635086769999997,4518.905896578526,4518.905896578526,4518.905896578526,188.18645537178963,108.34539815958124,,59.85359,17.63543,43.0,4518.905896578526,4518.905896578526,4518.905896578526,,43.0,osm_polygon,,open_elevation,Area calculated from OpenStreetMap polygon geometry using local UTM projection. This is a footprint/grounds/outline proxy depending on how the castle is mapped in OSM.,True,True,False,True,True,"OSM area was calculated from polygon geometry when available. OSM area should be interpreted as mapped footprint/grounds/outline area, not necessarily architectural floor area. Elevation was filled from Open-Elevation when no existing elevation value was present."
Q1663657,Vittskövle Castle,Sweden,Kristianstad Municipality,55.854722222,14.133333333,1553.0,1577.0,24.0,mixed_exact_or_infobox,wikipedia_final_filled,wikipedia_final_filled,,,False,False,1553.0,1577.0,1553.0,,built,,,,1577.0,False,Jonas-Philip Hagerman | Christian Barnekow,owner,,,,Jonas-Philip Hagerman | Christian Barnekow,,2,0,0,0,Renaissance architecture,enskilt byggnadsminne | individual listed building complex,,0,,,,,,,,https://en.wikipedia.org/wiki/Vittsk%C3%B6vle_Castle,http://www.wikidata.org/entity/Q1663657,"{'type': 'Castle', 'open\xa0to the\xa0public': 'No', 'coordinates': '55°51′17″N 14°08′00″E \ufeff / \ufeff 55.8548°N 14.1334°E \ufeff / 55.8548; 14.1334', 'built': '1553-1577 ; 449\xa0years ago ( 1577 )'}",current_end:completed in 1577,True,True,True,False,False,True,1577-01-01T00:00:00Z,,Castle,"construction_duration_years is derived as end_year - start_year; for castles this may represent construction, reconstruction, restoration, or broader historical date span rather than literal build duration.",1553.0,1577.0,24.0,False,,,,,,,,relation,1397350.0,Vittskövle slott,Polygon,145.0,0.5,20.340176206370487,overpass_castle_polygon,high,"{""building"": ""yes"", ""historic"": ""castle"", ""name"": ""Vittskövle slott"", ""type"": ""multipolygon"", ""wikidata"": ""Q1663657"", ""wikipedia"": ""sv:Vittskövle slott""}",55.85487626666666,14.133509083333331,1524.5726622659063,1524.5726622659063,1524.5726622659063,41.38657379645156,38.145533497445285,,55.854722222,14.133333333,16.0,1524.5726622659063,1524.5726622659063,1524.5726622659063,,16.0,osm_polygon,,open_elevation,Area calculated from OpenStreetMap polygon geometry using local UTM projection. This is a footprint/grounds/outline proxy depending on how the castle is mapped in OSM.,True,True,False,True,True,"OSM area was calculated from polygon geometry when available. OSM area should be interpreted as mapped footprint/grounds/outline area, not necessarily architectural floor area. Elevation was filled from Open-Elevation when no existing elevation value was present."
Q687250,Bottmingen Castle,Switzerland,Bottmingen,47.523738,7.570322,1200.0,1363.0,163.0,mixed_exact_or_infobox,wikipedia_final_filled,wikipedia_final_filled,,,False,False,1200.0,1363.0,,1363.0,,completed,1200.0,1700.0,,True,,,,,,,,0,0,0,0,,class A Swiss cultural property of national significance,,0,,291.8,,,,,major reconstruction detected in wikipedia text,https://en.wikipedia.org/wiki/Bottmingen_Castle,http://www.wikidata.org/entity/Q687250,"{'status': 'Preserved', 'type': 'Castle', 'location': 'Bottmingen', 'coordinates': '47°31′25″N 7°34′13″E \ufeff / \ufeff 47.52361°N 7.57028°E \ufeff / 47.52361; 7.57028', 'completed': 'Before 1363'}",earliest:built in the second half of the 13th century | earliest:built during the 18th century into an early- baroque country manor in the french style by johannes deucher | current_start:rebuilt during the 18th century into an early- baroque country manor in the french style by johannes deucher,True,True,True,False,False,False,1300-01-01T00:00:00Z,,Castle,"construction_duration_years is derived as end_year - start_year; for castles this may represent construction, reconstruction, restoration, or broader historical date span rather than literal build duration.",1200.0,1363.0,163.0,False,,,,,,,,way,23887585.0,Schloss Bottmingen,Polygon,200.0,1.0,3.6306042545109993,overpass_castle_polygon,high,"{""building"": ""yes"", ""castle_type"": ""stately"", ""historic"": ""castle"", ""layer"": ""1"", ""name"": ""Schloss Bottmingen"", ""wikidata"": ""Q687250"", ""wikimedia_commons"": ""Category:Schloss Bottmingen"", ""wikipedia:de"": ""Schloss Bottmingen""}",47.523739210256416,7.5702736820512815,640.9986432596928,640.9986432596928,640.9986432596928,43.260966871341225,36.128035492263734,,47.523738,7.570322,,640.9986432596928,640.9986432596928,640.9986432596928,,291.8,osm_polygon,,existing,Area calculated from OpenStreetMap polygon geometry using local UTM projection. This is a footprint/grounds/outline proxy depending on how the castle is mapped in OSM.,True,True,False,True,True,"OSM area was calculated from polygon geometry when available. OSM area should be interpreted as mapped footprint/grounds/outline area, not necessarily architectural floor area. Elevation was filled from Open-Elevation when no existing elevation value was present."
Q29573881,Gestelnburg,Switzerland,Niedergesteln,46.31333,7.7831,1100.0,1200.0,100.0,mixed_exact_or_infobox,wikipedia_final_filled,wikipedia_final_filled,,,False,False,1100.0,1993.0,1100.0,,built,,1100.0,,1993.0,False,,,,,,,,0,0,0,0,,class A Swiss cultural property of national significance,,0,,,,,,,,https://en.wikipedia.org/wiki/Gestelnburg,http://www.wikidata.org/entity/Q29573881,"{'type': 'Hill castle , rock castle', 'code': 'CH', 'condition': 'Ruins', 'coordinates': '46°18′49″N 7°46′59″E \ufeff / \ufeff 46.31361°N 7.78306°E \ufeff / 46.31361; 7.78306', 'built': 'Probably 12th century', 'materials': 'Stone masonry'}",earliest:built during the 12th century by the powerful barons de la tour (english | current_end:completed in 1993,True,True,True,False,False,False,,,"Hill castle , rock castle","construction_duration_years was manually corrected using the one-by-one online/historical duration review. For direct ranges, the checked build span is treated as primary. For broad century ranges, the value remains approximate.",1100.0,1993.0,893.0,True,BROAD_CENTURY_SPAN_COMPARE_CAUTION,manual_online_historical_review,broad_century_span,built: Probably 12th century,Manual correction applied because the one-by-one online review found a broad historical build range or century-span range. The reviewed historical range is treated as primary over the previous derived date span.,893.0,100.0,way,336043367.0,Prioratskirche Niedergesteln,Polygon,115.0,0.0,55.23397100827455,overpass_castle_polygon,high,"{""addr:city"": ""Niedergesteln"", ""addr:housenumber"": ""3"", ""addr:postcode"": ""3942"", ""addr:street"": ""Kirchgasse"", ""amenity"": ""place_of_worship"", ""building"": ""church"", ""denomination"": ""catholic"", ""historic"": ""castle"", ""name"": ""Prioratskirche Niedergesteln"", ""religion"": ""christian"", ""tourism"": ""museum"", ""wheelchair"": ""yes"", ""wikidata"": ""Q29892366""}",46.31363334285714,7.782530514285715,310.1868827894166,310.1868827894166,310.1868827894166,33.74270286411047,13.285141891916282,,46.31333,7.7831,650.0,310.1868827894166,310.1868827894166,310.1868827894166,,650.0,osm_polygon,,open_elevation,Area calculated from OpenStreetMap polygon geometry using local UTM projection. This is a footprint/grounds/outline proxy depending on how the castle is mapped in OSM.,True,True,False,True,True,"OSM area was calculated from polygon geometry when available. OSM area should be interpreted as mapped footprint/grounds/outline area, not necessarily architectural floor area. Elevation was filled from Open-Elevation when no existing elevation value was present."
Q668647,Lenzburg Castle,Switzerland,Lenzburg,47.38752385,8.185309862,1036.0,1761.0,725.0,mixed_exact_or_infobox,wikipedia_final_filled,wikipedia_final_filled,,,False,False,1036.0,1761.0,1036.0,,built,,1100.0,,1761.0,False,Lincoln Ellsworth,owner,,,,Lincoln Ellsworth,,1,0,0,0,,class A Swiss cultural property of national significance,,0,,,,,,,,https://en.wikipedia.org/wiki/Lenzburg_Castle,http://www.wikidata.org/entity/Q668647,"{'type': 'hill castle', 'code': 'CH-AG', 'condition': 'preserved', 'coordinates': '47°23′15″N 8°11′08″E \ufeff / \ufeff 47.38738°N 8.18548°E \ufeff / 47.38738; 8.18548', 'height': '508 m\xa0above the\xa0sea', 'built': 'before 1036'}",earliest:was built in 1672–74 on the site of a 1625 guardhouse and laundry | earliest:was built in 1520 | earliest:was built in 1100 as a 4-storey | earliest:first mentioned in 1369 | current_end:finished in 1344 | current_end:enlarged in 1761–62),True,True,True,False,False,True,1036-01-01T00:00:00Z,,hill castle,"construction_duration_years is derived as end_year - start_year; for castles this may represent construction, reconstruction, restoration, or broader historical date span rather than literal build duration.",1036.0,1761.0,725.0,False,,,,,,,,way,24156980.0,Schloss Lenzburg,Polygon,200.0,1.0,44.90382125819135,overpass_castle_polygon,high,"{""castle_type"": ""defensive"", ""email"": ""info@schloss-lenzburg.ch"", ""historic"": ""castle"", ""name"": ""Schloss Lenzburg"", ""opening_hours"": ""Apr-Oct: Tu-Su 10:00-17:00, PH 10:00-17:00"", ""website"": ""https://www.schloss-lenzburg.ch/"", ""wikidata"": ""Q668647"", ""wikipedia"": ""de:Schloss Lenzburg""}",47.38718324655173,8.184989420689655,7719.195166917347,7719.195166917347,7719.195166917347,139.63250588800292,97.5075413538143,,47.38752385,8.185309862,435.0,7719.195166917347,7719.195166917347,7719.195166917347,,435.0,osm_polygon,,open_elevation,Area calculated from OpenStreetMap polygon geometry using local UTM projection. This is a footprint/grounds/outline proxy depending on how the castle is mapped in OSM.,True,True,False,True,True,"OSM area was calculated from polygon geometry when available. OSM area should be interpreted as mapped footprint/grounds/outline area, not necessarily architectural floor area. Elevation was filled from Open-Elevation when no existing elevation value was present."
Q670256,Marschlins Castle,Switzerland,Landquart,46.954444444,9.584444444,1200.0,1300.0,100.0,mixed_exact_or_infobox,wikipedia_final_filled,wikipedia_final_filled,,,False,False,1200.0,1638.0,1200.0,,built,,1200.0,,1638.0,False,,,,,,,,0,0,0,0,,class A Swiss cultural property of national significance,,0,,,,,,,,https://en.wikipedia.org/wiki/Marschlins_Castle,http://www.wikidata.org/entity/Q670256,"{'type': 'water castle', 'code': 'CH-GR', 'condition': 'privately owned', 'coordinates': '46°57′16.36″N 09°35′4.14″E \ufeff / \ufeff 46.9545444°N 9.5844833°E \ufeff / 46.9545444; 9.5844833', 'built': '13th century', 'occupants': 'Bishop of Chur'}",earliest:built in the 13th century | earliest:built in the main tower in 1771 | earliest:was built in the 13th century | earliest:was built in 1638 by the pfau workshop and the cabinets decorated with the alliance arms of heinrich hirzel-yolanda von salis are from 1674 | earliest:was built in the main tower in 1771 | current_end:completed in 1638 and is paneled in stone pine ,True,True,True,False,False,False,,,water castle,"construction_duration_years was manually corrected using the one-by-one online/historical duration review. For direct ranges, the checked build span is treated as primary. For broad century ranges, the value remains approximate.",1200.0,1638.0,438.0,True,BROAD_CENTURY_SPAN_COMPARE_CAUTION,manual_online_historical_review,broad_century_span,built: 13th century,Manual correction applied because the one-by-one online review found a broad historical build range or century-span range. The reviewed historical range is treated as primary over the previous derived date span.,438.0,100.0,relation,8124741.0,Schloss Marschlins,Polygon,200.0,1.0,9.432773339649467,overpass_castle_polygon,high,"{""access"": ""private"", ""addr:city"": ""Landquart"", ""addr:housenumber"": ""28"", ""addr:postcode"": ""7302"", ""addr:street"": ""Gandastrasse"", ""building"": ""yes"", ""castle_type"": ""defensive"", ""description"": ""1337 Herzog Albrecht v. Österreich, 1462 an Ulrich v. Brandis veräussert, danach wechselnder Besitz. Nach 1600 Verwahrlosung, Trockenlegen der Gräben, um 1635 Erneuerung unter Marschall Ulysses v. Salis. 1905 Umbau. (Quelle: Burgenverein.ch)"", ""historic"": ""castle"", ""historic:civilization"": ""medieval"", ""name"": ""Schloss Marschlins"", ""type"": ""multipolygon"", ""wheelchair"": ""no"", ""wikidata"": ""Q670256"", ""wikipedia"": ""de:Schloss Marschlins""}",46.954492931914885,9.584546421276595,1511.636924033784,1511.636924033784,1511.636924033784,50.033298049122095,49.55438103794586,,46.954444444,9.584444444,539.0,1511.636924033784,1511.636924033784,1511.636924033784,,539.0,osm_polygon,,open_elevation,Area calculated from OpenStreetMap polygon geometry using local UTM projection. This is a footprint/grounds/outline proxy depending on how the castle is mapped in OSM.,True,True,False,True,True,"OSM area was calculated from polygon geometry when available. OSM area should be interpreted as mapped footprint/grounds/outline area, not necessarily architectural floor area. Elevation was filled from Open-Elevation when no existing elevation value was present."
Q2970842,Tourbillon Castle,Switzerland,Sion,46.236463888,7.366952777,1297.0,1308.0,11.0,mixed_exact_or_infobox,wikipedia_final_filled,wikipedia_final_filled,,,False,False,1297.0,1887.0,1297.0,,built,,1893.0,,1887.0,False,Boniface de Challant,architect,,,Boniface de Challant,,,0,1,0,0,,class A Swiss cultural property of national significance,,0,,,,,,,,https://en.wikipedia.org/wiki/Tourbillon_Castle,http://www.wikidata.org/entity/Q2970842,"{'type': 'Castle Ruins', 'owner': 'Tourbillon Castle foundation', 'open\xa0to the\xa0public': 'Yes', 'coordinates': '46°14′11″N 7°22′1″E \ufeff / \ufeff 46.23639°N 7.36694°E \ufeff / 46.23639; 7.36694', 'built': '1297–1308', 'built\xa0by': 'Boniface de Challant', 'battles/wars': 'Raron affair (1417)', 'official name': 'Tourbillon, ruines du château - Moyen Age', 'reference\xa0no.': '7044'}",earliest:was built in 1893 in the dovecote tower | current_end:completed in 1887,True,True,True,False,False,True,1290-01-01T00:00:00Z,,Castle Ruins,"construction_duration_years was manually corrected using the one-by-one online/historical duration review. For direct ranges, the checked build span is treated as primary. For broad century ranges, the value remains approximate.",1297.0,1887.0,590.0,True,DIFFERS,manual_online_historical_review,built_year_range,built: 1297–1308,Manual correction applied because the one-by-one online review found a direct build span that differed from the file's derived construction_duration_years. The online/historical build span is treated as primary.,590.0,11.0,way,237143474.0,Château de Tourbillon,Polygon,200.0,1.0,20.955105000408185,overpass_castle_polygon,high,"{""building"": ""yes"", ""castle_type"": ""defensive"", ""historic"": ""castle"", ""historic:civilization"": ""medieval"", ""name"": ""Château de Tourbillon"", ""ruins"": ""yes"", ""wikidata"": ""Q2970842"", ""wikipedia"": ""fr:Château de Tourbillon""}",46.2365046,7.367218800000001,354.31859658799436,354.31859658799436,354.31859658799436,28.691410250903573,13.2625239379704,,46.236463888,7.366952777,636.0,354.31859658799436,354.31859658799436,354.31859658799436,,636.0,osm_polygon,,open_elevation,Area calculated from OpenStreetMap polygon geometry using local UTM projection. This is a footprint/grounds/outline proxy depending on how the castle is mapped in OSM.,True,True,False,True,True,"OSM area was calculated from polygon geometry when available. OSM area should be interpreted as mapped footprint/grounds/outline area, not necessarily architectural floor area. Elevation was filled from Open-Elevation when no existing elevation value was present."
Q29521715,Upper Castle Zizers,Switzerland,Zizers,46.934542,9.567474,1680.0,1976.0,296.0,mixed_exact_or_infobox,wikipedia_final_filled,wikipedia_final_filled,,,False,False,1680.0,1976.0,1680.0,1976.0,built,restored,,,,False,,,,,,,,0,0,0,0,,class A Swiss cultural property of national significance,,0,,,,,,,,"https://en.wikipedia.org/wiki/Upper_Castle,_Zizers",http://www.wikidata.org/entity/Q29521715,"{'type': 'Castle', 'location': 'Oberschlossweg\xa0/\xa0Stöcklistrasse, Zizers', 'coordinates': '46°56′04″N 9°34′03″E \ufeff / \ufeff 46.934542°N 9.567474°E \ufeff / 46.934542; 9.567474', 'built': '1680', 'built for': 'Baron Simon von Salis', 'restored': '1976-84 2003-04'}",,True,True,True,False,False,False,,,Castle,"construction_duration_years is derived as end_year - start_year; for castles this may represent construction, reconstruction, restoration, or broader historical date span rather than literal build duration.",1680.0,1976.0,296.0,False,,,,,,,,way,135109548.0,Oberes Schloss,Polygon,140.0,0.0,1.3716166325870056,overpass_castle_polygon,high,"{""access"": ""private"", ""addr:city"": ""Zizers"", ""addr:housenumber"": ""3"", ""addr:postcode"": ""7205"", ""addr:street"": ""Stöcklistrasse"", ""building"": ""yes"", ""castle_type"": ""stately"", ""description"": ""Schloss vor 1694 erbaut für Baron Simon von Salis (1646-94), aus dem in Tirano beheimateten Zweig der von Salis. Neugestaltungen 1725 und um 1790. Seit 1947 in Besitz des Bistums Chur. (Quelle: Burgenverein.ch)"", ""historic"": ""castle"", ""historic:civilization"": ""medieval"", ""name"": ""Oberes Schloss"", ""wikidata"": ""Q29521715""}",46.93455336,9.56748104,384.4621129808006,384.4621129808006,384.4621129808006,26.556847443804145,19.73527145886328,,46.934542,9.567474,589.0,384.4621129808006,384.4621129808006,384.4621129808006,,589.0,osm_polygon,,open_elevation,Area calculated from OpenStreetMap polygon geometry using local UTM projection. This is a footprint/grounds/outline proxy depending on how the castle is mapped in OSM.,True,True,False,True,True,"OSM area was calculated from polygon geometry when available. OSM area should be interpreted as mapped footprint/grounds/outline area, not necessarily architectural floor area. Elevation was filled from Open-Elevation when no existing elevation value was present."
Q319745,Aberystwyth Castle,United Kingdom,Aberystwyth,52.413277777,-4.089503888,1277.0,1289.0,12.0,mixed_exact_or_infobox,wikipedia_final_filled,wikipedia_final_filled,,,False,False,1200.0,1289.0,1277.0,,built,,1200.0,,1289.0,False,,,,,,,,0,0,0,0,,National Monuments of Wales | Grade I listed building | scheduled monument,,0,,18.7,,,,,,https://en.wikipedia.org/wiki/Aberystwyth_Castle,http://www.wikidata.org/entity/Q319745,"{'type': 'Diamond-shaped concentric castle', 'controlled\xa0by': 'Aberystwyth Town Council', 'condition': 'Ruin', 'coordinates': '52°24′48″N 4°05′23″W \ufeff / \ufeff 52.41324°N 4.08968°W \ufeff / 52.41324; -4.08968', 'built': '1277–1289', 'built\xa0by': 'Later work attributed to James of Saint George', 'in\xa0use': 'Open to public', 'materials': 'Siltstone', 'demolished': '1649', 'events': 'Welsh Wars English Civil War'}",earliest:was built in response to the first welsh war in the late 13th century | current_end:completed in 1289 at a cost of £4,True,True,True,False,False,False,1277-01-01T00:00:00Z,,Diamond-shaped concentric castle,"construction_duration_years was manually corrected using the one-by-one online/historical duration review. For direct ranges, the checked build span is treated as primary. For broad century ranges, the value remains approximate.",1200.0,1289.0,89.0,True,DIFFERS,manual_online_historical_review,built_year_range,built: 1277–1289,Manual correction applied because the one-by-one online review found a direct build span that differed from the file's derived construction_duration_years. The online/historical build span is treated as primary.,89.0,12.0,way,123596491.0,,Polygon,60.0,0.0,49.65191816022609,overpass_castle_polygon,high,"{""building"": ""yes"", ""castle_type"": ""tower"", ""historic"": ""castle"", ""historic:civilization"": ""medieval"", ""source"": ""survey""}",52.4134504625,-4.0901789937499995,44.67814606004292,44.67814606004292,44.67814606004292,9.893354480038397,9.510516338981688,,52.413277777,-4.089503888,,44.67814606004292,44.67814606004292,44.67814606004292,,18.7,osm_polygon,,existing,Area calculated from OpenStreetMap polygon geometry using local UTM projection. This is a footprint/grounds/outline proxy depending on how the castle is mapped in OSM.,True,True,False,True,True,"OSM area was calculated from polygon geometry when available. OSM area should be interpreted as mapped footprint/grounds/outline area, not necessarily architectural floor area. Elevation was filled from Open-Elevation when no existing elevation value was present."
Q4788264,Ardrossan Castle,United Kingdom,North Ayrshire,55.6419,-4.8101,1140.0,1500.0,360.0,mixed_exact_or_infobox,wikipedia_final_filled,wikipedia_final_filled,,,False,False,1140.0,1500.0,1140.0,,built,,,,1500.0,False,,,,,,,,0,0,0,0,,scheduled monument,,0,,,,,,,,https://en.wikipedia.org/wiki/Ardrossan_Castle,http://www.wikidata.org/entity/Q4788264,"{'type': 'Castle of enceinte', 'open\xa0to the\xa0public': 'No. Fenced and under video surveillance. (caution advised due to loose rocks)', 'condition': 'Ruined', 'coordinates': '55°38′N 4°49′W \ufeff / \ufeff 55.64°N 4.81°W \ufeff / 55.64; -4.81', 'built': 'around 1140', 'built\xa0by': 'Simon de Morville', 'materials': 'stone wood and metal'}",current_end:rebuilt by clan montgomery in the 15th century,True,True,True,False,False,False,,,Castle of enceinte,"construction_duration_years is derived as end_year - start_year; for castles this may represent construction, reconstruction, restoration, or broader historical date span rather than literal build duration.",1140.0,1500.0,360.0,False,,,,,,,,,,,,,,,no_osm_match,none,,,,,,,,,,55.6419,-4.8101,14.0,,,,,14.0,,,open_elevation,,False,False,False,True,True,"OSM area was calculated from polygon geometry when available. OSM area should be interpreted as mapped footprint/grounds/outline area, not necessarily architectural floor area. Elevation was filled from Open-Elevation when no existing elevation value was present."
Q4852123,Ballygally Castle,United Kingdom,Ballygalley,54.899,-5.8617,1625.0,1625.0,0.0,mixed_exact_or_infobox,wikipedia_final_filled,wikipedia_final_filled,,,False,False,1625.0,1625.0,,1625.0,,completed,1625.0,,,False,,,,,,,,0,0,0,0,,Grade A listed building,,0,,,,,,,,https://en.wikipedia.org/wiki/Ballygally_Castle,http://www.wikidata.org/entity/Q4852123,"{'type': 'Castle', 'location': 'Ballygally , County Antrim , Northern Ireland', 'coordinates': '54°53′56″N 5°51′40″W \ufeff / \ufeff 54.89889°N 5.86111°W \ufeff / 54.89889; -5.86111', 'completed': '1625', 'architect': 'James Shaw'}",earliest:was built in 1625 by james shaw of scotland ,True,True,True,False,False,False,1649-01-01T00:00:00Z,,Castle,"construction_duration_years is derived as end_year - start_year; for castles this may represent construction, reconstruction, restoration, or broader historical date span rather than literal build duration.",1625.0,1625.0,0.0,False,,,,,,,,way,522690822.0,Ballygally Castle,Polygon,170.0,0.5,38.25820464156742,overpass_castle_polygon,high,"{""alt_name"": ""Ballygalley Castle"", ""building"": ""yes"", ""castle_type"": ""defensive"", ""historic"": ""castle"", ""historic:civilization"": ""modern"", ""name"": ""Ballygally Castle"", ""note"": ""the only 17th century building still used as a residence in Northern Ireland, and is reputed to be one of the most haunted places in all of Ulster."", ""start_date"": ""1625"", ""tourism"": ""attraction"", ""wikidata"": ""Q4852123"", ""wikipedia"": ""en:Ballygally Castle""}",54.899248275,-5.8612857499999995,184.3818039947138,184.3818039947138,184.3818039947138,20.67509613186121,17.94253585214028,,54.899,-5.8617,8.0,184.3818039947138,184.3818039947138,184.3818039947138,,8.0,osm_polygon,,open_elevation,Area calculated from OpenStreetMap polygon geometry using local UTM projection. This is a footprint/grounds/outline proxy depending on how the castle is mapped in OSM.,True,True,False,True,True,"OSM area was calculated from polygon geometry when available. OSM area should be interpreted as mapped footprint/grounds/outline area, not necessarily architectural floor area. Elevation was filled from Open-Elevation when no existing elevation value was present."
Q827174,Berry Pomeroy Castle,United Kingdom,Berry Pomeroy,50.449,-3.63662,1400.0,1710.0,310.0,text_inferred,wikipedia_final_filled,wikipedia_final_filled,,,False,False,1400.0,1710.0,,,,,1400.0,,1710.0,False,English Heritage,owner,,,,English Heritage,English Heritage,1,0,0,0,Tudor architecture,Grade I listed building | scheduled monument,,0,,,,,,,,https://en.wikipedia.org/wiki/Berry_Pomeroy_Castle,http://www.wikidata.org/entity/Q827174,"{'type': 'Castle', 'location': 'Berry Pomeroy , England', 'coordinates': '50°26′56″N 3°38′12″W \ufeff / \ufeff 50.4490°N 3.6366°W \ufeff / 50.4490; -3.6366', 'demolished': 'After 1694', 'owner': 'The 19th Duke of Somerset (with administration by English Heritage )'}",earliest:built in the late 15th century by the pomeroy family which had held the land since the 11th century | earliest:built in the late 15th century | earliest:was built in the late 15th century by the pomeroy family which had held the land since the 11th century | current_end:completed in 1710,True,True,True,False,False,True,1496-01-01T00:00:00Z,,Castle,"construction_duration_years is derived as end_year - start_year; for castles this may represent construction, reconstruction, restoration, or broader historical date span rather than literal build duration.",1400.0,1710.0,310.0,False,,,,,,,,way,364745202.0,Berry Pomeroy Castle,Polygon,143.0,1.0,19.214451770450246,overpass_castle_polygon,high,"{""building"": ""yes"", ""historic"": ""ruins"", ""name"": ""Berry Pomeroy Castle"", ""ruins"": ""yes"", ""wikidata"": ""Q827174"", ""wikipedia"": ""en:Berry Pomeroy Castle""}",50.44917269142858,-3.6366103942857144,2348.597116216355,2348.597116216355,2348.597116216355,80.35445955168689,61.515686257742345,,50.449,-3.63662,80.0,2348.597116216355,2348.597116216355,2348.597116216355,,80.0,osm_polygon,,open_elevation,Area calculated from OpenStreetMap polygon geometry using local UTM projection. This is a footprint/grounds/outline proxy depending on how the castle is mapped in OSM.,True,True,False,True,True,"OSM area was calculated from polygon geometry when available. OSM area should be interpreted as mapped footprint/grounds/outline area, not necessarily architectural floor area. Elevation was filled from Open-Elevation when no existing elevation value was present."
Q328595,Carisbrooke Castle,United Kingdom,Newport and Carisbrooke,50.6875,-1.31389,1100.0,1200.0,100.0,mixed_exact_or_infobox,wikipedia_final_filled,wikipedia_final_filled,,,False,False,1100.0,1600.0,1100.0,,built,,,,1600.0,False,English Heritage,owner,,,,English Heritage,English Heritage,1,0,0,0,,Grade I listed building,,0,,,,,,,,https://en.wikipedia.org/wiki/Carisbrooke_Castle,http://www.wikidata.org/entity/Q328595,"{'type': 'Castle', 'owner': 'Managed by English Heritage', 'open\xa0to the\xa0public': 'Yes', 'condition': 'Complete', 'coordinates': '50°41′15″N 1°18′48″W \ufeff / \ufeff 50.6874°N 1.3133°W \ufeff / 50.6874; -1.3133', 'grid reference': 'grid reference SZ486877', 'built': 'Begun in 12th century', 'in\xa0use': 'Until 1944', 'past commanders': 'Sir Nicholas Wadham (died 1542) Captain of the Isle of Wight, 1509–1520', 'occupants': 'Isabella de Fortibus , Charles I of England (imprisoned), Princess Beatrice of the United Kingdom'}",current_end:completed by 1600 at the cost of £4,True,True,True,False,False,True,1100-01-01T00:00:00Z,,Castle,"construction_duration_years was manually corrected using the one-by-one online/historical duration review. For direct ranges, the checked build span is treated as primary. For broad century ranges, the value remains approximate.",1100.0,1600.0,500.0,True,BROAD_CENTURY_SPAN_COMPARE_CAUTION,manual_online_historical_review,broad_century_span,built: Begun in 12th century,Manual correction applied because the one-by-one online review found a broad historical build range or century-span range. The reviewed historical range is treated as primary over the previous derived date span.,500.0,100.0,way,37621913.0,Carisbrooke Castle,Polygon,160.0,0.3333333333333333,84.93712806000102,overpass_castle_polygon,high,"{""castle_type"": ""defensive"", ""historic"": ""castle"", ""name"": ""Carisbrooke Castle"", ""name:en"": ""Carisbrooke Castle"", ""name:es"": ""Castillo de Carisbrooke"", ""name:fr"": ""Château de Carisbrooke"", ""name:ga"": ""Caisleán Carisbrooke"", ""name:it"": ""Castello di Carisbrooke"", ""name:la"": ""Castellum Carisbrooke"", ""name:ms"": ""Istana kota Carisbrooke"", ""name:ru"": ""Замок Карисбрук"", ""name:zh"": ""卡里斯布魯克城堡"", ""opening_hours"": ""Apr-Sep: Mo-Su, PH 10:00 - 17:00"", ""operator"": ""English Heritage"", ""tourism"": ""attraction"", ""website"": ""https://www.english-heritage.org.uk/visit/places/carisbrooke-castle/"", ""wikidata"": ""Q328595"", ""wikimedia_commons"": ""Category:Carisbrooke Castle"", ""wikipedia"": ""en:Carisbrooke Castle""}",50.687518565789475,-1.3126846763157896,56138.99302324893,56138.99302324893,56138.99302324893,384.87909552583005,317.36023902799934,,50.6875,-1.31389,44.0,56138.99302324893,56138.99302324893,56138.99302324893,,44.0,osm_polygon,,open_elevation,Area calculated from OpenStreetMap polygon geometry using local UTM projection. This is a footprint/grounds/outline proxy depending on how the castle is mapped in OSM.,True,True,False,True,True,"OSM area was calculated from polygon geometry when available. OSM area should be interpreted as mapped footprint/grounds/outline area, not necessarily architectural floor area. Elevation was filled from Open-Elevation when no existing elevation value was present."
Q614836,Carlisle Castle,United Kingdom,Carlisle,54.8972,-2.94167,1092.0,1138.0,46.0,text_inferred,wikipedia_final_filled,wikipedia_final_filled,,,False,False,1092.0,1138.0,,,,,1092.0,1122.0,1138.0,True,William II of England,owner,,,,William II of England,English Heritage,1,0,0,0,Norman architecture,scheduled monument,,0,,,,,,,major reconstruction detected in wikipedia text,https://en.wikipedia.org/wiki/Carlisle_Castle,http://www.wikidata.org/entity/Q614836,"{'type': 'Castle', 'owner': 'English Heritage', 'open\xa0to the\xa0public': 'Yes', 'condition': 'Intact', 'coordinates': '54°53′50″N 2°56′31″W \ufeff / \ufeff 54.897260°N 2.941936°W \ufeff / 54.897260; -2.941936', 'grid reference': 'grid reference NY396562', 'materials': 'Stone', 'battles/wars': 'Invasion of England by King David I (1135) Siege of Carlisle (1315) Siege of Carlisle (1644) Siege of Carlisle (Nov 1745) Siege of Carlisle (Dec 1745)', 'events': 'The Anarchy First War of Scottish Independence First English Civil War Jacobite rising of 1745'}",earliest:built during the reign of william ii in 1092 [ 1 ] and rebuilt in stone under henry i in 1122 | current_start:rebuilt in stone under henry i in 1122 | current_end:rebuilt by order of david i of scotland following the battle of the standard in 1138,True,True,True,False,False,True,1093-01-01T00:00:00Z,,Castle,"construction_duration_years is derived as end_year - start_year; for castles this may represent construction, reconstruction, restoration, or broader historical date span rather than literal build duration.",1092.0,1138.0,46.0,False,,,,,,,,way,205001517.0,Carlisle Castle,Polygon,160.0,0.3333333333333333,23.2147901024042,overpass_castle_polygon,high,"{""barrier"": ""city_wall"", ""castle_type"": ""defensive"", ""historic"": ""castle"", ""name"": ""Carlisle Castle"", ""name:ca"": ""Castell de Carlisle"", ""name:eo"": ""Kastelo Carlisle"", ""name:es"": ""Castillo de Carlisle"", ""name:fr"": ""Château de Carlisle"", ""name:it"": ""Castello di Carlisle"", ""name:ms"": ""Istana kota Carlisle"", ""name:nl"": ""Carlisle Castle"", ""name:pt"": ""Castelo de Carlisle"", ""name:th"": ""ปราสาทคาร์ไลล์"", ""name:zh"": ""卡萊爾城堡"", ""opening_hours"": ""Mo-Su 10:00-18:00"", ""operator"": ""English Heritage"", ""tourism"": ""attraction"", ""website"": ""https://www.english-heritage.org.uk/visit/places/carlisle-castle/"", ""wikidata"": ""Q614836"", ""wikipedia"": ""en:Carlisle Castle""}",54.89719401428571,-2.9420329102040816,18100.630761480897,18100.630761480897,18100.630761480897,213.7078083322849,129.48383290786296,,54.8972,-2.94167,22.0,18100.630761480897,18100.630761480897,18100.630761480897,,22.0,osm_polygon,,open_elevation,Area calculated from OpenStreetMap polygon geometry using local UTM projection. This is a footprint/grounds/outline proxy depending on how the castle is mapped in OSM.,True,True,False,True,True,"OSM area was calculated from polygon geometry when available. OSM area should be interpreted as mapped footprint/grounds/outline area, not necessarily architectural floor area. Elevation was filled from Open-Elevation when no existing elevation value was present."
Q1070187,Chepstow Castle,United Kingdom,Chepstow,51.6439,-2.6757,1066.0,1300.0,234.0,mixed_exact_or_infobox,wikipedia_final_filled,wikipedia_final_filled,,,False,False,1066.0,1090.0,1066.0,,built,,,,1090.0,False,"William FitzOsbern, 1st Earl of Hereford",commissioner,,"William FitzOsbern, 1st Earl of Hereford",,Cadw,Cadw,1,0,0,1,,National Monuments of Wales | Grade I listed building | scheduled monument,,0,,28.0,,,,,,https://en.wikipedia.org/wiki/Chepstow_Castle,http://www.wikidata.org/entity/Q1070187,"{'type': 'Castle', 'owner': 'Cadw', 'open\xa0to the\xa0public': 'Yes', 'condition': 'Mostly Intact', 'coordinates': '51°38′38″N 2°40′33″W \ufeff / \ufeff 51.6439°N 2.6757°W \ufeff / 51.6439; -2.6757', 'built': '1066–1300', 'built\xa0by': 'William fitzOsbern William Marshal and his sons Roger Bigod', 'in\xa0use': '1067–1685', 'materials': 'Various forms of limestone and sandstone'}",current_end:completed by about 1090,True,True,True,False,False,True,1067-01-01T00:00:00Z,,Castle,"construction_duration_years was manually corrected using the one-by-one online/historical duration review. For direct ranges, the checked build span is treated as primary. For broad century ranges, the value remains approximate.",1066.0,1090.0,24.0,True,DIFFERS,manual_online_historical_review,built_year_range,built: 1066–1300,Manual correction applied because the one-by-one online review found a direct build span that differed from the file's derived construction_duration_years. The online/historical build span is treated as primary.,24.0,234.0,way,350627267.0,Chepstow Castle,Polygon,200.0,1.0,17.11652933049914,overpass_castle_polygon,high,"{""addr:city"": ""Chepstow"", ""addr:country"": ""GB"", ""addr:postcode"": ""NP16 5EZ"", ""addr:street"": ""Bridge Street"", ""castle_type"": ""fortress"", ""check_date:opening_hours"": ""2024-07-21"", ""fee"": ""yes"", ""historic"": ""castle"", ""name"": ""Chepstow Castle"", ""name:cy"": ""Castell Cas-gwent"", ""name:en"": ""Chepstow Castle"", ""opening_hours"": ""Mar 01-Jun 30,Sep 01-Oct 31 09:30-17:00; Jul 01-Aug 31 09:30-18:00; Nov 01-Feb 28 10:00-16:00; Dec 24-26 off; Jan 01 off"", ""ruins"": ""yes"", ""tourism"": ""attraction"", ""website"": ""https://cadw.gov.wales/visit/places-to-visit/chepstow-castle?lang=en#overview"", ""wikidata"": ""Q1070187"", ""wikipedia"": ""en:Chepstow Castle""}",51.643995222142856,-2.675505097142857,7043.270885168274,7043.270885168274,7043.270885168274,218.63529883994488,116.15208172705024,,51.6439,-2.6757,,7043.270885168274,7043.270885168274,7043.270885168274,,28.0,osm_polygon,,existing,Area calculated from OpenStreetMap polygon geometry using local UTM projection. This is a footprint/grounds/outline proxy depending on how the castle is mapped in OSM.,True,True,False,True,True,"OSM area was calculated from polygon geometry when available. OSM area should be interpreted as mapped footprint/grounds/outline area, not necessarily architectural floor area. Elevation was filled from Open-Elevation when no existing elevation value was present."
Q3306356,Chirk Castle,United Kingdom,Chirk,52.935,-3.08972,1295.0,1295.0,0.0,mixed_exact_or_infobox,wikipedia_final_filled,wikipedia_final_filled,,,False,False,1295.0,1295.0,,1295.0,,completed,1295.0,,,False,Roger Mortimer de Chirk,commissioner,,Roger Mortimer de Chirk,,Myddelton family | National Trust,National Trust,2,0,0,1,,National Monuments of Wales | Grade I listed building | Site of Special Scientific Interest,,0,,210.0,308.54,,,,,https://en.wikipedia.org/wiki/Chirk_Castle,http://www.wikidata.org/entity/Q3306356,"{'type': 'Castle / Stately home', 'location': 'Chirk , Wrexham County Borough', 'coordinates': '52°56′06″N 3°05′23″W \ufeff / \ufeff 52.93500°N 3.08972°W \ufeff / 52.93500; -3.08972', 'completed': '1295', 'owner': 'National Trust', 'designated': '20 October 1952', 'reference\xa0no.': '598'}",earliest:was built in 1295 by roger mortimer de chirk ,True,True,True,False,True,True,1295-01-01T00:00:00Z,,Castle / Stately home,"construction_duration_years is derived as end_year - start_year; for castles this may represent construction, reconstruction, restoration, or broader historical date span rather than literal build duration.",1295.0,1295.0,0.0,False,,,,,,,,relation,3218557.0,Chirk Castle,Polygon,200.0,1.0,28.648541863929058,overpass_castle_polygon,high,"{""addr:postcode"": ""LL14 5AF"", ""building"": ""yes"", ""castle_type"": ""defensive"", ""historic"": ""castle"", ""historic:civilization"": ""medieval"", ""name"": ""Chirk Castle"", ""name:cy"": ""Casytell y Waun"", ""note"": ""Boundary approximate"", ""operator"": ""National Trust"", ""type"": ""multipolygon"", ""wikidata"": ""Q3306356"", ""wikipedia"": ""en:Chirk Castle""}",52.93524591866666,-3.0895925186666666,5288.25421840123,5288.25421840123,5288.25421840123,113.10340252704918,78.93170268752147,,52.935,-3.08972,,308.54,308.54,308.54,,210.0,existing,,existing,Area calculated from OpenStreetMap polygon geometry using local UTM projection. This is a footprint/grounds/outline proxy depending on how the castle is mapped in OSM.,True,True,False,True,True,"OSM area was calculated from polygon geometry when available. OSM area should be interpreted as mapped footprint/grounds/outline area, not necessarily architectural floor area. Elevation was filled from Open-Elevation when no existing elevation value was present."
Q198287,Colchester Castle,United Kingdom,Colchester,51.890589,0.903047,1076.0,1801.0,725.0,mixed_exact_or_infobox,wikipedia_final_filled,wikipedia_final_filled,,,False,False,1076.0,1801.0,1076.0,,built,,,,1801.0,False,Eudo Dapifer,founder,Eudo Dapifer,William the Conqueror,Gundulf,,,0,1,1,1,Norman architecture,Grade I listed building | scheduled monument,,0,,,,,,,,https://en.wikipedia.org/wiki/Colchester_Castle,http://www.wikidata.org/entity/Q198287,"{'type': 'Norman castle', 'owner': 'Borough of Colchester', 'controlled\xa0by': 'Colchester & Ipswich Museums', 'condition': 'Keep is largely intact.', 'coordinates': '51°53′26″N 0°54′11″E \ufeff / \ufeff 51.890589°N 0.903047°E \ufeff / 51.890589; 0.903047', 'built': 'circa 1076', 'built\xa0by': 'William I of England', 'demolished': 'Bailey wall and keep battlements, 17th century', 'events': ""1216 siege in the First Barons' War 1648 capture in the Siege of Colchester""}",current_end:completed in 1760 | current_end:enlarged in 1801,True,True,True,False,False,True,1069-01-01T00:00:00Z,,Norman castle,"construction_duration_years is derived as end_year - start_year; for castles this may represent construction, reconstruction, restoration, or broader historical date span rather than literal build duration.",1076.0,1801.0,725.0,False,,,,,,,,way,28621900.0,Colchester Castle,Polygon,200.0,1.0,11.442658270205905,overpass_castle_polygon,high,"{""addr:city"": ""Colchester"", ""addr:postcode"": ""CO1 1TJ"", ""building"": ""yes"", ""castle_type"": ""defensive"", ""height"": ""23.5 m"", ""historic"": ""castle"", ""name"": ""Colchester Castle"", ""name:fr"": ""Château de Colchester"", ""name:ga"": ""Caisleán Colchester"", ""name:hu"": ""Colchesteri vár"", ""name:ms"": ""Istana kota Colchester"", ""name:zh"": ""科爾切斯特城堡"", ""tourism"": ""museum"", ""wheelchair"": ""yes"", ""wikidata"": ""Q198287"", ""wikipedia"": ""en:Colchester Castle""}",51.89050628387096,0.9031461935483873,2029.2203513092363,2029.2203513092363,2029.2203513092363,52.84401610586792,48.53729621169623,23.5,51.890589,0.903047,31.0,2029.2203513092363,2029.2203513092363,2029.2203513092363,23.5,31.0,osm_polygon,osm_height_tag,open_elevation,Area calculated from OpenStreetMap polygon geometry using local UTM projection. This is a footprint/grounds/outline proxy depending on how the castle is mapped in OSM.,True,True,True,True,True,"OSM area was calculated from polygon geometry when available. OSM area should be interpreted as mapped footprint/grounds/outline area, not necessarily architectural floor area. Elevation was filled from Open-Elevation when no existing elevation value was present."
Q17321090,Dalquharran Castle,United Kingdom,South Ayrshire,55.283127112,-4.724626474,1790.0,1790.0,0.0,mixed_exact_or_infobox,wikipedia_final_filled,wikipedia_final_filled,,,False,False,1790.0,1790.0,1790.0,,built,,,,1790.0,False,,,,,,,,0,0,0,0,,category A listed building,,0,,,,,,,,https://en.wikipedia.org/wiki/Dalquharran_Castle,http://www.wikidata.org/entity/Q17321090,"{'location': 'Dailly , South Ayrshire , Scotland UK grid reference NS 270021', 'coordinates': '55°16′59″N 4°43′29″W \ufeff / \ufeff 55.2831°N 4.7246°W \ufeff / 55.2831; -4.7246', 'built': '1790', 'built for': 'Thomas Kennedy', 'architect': 'Robert Adam', 'designated': '28 June 1935', 'reference\xa0no.': 'SM316', 'official name': 'Dalquharran Castle (Old Castle)', 'type': 'Secular: castle'}","current_end:completed in 1790] should not be confused with the ruined old dalquharran castle which stands nearby"" | current_end:completed in 1790",True,True,True,False,False,False,,,Secular: castle,"construction_duration_years is derived as end_year - start_year; for castles this may represent construction, reconstruction, restoration, or broader historical date span rather than literal build duration.",1790.0,1790.0,0.0,False,,,,,,,,way,884422874.0,Dalquharran Castle,Polygon,200.0,1.0,26.83833920538914,overpass_castle_polygon,high,"{""castle_type"": ""stately"", ""historic"": ""castle"", ""name"": ""Dalquharran Castle"", ""url"": ""https://canmore.org.uk/site/40880/dalquharran-castle"", ""wikidata"": ""Q17321090"", ""wikimedia_commons"": ""Category:Dalquharran_Castle"", ""wikipedia"": ""en:Dalquharran Castle""}",55.28320154545454,-4.725029618181818,7262.284226711233,7262.284226711233,7262.284226711233,109.77977237757295,108.20310815115226,,55.283127112,-4.724626474,37.0,7262.284226711233,7262.284226711233,7262.284226711233,,37.0,osm_polygon,,open_elevation,Area calculated from OpenStreetMap polygon geometry using local UTM projection. This is a footprint/grounds/outline proxy depending on how the castle is mapped in OSM.,True,True,False,True,True,"OSM area was calculated from polygon geometry when available. OSM area should be interpreted as mapped footprint/grounds/outline area, not necessarily architectural floor area. Elevation was filled from Open-Elevation when no existing elevation value was present."
Q2557884,Fast Castle,United Kingdom,Scottish Borders,55.932437,-2.2238607,1522.0,1522.0,0.0,mixed_exact_or_infobox,wikipedia_final_filled,wikipedia_final_filled,,,False,False,1522.0,1522.0,1522.0,,built,,,,1522.0,False,,,,,,,,0,0,0,0,,scheduled monument,,0,,,,,,,,https://en.wikipedia.org/wiki/Fast_Castle,http://www.wikidata.org/entity/Q2557884,"{'type': 'Courtyard castle', 'owner': 'Private', 'open\xa0to the\xa0public': 'Yes', 'condition': 'Ruin', 'coordinates': '55°55′57″N 2°13′26″W \ufeff / \ufeff 55.9324°N 2.2239°W \ufeff / 55.9324; -2.2239', 'built': 'Unknown, rebuilt 1522', 'built\xa0by': 'First phase: unknown Second phase: Earl of Dunbar Third phase: George Home, 4th Lord Home', 'materials': 'First phase: unknown Second phase: Stone'}",current_end:rebuilt by 1522,True,True,True,False,False,False,1522-01-01T00:00:00Z,,Courtyard castle,"construction_duration_years is derived as end_year - start_year; for castles this may represent construction, reconstruction, restoration, or broader historical date span rather than literal build duration.",1522.0,1522.0,0.0,False,,,,,,,,way,1033473289.0,Fast Castle,Polygon,143.0,1.0,2.600923317562653,overpass_castle_polygon,high,"{""historic"": ""ruins"", ""name"": ""Fast Castle"", ""wikidata"": ""Q2557884"", ""wikipedia"": ""en:Fast Castle""}",55.93243105384616,-2.2239010846153846,1333.6283021125857,1333.6283021125857,1333.6283021125857,75.73837776016444,45.161888819769956,,55.932437,-2.2238607,14.0,1333.6283021125857,1333.6283021125857,1333.6283021125857,,14.0,osm_polygon,,open_elevation,Area calculated from OpenStreetMap polygon geometry using local UTM projection. This is a footprint/grounds/outline proxy depending on how the castle is mapped in OSM.,True,True,False,True,True,"OSM area was calculated from polygon geometry when available. OSM area should be interpreted as mapped footprint/grounds/outline area, not necessarily architectural floor area. Elevation was filled from Open-Elevation when no existing elevation value was present."
Q17571145,Harthill Castle,United Kingdom,Aberdeenshire,57.3161,-2.52197,1400.0,1500.0,100.0,mixed_exact_or_infobox,wikipedia_final_filled,wikipedia_final_filled,,,False,False,1601.0,1978.0,1601.0,,built,,,,1978.0,False,,,,,,,,0,0,0,0,,category A listed building,,0,,,,,,,,https://en.wikipedia.org/wiki/Harthill_Castle,http://www.wikidata.org/entity/Q17571145,"{'type': 'Z-plan castle', 'open\xa0to the\xa0public': 'No', 'condition': 'Restored; occupied', 'coordinates': '57°18′56″N 2°31′17″W \ufeff / \ufeff 57.3156°N 2.5214°W \ufeff / 57.3156; -2.5214', 'built': 'First castle: by 15th century Second castle: 1601 or 1638'}",current_end:completed in 1978,True,True,True,False,False,False,,,Z-plan castle,"construction_duration_years was manually corrected using the one-by-one online/historical duration review. For direct ranges, the checked build span is treated as primary. For broad century ranges, the value remains approximate.",1601.0,1978.0,377.0,True,BROAD_CENTURY_SPAN_COMPARE_CAUTION,manual_online_historical_review,broad_century_span,built: First castle: by 15th century Second castle: 1601 or 1638,Manual correction applied because the one-by-one online review found a broad historical build range or century-span range. The reviewed historical range is treated as primary over the previous derived date span.,377.0,100.0,way,1236633024.0,Harthill Castle,Polygon,145.0,0.5,4.862723136529052,overpass_castle_polygon,high,"{""alt_name"": ""Torries Castle"", ""building"": ""yes"", ""historic"": ""castle"", ""name"": ""Harthill Castle"", ""ref:canmore"": ""18105"", ""wikidata"": ""Q17571145"", ""wikipedia"": ""en:Harthill Castle""}",57.31606213157896,-2.522010505263158,168.46040066603183,168.46040066603183,168.46040066603183,22.496994469314814,15.33693834755104,,57.3161,-2.52197,117.0,168.46040066603183,168.46040066603183,168.46040066603183,,117.0,osm_polygon,,open_elevation,Area calculated from OpenStreetMap polygon geometry using local UTM projection. This is a footprint/grounds/outline proxy depending on how the castle is mapped in OSM.,True,True,False,True,True,"OSM area was calculated from polygon geometry when available. OSM area should be interpreted as mapped footprint/grounds/outline area, not necessarily architectural floor area. Elevation was filled from Open-Elevation when no existing elevation value was present."
Q1741258,Kilchurn Castle,United Kingdom,Argyll and Bute,56.4037,-5.0274,1400.0,1500.0,100.0,mixed_exact_or_infobox,wikipedia_final_filled,wikipedia_final_filled,,,False,False,1400.0,1614.0,1400.0,,built,,,,1614.0,False,Clan Campbell,commissioner,,Clan Campbell,,Historic Environment Scotland,Historic Environment Scotland,1,0,0,1,,scheduled monument,,0,,,,,,,,https://en.wikipedia.org/wiki/Kilchurn_Castle,http://www.wikidata.org/entity/Q1741258,"{'type': 'Castle', 'owner': 'Historic Environment Scotland', 'open\xa0to the\xa0public': 'Yes', 'condition': 'Ruined', 'website': 'Historic Scotland', 'coordinates': '56°24′13″N 5°1′44″W \ufeff / \ufeff 56.40361°N 5.02889°W \ufeff / 56.40361; -5.02889', 'built': '15th century', 'built\xa0by': 'Clan Campbell', 'in\xa0use': '15th century-1760', 'fate': 'Renovated frequently, destroyed by lightning'}",current_end:enlarged in 1614,True,True,True,False,False,True,1450-01-01T00:00:00Z,,Castle,"construction_duration_years was manually corrected using the one-by-one online/historical duration review. For direct ranges, the checked build span is treated as primary. For broad century ranges, the value remains approximate.",1400.0,1614.0,214.0,True,BROAD_CENTURY_SPAN_COMPARE_CAUTION,manual_online_historical_review,broad_century_span,built: 15th century,Manual correction applied because the one-by-one online review found a broad historical build range or century-span range. The reviewed historical range is treated as primary over the previous derived date span.,214.0,100.0,relation,5272331.0,Kilchurn Castle,Polygon,200.0,1.0,8.478739697702688,overpass_castle_polygon,high,"{""access"": ""permissive"", ""building"": ""castle"", ""castle_type"": ""defensive"", ""historic"": ""castle"", ""historic:civilization"": ""medieval"", ""name"": ""Kilchurn Castle"", ""name:ru"": ""Килхурн"", ""operator"": ""Historic Scotland"", ""ruins"": ""yes"", ""tourism"": ""attraction"", ""type"": ""multipolygon"", ""website"": ""https://www.visitscotland.com/info/see-do/kilchurn-castle-p859451"", ""wikidata"": ""Q1741258"", ""wikipedia"": ""en:Kilchurn Castle""}",56.40376526666666,-5.027328746666667,991.9892959397232,991.9892959397232,991.9892959397232,45.57704755180748,44.78881283290684,,56.4037,-5.0274,33.0,991.9892959397232,991.9892959397232,991.9892959397232,,33.0,osm_polygon,,open_elevation,Area calculated from OpenStreetMap polygon geometry using local UTM projection. This is a footprint/grounds/outline proxy depending on how the castle is mapped in OSM.,True,True,False,True,True,"OSM area was calculated from polygon geometry when available. OSM area should be interpreted as mapped footprint/grounds/outline area, not necessarily architectural floor area. Elevation was filled from Open-Elevation when no existing elevation value was present."
Q1741270,Kildrummy Castle,United Kingdom,Aberdeenshire,57.234811111,-2.904630555,1200.0,1300.0,100.0,mixed_exact_or_infobox,wikipedia_final_filled,wikipedia_final_filled,,,False,False,1200.0,1300.0,,1300.0,,completed,1200.0,,,False,Historic Environment Scotland,owner,,,,Historic Environment Scotland,Historic Environment Scotland,1,0,0,0,,scheduled monument,,0,,,,,,,,https://en.wikipedia.org/wiki/Kildrummy_Castle,http://www.wikidata.org/entity/Q1741270,"{'location': 'Scotland', 'coordinates': '57°14′06″N 2°54′18″W \ufeff / \ufeff 57.235°N 2.905°W \ufeff / 57.235; -2.905', 'completed': '13th century', 'owner': 'Historic Environment Scotland', 'official name': 'Kildrummy Castle', 'type': 'Secular: castle; well', 'designated': '1 July 1987', 'reference\xa0no.': 'GDL00237'}",earliest:built in the mid-13th century under gilbert de moravia ,True,True,True,False,False,True,,,Secular: castle; well,"construction_duration_years is derived as end_year - start_year; for castles this may represent construction, reconstruction, restoration, or broader historical date span rather than literal build duration.",1200.0,1300.0,100.0,False,,,,,,,,relation,5363427.0,Kildrummy Castle,Polygon,143.0,1.0,10.057242791828315,overpass_castle_polygon,high,"{""building"": ""yes"", ""fee"": ""yes"", ""historic"": ""ruins"", ""name"": ""Kildrummy Castle"", ""operator"": ""Historic Scotland"", ""tourism"": ""attraction"", ""type"": ""multipolygon"", ""website"": ""http://www.historic-scotland.gov.uk/propertyresults/propertyoverview.htm?PropID=PL_169&PropName=Kildrummy%20Castle"", ""wikidata"": ""Q1741270"", ""wikipedia"": ""en:Kildrummy Castle""}",57.23488478189655,-2.9045336005747124,1753.7340439656966,1753.7340439656966,1753.7340439656966,83.83627767954022,80.45645373722073,,57.234811111,-2.904630555,253.0,1753.7340439656966,1753.7340439656966,1753.7340439656966,,253.0,osm_polygon,,open_elevation,Area calculated from OpenStreetMap polygon geometry using local UTM projection. This is a footprint/grounds/outline proxy depending on how the castle is mapped in OSM.,True,True,False,True,True,"OSM area was calculated from polygon geometry when available. OSM area should be interpreted as mapped footprint/grounds/outline area, not necessarily architectural floor area. Elevation was filled from Open-Elevation when no existing elevation value was present."
Q2969640,Lancaster Castle,United Kingdom,Lancaster,54.0498,-2.80562,1000.0,2019.0,1019.0,text_inferred,wikipedia_final_filled,wikipedia_final_filled,,,False,False,1000.0,2019.0,,,,,1000.0,1660.0,2019.0,True,Roger the Poitevin,founder,Roger the Poitevin,,,Duchy of Lancaster,,1,0,1,0,,Grade I listed building,,0,,,,,,,major reconstruction detected in wikipedia text,https://en.wikipedia.org/wiki/Lancaster_Castle,http://www.wikidata.org/entity/Q2969640,"{'type': 'Castle', 'website': 'www .lancastercastle .com', 'coordinates': '54°02′59″N 2°48′20″W \ufeff / \ufeff 54.04981°N 2.80562°W \ufeff / 54.04981; -2.80562 grid reference SD473619'}",earliest:dates to the 12th century [ 9 ] when it was the residence for the lord of the castle—the owner or his representative | earliest:founded in the 11th century on the site of a roman fort overlooking a crossing of the river lune  | earliest:built in the early 13th century | earliest:was built in 1788 in a gothic style  | current_start:restored in 1660  | current_end:completed in november 2019,True,True,True,False,False,True,1093-01-01T00:00:00Z,,Castle,"construction_duration_years is derived as end_year - start_year; for castles this may represent construction, reconstruction, restoration, or broader historical date span rather than literal build duration.",1000.0,2019.0,1019.0,False,,,,,,,,way,48815019.0,Lancaster Castle,Polygon,200.0,1.0,30.498668952943486,overpass_castle_polygon,high,"{""HE_ref"": ""1194905"", ""addr:city"": ""Lancaster"", ""addr:housename"": ""Lancaster Castle"", ""addr:postcode"": ""LA1 1YJ"", ""addr:street"": ""Castle Parade"", ""castle_type"": ""defensive"", ""email"": ""info@lancastercastle.com"", ""heritage"": ""2"", ""heritage:operator"": ""Historic England"", ""historic"": ""castle"", ""historic:amenity"": ""prison"", ""listed_status"": ""Grade I"", ""name"": ""Lancaster Castle"", ""name:en"": ""Lancaster Castle"", ""name:eo"": ""Kastelo Lancaster"", ""name:fr"": ""Château de Lancaster"", ""name:ga"": ""Caisleán Lancaster"", ""name:zh"": ""蘭卡斯特城堡"", ""note"": ""prison closed 2012"", ""phone"": ""+44 1524 64998"", ""tourism"": ""attraction"", ""website"": ""https://lancastercastle.com/"", ""wheelchair"": ""limited"", ""wikidata"": ""Q2969640"", ""wikipedia"": ""en:Lancaster Castle""}",54.0497467368421,-2.8051616999999998,7120.9123744359795,7120.9123744359795,7120.9123744359795,105.43249375093728,92.95528446882963,,54.0498,-2.80562,34.0,7120.9123744359795,7120.9123744359795,7120.9123744359795,,34.0,osm_polygon,,open_elevation,Area calculated from OpenStreetMap polygon geometry using local UTM projection. This is a footprint/grounds/outline proxy depending on how the castle is mapped in OSM.,True,True,False,True,True,"OSM area was calculated from polygon geometry when available. OSM area should be interpreted as mapped footprint/grounds/outline area, not necessarily architectural floor area. Elevation was filled from Open-Elevation when no existing elevation value was present."
Q6530697,Leslie Castle,United Kingdom,Aberdeenshire,57.3124,-2.66626,1661.0,1989.0,328.0,mixed_exact_or_infobox,wikipedia_final_filled,wikipedia_final_filled,,,False,False,1661.0,1989.0,1661.0,1989.0,built,restored,,,,False,,,,,,,,0,0,0,0,,category B listed building,,0,,,,,,,,https://en.wikipedia.org/wiki/Leslie_Castle,http://www.wikidata.org/entity/Q6530697,"{'type': 'Castle', 'location': 'Leslie, Aberdeenshire', 'coordinates': '57°18′45″N 2°39′59″W \ufeff / \ufeff 57.3125°N 2.666389°W \ufeff / 57.3125; -2.666389', 'built': 'Around 1661', 'built for': 'William Forbes of Monymusk', 'restored': '1989', 'current use': 'Operates as a Guesthouse', 'official name': 'LESLIE CASTLE', 'designated': '24 November 1972', 'reference\xa0no.': 'LB9239'}",,True,True,True,False,False,False,,,Castle,"construction_duration_years is derived as end_year - start_year; for castles this may represent construction, reconstruction, restoration, or broader historical date span rather than literal build duration.",1661.0,1989.0,328.0,False,,,,,,,,way,1065559840.0,Leslie Castle,Polygon,175.0,1.0,8.868594470307054,overpass_castle_polygon,high,"{""building"": ""yes"", ""historic"": ""castle"", ""name"": ""Leslie Castle"", ""wikidata"": ""Q6530697"", ""wikipedia"": ""en:Leslie Castle""}",57.31232041111112,-2.666250411111111,215.3764870383647,215.3764870383647,215.3764870383647,21.77210298733553,16.77396819088608,,57.3124,-2.66626,163.0,215.3764870383647,215.3764870383647,215.3764870383647,,163.0,osm_polygon,,open_elevation,Area calculated from OpenStreetMap polygon geometry using local UTM projection. This is a footprint/grounds/outline proxy depending on how the castle is mapped in OSM.,True,True,False,True,True,"OSM area was calculated from polygon geometry when available. OSM area should be interpreted as mapped footprint/grounds/outline area, not necessarily architectural floor area. Elevation was filled from Open-Elevation when no existing elevation value was present."
Q7057595,Northampton Castle,United Kingdom,Northampton,52.2371,-0.90489,1084.0,1086.0,2.0,mixed_exact_or_infobox,wikipedia_final_filled,wikipedia_final_filled,,,False,False,1084.0,1086.0,1084.0,,built,,,1963.0,1086.0,True,"Simon I de Senlis, Earl of Huntingdon-Northampton",commissioner,,"Simon I de Senlis, Earl of Huntingdon-Northampton",,"Simon I de Senlis, Earl of Huntingdon-Northampton",,1,0,0,1,Norman architecture,scheduled monument,,0,,,,,,,major reconstruction detected in wikipedia text,https://en.wikipedia.org/wiki/Northampton_Castle,http://www.wikidata.org/entity/Q7057595,"{'type': 'Motte-and-bailey castle', 'condition': 'Destroyed', 'coordinates': '52°14′13″N 0°54′18″W \ufeff / \ufeff 52.237°N 0.905°W \ufeff / 52.237; -0.905', 'built': '1084', 'built\xa0by': 'Simon de Senlis'}","current_start:rebuilt in 1963–64 [ 10 ] with the suffix ""castle"" to its name dropped as it had become the only remaining station in the town | current_end:completed in 1086",True,True,True,False,False,True,1084-01-01T00:00:00Z,,Motte-and-bailey castle,"construction_duration_years is derived as end_year - start_year; for castles this may represent construction, reconstruction, restoration, or broader historical date span rather than literal build duration.",1084.0,1086.0,2.0,False,,,,,,,,,,,,,,,no_osm_match,none,,,,,,,,,,52.2371,-0.90489,66.0,,,,,66.0,,,open_elevation,,False,False,False,True,True,"OSM area was calculated from polygon geometry when available. OSM area should be interpreted as mapped footprint/grounds/outline area, not necessarily architectural floor area. Elevation was filled from Open-Elevation when no existing elevation value was present."
Q1672292,Norwich Castle,United Kingdom,Norwich,52.6281,1.29678,1067.0,1827.0,760.0,mixed_exact_or_infobox,wikipedia_final_filled,wikipedia_final_filled,,,False,False,1067.0,1827.0,1067.0,,built,,1803.0,,1827.0,False,William the Conqueror,owner,,,,William the Conqueror,,1,0,0,0,,Grade I listed building | scheduled monument,Caen stone,1,,,,,,,,https://en.wikipedia.org/wiki/Norwich_Castle,http://www.wikidata.org/entity/Q1672292,"{'type': 'Motte-and-bailey castle', 'location': 'Norwich', 'coordinates': '52°37′43″N 1°17′47″E \ufeff / \ufeff 52.6286°N 1.2964°E \ufeff / 52.6286; 1.2964', 'height': '27 metres (89\xa0ft)', 'built': '1067 ( 1067 ) onwards', 'architectural style': 'Norman', 'governing body': 'Norfolk Museums and Archaeology Service', 'designated': '26 February 1954', 'reference\xa0no.': '1372724 [ 1 ]'}",earliest:founded in 1803 by crome and robert ladbrooke and brought together professional painters and drawing masters such as john sell cotman  | earliest:was founded in 1803 by crome and robert ladbrooke and brought together professional painters and drawing masters such as john sell cotman  | current_end:completed by 1827 [ 32 ] or 1828,True,True,True,True,False,True,1066-01-01T00:00:00Z,,Motte-and-bailey castle,"construction_duration_years is derived as end_year - start_year; for castles this may represent construction, reconstruction, restoration, or broader historical date span rather than literal build duration.",1067.0,1827.0,760.0,False,,,,,,,,way,707981667.0,Norwich Castle,Polygon,175.0,1.0,57.225973402202634,overpass_castle_polygon,high,"{""building"": ""yes"", ""building:material"": ""stone"", ""height"": ""27"", ""historic"": ""castle"", ""museum"": ""history"", ""name"": ""Norwich Castle""}",52.62838061,1.29606925,861.3938242905448,861.3938242905448,861.3938242905448,37.560788794304244,32.82584837358445,27.0,52.6281,1.29678,29.0,861.3938242905448,861.3938242905448,861.3938242905448,27.0,29.0,osm_polygon,osm_height_tag,open_elevation,Area calculated from OpenStreetMap polygon geometry using local UTM projection. This is a footprint/grounds/outline proxy depending on how the castle is mapped in OSM.,True,True,True,True,True,"OSM area was calculated from polygon geometry when available. OSM area should be interpreted as mapped footprint/grounds/outline area, not necessarily architectural floor area. Elevation was filled from Open-Elevation when no existing elevation value was present."
Q7969192,Old Wardour Castle,United Kingdom,Donhead St Andrew,51.0363247,-2.0888994,1300.0,1400.0,100.0,mixed_exact_or_infobox,wikipedia_final_filled,wikipedia_final_filled,,,False,False,1300.0,1578.0,1300.0,,built,,1792.0,,1578.0,False,English Heritage,owner,,,,English Heritage,English Heritage,1,0,0,0,,Grade II* listed park and garden | Grade I listed building | scheduled monument,,0,,,383.53,,,,,https://en.wikipedia.org/wiki/Wardour_Castle,http://www.wikidata.org/entity/Q7969192,"{'type': 'Castle', 'location': 'Donhead St. Andrew , Tisbury', 'coordinates': '51°02′11″N 2°05′20″W \ufeff / \ufeff 51.0365°N 2.0888°W \ufeff / 51.0365; -2.0888', 'os grid reference': 'ST9387126334', 'area': 'Wiltshire', 'built': '14th century', 'architect': 'William Wynford', 'owner': 'English Heritage', 'official name': 'Wardour Castle and Old Wardour Castle', 'designated': '1 September 1987', 'reference\xa0no.': '1000507'}",earliest:was built in 1792 by josiah lane of tisbury utilising stones from the castle ruins | current_end:completed by around 1578,True,True,True,False,True,True,,,Castle,"construction_duration_years was manually corrected using the one-by-one online/historical duration review. For direct ranges, the checked build span is treated as primary. For broad century ranges, the value remains approximate.",1300.0,1578.0,278.0,True,BROAD_CENTURY_SPAN_COMPARE_CAUTION,manual_online_historical_review,broad_century_span,built: 14th century,Manual correction applied because the one-by-one online review found a broad historical build range or century-span range. The reviewed historical range is treated as primary over the previous derived date span.,278.0,100.0,relation,1621542.0,Old Wardour Castle,Polygon,200.0,1.0,2.180813989473063,overpass_castle_polygon,high,"{""access"": ""yes"", ""alt_name"": ""Wardour Castle"", ""building"": ""ruins"", ""building:colour"": ""beige"", ""building:levels"": ""6"", ""building:material"": ""stone"", ""castle_type"": ""defensive"", ""height"": ""25"", ""heritage"": ""2"", ""heritage:operator"": ""English Heritage"", ""historic"": ""castle"", ""historic:civilization"": ""medieval"", ""name"": ""Old Wardour Castle"", ""ruins"": ""yes"", ""type"": ""multipolygon"", ""wikidata"": ""Q7969192"", ""wikipedia"": ""en:Wardour Castle""}",51.03634006538461,-2.0888800173076922,823.3455277784885,823.3455277784885,823.3455277784885,38.50552651844919,38.107881051371805,25.0,51.0363247,-2.0888994,143.0,383.53,383.53,383.53,25.0,143.0,existing,osm_height_tag,open_elevation,Area calculated from OpenStreetMap polygon geometry using local UTM projection. This is a footprint/grounds/outline proxy depending on how the castle is mapped in OSM.,True,True,True,True,True,"OSM area was calculated from polygon geometry when available. OSM area should be interpreted as mapped footprint/grounds/outline area, not necessarily architectural floor area. Elevation was filled from Open-Elevation when no existing elevation value was present."
Q2970215,Pevensey Castle,United Kingdom,Pevensey,50.8192,0.333114,290.0,1301.0,1011.0,mixed_exact_or_infobox,wikipedia_final_filled,wikipedia_final_filled,,,False,False,290.0,1301.0,290.0,,built,,290.0,1301.0,1301.0,True,William the Conqueror,founder,William the Conqueror,"Robert, Count of Mortain | Richard I of England | William the Conqueror",,"Peter II, Count of Savoy | Eleanor of Provence | John of Gaunt",English Heritage,3,0,1,3,,scheduled monument,,0,,,,,,,major reconstruction detected in wikipedia text,https://en.wikipedia.org/wiki/Pevensey_Castle,http://www.wikidata.org/entity/Q2970215,"{'type': 'Castle', 'controlled\xa0by': 'English Heritage', 'condition': 'Ruin', 'coordinates': '50°49′08″N 0°20′03″E \ufeff / \ufeff 50.8188°N 0.3342°E \ufeff / 50.8188; 0.3342', 'grid reference': 'grid reference TQ644048', 'height': '~9.5 metres (31\xa0ft) (outer walls)', 'built': 'c. 290 AD', 'built\xa0by': 'Carausius ?', 'in\xa0use': 'c. 290–471/491, 1066 – mid-16th century, 1940–1945', 'materials': 'Wood, cement, flint, chalk, ironstone, greensand, sandstone', 'battles/wars': 'Massacre of 491 First Siege of Pevensey (1088) Second Siege of Pevensey (1147) Third Siege of Pevensey (1264–65) Fourth Siege of Pevensey (1399) Second World War (1939–1945)', 'events': 'Built by Romans (c. 290), reoccupied by Normans (1066), slighted (c. 1216), abandoned (16th century), state ownership (1925), reoccupied by Allies (1940–45)', 'garrison': 'Classis Anderidaensis , Abulci (Roman era), Norman & English forces (medieval era), Home Guard , British Army , Canadian Army , U.S. Army Air Corps (1940–45)'}",earliest:built in the mid-13th century | earliest:built in the mid-4th century but it has been dated to around 290 | current_start:rebuilt in 1302 | current_start:reconstructed in 1301 but were reported to be in a ruinous condition only five years later | current_end:rebuilt by edward i in 1301–02 and possibly on other occasions,True,True,True,False,False,True,1066-01-01T00:00:00Z,,Castle,"construction_duration_years is derived as end_year - start_year; for castles this may represent construction, reconstruction, restoration, or broader historical date span rather than literal build duration.",290.0,1301.0,1011.0,False,,,,,,,,relation,67358.0,Pevensey Castle,Polygon,168.0,1.0,75.4690900420015,overpass_castle_polygon,high,"{""access"": ""yes"", ""castle_type"": ""defensive"", ""historic"": ""ruins"", ""historic:civilization"": ""medieval"", ""image"": ""https://commons.wikimedia.org/wiki/File:Pevensey_Castle_aerial_alt.jpg"", ""name"": ""Pevensey Castle"", ""ruins"": ""yes"", ""tourism"": ""attraction"", ""type"": ""multipolygon"", ""website"": ""https://www.english-heritage.org.uk/visit/places/pevensey-castle"", ""wikidata"": ""Q2970215"", ""wikipedia"": ""en:Pevensey Castle""}",50.81916160102565,0.33418657846153843,5435.753960863437,5435.753960863437,5435.753960863437,95.82673383591464,90.59037897270173,,50.8192,0.333114,6.0,5435.753960863437,5435.753960863437,5435.753960863437,,6.0,osm_polygon,,open_elevation,Area calculated from OpenStreetMap polygon geometry using local UTM projection. This is a footprint/grounds/outline proxy depending on how the castle is mapped in OSM.,True,True,False,True,True,"OSM area was calculated from polygon geometry when available. OSM area should be interpreted as mapped footprint/grounds/outline area, not necessarily architectural floor area. Elevation was filled from Open-Elevation when no existing elevation value was present."
Q2970220,Piel Castle,United Kingdom,Barrow-in-Furness,54.06254938,-3.173599575,1300.0,1991.0,691.0,text_inferred,wikipedia_final_filled,wikipedia_final_filled,,,False,False,1300.0,1991.0,,,,,1300.0,,1991.0,False,Furness Abbey,commissioner,,Furness Abbey,,Furness Abbey,English Heritage,1,0,0,1,,Grade I listed building | scheduled monument,sandstone,1,,,,,,,,https://en.wikipedia.org/wiki/Piel_Castle,http://www.wikidata.org/entity/Q2970220,"{'type': 'Concentric castle', 'owner': 'English Heritage', 'open\xa0to the\xa0public': 'Yes', 'condition': 'Ruined', 'coordinates': '54°03′45″N 3°10′24″W \ufeff / \ufeff 54.0626°N 3.1733°W \ufeff / 54.0626; -3.1733', 'grid reference': 'grid reference SD233636', 'materials': 'Beach stone and red sandstone', 'events': 'Landing of Lambert Simnel in 1487'}",earliest:built in the early-14th century by john cockerham | current_end:completed in 1991,True,True,True,True,False,True,,,Concentric castle,"construction_duration_years is derived as end_year - start_year; for castles this may represent construction, reconstruction, restoration, or broader historical date span rather than literal build duration.",1300.0,1991.0,691.0,False,,,,,,,,way,88379287.0,Piel Castle,Polygon,135.0,0.3333333333333333,17.548996920013646,overpass_castle_polygon,high,"{""alt_name"": ""Pile of Fouldrey"", ""historic"": ""castle"", ""name"": ""Piel Castle"", ""website"": ""https://www.english-heritage.org.uk/visit/places/piel-castle/"", ""wikidata"": ""Q2970220"", ""wikipedia"": ""en:Piel Castle""}",54.06239291111111,-3.173634711111111,11872.904578496187,11872.904578496187,11872.904578496187,127.36515570781194,121.58342975005507,,54.06254938,-3.173599575,8.0,11872.904578496187,11872.904578496187,11872.904578496187,,8.0,osm_polygon,,open_elevation,Area calculated from OpenStreetMap polygon geometry using local UTM projection. This is a footprint/grounds/outline proxy depending on how the castle is mapped in OSM.,True,True,False,True,True,"OSM area was calculated from polygon geometry when available. OSM area should be interpreted as mapped footprint/grounds/outline area, not necessarily architectural floor area. Elevation was filled from Open-Elevation when no existing elevation value was present."
Q17643879,Queenborough Castle,United Kingdom,Isle of Sheppey,51.4162,0.748645,1361.0,1367.0,6.0,mixed_exact_or_infobox,wikipedia_final_filled,wikipedia_final_filled,,,False,False,1361.0,1367.0,1361.0,,built,,1369.0,,1367.0,False,,,,,,,,0,0,0,0,,scheduled monument,,0,,,,,,,,https://en.wikipedia.org/wiki/Queenborough_Castle,http://www.wikidata.org/entity/Q17643879,"{'type': 'Concentric castle', 'open\xa0to the\xa0public': 'Yes', 'coordinates': '51°24′58.32″N 0°44′55.17″E \ufeff / \ufeff 51.4162000°N 0.7486583°E \ufeff / 51.4162000; 0.7486583', 'built': '1361-1367', 'demolished': '1650', 'events': ""Hundred Years' War Jack Cade's Rebellion""}",earliest:built in the bailey from 1369 to 1377 | current_end:completed by about 1367 [ 5 ] at a cost of some £20,True,True,True,False,False,False,1361-01-01T00:00:00Z,,Concentric castle,"construction_duration_years is derived as end_year - start_year; for castles this may represent construction, reconstruction, restoration, or broader historical date span rather than literal build duration.",1361.0,1367.0,6.0,False,,,,,,,,,,,,,,,no_osm_match,none,,,,,,,,,,51.4162,0.748645,6.0,,,,,6.0,,,open_elevation,,False,False,False,True,True,"OSM area was calculated from polygon geometry when available. OSM area should be interpreted as mapped footprint/grounds/outline area, not necessarily architectural floor area. Elevation was filled from Open-Elevation when no existing elevation value was present."
Q913981,Urquhart Castle,United Kingdom,Highland,57.324,-4.442,1200.0,1600.0,400.0,text_inferred,wikipedia_final_filled,wikipedia_final_filled,,,False,False,1200.0,1922.0,,,,,1200.0,,1922.0,False,Historic Environment Scotland,owner,,,,Historic Environment Scotland,Historic Environment Scotland,1,0,0,0,,scheduled monument,,0,,,,,,,,https://en.wikipedia.org/wiki/Urquhart_Castle,http://www.wikidata.org/entity/Q913981,"{'type': 'Curtain wall castle and tower house', 'owner': 'Historic Environment Scotland', 'open\xa0to the\xa0public': 'Yes', 'condition': 'Ruined', 'coordinates': '57°19′26″N 4°26′31″W \ufeff / \ufeff 57.324°N 4.442°W \ufeff / 57.324; -4.442', 'built': '13th to 16th centuries', 'in\xa0use': 'Until c. 1692 ; 334 years ago ( 1692 )'}",earliest:founded in the 13th century | current_end:completed by 1922,True,True,True,False,False,True,,,Curtain wall castle and tower house,"construction_duration_years was manually corrected using the one-by-one online/historical duration review. For direct ranges, the checked build span is treated as primary. For broad century ranges, the value remains approximate.",1200.0,1922.0,722.0,True,BROAD_CENTURY_SPAN_COMPARE_CAUTION,manual_online_historical_review,broad_century_span,built: 13th to 16th centuries,Manual correction applied because the one-by-one online review found a broad historical build range or century-span range. The reviewed historical range is treated as primary over the previous derived date span.,722.0,400.0,way,1006531166.0,Urquhart Castle,Polygon,160.0,0.3333333333333333,9.18831759771578,overpass_castle_polygon,high,"{""castle_type"": ""defensive"", ""fee"": ""yes"", ""historic"": ""castle"", ""name"": ""Urquhart Castle"", ""name:ca"": ""Castell d'Urquhart"", ""name:da"": ""Urquhart Castle"", ""name:de"": ""Urquhart Castle"", ""name:es"": ""Castillo de Urquhart"", ""name:eu"": ""Urquhart gaztelua"", ""name:fi"": ""Urquhartin linna"", ""name:fr"": ""Château d'Urquhart"", ""name:ga"": ""Caisteal na Sróine"", ""name:gd"": ""Caisteal Urchadain"", ""name:gl"": ""Castelo de Urquhart"", ""name:hu"": ""Urquhart vára"", ""name:id"": ""Kastil Urquhart"", ""name:it"": ""Castello di Urquhart"", ""name:ja"": ""アーカート城"", ""name:nl"": ""Urquhart Castle"", ""name:pl"": ""Zamek Urquhart"", ""name:pt"": ""Castelo de Urquhart"", ""name:ru"": ""Аркарт"", ""name:sco"": ""Urquhart Castle"", ""name:sv"": ""Urquhart Castle"", ""name:uk"": ""Замок Аркарт"", ""name:zh"": ""阿克特城堡"", ""ruins"": ""yes"", ""wikidata"": ""Q913981"", ""wikipedia"": ""en:Urquhart Castle""}",57.32407614838711,-4.442059432258065,5538.65603500678,5538.65603500678,5538.65603500678,122.3479684619233,103.80214331118623,,57.324,-4.442,28.0,5538.65603500678,5538.65603500678,5538.65603500678,,28.0,osm_polygon,,open_elevation,Area calculated from OpenStreetMap polygon geometry using local UTM projection. This is a footprint/grounds/outline proxy depending on how the castle is mapped in OSM.,True,True,False,True,True,"OSM area was calculated from polygon geometry when available. OSM area should be interpreted as mapped footprint/grounds/outline area, not necessarily architectural floor area. Elevation was filled from Open-Elevation when no existing elevation value was present."
Q4917439,Waytemore Castle,United Kingdom,Bishop's Stortford,51.872,0.162949,1100.0,1200.0,100.0,mixed_exact_or_infobox,wikipedia_final_filled,wikipedia_final_filled,,,False,False,1100.0,1214.0,1100.0,,built,,,,1214.0,False,,,,,,,,0,0,0,0,,Grade I listed building | scheduled monument,,0,,,,,,,,https://en.wikipedia.org/wiki/Waytemore_Castle,http://www.wikidata.org/entity/Q4917439,"{'type': 'Castle Ruins', 'owner': ""Bishop's Stortford Town Council"", 'open\xa0to the\xa0public': 'On Request', 'condition': 'Ruins', 'coordinates': '51°52′19″N 0°09′47″E \ufeff / \ufeff 51.871934°N 0.162959°E \ufeff / 51.871934; 0.162959', 'grid reference': 'grid reference TL4900421473', 'built': 'c.12th Century', 'built\xa0by': 'Normans', 'materials': 'Stone'}",current_end:rebuilt by king john in 1214,True,True,True,False,False,False,,,Castle Ruins,"construction_duration_years was manually corrected using the one-by-one online/historical duration review. For direct ranges, the checked build span is treated as primary. For broad century ranges, the value remains approximate.",1100.0,1214.0,114.0,True,BROAD_CENTURY_SPAN_COMPARE_CAUTION,manual_online_historical_review,broad_century_span,built: c.12th Century,Manual correction applied because the one-by-one online review found a broad historical build range or century-span range. The reviewed historical range is treated as primary over the previous derived date span.,114.0,100.0,way,79058112.0,Waytemore Castle (remains),Polygon,200.0,1.0,1.9615140923062155,overpass_castle_polygon,high,"{""access"": ""permit"", ""castle_type"": ""castle"", ""historic"": ""castle"", ""historic:civilization"": ""medieval"", ""name"": ""Waytemore Castle (remains)"", ""ruins"": ""castle"", ""toilets:wheelchair"": ""no"", ""wheelchair"": ""no"", ""wikidata"": ""Q4917439"", ""wikipedia"": ""en:Waytemore Castle""}",51.8719836125,0.16295957500000002,694.8341090789899,694.8341090789899,694.8341090789899,37.53157517127693,32.03019010752905,,51.872,0.162949,59.0,694.8341090789899,694.8341090789899,694.8341090789899,,59.0,osm_polygon,,open_elevation,Area calculated from OpenStreetMap polygon geometry using local UTM projection. This is a footprint/grounds/outline proxy depending on how the castle is mapped in OSM.,True,True,False,True,True,"OSM area was calculated from polygon geometry when available. OSM area should be interpreted as mapped footprint/grounds/outline area, not necessarily architectural floor area. Elevation was filled from Open-Elevation when no existing elevation value was present."
