study_id,cathedral_name,city,country,lat,lon,start_year,end_year,duration_years,period_bucket,surface_m2,height_m,volume_proxy,completed,not_collapsed,n_disasters,any_war,any_fire,any_earthquake,any_other_natural,any_other,first_disaster_year,last_disaster_year,disasters_during_construction,war_during_construction,fire_during_construction,earthquake_during_construction,disaster_years,saints,destroyed,style_wikidata,style_source,material_final,start_year_wikipedia_infobox,end_year_wikipedia_infobox,start_year_wikipedia_infobox_label,end_year_wikipedia_infobox_label,start_year_wikipedia_earliest,start_year_wikipedia_current,end_year_wikipedia_current,has_major_reconstruction_wikipedia,start_year_wikipedia_final,end_year_wikipedia_final,wikipedia_date_notes,start_year_original,end_year_original,start_year_mismatch_wikipedia,end_year_mismatch_wikipedia,start_year_source,end_year_source,height_m_wikidata,height_source,surface_m2_wikidata,surface_source,style_wikidata_with_periods,elevation_m,osm_area_m2,osm_match_id,osm_match_distance_m,osm_match_score,osm_name_score,osm_area_confidence,osm_match_name,osm_match_type,osm_match_tags,osm_area_note,area_m2_final,area_m2_source,log_area_m2_final,has_original_surface_m2,has_osm_area,has_area_m2_final
1,Johanniskirche,Mainz,de,49.99841389,8.272385862,700,1100,400.0,700–899,,,,True,True,,,,,,,,,0,0,0,0,,"st martin (700), st john baptist (936)",no (N/A),Carolingian architecture,wikidata_p149,,,,,,,,,False,,,,700,1100,False,False,original_kept,original_kept,,missing,,missing,Carolingian architecture,92.0,1252.3721325574443,100010435.0,4.427925987697783,8.955720740123022,0.0,high,Alter Dom Sankt Johannis,way,"{""addr:city"": ""Mainz"", ""addr:country"": ""DE"", ""addr:housenumber"": ""1"", ""addr:postcode"": ""55116"", ""addr:street"": ""Schöfferstraße"", ""alt_name"": ""Johanniskirche;Aldeduom;Alter Dom;Sankt-Johannis-Kirche"", ""alt_name:en"": ""Saint John's Church"", ""amenity"": ""place_of_worship"", ""building"": ""church"", ""building:colour"": ""white"", ""deanery"": ""Dekanat Mainz"", ""denomination"": ""protestant"", ""diocese"": ""Evangelische Kirche in Hessen und Nassau"", ""full_name"": ""Alter Dom Sankt Johannis"", ""heritage"": ""yes"", ""historic"": ""yes"", ""image"": ""https://commons.wikimedia.org/wiki/File:Johanniskirche_in_Mainz.jpg"", ""name"": ""Alter Dom Sankt Johannis"", ""name:de"": ""Alter Dom Sankt Johannis"", ""name:fr"": ""Église Saint-Jean"", ""note"": ""Seit der Weihe im Jahr 910 diverse Male umgebaut."", ""opening_hours"": ""Sa 11:30-15:30; Su 15:00-17:00"", ""parish"": ""Evangelische St. Johanniskirchengemeinde"", ""religion"": ""christian"", ""roof:material"": ""slate"", ""short_name"": ""St. Johannis"", ""start_date"": ""0910"", ""website"": ""https://www.alter-dom-mainz.de/startseite.html"", ""wikidata"": ""Q1415719"", ""wikimedia_commons"": ""Category:St. Johanniskirche (Mainz)"", ""wikipedia"": ""de:St. Johannis (Mainz)""}",osm_polygon_area_used_as_mapped_footprint_or_precinct_estimate,1252.3721325574443,osm_polygon_area,7.132794737973009,False,True,True
2,Erfurter Dom,Erfurt,de,50.97566739,11.02316913,752,1465,713.0,700–899,,,,True,True,,,,,,,,,0,0,0,0,,mary (1180),no (N/A),Gothic architecture,wikidata_p149,sandstone,,,,,,,,False,,,,752,1465,False,False,original_kept,original_kept,,missing,,missing,Gothic architecture (c. 1140–1600),204.0,423.9369377195835,754255663.0,45.971123970562,3.5402887602943798,0.0,medium,Garten an der Domstraße,way,"{""leisure"": ""garden"", ""name"": ""Garten an der Domstraße""}",osm_polygon_area_used_as_mapped_footprint_or_precinct_estimate,423.9369377195835,osm_polygon_area,6.049584712376853,False,True,True
3,Primatiale Saint-Trophime,Arles,fr,43.67664165,4.628236868,700,1500,800.0,700–899,,,,True,True,,,,,,,,,0,0,0,0,,"st stephen (700), st trophime (1152)",no (N/A),"Gothic architecture, Romanesque architecture",wikidata_p149,,,,,,,,,False,,,,700,1500,False,False,original_kept,original_kept,,missing,,missing,"Gothic architecture (c. 1140–1600), Romanesque architecture (c. 1000–1200)",23.0,1200.0916540267572,102099277.0,2.728148771073044,15.639385178955935,0.6666666666666666,high,Cathédrale Saint-Trophime d'Arles,way,"{""alt_name"": ""Primatiale Saint-Trophime"", ""amenity"": ""place_of_worship"", ""basilica"": ""minor"", ""building"": ""cathedral"", ""denomination"": ""catholic"", ""heritage"": ""1"", ""historic"": ""monument"", ""name"": ""Cathédrale Saint-Trophime d'Arles"", ""ref:FR:CEF"": ""13004_09"", ""ref:whc"": ""164-007"", ""religion"": ""christian"", ""source"": ""cadastre-dgi-fr source : Direction Générale des Impôts - Cadastre. Mise à jour : 2009"", ""tourism"": ""attraction"", ""wheelchair"": ""no"", ""wikidata"": ""Q1788518"", ""wikipedia"": ""fr:Cathédrale Saint-Trophime d'Arles""}",osm_polygon_area_used_as_mapped_footprint_or_precinct_estimate,1200.0916540267572,osm_polygon_area,7.0901532112150445,False,True,True
4,Cathédrale Notre-Dame,Chartres,fr,48.44783667,1.487859158,1134,1260,126.0,1100–1299,7307.69506,37.0,270384.71722,True,True,3.0,True,True,False,False,False,858.0,1134.0,1,0,1,0,858;1020;1134,mary (700),"damaged by vikings (858), conflagration (1020), fire (1134)",classic gothic,wikidata_p149,,,,,,,,,False,,,,1134,1260,False,False,original_kept,original_kept,113.0,original_kept,62.43,original_kept,classic gothic (c. 1140–1600),162.0,,,,,,,,,,,7307.69506,original_surface_m2,8.896683189752649,True,False,True
5,Cattedrale di San Lorenzo,Trapani,it,38.01599489,12.50786488,1421,1801,395.0,900–1099,,,,True,True,,,,,,,,,0,0,0,0,,,,baroque architecture,wikidata_p149,,1421.0,1801.0,inizio costruzione,completamento,,,,False,1421.0,1801.0,,1080,1475,True,True,wikipedia_final_replaced,wikipedia_final_replaced,,missing,,missing,baroque architecture (c. 1600–1750),18.0,1610.5961517980322,105137673.0,9.360467931381315,17.906395320686187,1.0,high,Cattedrale di San Lorenzo,way,"{""amenity"": ""place_of_worship"", ""basilica"": ""minor"", ""building"": ""cathedral"", ""denomination"": ""roman_catholic"", ""name"": ""Cattedrale di San Lorenzo"", ""religion"": ""christian"", ""website"": ""http://cattedraletrapani.it/"", ""wheelchair"": ""no"", ""wikidata"": ""Q1736220"", ""wikimedia_commons"": ""Category:Cathedral (Trapani)"", ""wikipedia"": ""it:Cattedrale di San Lorenzo (Trapani)""}",osm_polygon_area_used_as_mapped_footprint_or_precinct_estimate,1610.5961517980322,osm_polygon_area,7.384359670061454,False,True,True
6,Cathédrale Saint-Pierre,Beauvais,fr,49.43257685,2.081518586,1225,1347,122.0,1100–1299,4072.0,67.2,273638.4,True,True,1.0,False,True,False,False,False,1225.0,1225.0,1,0,1,0,1225,st peter (900),fire (1225),Rayonnant,wikidata_p149,limestone,,,,,,,,False,,,,1225,1347,False,False,original_kept,original_kept,67.2,wikidata_p2048_filled_missing,,original_kept,Rayonnant,73.0,,,,,,,,,,,4072.0,original_surface_m2,8.311889558230359,True,False,True
7,Cattedrale di San Giovanni Battista,Torino,it,45.07333118,7.685426184,1491,1498,908.0,700–899,,,,True,True,,,,,,,,,0,0,0,0,,,,"Renaissance architecture, baroque architecture",wikidata_p149,,1491.0,1498.0,inizio costruzione,completamento,1649.0,,,False,1491.0,1498.0,earliest:risale al 1649  | earliest:risale al 1649 ,590,1498,True,False,wikipedia_final_replaced,original_kept,,missing,,missing,"Renaissance architecture (c. 1400–1600), baroque architecture (c. 1600–1750)",250.0,1818.027644284477,110679251.0,12.182130123997165,14.378178698760028,0.5,high,Cattedrale di San Giovanni Battista,way,"{""addr:city"": ""Torino"", ""addr:postcode"": ""10122"", ""addr:street"": ""Piazza San Giovanni"", ""amenity"": ""place_of_worship"", ""building"": ""cathedral"", ""denomination"": ""catholic"", ""ele"": ""240"", ""name"": ""Cattedrale di San Giovanni Battista"", ""name:en"": ""Cathedral of St John the Baptist"", ""name:ru"": ""Кафедральный собор Иоанна Крестителя"", ""religion"": ""christian"", ""start_date"": ""1505"", ""toilets:wheelchair"": ""no"", ""tourism"": ""attraction"", ""website"": ""http://www.duomoditorino.com"", ""wheelchair"": ""limited"", ""wikidata"": ""Q958699"", ""wikipedia"": ""it:Duomo di Torino""}",osm_polygon_area_used_as_mapped_footprint_or_precinct_estimate,1818.027644284477,osm_polygon_area,7.505507480498866,False,True,True
8,Cattedrale di San Ciriaco,Ancona,it,43.62535006,13.51018181,500,1300,750.0,700–899,,,,True,True,,,,,,,,,0,0,0,0,,,,Romanesque architecture,wikidata_p149,,996.0,1300.0,inizio costruzione,completamento,500.0,1920.0,,True,500.0,1300.0,earliest:risale al vi secolo  | earliest:risale al vi secolo  | current_start:ricostruita nel 1920,500,1250,False,True,original_kept,wikipedia_final_replaced,,missing,,missing,Romanesque architecture (c. 1000–1200),29.0,737.2369594238698,791073103.0,101.21729904336732,-1.5121729904336734,0.0,low,,way,"{""building"": ""yes""}",osm_polygon_area_used_as_mapped_footprint_or_precinct_estimate,,missing,,False,True,False
9,Basilique-Cathédrale Saint-Étienne,Meaux,fr,48.96021212,2.878918744,1175,1540,365.0,1100–1299,3938.0,31.0,122078.0,True,True,,,,,,,,,0,0,0,0,,st stephen (1000),no (N/A),Gothic architecture,wikidata_p149,,,,,,,,,False,,,,1175,1540,False,False,original_kept,original_kept,68.0,original_kept,,original_kept,Gothic architecture (c. 1140–1600),56.0,,,,,,,,,,,3938.0,original_surface_m2,8.278428259199071,True,False,True
10,Cathédrale Saint-Étienne,Chalons-sur-Marne (Châlons-en-Champagne),fr,48.95509966,4.357675389,1240,1500,260.0,1100–1299,3065.0,27.0,82755.0,True,True,2.0,True,True,False,False,False,880.0,1138.0,0,0,0,0,880;1138,st stephen (700),"damaged by vikings (880), fire (1138)",Gothic architecture,wikidata_p149,,,,,,,,,False,,,,1240,1500,False,False,original_kept,original_kept,,original_kept,,original_kept,Gothic architecture (c. 1140–1600),86.0,,,,,,,,,,,3065.0,original_surface_m2,8.027802848370312,True,False,True
11,Cattedrale di Santa Maria Assunta,Rieti,it,42.40214351,12.85894997,200,1300,725.0,700–899,,,,True,True,,,,,,,,,0,0,0,0,,,,Romanesque architecture,wikidata_p149,,1109.0,1300.0,inizio costruzione,completamento,200.0,,,False,200.0,1300.0,earliest:risale al ii / iii secolo  | earliest:risale al 1458 il portico che collega il battistero al duomo | earliest:risale al ii / iii secolo  | earliest:risale al 1458 il portico che collega il battistero al duomo,500,1225,True,True,wikipedia_final_replaced,wikipedia_final_replaced,,missing,,missing,Romanesque architecture (c. 1000–1200),407.0,1210.0577189424657,114671173.0,15.284862947113337,17.847151370528866,1.0,high,Cattedrale di Santa Maria Assunta,way,"{""addr:city"": ""Rieti"", ""addr:country"": ""IT"", ""addr:housename"": ""Santa Maria"", ""addr:postcode"": ""02100"", ""addr:street"": ""Piazza Cesare Battisti"", ""amenity"": ""place_of_worship"", ""basilica"": ""minor"", ""building"": ""cathedral"", ""church:rank"": ""cathedral"", ""denomination"": ""roman_catholic"", ""name"": ""Cattedrale di Santa Maria Assunta"", ""opening_hours"": ""Mo-Sa 08:30-13:30, 16:00-19:00; Su 07:30-12:00, 16:00-19:00"", ""religion"": ""christian"", ""start_date"": ""0598"", ""wikidata"": ""Q2942768"", ""wikipedia"": ""it:Cattedrale di Santa Maria Assunta (Rieti)""}",osm_polygon_area_used_as_mapped_footprint_or_precinct_estimate,1210.0577189424657,osm_polygon_area,7.098423339058445,False,True,True
12,Cathédrale Saint-Maurice,Vienne (Vienne (Isère)),fr,45.5241978,4.873262272,700,1527,827.0,700–899,,,,True,True,,,,,,,,,0,0,0,0,,st maurice (700),no (N/A),Romanesque architecture,wikidata_p149,,,,,,,,,False,,,,700,1527,False,False,original_kept,original_kept,,missing,,missing,Romanesque architecture (c. 1000–1200),168.0,3320.311210674583,116991409.0,35.581622183851394,17.644183778161487,1.0,high,Cathédrale Saint-Maurice,way,"{""addr:city"": ""Vienne"", ""addr:housenumber"": ""2"", ""addr:postcode"": ""38200"", ""addr:street"": ""Place Saint-Paul"", ""amenity"": ""place_of_worship"", ""building"": ""cathedral"", ""check_date"": ""2024-08-12"", ""denomination"": ""catholic"", ""heritage"": ""2"", ""heritage:operator"": ""mhs"", ""mhs:inscription_date"": ""1840"", ""name"": ""Cathédrale Saint-Maurice"", ""opening_hours"": ""09:00-18:00"", ""ref:FR:CEF"": ""38544_04"", ""ref:mhs"": ""PA00117325"", ""religion"": ""christian"", ""source"": ""cadastre-dgi-fr source : Direction Générale des Impôts - Cadastre. Mise à jour : 2011"", ""source:heritage"": ""data.gouv.fr:Ministère de la Culture - 04/2015"", ""tourism"": ""attraction"", ""wikidata"": ""Q1410336"", ""wikipedia"": ""fr:Cathédrale Saint-Maurice de Vienne""}",osm_polygon_area_used_as_mapped_footprint_or_precinct_estimate,3320.311210674583,osm_polygon_area,8.107813795672383,False,True,True
13,Cathédrale Saint-Théodorit,Uzes (Uzès),fr,44.01214948,4.42239479,1090,1120,30.0,900–1099,,,,True,True,,,,,,,,,0,0,0,0,,st theodorit (1090),no (N/A),classical architecture,wikidata_p149,,,,,,,,,False,,,,1090,1120,False,False,original_kept,original_kept,,missing,,missing,classical architecture,124.0,1314.4543008594774,120545484.0,9.322695561248683,17.906773044387513,1.0,high,Cathédrale Saint-Théodorit,way,"{""amenity"": ""place_of_worship"", ""building"": ""cathedral"", ""denomination"": ""catholic"", ""heritage"": ""2"", ""heritage:operator"": ""mhs"", ""name"": ""Cathédrale Saint-Théodorit"", ""ref:FR:CEF"": ""30334_01"", ""ref:mhs"": ""PA00103250"", ""religion"": ""christian"", ""source"": ""cadastre-dgi-fr source : Direction Générale des Impôts - Cadastre. Mise à jour : 2011"", ""start_date"": ""1642"", ""wikidata"": ""Q2315733"", ""wikipedia"": ""fr:Cathédrale Saint-Théodorit d'Uzès""}",osm_polygon_area_used_as_mapped_footprint_or_precinct_estimate,1314.4543008594774,osm_polygon_area,7.181176878148699,False,True,True
14,Duomo,Cosenza,it,39.28886231,16.26018714,1000,1200,622.0,700–899,,,,True,True,1.0,False,False,True,False,False,1184.0,1184.0,1,0,0,1,1184,,,Romanesque architecture,wikidata_p149,,1000.0,1200.0,inizio costruzione,completamento,,,,False,1000.0,1200.0,,600,1222,True,True,wikipedia_final_replaced,wikipedia_final_replaced,,missing,,missing,Romanesque architecture (c. 1000–1200),281.0,1210.2781378393993,120661948.0,12.709557918909708,10.872904420810903,0.0,high,Duomo di Cosenza,way,"{""addr:city"": ""Cosenza"", ""addr:housenumber"": ""1"", ""addr:postcode"": ""87100"", ""addr:street"": ""Piazza Duomo"", ""alt_name"": ""Cattedrale di Santa Maria Assunta"", ""amenity"": ""place_of_worship"", ""building"": ""cathedral"", ""denomination"": ""catholic"", ""description"": ""La facciata a salienti ha tre imponenti portali con tre rosoni. L'interno, diviso in tre navate, ospita importanti cappelle, tra cui quella della Madonna del Pilerio, che custodisce un'icona bizantina del XII secolo della Vergine che allatta il Bambino."", ""email"": ""info@cattedraledicosenza.it"", ""name"": ""Duomo di Cosenza"", ""opening_hours"": ""Mo-Su 08:00-12:30 , 16:00-20:00"", ""phone"": ""+39 0984 77864"", ""religion"": ""christian"", ""website"": ""https://www.facebook.com/cattedraledicosenza/?locale=it_IT"", ""wheelchair"": ""yes"", ""wikidata"": ""Q2942650"", ""wikipedia"": ""it:Duomo di Cosenza""}",osm_polygon_area_used_as_mapped_footprint_or_precinct_estimate,1210.2781378393993,osm_polygon_area,7.098605478158624,False,True,True
15,Cathédrale Saint-Vincent,Chalon-sur-saone (Chalon-sur-Saône),fr,46.78249843,4.859067628,1090,1520,430.0,900–1099,2334.0,24.0,56016.0,True,True,1.0,True,False,False,False,False,790.0,790.0,0,0,0,0,790,st vincent (700),destroyed by saracens (790),Gothic architecture,wikidata_p149,,,,,,,,,False,,,,1090,1520,False,False,original_kept,original_kept,,original_kept,,original_kept,Gothic architecture (c. 1140–1600),181.0,,,,,,,,,,,2334.0,original_surface_m2,7.755338812846501,True,False,True
16,Cathédrale Notre-Dame-de-la-Sède,Tarbes,fr,43.233818,0.0689254662362214,1100,1400,300.0,1100–1299,,,,True,True,,,,,,,,,0,0,0,0,,mary (1100),no (N/A),Gothic architecture,wikidata_p149,,,,,,,,,False,,,,1100,1400,False,False,original_kept,original_kept,,missing,,missing,Gothic architecture (c. 1140–1600),313.0,1147.7395575555856,122321225.0,8.490266882442095,17.91509733117558,1.0,high,Cathédrale Notre-Dame-de-la-Sède,way,"{""amenity"": ""place_of_worship"", ""building"": ""cathedral"", ""check_date"": ""2025-10-27"", ""denomination"": ""catholic"", ""heritage"": ""2"", ""heritage:operator"": ""mhs"", ""name"": ""Cathédrale Notre-Dame-de-la-Sède"", ""ref:FR:CEF"": ""65440_01"", ""ref:mhs"": ""PA00095426"", ""religion"": ""christian"", ""source"": ""cadastre-dgi-fr source : Direction Générale des Impôts - Cadastre. Mise à jour : 2009"", ""wheelchair"": ""no"", ""wikidata"": ""Q1104681"", ""wikipedia"": ""fr:Cathédrale Notre-Dame-de-la-Sède de Tarbes""}",osm_polygon_area_used_as_mapped_footprint_or_precinct_estimate,1147.7395575555856,osm_polygon_area,7.045549684900695,False,True,True
17,Bamberger Dom,Bamberg,de,49.89070633,10.88250357,950,1237,287.0,900–1099,,,,True,True,1.0,False,True,False,False,False,1081.0,1081.0,1,0,1,0,1081,"st peter (950), st george (950)",partly damaged by fire (1081),Romanesque architecture,wikidata_p149,,,,,,,,,False,,,,950,1237,False,False,original_kept,original_kept,,missing,,missing,Romanesque architecture (c. 1000–1200),270.0,3007.287882374716,122385636.0,1.6724896471903459,12.733275103528097,0.25,high,Bamberger Dom,way,"{""addr:city"": ""Bamberg"", ""addr:country"": ""DE"", ""addr:housenumber"": ""6"", ""addr:postcode"": ""96049"", ""addr:street"": ""Domplatz"", ""amenity"": ""place_of_worship"", ""basilica"": ""minor"", ""building"": ""cathedral"", ""building:architecture"": ""romanesque"", ""by:religious_title"": ""Pius XI."", ""contact:website"": ""http://www.eo-bamberg.de/eob/dcms/sites/bistum/pfarreien/dekanate/bamberg/st_peter_st_georg_bamberg/index.html"", ""date:religious_title"": ""1923"", ""denomination"": ""roman_catholic"", ""diocese"": ""Erzbistum Bamberg"", ""hearing_loop"": ""yes"", ""name"": ""Bamberger Dom"", ""name:en"": ""Bamberg Cathedral"", ""name:ru"": ""Кафедральный собор"", ""official_name"": ""Bamberger Dom Sankt Peter und Sankt Georg"", ""opening_hours"": ""Nov-Mar Mo-Su 08:00-17:00; Apr-Oct Mo-Su 08:00-18:00"", ""religion"": ""christian"", ""religious_title"": ""Basilica minor"", ""toilets:wheelchair"": ""yes"", ""tourism"": ""attraction"", ""was:wheelchair:description"": ""Ebener Zugang vorh, Zufahrt über Domstraße 1-3 '(Zugang befindet sich vor dem Dom stehend rechts, am Dom vorbei, auf der Rückseite des Doms), Beh.ger. WC u. Behindertenparkplatz in unmittelbarer Nähe des ebenerdigen Zug. Induktive Höranlage vorhanden"", ""wheelchair"": ""yes"", ""wheelchair:description"": ""Vorrübergehend (bis Frühsommer 2026) kein barrierefreier Zugang"", ""wikidata"": ""Q5924"", ""wikipedia"": ""de:Bamberger Dom""}",osm_polygon_area_used_as_mapped_footprint_or_precinct_estimate,3007.287882374716,osm_polygon_area,8.008793915810292,False,True,True
18,Cattedrale di San Lorenzo,Perugia,it,43.1124587,12.38895703,1345,1490,690.0,700–899,,,,True,True,,,,,,,,,0,0,0,0,,,,Gothic architecture,wikidata_p149,,1345.0,1490.0,inizio costruzione,completamento,,,1800.0,False,1345.0,1490.0,current_end:completata nel 1490 | current_end:completata nel diciottesimo secolo con l'aggiunta di pitture,800,1490,True,False,wikipedia_final_replaced,original_kept,,missing,,missing,Gothic architecture (c. 1140–1600),485.0,2495.108480976429,122630414.0,23.613374184659726,17.763866258153403,1.0,high,Cattedrale di San Lorenzo,way,"{""amenity"": ""place_of_worship"", ""building"": ""cathedral"", ""check_date"": ""2024-04-30"", ""denomination"": ""catholic"", ""name"": ""Cattedrale di San Lorenzo"", ""religion"": ""christian"", ""wheelchair"": ""no"", ""wikidata"": ""Q1132503"", ""wikipedia"": ""it:Cattedrale di San Lorenzo (Perugia)""}",osm_polygon_area_used_as_mapped_footprint_or_precinct_estimate,2495.108480976429,osm_polygon_area,7.822087486589689,False,True,True
19,Cattedrale di Santa Maria Assunta (Duomo),Napoli,it,40.85264368,14.25983409,1200,2000,975.0,700–899,,,,True,False,2.0,False,False,True,False,True,1349.0,1450.0,2,0,0,1,1349;1450,,,Gothic architecture,wikidata_p149,,1200.0,2000.0,inizio costruzione,completamento,2009.0,,,False,1200.0,2000.0,earliest:risale al radicale intervento di restauro del 2009 condotto da ponziano bevilacqua) | earliest:risale al radicale intervento di restauro del 2009 condotto da ponziano bevilacqua),500,1475,True,True,wikipedia_final_replaced,wikipedia_final_replaced,,missing,,missing,Gothic architecture (c. 1140–1600),46.0,4060.108765018449,122982019.0,4.7289668303277,13.286043665030057,0.3333333333333333,high,Cattedrale di Santa Maria Assunta,way,"{""alt_name"": ""Duomo di Napoli"", ""alt_name:en"": ""Naples Cathedral"", ""amenity"": ""place_of_worship"", ""building"": ""cathedral"", ""check_date"": ""2024-11-14"", ""denomination"": ""catholic"", ""description"": ""Duomo di Santa Maria Assunta - Cattedrale di Napoli"", ""name"": ""Cattedrale di Santa Maria Assunta"", ""name:en"": ""Cathedral of the Assumption of Mary"", ""name:es"": ""Catedral de Nápoles"", ""name:it"": ""Cattedrale di Santa Maria Assunta"", ""name:ko"": ""산타 마리아 아순타 성당(나폴리 대성당)"", ""religion"": ""christian"", ""toilets"": ""yes"", ""wikidata"": ""Q256486"", ""wikipedia"": ""it:Duomo di Napoli""}",osm_polygon_area_used_as_mapped_footprint_or_precinct_estimate,4060.108765018449,osm_polygon_area,8.30896504165036,False,True,True
20,Cathédrale Saint-Lazare,Autun,fr,46.94502232,4.299053925,700,1469,769.0,700–899,,,,True,True,,,,,,,,,0,0,0,0,,"st nazaire (700), st lazarus (1120)",no (N/A),Romanesque architecture,wikidata_p149,,,,,,,,,False,,,,700,1469,False,False,original_kept,original_kept,,missing,,missing,Romanesque architecture (c. 1000–1200),370.0,2801.368681028369,124226786.0,1.5523072128484487,17.984476927871516,1.0,high,Cathédrale Saint-Lazare,way,"{""addr:city"": ""Autun"", ""addr:postcode"": ""71400"", ""amenity"": ""place_of_worship"", ""basilica"": ""minor"", ""building"": ""cathedral"", ""check_date"": ""2023-07-25"", ""denomination"": ""catholic"", ""heritage"": ""2"", ""heritage:operator"": ""mhs"", ""name"": ""Cathédrale Saint-Lazare"", ""opening_hours"": ""Mo-Sa 09:00-18:00; Su 14:00-18:00"", ""ref:FR:CEF"": ""71014_01"", ""ref:mhs"": ""PA00113073"", ""religion"": ""christian"", ""source"": ""cadastre-dgi-fr source : Direction Générale des Impôts - Cadastre. Mise à jour : 2011"", ""source:name"": ""clochers.org"", ""tourism"": ""attraction"", ""wheelchair"": ""no"", ""wikidata"": ""Q611944"", ""wikipedia"": ""fr:Cathédrale Saint-Lazare d'Autun""}",osm_polygon_area_used_as_mapped_footprint_or_precinct_estimate,2801.368681028369,osm_polygon_area,7.93786339138532,False,True,True
21,Cattedrale di Santa Maria Assunta,Asti,it,44.90071075,8.197932951,1266,1470,820.0,700–899,,,,True,True,1.0,False,True,False,False,False,1070.0,1070.0,1,0,1,0,1070,,,Gothic architecture,wikidata_p149,,1266.0,1470.0,inizio costruzione,completamento,1266.0,,,False,1266.0,1470.0,earliest:risale al 1266 ed è stato ritoccato nel xviii secolo  | earliest:risale al 1266 ed è stato ritoccato nel xviii secolo ,500,1320,True,True,wikipedia_final_replaced,wikipedia_final_replaced,,missing,,missing,Gothic architecture (c. 1140–1600),138.0,2904.169888243545,126627387.0,7.393670245356243,15.592729964213103,0.6666666666666666,high,Cattedrale di Santa Maria Assunta,way,"{""amenity"": ""place_of_worship"", ""building"": ""cathedral"", ""denomination"": ""catholic"", ""description"": ""Site of Eucharistic miracle of 1718."", ""diocese"": ""Asti"", ""name"": ""Cattedrale di Santa Maria Assunta"", ""name:en"": ""Cathedral of Santa Maria Assunta and San Gottardo"", ""religion"": ""christian"", ""tourism"": ""attraction"", ""wheelchair"": ""yes"", ""wikidata"": ""Q2942518"", ""wikipedia"": ""it:Cattedrale di Santa Maria Assunta (Asti)""}",osm_polygon_area_used_as_mapped_footprint_or_precinct_estimate,2904.169888243545,osm_polygon_area,7.973902875694819,False,True,True
22,Cathédrale Saint-Maurice,Angers,fr,47.47055695,-0.554948309025218,1143,1240,97.0,1100–1299,3217.0,25.0,80425.0,True,True,1.0,False,True,False,False,False,1032.0,1032.0,0,0,0,0,1032,st maurice (700),fire (1032),Romanesque architecture,wikidata_p149,,,,,,,,,False,,,,1143,1240,False,False,original_kept,original_kept,90.47,original_kept,,original_kept,Romanesque architecture (c. 1000–1200),52.0,,,,,,,,,,,3217.0,original_surface_m2,8.076204527239026,True,False,True
23,Cathédrale Saint-Véran,Cavaillon,fr,43.83619958,5.036320518,1000,1400,400.0,900–1099,,,,True,True,,,,,,,,,0,0,0,0,,"mary (1000), st peter (1000), st veran (128)",no (N/A),Romanesque architecture,wikidata_p149,,,,,,,,,False,,,,1000,1400,False,False,original_kept,original_kept,,missing,,missing,Romanesque architecture (c. 1000–1200),78.0,486.51975502516143,85118702.0,26.457980719426164,4.235420192805739,0.0,high,,way,"{""building"": ""yes"", ""source"": ""cadastre-dgi-fr source : Direction Générale des Impôts - Cadastre. Mise à jour : 2010""}",osm_polygon_area_used_as_mapped_footprint_or_precinct_estimate,486.51975502516143,osm_polygon_area,6.187277507225406,False,True,True
24,Cathédrale-Basilique Saint-Cyr et Sainte-Julitte,Nevers,fr,46.98716934,3.157253339,700,1331,631.0,700–899,,,,True,True,,,,,,,,,0,0,0,0,,"st cyr (700), st julitte (700)",no (N/A),Gothic architecture,wikidata_p149,,,,,,,,,False,,,,700,1331,False,False,original_kept,original_kept,,missing,,missing,Gothic architecture (c. 1140–1600),197.0,3723.892068431771,127522925.0,2.886688543559204,17.97113311456441,1.0,high,Cathédrale Saint-Cyr et Sainte-Julitte,way,"{""amenity"": ""place_of_worship"", ""basilica"": ""minor"", ""building"": ""cathedral"", ""building:architecture"": ""gothic"", ""check_date"": ""2025-09-06"", ""denomination"": ""catholic"", ""heritage"": ""2"", ""heritage:operator"": ""mhs"", ""mhs:inscription_date"": ""1862"", ""name"": ""Cathédrale Saint-Cyr et Sainte-Julitte"", ""ref:FR:CEF"": ""58194_01"", ""ref:mhs"": ""PA00112936"", ""religion"": ""christian"", ""source"": ""cadastre-dgi-fr source : Direction Générale des Impôts - Cadastre. Mise à jour : 2011"", ""tourism"": ""attraction"", ""wikidata"": ""Q571282"", ""wikipedia"": ""fr:Cathédrale Saint-Cyr-et-Sainte-Julitte de Nevers""}",osm_polygon_area_used_as_mapped_footprint_or_precinct_estimate,3723.892068431771,osm_polygon_area,8.222524655278715,False,True,True
25,Cathedral Church of St Machar,Aberdeen,uk,57.16982044,-2.102380828,1130,1530,400.0,1100–1299,,,,True,True,,,,,,,,,0,0,0,0,,st machar (1130),no (N/A),Gothic art,wikidata_p149,,,,,,,,,False,,,,1130,1530,False,False,original_kept,original_kept,,missing,,missing,Gothic art (c. 1140–1600),28.0,1049.4550236973446,128914739.0,10.787811282488617,15.225455220508447,0.3333333333333333,high,Cathedral Church of St Machar,way,"{""addr:city"": ""Aberdeen"", ""addr:postcode"": ""AB24 1RQ"", ""addr:street"": ""The Chanonry"", ""alt_name:en"": ""St Machars Cathedral"", ""alt_name:sco"": ""Cathedral Kirk o Saunt Machar"", ""amenity"": ""place_of_worship"", ""building"": ""cathedral"", ""building:use:start_date"": ""580"", ""contact:website"": ""http://www.stmachar.com/"", ""denomination"": ""church_of_scotland"", ""historic"": ""cathedral"", ""name"": ""Cathedral Church of St Machar"", ""name:be"": ""Сабор Святога Махара"", ""name:de"": ""Die St. Machar Kathedrale"", ""name:en"": ""Cathedral Church of St Machar"", ""name:es"": ""Iglesia-Catedral de San Machar"", ""name:fr"": ""La Cathédrale de Saint Machar"", ""name:gd"": ""Cathair-eaglais Naomh Machar"", ""name:hu"": ""St. Machar Katedrális"", ""name:it"": ""Cattedrale di S. Machar"", ""name:lt"": ""Šv. Machar Katedra"", ""name:no"": ""Katedralen i St Machar"", ""name:pl"": ""Kościół Katedralny Św. Machara"", ""name:ru"": ""Собор Святого Махара"", ""name:sco"": ""Heich Kirk o Aiberdeen"", ""name:sv"": ""Katedralkyrkan St Machar"", ""name:uk"": ""Собор Святого Махара"", ""note"": ""Re: Start Date. A place of religion dates back on this site to 580 AD, with it then becoming a Cathedral in 1131."", ""ref:GB:HER:Aberdeen_City"": ""NJ90NW0019"", ""ref:GB:uprn"": ""9051072093"", ""ref:canmore"": ""20216"", ""religion"": ""christian"", ""source"": ""survey"", ""source:name"": ""board in churchyard"", ""start_date"": ""1131"", ""wikidata"": ""Q2380110"", ""wikipedia"": ""en:St Machar's Cathedral""}",osm_polygon_area_used_as_mapped_footprint_or_precinct_estimate,1049.4550236973446,osm_polygon_area,6.956026283361295,False,True,True
26,Cattedrale di Santa Maria Assunta,Pesaro,it,43.9109391,12.91468331,1100,2000,712.0,700–899,,,,True,True,,,,,,,,,0,0,0,0,,,,Romanesque architecture,wikidata_p149,,1100.0,2000.0,inizio costruzione,completamento,1282.0,,,False,1100.0,2000.0,earliest:risale al 1282 - 1312  | earliest:risale al 1282 - 1312 ,600,1312,True,True,wikipedia_final_replaced,wikipedia_final_replaced,,missing,,missing,Romanesque architecture (c. 1000–1200),7.0,1733.7030240872991,129510589.0,16.334807132512573,15.836651928674874,1.0,high,Cattedrale di Santa Maria Assunta,way,"{""addr:city"": ""Pesaro"", ""addr:postcode"": ""61121"", ""addr:street"": ""Via Gioacchino Rossini"", ""amenity"": ""place_of_worship"", ""basilica"": ""minor"", ""building"": ""church"", ""check_date"": ""2026-06-10"", ""denomination"": ""roman_catholic"", ""name"": ""Cattedrale di Santa Maria Assunta"", ""religion"": ""christian"", ""wheelchair"": ""yes"", ""wikidata"": ""Q2942750"", ""wikipedia"": ""it:Cattedrale di Santa Maria Assunta (Pesaro)""}",osm_polygon_area_used_as_mapped_footprint_or_precinct_estimate,1733.7030240872991,osm_polygon_area,7.458014876287084,False,True,True
27,Église Saint-Pierre,Lisieux,fr,49.14654584,0.226886638440973,700,1230,530.0,700–899,,,,True,True,,,,,,,,,0,0,0,0,,st peter (700),no (N/A),Gothic architecture,wikidata_p149,,,,,,,,,False,,,,700,1230,False,False,original_kept,original_kept,,missing,,missing,Gothic architecture (c. 1140–1600),50.0,2980.2007975778542,130311744.0,6.18467702987214,14.438153229701278,0.5,high,Cathédrale Saint-Pierre,way,"{""addr:city"": ""Lisieux"", ""amenity"": ""place_of_worship"", ""building"": ""cathedral"", ""building:architecture"": ""gothic"", ""denomination"": ""catholic"", ""heritage"": ""2"", ""heritage:operator"": ""mhs"", ""mhs:inscription_date"": ""1914-04-18"", ""name"": ""Cathédrale Saint-Pierre"", ""ref:FR:CEF"": ""14366_01"", ""ref:mhs"": ""PA00111473"", ""religion"": ""christian"", ""source"": ""cadastre-dgi-fr source : Direction Générale des Impôts - Cadastre. Mise à jour : 2011"", ""tourism"": ""attraction"", ""website"": ""https://paroisselisieux.fr/"", ""wikidata"": ""Q584590"", ""wikipedia"": ""fr:Cathédrale Saint-Pierre de Lisieux""}",osm_polygon_area_used_as_mapped_footprint_or_precinct_estimate,2980.2007975778542,osm_polygon_area,7.999745958966938,False,True,True
28,Cathédrale Saint-Jean-Baptiste,Ales (Alès),fr,44.12355984,4.076632304,1100,1500,400.0,1100–1299,,,,True,True,,,,,,,,,0,0,0,0,,st john baptist (1100),no (N/A),| classement =,wikipedia_infobox,,,,,,,,,False,,,,1100,1500,False,False,original_kept,original_kept,,missing,,missing,| classement =,137.0,2060.9814619204844,130823172.0,11.305459811069602,17.886945401889303,1.0,high,Cathédrale Saint-Jean-Baptiste,way,"{""amenity"": ""place_of_worship"", ""building"": ""cathedral"", ""denomination"": ""catholic"", ""heritage"": ""2"", ""heritage:operator"": ""mhs"", ""mhs:inscription_date"": ""1914-05-09"", ""name"": ""Cathédrale Saint-Jean-Baptiste"", ""ref:FR:CEF"": ""30007_04"", ""ref:mhs"": ""PA00102948"", ""religion"": ""christian"", ""source"": ""cadastre-dgi-fr source : Direction Générale des Impôts - Cadastre. Mise à jour : 2011"", ""source:heritage"": ""data.gouv.fr:Ministère de la Culture - 04/2015"", ""wikidata"": ""Q597088"", ""wikipedia"": ""fr:Cathédrale Saint-Jean-Baptiste d'Alès""}",osm_polygon_area_used_as_mapped_footprint_or_precinct_estimate,2060.9814619204844,osm_polygon_area,7.63093758614864,False,True,True
29,Duomo di Padova,Padova (Padua),it,45.40652559,11.87127537,300,1754,880.0,700–899,,,,True,True,2.0,True,False,True,False,False,900.0,1117.0,2,1,0,1,900;1117,,,"Renaissance architecture, baroque architecture",wikidata_p149,,300.0,1754.0,inizio costruzione,completamento,1100.0,,,False,300.0,1754.0,earliest:risale al xvi secolo e alla sua costruzione intervenne michelangelo buonarroti  | earliest:risale al xii secolo | earliest:risale al xvi secolo e alla sua costruzione intervenne michelangelo buonarroti  | earliest:risale al xii secolo,300,1180,False,True,original_kept,wikipedia_final_replaced,,missing,,missing,"Renaissance architecture (c. 1400–1600), baroque architecture (c. 1600–1750)",24.0,4320.338051448394,131977001.0,26.97600757651131,17.730239924234887,1.0,high,Duomo di Padova,way,"{""amenity"": ""place_of_worship"", ""basilica"": ""minor"", ""building"": ""church"", ""denomination"": ""catholic"", ""historic"": ""church"", ""layer"": ""1"", ""name"": ""Duomo di Padova"", ""name:cs"": ""Padovský dóm"", ""name:ru"": ""Кафедральный собор Падуи"", ""opening_hours"": ""Mo-Su 07:30-12:00, 15:45-19:30"", ""religion"": ""christian"", ""tourism"": ""attraction"", ""wheelchair"": ""yes"", ""wikidata"": ""Q2407092"", ""wikipedia"": ""it:Duomo di Padova""}",osm_polygon_area_used_as_mapped_footprint_or_precinct_estimate,4320.338051448394,osm_polygon_area,8.371088930826668,False,True,True
30,Cattedrale dei Santi Pietro e Marco,Alessandria,it,44.91196901,8.618487006,1807,1810,127.0,1100–1299,,,,True,True,,,,,,,,,0,0,0,0,,,,Neoclassical architecture,wikidata_p149,,1807.0,1810.0,inizio costruzione,completamento,,,,False,1807.0,1810.0,,1170,1297,True,True,wikipedia_final_replaced,wikipedia_final_replaced,,missing,,missing,Neoclassical architecture (c. 1750–1850),97.0,2534.8137742832187,1195525494.0,18.971370785851924,17.81028629214148,1.0,high,Cattedrale dei Santi Pietro e Marco,way,"{""addr:city"": ""Alessandria"", ""addr:postcode"": ""15121"", ""addr:street"": ""Piazza Giovanni XXIII"", ""amenity"": ""place_of_worship"", ""building"": ""cathedral"", ""denomination"": ""roman_catholic"", ""name"": ""Cattedrale dei Santi Pietro e Marco"", ""religion"": ""christian"", ""start_date"": ""1810"", ""wikidata"": ""Q733472"", ""wikipedia"": ""it:Duomo di Alessandria""}",osm_polygon_area_used_as_mapped_footprint_or_precinct_estimate,2534.8137742832187,osm_polygon_area,7.837875451505616,False,True,True
31,Cathédrale Notre-Dame-de-l'Assomption,Bayeux,fr,49.27554097,-0.703521388853762,1040,1420,380.0,900–1099,3725.0,23.0,85675.0,True,True,2.0,False,True,False,False,False,1015.0,1105.0,1,0,1,0,1015;1105,mary (700),"fire (1015), fire (1105)",Gothic architecture,wikidata_p149,,,,,,,,,False,,,,1040,1420,False,False,original_kept,original_kept,76.6,original_kept,,original_kept,Gothic architecture (c. 1140–1600),48.0,,,,,,,,,,,3725.0,original_surface_m2,8.22282213081366,True,False,True
32,Cathédrale Saint-Nazaire,Beziers (Béziers),fr,43.34138524,3.209962599,1250,1450,200.0,1100–1299,3135.0,32.0,100320.0,True,True,1.0,False,True,False,False,False,1209.0,1209.0,0,0,0,0,1209,st nazaire (700),fire (1209),Gothic architecture,wikidata_p149,,,,,,,,,False,,,,1250,1450,False,False,original_kept,original_kept,,original_kept,,original_kept,Gothic architecture (c. 1140–1600),37.0,,,,,,,,,,,3135.0,original_surface_m2,8.050384453067021,True,False,True
33,Duomo di Santa Maria Assunta,Urbino,it,43.72494534,12.63640483,1021,1700,583.0,900–1099,,,,True,True,,,,,,,,,0,0,0,0,,,,Neoclassical architecture,wikidata_p149,,1400.0,1700.0,inizio costruzione,completamento,1021.0,,,False,1021.0,1700.0,earliest:fondata nel 1021 ,1021,1604,False,True,original_kept,wikipedia_final_replaced,,missing,,missing,Neoclassical architecture (c. 1750–1850),456.0,2271.7276673995657,133498284.0,6.407552187024594,15.935924478129754,1.0,high,Duomo di Santa Maria Assunta,way,"{""amenity"": ""place_of_worship"", ""basilica"": ""minor"", ""building"": ""church"", ""denomination"": ""catholic"", ""name"": ""Duomo di Santa Maria Assunta"", ""religion"": ""christian"", ""tourism"": ""attraction"", ""wheelchair"": ""limited"", ""wikidata"": ""Q2754576"", ""wikipedia"": ""it:Duomo di Urbino""}",osm_polygon_area_used_as_mapped_footprint_or_precinct_estimate,2271.7276673995657,osm_polygon_area,7.7282959079558,False,True,True
34,Cattedrale di San Florido,Citta di Castello (Città di Castello),it,43.45669598,12.23811913,600,1600,929.0,700–899,,,,True,True,1.0,False,False,True,False,False,1493.0,1493.0,1,0,0,1,1493,,,Renaissance architecture,wikidata_p149,,600.0,1600.0,inizio costruzione,completamento,,,1032.0,False,600.0,1600.0,current_end:consacrata nel 1032 e dedicata a san florido,600,1529,False,True,original_kept,wikipedia_final_replaced,,missing,,missing,Renaissance architecture (c. 1400–1600),293.0,1686.645875187649,852567519.0,11.518944040999083,19.884810559590008,1.0,high,Cattedrale di San Florido,way,"{""amenity"": ""place_of_worship"", ""basilica"": ""minor"", ""building"": ""cathedral"", ""denomination"": ""catholic"", ""historic"": ""church"", ""name"": ""Cattedrale di San Florido"", ""religion"": ""christian"", ""wikidata"": ""Q3045550"", ""wikipedia"": ""it:Duomo di Città di Castello""}",osm_polygon_area_used_as_mapped_footprint_or_precinct_estimate,1686.645875187649,osm_polygon_area,7.430497146573579,False,True,True
35,Primatiale Saint-Jean,Lyon,fr,45.7607184,4.827431529,1165,1332,167.0,1100–1299,3432.0,33.0,113256.0,True,True,,,,,,,,,0,0,0,0,,"st john baptist (700), st stephen (700)",no (N/A),"Gothic architecture, Romanesque architecture",wikidata_p149,,,,,,,,,False,,,,1165,1332,False,False,original_kept,original_kept,44.0,original_kept,,original_kept,"Gothic architecture (c. 1140–1600), Romanesque architecture (c. 1000–1200)",174.0,,,,,,,,,,,3432.0,original_surface_m2,8.140898460607852,True,False,True
36,Cathédrale Saint-Pierre,Saintes,fr,45.74452141,-0.632007430930527,700,1700,1000.0,700–899,,,,True,False,2.0,False,True,False,False,True,990.0,1420.0,2,0,1,0,990;1420,st peter (700),"fire (990), partial collapse (1420)",Gothic architecture,wikidata_p149,,,,,,,,,False,,,,700,1700,False,False,original_kept,original_kept,,missing,,missing,Gothic architecture (c. 1140–1600),12.0,3469.228498420627,136636672.0,1.1642924281274598,14.488357075718724,0.5,high,Cathédrale Saint-Pierre,way,"{""addr:city"": ""Saintes"", ""addr:housenumber"": ""1"", ""addr:postcode"": ""17100"", ""addr:street"": ""Rue Saint-Pierre"", ""alt_name"": ""Basilique-Cocathédrale Saint-Pierre"", ""amenity"": ""place_of_worship"", ""basilica"": ""minor"", ""building"": ""cathedral"", ""denomination"": ""catholic"", ""email"": ""paroisse.saintesrg@gmail.com"", ""heritage"": ""2"", ""heritage:operator"": ""mhs"", ""mhs:inscription_date"": ""1862"", ""name"": ""Cathédrale Saint-Pierre"", ""phone"": ""+33 5 46 93 09 92"", ""ref:FR:CEF"": ""17415_01"", ""ref:mhs"": ""PA00105252"", ""religion"": ""christian"", ""source"": ""cadastre-dgi-fr source : Direction Générale des Impôts - Cadastre. Mise à jour : 2010"", ""wikidata"": ""Q2942437"", ""wikipedia"": ""fr:Cathédrale Saint-Pierre de Saintes""}",osm_polygon_area_used_as_mapped_footprint_or_precinct_estimate,3469.228498420627,osm_polygon_area,8.15168751347177,False,True,True
37,Basler Münster,Basel,ch,47.5564303,7.592304144,1180,1420,240.0,1100–1299,2683.431696,20.0,53668.63392,True,True,1.0,False,False,True,False,False,1356.0,1356.0,1,0,0,1,1356,mary (1000),partly damaged by earthquake (1356),Gothic architecture,wikidata_p149,,,,,,,,,False,,,,1180,1420,False,False,original_kept,original_kept,67.3,original_kept,,original_kept,Gothic architecture (c. 1140–1600),249.0,,,,,,,,,,,2683.431696,original_surface_m2,7.894851737967062,True,False,True
38,Cattedrale di Santa Maria Assunta,Ivrea,it,45.46809336,7.87527621,800,1854,1150.0,700–899,,,,True,True,1.0,False,False,True,False,False,1117.0,1117.0,1,0,0,1,1117,,,Romanesque art,wikidata_p149,,800.0,1854.0,inizio costruzione,completamento,,,,False,800.0,1854.0,,400,1550,True,True,wikipedia_final_replaced,wikipedia_final_replaced,,missing,,missing,Romanesque art (c. 1000–1200),267.0,1713.7663000209723,137804516.0,4.072497151826766,19.959275028481734,1.0,high,Cattedrale di Santa Maria Assunta,way,"{""amenity"": ""place_of_worship"", ""building"": ""cathedral"", ""denomination"": ""catholic"", ""historic"": ""church"", ""loc_name"": ""Duomo di Ivrea"", ""name"": ""Cattedrale di Santa Maria Assunta"", ""religion"": ""christian"", ""tourism"": ""attraction"", ""wikidata"": ""Q7882645"", ""wikipedia"": ""it:Duomo di Ivrea""}",osm_polygon_area_used_as_mapped_footprint_or_precinct_estimate,1713.7663000209723,osm_polygon_area,7.446448742149146,False,True,True
39,Duomo Antico,Milazzo,it,38.23066198,15.24220669,1607,350,19.0,700–899,,,,True,True,,,,,,,,,0,0,0,0,,,,Mannerism,wikidata_p149,,1607.0,,inizio costruzione,,,,,False,1607.0,,,331,350,True,False,wikipedia_final_replaced,original_kept,,missing,,missing,Mannerism,65.0,1032.361529385671,138753947.0,1.2425980114720594,14.98757401988528,1.0,high,Duomo Antico,way,"{""building"": ""church"", ""historic"": ""church"", ""name"": ""Duomo Antico"", ""wikidata"": ""Q19984438"", ""wikipedia"": ""it:Duomo Antico di Santo Stefano""}",osm_polygon_area_used_as_mapped_footprint_or_precinct_estimate,1032.361529385671,osm_polygon_area,6.939604203866236,False,True,True
40,Basilica di San Marco,Venezia,it,45.4345513,12.33981336,1063,1617,279.0,700–899,,,,True,True,1.0,False,True,False,False,False,976.0,976.0,1,0,1,0,976,,,"Byzantine architecture, Romanesque architecture",wikidata_p149,,1063.0,1617.0,inizio costruzione,completamento,1312.0,,1430.0,False,1063.0,1617.0,earliest:risale al doge giovanni soranzo (in carica dal 1312 al 1328) | earliest:risale al doge giovanni soranzo (in carica dal 1312 al 1328) | current_end:dedicata nel 1430,828,1107,True,True,wikipedia_final_replaced,wikipedia_final_replaced,,missing,,missing,"Byzantine architecture (c. 330–1453), Romanesque architecture (c. 1000–1200)",14.0,3981.069210461923,138800932.0,9.992384986125252,10.300076150138747,0.2,high,Basilica di San Marco,way,"{""amenity"": ""place_of_worship"", ""basilica"": ""minor"", ""building"": ""church"", ""check_date"": ""2025-06-07"", ""denomination"": ""catholic"", ""ele"": ""0.3"", ""fee"": ""yes"", ""height"": ""13"", ""importance"": ""international"", ""name"": ""Basilica di San Marco"", ""name:cs"": ""Bazilika svatého Marka"", ""name:da"": ""Markuskirken"", ""name:de"": ""Markusdom"", ""name:en"": ""St Mark's Basilica"", ""name:es"": ""Basílica de San Marcos"", ""name:hu"": ""Szent Márk székesegyház"", ""name:it"": ""Basilica di San Marco"", ""name:ja"": ""サン・マルコ寺院"", ""name:ko"": ""산 마르코 대성당"", ""name:lt"": ""Šv. Morkaus bazilika"", ""name:pl"": ""Bazylika św. Marka"", ""name:ru"": ""Базилика Сан Марко"", ""name:sr"": ""Базилика Светог Марка"", ""name:sr-Latn"": ""Bazilika Svetog Marka"", ""name:uk"": ""Собор святого Марка"", ""name:zh"": ""圣马可大教堂"", ""opening_hours"": ""Oct 29-Apr 15,Apr 16-Oct 27 Mo-Sa 09:30-17:00; Oct 29-Apr 15 Su 14:00-16:30; Apr 16-Oct 27 Su 14:00-17:00"", ""religion"": ""christian"", ""tourism"": ""attraction"", ""website"": ""https://www.basilicasanmarco.it/"", ""wheelchair"": ""limited"", ""wikidata"": ""Q172988"", ""wikimedia_commons"": ""Category:St. Mark's Basilica (Venice)"", ""wikipedia"": ""it:Basilica di San Marco"", ""wikipedia:en"": ""St Mark's Basilica""}",osm_polygon_area_used_as_mapped_footprint_or_precinct_estimate,3981.069210461923,osm_polygon_area,8.289305708044354,False,True,True
41,Duomo di Rovigo,Rovigo,it,45.06941753,11.78923272,964,1791,541.0,900–1099,,,,True,True,,,,,,,,,0,0,0,0,,,,Palladian architecture,wikidata_p149,,1696.0,1791.0,inizio costruzione,completamento,964.0,,,False,964.0,1791.0,earliest:risale al 964  | earliest:risale al 964 ,920,1461,True,True,wikipedia_final_replaced,wikipedia_final_replaced,,missing,,missing,Palladian architecture,9.0,1842.270902203396,138806296.0,6.202331767237766,17.937976682327623,1.0,high,Duomo di Rovigo,way,"{""addr:street"": ""Piazza Duomo"", ""amenity"": ""place_of_worship"", ""building"": ""church"", ""denomination"": ""catholic"", ""email"": ""parrocchia@duomorovigo.it"", ""historic"": ""church"", ""name"": ""Duomo di Rovigo"", ""phone"": ""+39 0425 22861"", ""religion"": ""christian"", ""tourism"": ""attraction"", ""website"": ""https://www.duomorovigo.it/"", ""wikidata"": ""Q3668856"", ""wikipedia"": ""it:Duomo di Rovigo""}",osm_polygon_area_used_as_mapped_footprint_or_precinct_estimate,1842.270902203396,osm_polygon_area,7.518754275601685,False,True,True
42,Cattedrale di Santa Maria Matricolare,Verona,it,45.44723792,10.99701725,800,1140,687.0,700–899,,,,True,True,1.0,False,False,True,False,False,1117.0,1117.0,1,0,0,1,1117,,,"Renaissance architecture, Romanesque architecture",wikidata_p149,,800.0,,inizio costruzione,,1200.0,,1140.0,False,800.0,1140.0,earliest:risale al xiii secolo | earliest:risale al xiii secolo | current_end:consacrata nel 1140 dal patriarca di aquileia,500,1187,True,True,wikipedia_final_replaced,wikipedia_final_replaced,,missing,,missing,"Renaissance architecture (c. 1400–1600), Romanesque architecture (c. 1000–1200)",64.0,2575.7097824567463,1193534140.0,2.935087680115184,12.720649123198848,0.25,high,Cattedrale di Santa Maria Matricolare,way,"{""alt_name"": ""Duomo di Verona"", ""amenity"": ""place_of_worship"", ""building"": ""cathedral"", ""name"": ""Cattedrale di Santa Maria Matricolare"", ""name:de"": ""Domkomplex von Verona"", ""name:es"": ""Catedral de Verona"", ""name:la"": ""Ecclesia Cathedralis Veronensis"", ""name:ru"": ""Кафедральный собор Вероны"", ""name:tr"": ""Verona Katedrali"", ""religion"": ""christian"", ""tourism"": ""attraction"", ""website"": ""https://www.cattedralediverona.it/"", ""wikidata"": ""Q2713844"", ""wikipedia"": ""it:Duomo di Verona""}",osm_polygon_area_used_as_mapped_footprint_or_precinct_estimate,2575.7097824567463,osm_polygon_area,7.853880418787622,False,True,True
43,Cattedrale di Santa Maria Annunciata,Vicenza,it,45.54632606,11.54391655,700,2000,1152.0,700–899,,,,True,True,2.0,True,False,True,False,False,1117.0,1236.0,2,1,0,1,1117;1236,,,Gothic architecture,wikidata_p149,,700.0,2000.0,inizio costruzione,completamento,,,,False,700.0,2000.0,,315,1467,True,True,wikipedia_final_replaced,wikipedia_final_replaced,,missing,,missing,Gothic architecture (c. 1140–1600),50.0,2993.17685449915,138894828.0,11.537470103864315,15.884625298961357,1.0,high,Cattedrale di Santa Maria Annunciata,way,"{""amenity"": ""place_of_worship"", ""building"": ""church"", ""check_date"": ""2024-08-19"", ""denomination"": ""catholic"", ""name"": ""Cattedrale di Santa Maria Annunciata"", ""religion"": ""christian"", ""wikidata"": ""Q2019284"", ""wikipedia"": ""it:Cattedrale di Santa Maria Annunciata""}",osm_polygon_area_used_as_mapped_footprint_or_precinct_estimate,2993.17685449915,osm_polygon_area,8.004090595481916,False,True,True
44,Cattedrale di San Romolo,Firenze,it,43.80722559,11.29256965,1028,1260,232.0,900–1099,,,,True,True,,,,,,,,,0,0,0,0,,,,Romanesque architecture,wikidata_p149,,,,,,1028.0,,,False,1028.0,,earliest:risale al 1028 | earliest:risale al 1213 | earliest:risale al 1028 | earliest:risale al 1213,1028,1260,False,False,original_kept,original_kept,,missing,,missing,Romanesque architecture (c. 1000–1200),297.0,1180.8206819044426,140234638.0,10.486051845290016,14.3951394815471,0.5,high,Cattedrale di San Romolo,way,"{""amenity"": ""place_of_worship"", ""building"": ""church"", ""historic"": ""church"", ""name"": ""Cattedrale di San Romolo"", ""name:fr"": ""Cathédrale de Fiesole"", ""religion"": ""christian"", ""wikidata"": ""Q965018"", ""wikipedia"": ""it:Duomo di Fiesole""}",osm_polygon_area_used_as_mapped_footprint_or_precinct_estimate,1180.8206819044426,osm_polygon_area,7.073964968855796,False,True,True
45,Cathédrale de l'Assomption de Notre-Dame,Senlis,fr,49.20682164,2.586034683,1151,1191,40.0,1100–1299,2297.64809,24.0,55143.55416,True,True,,,,,,,,,0,0,0,0,,mary (1151),no (N/A),Early Gothic architecture,wikidata_p149,,,,,,,,,False,,,,1151,1191,False,False,original_kept,original_kept,26.5,original_kept,,original_kept,Early Gothic architecture (c. 1140–1200),80.0,,,,,,,,,,,2297.64809,original_surface_m2,7.739641309171076,True,False,True
46,Cathédrale Notre-Dame et Saint-Vaast,Arras (Atrecht),fr,50.29295344,2.77484334,700,1435,735.0,700–899,,,,True,True,,,,,,,,,0,0,0,0,,mary (1160),no (N/A),Neoclassical architecture,wikidata_p149,,,,,,,,,False,,,,700,1435,False,False,original_kept,original_kept,,missing,,missing,Neoclassical architecture (c. 1750–1850),68.0,4697.404662079993,144278109.0,15.256810618323746,17.84743189381676,1.0,high,Cathédrale Notre-Dame et Saint-Vaast,way,"{""alt_name"": ""Basilique-Cathédrale Notre-Dame et Saint-Vaast"", ""amenity"": ""place_of_worship"", ""building"": ""cathedral"", ""check_date"": ""2025-10-11"", ""contact:website"": ""https://arras.catholique.fr/cathedrale"", ""denomination"": ""catholic"", ""height"": ""30"", ""heritage"": ""2"", ""heritage:operator"": ""mhs"", ""mhs:inscription_date"": ""1906-10-30"", ""name"": ""Cathédrale Notre-Dame et Saint-Vaast"", ""opening_hours"": ""We-Su 14:30-17:00"", ""ref:FR:CEF"": ""62041_01"", ""ref:mhs"": ""PA00107964"", ""religion"": ""christian"", ""source"": ""cadastre-dgi-fr source : Direction Générale des Impôts - Cadastre. Mise à jour : 2011"", ""source:heritage"": ""data.gouv.fr:Ministère de la Culture - 04/2015"", ""wheelchair"": ""limited"", ""wikidata"": ""Q597090"", ""wikipedia"": ""fr:Cathédrale Notre-Dame-et-Saint-Vaast d'Arras""}",osm_polygon_area_used_as_mapped_footprint_or_precinct_estimate,4697.404662079993,osm_polygon_area,8.454765435622376,False,True,True
47,Mindener Dom,Minden,de,52.28884919,8.919206296,820,1290,470.0,700–899,,,,True,True,2.0,False,True,False,False,False,947.0,1062.0,2,0,2,0,947;1062,"st gorgonius (800), st peter (800)","fire (947), fire (1062)",Gothic architecture,wikidata_p149,,,,,,,,,False,,,,820,1290,False,False,original_kept,original_kept,,missing,,missing,Gothic architecture (c. 1140–1600),48.0,2487.073964839685,144832880.0,1.7129829965317327,11.316203503368016,0.3333333333333333,high,Mindener Dom,way,"{""alt_name"": ""Dom St. Gorgonius und St. Petrus"", ""amenity"": ""place_of_worship"", ""building"": ""church"", ""building:colour"": ""#D4D099"", ""denomination"": ""roman_catholic"", ""historic"": ""yes"", ""name"": ""Mindener Dom"", ""religion"": ""christian"", ""source"": ""Wikipedia (PD-Grundrisse)"", ""tourism"": ""attraction"", ""wheelchair"": ""limited"", ""wikidata"": ""Q1936373"", ""wikipedia"": ""de:Mindener Dom""}",osm_polygon_area_used_as_mapped_footprint_or_precinct_estimate,2487.073964839685,osm_polygon_area,7.818862183948088,False,True,True
48,Cathédrale Notre-Dame,Laon,fr,49.56436229,3.625017193,1135,1235,100.0,1100–1299,5016.823922,25.0,125420.59805,True,True,1.0,False,True,False,False,False,1112.0,1112.0,0,0,0,0,1112,"christ (800), mary (800)",fire (1112),Gothic architecture,wikidata_p149,,,,,,,,,False,,,,1135,1235,False,False,original_kept,original_kept,26.0,original_kept,,original_kept,Gothic architecture (c. 1140–1600),184.0,,,,,,,,,,,5016.823922,original_surface_m2,8.520552327595691,True,False,True
49,Cathédrale Notre-Dame,Dax,fr,43.70846093,-1.052983623,1000,1300,300.0,900–1099,,,,True,True,,,,,,,,,0,0,0,0,,mary (1280),no (N/A),classical architecture,wikidata_p149,,,,,,,,,False,,,,1000,1300,False,False,original_kept,original_kept,,missing,,missing,classical architecture,18.0,2131.4595080345753,146763718.0,6.444663498165215,17.935553365018347,1.0,high,Cathédrale Notre-Dame,way,"{""amenity"": ""place_of_worship"", ""building"": ""cathedral"", ""check_date"": ""2024-07-22"", ""denomination"": ""catholic"", ""heritage"": ""2"", ""heritage:operator"": ""mhs"", ""mhs:inscription_date"": ""1946/09/16"", ""name"": ""Cathédrale Notre-Dame"", ""ref:FR:CEF"": ""40088_01"", ""ref:mhs"": ""PA00083938"", ""religion"": ""christian"", ""source"": ""cadastre-dgi-fr source : Direction Générale des Impôts - Cadastre. Mise à jour : 2012"", ""wikidata"": ""Q1736177"", ""wikipedia"": ""fr:Cathédrale Notre-Dame de Dax""}",osm_polygon_area_used_as_mapped_footprint_or_precinct_estimate,2131.4595080345753,osm_polygon_area,7.664562239090538,False,True,True
50,Salisbury Cathedral,Salisbury,uk,51.06474973,-1.797496434,1092,1934,138.0,1100–1299,5000.0,26.0,130000.0,True,True,,,,,,,,,0,0,0,0,,mary (1220),no (N/A),Gothic architecture,wikidata_p149,limestone,1220.0,,groundbreaking,,1092.0,,1934.0,False,1092.0,1934.0,earliest:built in the years after and was consecrated in 1092 | current_end:completed in 1934 | current_end:completed by 1330 | current_end:consecrated in 1092,1120,1258,True,True,wikipedia_final_replaced,wikipedia_final_replaced,123.0,original_kept,,original_kept,Gothic architecture (c. 1140–1600),48.0,,,,,,,,,,,5000.0,original_surface_m2,8.517193191416238,True,False,True
51,Cattedrale di Santa Maria Assunta,Spoleto,it,42.73526978,12.74037102,800,1800,400.0,700–899,,,,True,True,,,,,,,,,0,0,0,0,,,,"Gothic architecture, Neoclassical architecture, Romanesque architecture",wikidata_p149,,1067.0,1800.0,inizio costruzione,completamento,800.0,,,False,800.0,1800.0,earliest:risale al ix secolo ed è l'unico elemento rimasto dell'antico edificio altomedievale | earliest:risale al ix secolo ed è l'unico elemento rimasto dell'antico edificio altomedievale,800,1200,False,True,original_kept,wikipedia_final_replaced,,missing,,missing,"Gothic architecture (c. 1140–1600), Neoclassical architecture (c. 1750–1850), Romanesque architecture (c. 1000–1200)",429.0,3330.8095228471793,149675315.0,16.904357455752272,19.830956425442476,1.0,high,Cattedrale di Santa Maria Assunta,way,"{""addr:city"": ""Spoleto"", ""addr:country"": ""IT"", ""addr:postcode"": ""06049"", ""addr:street"": ""Piazza del Duomo"", ""alt_name"": ""Duomo"", ""amenity"": ""place_of_worship"", ""building"": ""cathedral"", ""denomination"": ""catholic"", ""historic"": ""church"", ""name"": ""Cattedrale di Santa Maria Assunta"", ""religion"": ""christian"", ""service_times"": ""Su 11:30"", ""tourism"": ""attraction"", ""website"": ""https://www.duomospoleto.it/"", ""wheelchair"": ""yes"", ""wikidata"": ""Q2942818"", ""wikimedia_commons"": ""Category:Duomo (Spoleto)"", ""wikipedia"": ""it:Duomo di Spoleto""}",osm_polygon_area_used_as_mapped_footprint_or_precinct_estimate,3330.8095228471793,osm_polygon_area,8.110970653384591,False,True,True
52,Cattedrale di San Cassiano Martire,Imola,it,44.35349623,11.7110915,1765,1781,83.0,1100–1299,,,,True,True,,,,,,,,,0,0,0,0,,,,baroque architecture,wikidata_p149,,1765.0,1781.0,inizio costruzione,completamento,1800.0,,1850.0,False,1765.0,1781.0,earliest:risale al xix secolo e fu eseguita dalla bottega del camuccino | earliest:risale al xix secolo e fu eseguita dalla bottega del camuccino | current_end:ultimata nel 1850,1188,1271,True,True,wikipedia_final_replaced,wikipedia_final_replaced,,missing,,missing,baroque architecture (c. 1600–1750),53.0,2738.556107014898,149902656.0,4.159502155451919,17.95840497844548,1.0,high,Cattedrale di San Cassiano Martire,way,"{""amenity"": ""place_of_worship"", ""basilica"": ""minor"", ""building"": ""cathedral"", ""building:levels"": ""2"", ""building:material"": ""brick"", ""check_date"": ""2024-02-10"", ""denomination"": ""catholic"", ""name"": ""Cattedrale di San Cassiano Martire"", ""religion"": ""christian"", ""roof:material"": ""roof_tiles"", ""roof:shape"": ""hipped"", ""service_times"": ""Nov-Mar:Mo-Sa 09:00,17:30; Apr-Oct:Mo-Sa 09:00,18:00; Su 07:00,09:00,17:30; Jul-Aug: Su 21:00"", ""source"": ""Regione Emilia Romagna"", ""wikidata"": ""Q2942555"", ""wikimedia_commons"": ""Category:Duomo (Imola)"", ""wikipedia"": ""it:Cattedrale di San Cassiano""}",osm_polygon_area_used_as_mapped_footprint_or_precinct_estimate,2738.556107014898,osm_polygon_area,7.915186092242815,False,True,True
53,Cattedrale di San Pietro Apostolo,Faenza,it,44.28582573,11.88447447,1474,1515,525.0,900–1099,,,,True,True,,,,,,,,,0,0,0,0,,,,Renaissance architecture,wikidata_p149,,1474.0,1515.0,inizio costruzione,completamento,,,,False,1474.0,1515.0,,1000,1525,True,True,wikipedia_final_replaced,wikipedia_final_replaced,,missing,,missing,Renaissance architecture (c. 1400–1600),43.0,2537.71060609899,151920334.0,6.809509856184828,13.598571568104818,0.6666666666666666,high,Cattedrale di San Pietro Apostolo,way,"{""alt_name"": ""Duomo di Faenza"", ""amenity"": ""place_of_worship"", ""basilica"": ""minor"", ""building"": ""church"", ""check_date"": ""2025-09-26"", ""denomination"": ""catholic"", ""name"": ""Cattedrale di San Pietro Apostolo"", ""religion"": ""christian"", ""service_times"": ""Mo-Su 18:00; Mo-Fr 08:00; Su 07:30, 09:00,10:30,12:00"", ""source"": ""Regione Emilia Romagna"", ""wikidata"": ""Q1439876"", ""wikipedia"": ""it:Duomo di Faenza""}",osm_polygon_area_used_as_mapped_footprint_or_precinct_estimate,2537.71060609899,osm_polygon_area,7.839017617383377,False,True,True
54,Cathédrale Saint-Jean-Baptiste,Aire (Aire-sur-l'Adour),fr,43.70037984,-0.262054284491455,1060,1300,240.0,900–1099,1586.366592,15.0,23795.498880000003,True,True,,,,,,,,,0,0,0,0,,st john baptist (700),no (N/A),Romanesque architecture,wikidata_p149,,,,,,,,,False,,,,1060,1300,False,False,original_kept,original_kept,,original_kept,,original_kept,Romanesque architecture (c. 1000–1200),86.0,,,,,,,,,,,1586.366592,original_surface_m2,7.369201517982329,True,False,True
55,Chiesa Cattedrale di Cesena,Cesena,it,44.1374291,12.24544288,1385,2000,506.0,900–1099,,,,True,True,,,,,,,,,0,0,0,0,,,,Romanesque architecture,wikidata_p149,,1385.0,2000.0,inizio costruzione,completamento,,,,False,1385.0,2000.0,,900,1406,True,True,wikipedia_final_replaced,wikipedia_final_replaced,,missing,,missing,Romanesque architecture (c. 1000–1200),48.0,1159.1455677954364,153199016.0,13.862990989742563,15.861370090102575,1.0,high,Chiesa Cattedrale di Cesena,way,"{""alt_name"": ""Duomo"", ""amenity"": ""place_of_worship"", ""basilica"": ""minor"", ""building"": ""church"", ""check_date"": ""2024-03-15"", ""denomination"": ""catholic"", ""name"": ""Chiesa Cattedrale di Cesena"", ""religion"": ""christian"", ""source"": ""Regione Emilia Romagna"", ""wheelchair"": ""yes"", ""wikidata"": ""Q1619759"", ""wikipedia"": ""it:Duomo di Cesena""}",osm_polygon_area_used_as_mapped_footprint_or_precinct_estimate,1159.1455677954364,osm_polygon_area,7.055438433205763,False,True,True
56,Hoher Dom St. Martin,Mainz,de,49.99889863,8.273938864,1085,1400,315.0,900–1099,4830.067093,29.0,140071.945697,True,True,1.0,False,True,False,False,False,1009.0,1009.0,0,0,0,0,1009,"st martin (975), st stephen (975)",damaged by fire (1009),Romanesque architecture,wikidata_p149,,,,,,,,,False,,,,1085,1400,False,False,original_kept,original_kept,,original_kept,,original_kept,Romanesque architecture (c. 1000–1200),97.0,,,,,,,,,,,4830.067093,original_surface_m2,8.48261563744041,True,False,True
57,Concattedrale di San Nicola,Palmi,it,38.35952203,15.8488582,1300,1932,50.0,1100–1299,,,,True,True,,,,,,,,,0,0,0,0,,,,Romanesque Revival architecture,wikidata_p149,,1300.0,1932.0,inizio costruzione,completamento,,1932.0,,True,1300.0,1932.0,current_start:attuale chiesa collegiata fu aperta al culto nel 1932 ,1250,1300,True,True,wikipedia_final_replaced,wikipedia_final_replaced,,missing,,missing,Romanesque Revival architecture (c. 1000–1200),234.0,1179.4769603814348,156615075.0,11.72999931070441,17.882700006892954,1.0,high,Concattedrale di San Nicola,way,"{""amenity"": ""place_of_worship"", ""building"": ""cathedral"", ""denomination"": ""catholic"", ""name"": ""Concattedrale di San Nicola"", ""religion"": ""christian"", ""wikidata"": ""Q2942743"", ""wikipedia"": ""it:Concattedrale di San Nicola (Palmi)""}",osm_polygon_area_used_as_mapped_footprint_or_precinct_estimate,1179.4769603814348,osm_polygon_area,7.072826365279617,False,True,True
58,Duomo di Santa Maria Assunta,Montagnana,it,45.23297821,11.46783625,1000,1502,502.0,900–1099,,,,True,True,,,,,,,,,0,0,0,0,,,,International Gothic,wikidata_p149,,,1502.0,,completamento,,,,False,,1502.0,,1000,1502,False,False,original_kept,original_kept,,missing,,missing,International Gothic (c. 1140–1600),17.0,1694.903357927571,158946411.0,6.345848960695467,15.936541510393045,1.0,high,Duomo di Santa Maria Assunta,way,"{""addr:city"": ""Montagnana"", ""addr:country"": ""IT"", ""addr:postcode"": ""35044"", ""addr:street"": ""Piazza Vittorio Emanuele 2°"", ""amenity"": ""place_of_worship"", ""building"": ""church"", ""denomination"": ""catholic"", ""name"": ""Duomo di Santa Maria Assunta"", ""religion"": ""christian"", ""tourism"": ""attraction"", ""wheelchair"": ""yes"", ""wikidata"": ""Q18397584"", ""wikipedia"": ""it:Duomo di Montagnana""}",osm_polygon_area_used_as_mapped_footprint_or_precinct_estimate,1694.903357927571,osm_polygon_area,7.435381002217144,False,True,True
59,Cattedrale di Santa Maria Assunta,Aosta,it,45.7381387,7.318056813,300,1848,1220.0,700–899,,,,True,True,,,,,,,,,0,0,0,0,,,,Romanesque architecture,wikidata_p149,,300.0,1848.0,inizio costruzione,completamento,,,,False,300.0,1848.0,,300,1520,False,True,original_kept,wikipedia_final_replaced,,missing,,missing,Romanesque architecture (c. 1000–1200),586.0,1999.5555729777552,162259412.0,3.0039653941977904,15.769960346058022,0.4,high,Cattedrale di Santa Maria Assunta / Cathédrale Notre-Dame-de-l'Assomption,way,"{""amenity"": ""place_of_worship"", ""building"": ""cathedral"", ""denomination"": ""catholic"", ""historic"": ""church"", ""name"": ""Cattedrale di Santa Maria Assunta / Cathédrale Notre-Dame-de-l'Assomption"", ""name:fr"": ""Cathédrale Notre-Dame-de-l'Assomption"", ""religion"": ""christian"", ""website"": ""https://cattedraleaosta.it/it/"", ""wikidata"": ""Q978797"", ""wikipedia"": ""it:Cattedrale di Aosta""}",osm_polygon_area_used_as_mapped_footprint_or_precinct_estimate,1999.5555729777552,osm_polygon_area,7.600680221337879,False,True,True
60,Basilica di Santa Trofimena,Amalfi,it,40.65038418,14.62794078,1747,1900,33.0,900–1099,,,,True,True,,,,,,,,,0,0,0,0,,,,Neoclassicism,wikidata_p149,,1747.0,1900.0,inizio costruzione,completamento,,,,False,1747.0,1900.0,,987,1020,True,True,wikipedia_final_replaced,wikipedia_final_replaced,,missing,,missing,Neoclassicism,18.0,1131.9192691547796,166002162.0,3.088155707343661,15.969118442926563,1.0,high,Basilica di Santa Trofimena,way,"{""amenity"": ""place_of_worship"", ""basilica"": ""minor"", ""building"": ""basilica"", ""check_date"": ""2024-11-11"", ""denomination"": ""catholic"", ""importance"": ""regional"", ""name"": ""Basilica di Santa Trofimena"", ""religion"": ""christian"", ""wikidata"": ""Q24933352"", ""wikipedia"": ""it:Basilica di Santa Trofimena""}",osm_polygon_area_used_as_mapped_footprint_or_precinct_estimate,1131.9192691547796,osm_polygon_area,7.0316699392188715,False,True,True
61,Duomo,Enna (Kasr Yannik),it,37.56702211,14.28295728,1307,1311,168.0,1300–1500,,,,True,True,,,,,,,,,0,0,0,0,,,,Gothic architecture,wikidata_p149,,1307.0,1311.0,inizio costruzione,completamento,,,,False,1307.0,1311.0,,1307,1475,False,True,original_kept,wikipedia_final_replaced,,missing,,missing,Gothic architecture (c. 1140–1600),930.0,1954.452196255559,166506824.0,13.1358205630079,8.868641794369921,0.0,high,Duomo di Enna,way,"{""amenity"": ""place_of_worship"", ""building"": ""church"", ""denomination"": ""roman_catholic"", ""name"": ""Duomo di Enna"", ""parish"": ""Maria Santissima della Visitazione"", ""religion"": ""christian"", ""tourism"": ""attraction"", ""wheelchair"": ""yes"", ""wikidata"": ""Q188118"", ""wikipedia"": ""it:Duomo di Enna""}",osm_polygon_area_used_as_mapped_footprint_or_precinct_estimate,1954.452196255559,osm_polygon_area,7.577865226635389,False,True,True
62,Basilica di San Giorgio fuori le mura,Ferrara,it,44.82173636,11.62806793,600,1800,600.0,700–899,,,,True,True,,,,,,,,,0,0,0,0,,,,Renaissance architecture,wikidata_p149,,600.0,1800.0,inizio costruzione,completamento,,,,False,600.0,1800.0,,700,1300,True,True,wikipedia_final_replaced,wikipedia_final_replaced,,missing,,missing,Renaissance architecture (c. 1400–1600),11.0,1219.3681639504648,167010425.0,13.001745843937899,17.86998254156062,1.0,high,Basilica di San Giorgio fuori le mura,way,"{""amenity"": ""place_of_worship"", ""building"": ""church"", ""building:material"": ""brick"", ""denomination"": ""catholic"", ""historic"": ""church"", ""name"": ""Basilica di San Giorgio fuori le mura"", ""religion"": ""christian"", ""roof:material"": ""roof_tiles"", ""source"": ""Regione Emilia Romagna"", ""wikidata"": ""Q3635693"", ""wikipedia"": ""it:Basilica di San Giorgio fuori le mura""}",osm_polygon_area_used_as_mapped_footprint_or_precinct_estimate,1219.3681639504648,osm_polygon_area,7.106088105170346,False,True,True
63,Basilica Maria Santissima Assunta,Reggio di Calabria,it,38.10536324,15.64221349,1917,1928,90.0,900–1099,,,,True,True,,,,,,,,,0,0,0,0,,,,Romanesque Revival architecture,wikidata_p149,,1917.0,1928.0,inizio costruzione,completamento,,1930.0,,True,1917.0,1928.0,current_start:l'attuale cattedrale di reggio calabria fu costruito nel 1930 dalla ditta balbiani  | current_start:attuale cattedrale di reggio calabria fu costruito nel 1930 dalla ditta balbiani ,1060,1150,True,True,wikipedia_final_replaced,wikipedia_final_replaced,,missing,,missing,Romanesque Revival architecture (c. 1000–1200),25.0,2519.472905022558,170272236.0,4.44503394448232,17.955549660555178,1.0,high,Basilica Maria Santissima Assunta,way,"{""addr:city"": ""Reggio di Calabria"", ""addr:housenumber"": ""46"", ""addr:postcode"": ""89127"", ""addr:street"": ""Via Tommaso Campanella"", ""alt_name"": ""Duomo"", ""amenity"": ""place_of_worship"", ""basilica"": ""minor"", ""building"": ""cathedral"", ""denomination"": ""catholic"", ""description"": ""La facciata è tripartita da torri ottagonali, con archetti pensili, bifore e finta galleria. Interno a tre navate con vetrate istoriate, abside poligonale e Crocefisso ligneo. Notevole la Cappella barocca del SS. Sacramento, monumento nazionale."", ""email"": ""parroco@parrduomorc.it"", ""fax"": ""+39 0965 24465"", ""name"": ""Basilica Maria Santissima Assunta"", ""opening_hours"": ""Mo-Su 07:00-12:00, 16:00-20:00"", ""phone"": ""+39 0965 28685"", ""religion"": ""christian"", ""website"": ""http://www.cattedralereggiocalabria.it/"", ""wheelchair"": ""yes"", ""wikidata"": ""Q1736209"", ""wikipedia"": ""it:Duomo di Reggio Calabria""}",osm_polygon_area_used_as_mapped_footprint_or_precinct_estimate,2519.472905022558,osm_polygon_area,7.8318049939539,False,True,True
64,Cattedrale di Santa Maria Assunta,Como,it,45.81178183,9.083683148,1396,1740,719.0,700–899,,,,True,True,,,,,,,,,0,0,0,0,,,,Gothic architecture,wikidata_p149,,1396.0,1740.0,inizio costruzione,completamento,1500.0,1927.0,1497.0,True,1396.0,1740.0,earliest:risale al xvi secolo | earliest:risale al xvi secolo | current_start:ricostruita nel 1927 | current_end:completata nel 1497 ,800,1519,True,True,wikipedia_final_replaced,wikipedia_final_replaced,,missing,,missing,Gothic architecture (c. 1140–1600),215.0,3933.4336432626005,171795848.0,2.718900086981807,14.472810999130182,0.5,high,Duomo di Como,way,"{""alt_name"": ""Cattedrale di Santa Maria Assunta"", ""amenity"": ""place_of_worship"", ""basilica"": ""minor"", ""building"": ""cathedral"", ""denomination"": ""catholic"", ""fee"": ""no"", ""image"": ""File:Cathedral of Como (Italy) west facade.jpg"", ""name"": ""Duomo di Como"", ""name:de"": ""Dom zu Como"", ""name:en"": ""Cathedral of Como"", ""name:fr"": ""Duomo - Cathédrale de Côme"", ""name:it"": ""Duomo di Como"", ""name:zh"": ""科莫大教堂"", ""opening_hours"": ""Mo-Sa 10:30-17:00; Su 13:00-16:30"", ""phone"": ""+39 031 3312275"", ""religion"": ""christian"", ""start_date"": ""1770"", ""tourism"": ""attraction"", ""website"": ""https://www.cattedraledicomo.it/"", ""wheelchair"": ""yes"", ""wikidata"": ""Q1101730"", ""wikimedia_commons"": ""Category:Duomo (Como)"", ""wikipedia"": ""it:Duomo di Como""}",osm_polygon_area_used_as_mapped_footprint_or_precinct_estimate,3933.4336432626005,osm_polygon_area,8.277268023984853,False,True,True
65,Cattedrale di Santa Maria e San Giovenale,Fossano,it,44.54919291,7.725682848,1200,1300,100.0,1100–1299,,,,True,True,,,,,,,,,0,0,0,0,,,,Neoclassicism,wikidata_p149,,,,,,,,,False,,,,1200,1300,False,False,original_kept,original_kept,,missing,,missing,Neoclassicism,385.0,1484.176503886818,179179044.0,4.215178690633367,17.957848213093666,1.0,high,Cattedrale di Santa Maria e San Giovenale,way,"{""amenity"": ""place_of_worship"", ""basilica"": ""minor"", ""building"": ""cathedral"", ""denomination"": ""catholic"", ""name"": ""Cattedrale di Santa Maria e San Giovenale"", ""religion"": ""christian"", ""wikidata"": ""Q385157"", ""wikipedia"": ""it:Duomo di Fossano""}",osm_polygon_area_used_as_mapped_footprint_or_precinct_estimate,1484.176503886818,osm_polygon_area,7.302615354583894,False,True,True
66,Cattedrale di Santa Maria Assunta,Parma,it,44.80322148,10.33129222,700,1178,894.0,700–899,,,,True,True,2.0,False,True,False,False,False,780.0,1055.0,2,0,2,0,780;1055,,,"Renaissance architecture, Romanesque architecture",wikidata_p149,,1074.0,1178.0,inizio costruzione,completamento,700.0,,1106.0,False,700.0,1178.0,earliest:risale al 1668 | earliest:risale al '700 [ 19 ] già esistente nel 1420 | earliest:risale al 1668 | earliest:risale al '700 [ 19 ] già esistente nel 1420 | current_end:consacrata nel 1106 | current_end:consacrata nel 1106 da pasquale ii ,400,1294,True,True,wikipedia_final_replaced,wikipedia_final_replaced,,missing,,missing,"Renaissance architecture (c. 1400–1600), Romanesque architecture (c. 1000–1200)",60.0,3568.8363694346044,179584053.0,12.099363025619969,15.545673036410466,0.6666666666666666,high,Cattedrale di Santa Maria Assunta,way,"{""alt_name"": ""Duomo di Parma"", ""amenity"": ""place_of_worship"", ""basilica"": ""minor"", ""building"": ""cathedral"", ""denomination"": ""roman_catholic"", ""name"": ""Cattedrale di Santa Maria Assunta"", ""religion"": ""christian"", ""source"": ""Regione Emilia Romagna"", ""tourism"": ""attraction"", ""wheelchair"": ""no"", ""wikidata"": ""Q1287889"", ""wikipedia"": ""it:Duomo di Parma""}",osm_polygon_area_used_as_mapped_footprint_or_precinct_estimate,3568.8363694346044,osm_polygon_area,8.17999487470435,False,True,True
67,Cattedrale di Santo Stefano,Prato,it,43.88184141,11.09809303,1100,1400,450.0,900–1099,,,,True,True,,,,,,,,,0,0,0,0,,,,Romanesque architecture,wikidata_p149,,1100.0,1400.0,inizio costruzione,completamento,1160.0,,,False,1100.0,1400.0,earliest:risale al 1160 e si inserisce nel prospetto simmetrico del fianco meridionale della chiesa | earliest:risale al 1160 e si inserisce nel prospetto simmetrico del fianco meridionale della chiesa,900,1350,True,True,wikipedia_final_replaced,wikipedia_final_replaced,,missing,,missing,Romanesque architecture (c. 1000–1200),64.0,1488.0251101182948,931696761.0,10.8764097518465,15.557902569148201,0.6666666666666666,high,Cattedrale di Santo Stefano,way,"{""amenity"": ""place_of_worship"", ""basilica"": ""minor"", ""building"": ""church"", ""denomination"": ""catholic"", ""historic"": ""church"", ""loc_name"": ""Duomo"", ""name"": ""Cattedrale di Santo Stefano"", ""name:en"": ""Prato Cathedral"", ""religion"": ""christian"", ""tourism"": ""attraction"", ""wikidata"": ""Q1236622"", ""wikipedia"": ""it:Duomo di Prato""}",osm_polygon_area_used_as_mapped_footprint_or_precinct_estimate,1488.0251101182948,osm_polygon_area,7.305205090330154,False,True,True
68,Cattedrale di San Martino,Lucca,it,43.84064992,10.50607897,1000,1200,700.0,700–899,,,,True,True,,,,,,,,,0,0,0,0,,,,Romanesque architecture,wikidata_p149,,1000.0,1200.0,inizio costruzione,completamento,1389.0,,1479.0,False,1000.0,1200.0,earliest:fondata nel 1389 [ 27 ]  | current_end:completata nel 1479 | current_end:consacrata nel 1070 [ 3 ] ,700,1400,True,True,wikipedia_final_replaced,wikipedia_final_replaced,,missing,,missing,Romanesque architecture (c. 1000–1200),20.0,3542.970742427511,180366824.0,2.8637265397545035,19.971362734602454,1.0,high,Cattedrale di San Martino,way,"{""addr:city"": ""Lucca"", ""addr:postcode"": ""55100"", ""addr:street"": ""Piazza Antelminelli"", ""air_conditioning"": ""no"", ""amenity"": ""place_of_worship"", ""building"": ""cathedral"", ""check_date"": ""2024-08-28"", ""contact:facebook"": ""https://www.facebook.com/museocattedralelucca/"", ""contact:instagram"": ""https://www.instagram.com/complessocattedralelucca"", ""denomination"": ""roman_catholic"", ""email"": ""info@museocattedralelucca.it"", ""fax"": ""+39 0583 919175"", ""fee"": ""yes"", ""historic"": ""church"", ""internet_access"": ""no"", ""name"": ""Cattedrale di San Martino"", ""name:en"": ""San Martino Cathedral"", ""name:hu"": ""Szent Márton székesegyház"", ""name:it"": ""Cattedrale di San Martino"", ""nohousenumber"": ""yes"", ""opening_hours"": ""Mo-Sa 09:30-18:00; Su 12:00-18:00"", ""payment:bancomat"": ""yes"", ""payment:cash"": ""yes"", ""payment:credit_cards"": ""yes"", ""payment:debit_cards"": ""yes"", ""phone"": ""+39 0583 490530"", ""religion"": ""christian"", ""website"": ""https://www.museocattedralelucca.it"", ""wheelchair"": ""yes"", ""wikidata"": ""Q1282278"", ""wikimedia_commons"": ""File:Dome_Lucques_Duomo_San_Martino_Lucca.jpg"", ""wikipedia"": ""it:Cattedrale di San Martino (Lucca)""}",osm_polygon_area_used_as_mapped_footprint_or_precinct_estimate,3542.970742427511,osm_polygon_area,8.17272084697857,False,True,True
69,Münster Unserer Lieben Frau,Konstanz (Drusomagus),de,47.66335263,9.175947721,590,1500,910.0,700–899,,,,True,True,,,,,,,,,0,0,0,0,,,,Romanesque architecture,wikidata_p149,,,,,,,,,False,,,,590,1500,False,False,original_kept,original_kept,,missing,,missing,Romanesque architecture (c. 1000–1200),410.0,2610.0529113624652,181713021.0,9.37481640158324,19.90625183598417,1.0,high,Münster Unserer Lieben Frau,way,"{""addr:city"": ""Konstanz"", ""addr:country"": ""DE"", ""addr:housenumber"": ""2"", ""addr:postcode"": ""78462"", ""addr:street"": ""Münsterplatz"", ""amenity"": ""place_of_worship"", ""basilica"": ""minor"", ""building"": ""cathedral"", ""building:architecture"": ""romanesque"", ""building:colour"": ""lightgray"", ""building:material"": ""stone"", ""by:religious_title"": ""Pius XII."", ""date:religious_title"": ""1955"", ""denomination"": ""roman_catholic"", ""diocese"": ""Erzbistum Freiburg"", ""historic"": ""church"", ""name"": ""Münster Unserer Lieben Frau"", ""opening_hours"": ""10:00-18:00"", ""phone"": ""+49 7531 90620"", ""religion"": ""christian"", ""religious_title"": ""Basilica minor"", ""seamark:landmark:category"": ""tower"", ""seamark:landmark:function"": ""church"", ""seamark:type"": ""landmark"", ""source:opening_hours"": ""website"", ""toilets:wheelchair"": ""no"", ""website"": ""https://www.konstanz-kirche.de/html/muenster_unserer_lieben_frau332.html"", ""wheelchair"": ""no"", ""wheelchair:description"": ""Barrirefreier Zugang über Südportal."", ""wikidata"": ""Q427812"", ""wikimedia_commons"": ""Category:Konstanz Minster"", ""wikipedia"": ""de:Konstanzer Münster""}",osm_polygon_area_used_as_mapped_footprint_or_precinct_estimate,2610.0529113624652,osm_polygon_area,7.867125772663923,False,True,True
70,Norwich Cathedral,Norwich,uk,52.63161192,1.300962599,1096,1101,434.0,900–1099,,96.0,,True,False,3.0,True,False,False,True,True,1272.0,1463.0,3,1,0,0,1272;1362;1463,,"damaged by riots (1272), spire collapsed (1362), lightening in spire (1463)",Norman architecture,wikidata_p149,,1096.0,1101.0,years built,consecrated,1300.0,,1485.0,False,1096.0,1101.0,earliest:built in the early 14th century | current_end:completed in 1278 | current_end:completed in 1297 but was blown down during a storm in 1362 | current_end:completed in 1278 | current_end:finished in 1485 which is still in place today | current_end:finished in 1430 after the black death had plagued the city | current_end:completed by around 1120 | current_end:completed by 1145,1096,1530,False,True,original_kept,wikipedia_final_replaced,96.0,wikidata_p2048_filled_missing,,missing,Norman architecture (c. 1066–1200),12.0,4074.7070267733216,135333625.0,48.673395222908596,17.513266047770912,1.0,high,Norwich Cathedral,way,"{""addr:city"": ""Norwich"", ""addr:street"": ""The Close"", ""amenity"": ""place_of_worship"", ""building"": ""cathedral"", ""building:architecture"": ""norman;gothic"", ""building:colour"": ""#dfd8bf"", ""building:material"": ""stone"", ""check_date"": ""2026-05-24"", ""denomination"": ""anglican"", ""diocese"": ""Diocese of Norwich"", ""heritage"": ""2"", ""heritage:operator"": ""Historic England"", ""heritage:website"": ""https://historicengland.org.uk/listing/the-list/list-entry/1051330"", ""listed_status"": ""Grade I"", ""name"": ""Norwich Cathedral"", ""name:fr"": ""Cathédrale de Norwich"", ""note"": ""This is the outer part of a multipolygon relation. Please add tags to the relation and not to this way."", ""opening_hours"": ""Mo-Su 07:30-18:00"", ""ref:GB:nhle"": ""1051330"", ""religion"": ""christian"", ""source:building"": ""Handbook of Architecture by James Fergusson (C) expired 1956 + Bing"", ""spire"": ""yes"", ""start_date"": ""1145"", ""website"": ""https://www.cathedral.org.uk/"", ""wikidata"": ""Q768692"", ""wikipedia"": ""en:Norwich Cathedral"", ""year_of_construction"": ""1096–(1121–1145)""}",osm_polygon_area_used_as_mapped_footprint_or_precinct_estimate,4074.7070267733216,osm_polygon_area,8.312554127820023,False,True,True
71,Duomo di Massa,Massa,it,44.03783885,10.14405014,1400,1936,123.0,1300–1500,,,,True,True,,,,,,,,,0,0,0,0,,,,baroque architecture,wikidata_p149,,1400.0,1936.0,inizio costruzione,completamento,,,,False,1400.0,1936.0,,1477,1600,True,True,wikipedia_final_replaced,wikipedia_final_replaced,,missing,,missing,baroque architecture (c. 1600–1750),74.0,172.66847575828433,136064951.0,39.89180322522829,4.101081967747717,0.0,medium,,way,"{""building"": ""yes""}",osm_polygon_area_used_as_mapped_footprint_or_precinct_estimate,172.66847575828433,osm_polygon_area,5.151373430901067,False,True,True
72,Cattedrale di Santa Maria Assunta,Frosinone,it,41.63967986,13.35243705,700,1200,500.0,700–899,,,,True,True,,,,,,,,,0,0,0,0,,,,Romanesque architecture,wikidata_p149,,,,,,,,,False,,,,700,1200,False,False,original_kept,original_kept,,missing,,missing,Romanesque architecture (c. 1000–1200),274.0,1036.940971987322,184144477.0,9.561687878334626,17.904383121216654,1.0,high,Cattedrale di Santa Maria Assunta,way,"{""amenity"": ""place_of_worship"", ""building"": ""cathedral"", ""denomination"": ""catholic"", ""name"": ""Cattedrale di Santa Maria Assunta"", ""religion"": ""christian"", ""wikidata"": ""Q2942666"", ""wikipedia"": ""it:Cattedrale di Santa Maria Assunta (Frosinone)""}",osm_polygon_area_used_as_mapped_footprint_or_precinct_estimate,1036.940971987322,osm_polygon_area,6.944030284707122,False,True,True
73,Cattedrale di Avellino,Avellino,it,40.91528043,14.79715059,1132,1166,34.0,1100–1299,,,,True,True,,,,,,,,,0,0,0,0,,,,Romanesque architecture,wikidata_p149,,1132.0,1166.0,inizio costruzione,completamento,,,,False,1132.0,1166.0,,1132,1166,False,False,original_kept,original_kept,,missing,,missing,Romanesque architecture (c. 1000–1200),352.0,1855.795558923157,185548871.0,2.1258566087152246,17.978741433912848,1.0,high,Cattedrale di Avellino,way,"{""amenity"": ""place_of_worship"", ""building"": ""cathedral"", ""denomination"": ""roman_catholic"", ""name"": ""Cattedrale di Avellino"", ""religion"": ""christian"", ""tourism"": ""attraction"", ""wikidata"": ""Q2942548"", ""wikipedia"": ""it:Cattedrale di Avellino""}",osm_polygon_area_used_as_mapped_footprint_or_precinct_estimate,1855.795558923157,osm_polygon_area,7.526068755836766,False,True,True
74,Cattedrale di San Nicolò,Nicosia,it,37.74772442,14.39830386,1280,1300,60.0,1100–1299,,,,True,True,,,,,,,,,0,0,0,0,,,,Norman architecture,wikidata_p149,,,1300.0,,completamento,,,,False,,1300.0,,1280,1340,False,True,original_kept,wikipedia_final_replaced,,missing,,missing,Norman architecture (c. 1066–1200),719.0,1038.0417074512225,193757656.0,4.279623426996788,17.957203765730032,1.0,high,Cattedrale di San Nicolò,way,"{""amenity"": ""place_of_worship"", ""basilica"": ""minor"", ""building"": ""cathedral"", ""denomination"": ""roman_catholic"", ""name"": ""Cattedrale di San Nicolò"", ""religion"": ""christian"", ""tourism"": ""attraction"", ""wikidata"": ""Q1736196"", ""wikipedia"": ""it:Cattedrale di Nicosia""}",osm_polygon_area_used_as_mapped_footprint_or_precinct_estimate,1038.0417074512225,osm_polygon_area,6.945091243507462,False,True,True
75,Dom Peter und Paul,Zeitz,de,51.05064567,12.12626193,900,1250,350.0,900–1099,,,,True,True,,,,,,,,,0,0,0,0,,"st peter (900), st paul (900)",no (N/A),Gothic architecture,wikidata_p149,,,,,,,,,False,,,,900,1250,False,False,original_kept,original_kept,,missing,,missing,Gothic architecture (c. 1140–1600),168.0,1620.936852816667,196487168.0,12.27159272857452,15.877284072714255,1.0,high,Dom Peter und Paul,way,"{""addr:city"": ""Zeitz"", ""addr:country"": ""DE"", ""addr:housenumber"": ""6"", ""addr:postcode"": ""06712"", ""addr:street"": ""Schloßstraße"", ""amenity"": ""place_of_worship"", ""building"": ""church"", ""denomination"": ""catholic"", ""heritage"": ""yes"", ""image"": ""https://commons.wikimedia.org/wiki/File%3AZeitz_Schloss_Moritzburg_Dom.jpg"", ""name"": ""Dom Peter und Paul"", ""opening_hours"": ""Mo-Fr 08:30-20:00"", ""religion"": ""christian"", ""service_times"": ""Su 10:30"", ""tourism"": ""yes"", ""website"": ""https://www.kath-zeitz.de/dom.html"", ""wheelchair"": ""limited"", ""wikidata"": ""Q187151"", ""wikimedia_commons"": ""Category:Zeitzer Dom"", ""wikipedia"": ""de:Zeitzer Dom""}",osm_polygon_area_used_as_mapped_footprint_or_precinct_estimate,1620.936852816667,osm_polygon_area,7.390759565280811,False,True,True
76,Santa Maria Assunta nella Cattedrale,Catanzaro,it,38.9048436,16.59198874,1121,1121,30.0,1100–1299,,42.0,,True,True,,,,,,,,,0,0,0,0,,,,rationalism,wikidata_p149,,,1121.0,,completamento,1121.0,,,False,1121.0,1121.0,"earliest:la prima cattedrale , eretta nel 1121 in epoca normanna e dedicata da callisto ii a santa maria assunta e agli apostoli pietro e paolo ",1120,1150,True,True,wikipedia_final_replaced,wikipedia_final_replaced,42.0,wikidata_p2048_filled_missing,,missing,rationalism,346.0,1128.0497841577744,198384837.0,22.461231666722917,16.02538768333277,0.75,high,Santa Maria Assunta nella Cattedrale,way,"{""addr:city"": ""Catanzaro"", ""addr:housenumber"": ""24"", ""addr:postcode"": ""88100"", ""addr:street"": ""Piazza Duomo"", ""alt_name"": ""Cattedrale di Catanzaro"", ""amenity"": ""place_of_worship"", ""building"": ""cathedral"", ""denomination"": ""catholic"", ""description"": ""La cattedrale metropolitana di Santa Maria Assunta, principale luogo di culto di Catanzaro, risale all’XI secolo. Dopo i danni della II guerra mondiale, fu ricostruita con tre porte sulla facciata principale e tre su quella laterale."", ""email"": ""segreteria@diocesicatanzarosquillace.it"", ""name"": ""Santa Maria Assunta nella Cattedrale"", ""phone"": ""+39 0961 724314"", ""religion"": ""christian"", ""wikidata"": ""Q2942624"", ""wikipedia"": ""it:Cattedrale di Catanzaro""}",osm_polygon_area_used_as_mapped_footprint_or_precinct_estimate,1128.0497841577744,osm_polygon_area,7.028245565975732,False,True,True
77,Cathédrale Notre-Dame de Grâce,Cambrai,fr,50.17213683,3.233409841,1054,1703,649.0,900–1099,,,,True,True,1.0,False,True,False,False,False,1145.0,1145.0,1,0,1,0,1145,mary (1200),fire (1145),baroque architecture,wikidata_p149,,,,,,,,,False,,,,1054,1703,False,False,original_kept,original_kept,,missing,,missing,baroque architecture (c. 1600–1750),60.0,2971.3346106450845,1189216995.0,7.470727978911904,16.17529272021088,0.75,high,Cathédrale Notre-Dame de Grâce de Cambrai,way,"{""amenity"": ""place_of_worship"", ""basilica"": ""minor"", ""building"": ""cathedral"", ""denomination"": ""catholic"", ""heritage"": ""2"", ""heritage:operator"": ""mhs"", ""historic"": ""yes"", ""mhs:inscription_date"": ""1906-08-09"", ""name"": ""Cathédrale Notre-Dame de Grâce de Cambrai"", ""ref:mhs"": ""PA00107395"", ""religion"": ""christian"", ""source"": ""cadastre-dgi-fr source : Direction Générale des Impôts - Cadastre. Mise à jour : 2023"", ""source:heritage"": ""Ministère de la Culture - 2023-12"", ""wikidata"": ""Q1344947"", ""wikipedia"": ""fr:Cathédrale Notre-Dame-de-Grâce de Cambrai""}",osm_polygon_area_used_as_mapped_footprint_or_precinct_estimate,2971.3346106450845,osm_polygon_area,7.996766494716609,False,True,True
78,Cathédrale Notre-Dame de Paris,Paris,fr,48.85297272,2.349910456,1160,1345,185.0,1100–1299,6878.0,35.0,240730.0,True,True,,,,,,,,,0,0,0,0,,mary (700),no (N/A),"French Gothic architecture, Early Gothic architecture, classic gothic, Rayonnant",wikidata_p149,dimension stone,,,,,,,,False,,,,1160,1345,False,False,original_kept,original_kept,90.0,original_kept,5500.0,original_kept,"French Gothic architecture (c. 1140–1600), Early Gothic architecture (c. 1140–1200), classic gothic (c. 1140–1600), Rayonnant",38.0,,,,,,,,,,,6878.0,original_surface_m2,8.83608319099221,True,False,True
79,Cattedrale di San Michele Arcangelo,Caserta,it,41.07376512,14.33365077,1113,1153,187.0,1100–1299,,,,True,True,,,,,,,,,0,0,0,0,,,,Romanesque architecture,wikidata_p149,,1113.0,1153.0,inizio costruzione,completamento,,,,False,1113.0,1153.0,,1113,1300,False,True,original_kept,wikipedia_final_replaced,,missing,,missing,Romanesque architecture (c. 1000–1200),76.0,1374.8425507136853,201681493.0,4.358934820587444,17.956410651794126,1.0,high,Cattedrale di San Michele Arcangelo,way,"{""addr:city"": ""Caserta"", ""addr:housenumber"": ""1"", ""addr:postcode"": ""81100"", ""addr:street"": ""Piazza Duomo"", ""amenity"": ""place_of_worship"", ""building"": ""cathedral"", ""denomination"": ""catholic"", ""email"": ""info@parrocchiacattedralecaserta.org"", ""name"": ""Cattedrale di San Michele Arcangelo"", ""phone"": ""+39 0823 322493"", ""religion"": ""christian"", ""website"": ""https://www.parrocchiacattedralecaserta.org/home"", ""wikidata"": ""Q3663711"", ""wikipedia"": ""it:Cattedrale di San Michele Arcangelo (Caserta)""}",osm_polygon_area_used_as_mapped_footprint_or_precinct_estimate,1374.8425507136853,osm_polygon_area,7.226094494972199,False,True,True
80,Aachener Dom,Aachen,de,50.77474896,6.083917582,796,1355,559.0,700–899,,,,True,True,1.0,True,False,False,False,False,881.0,881.0,1,1,0,0,881,mary (805),damaged by vikings (881),"Gothic architecture, Pre-Romanesque architecture",wikidata_p149,,,,,,,,,False,,,,796,1355,False,False,original_kept,original_kept,,missing,,missing,"Gothic architecture (c. 1140–1600), Pre-Romanesque architecture (c. 1000–1200)",173.0,2227.653112219057,20470246.0,2.7988036363257116,12.372011963636744,0.2,high,Aachener Dom,way,"{""addr:city"": ""Aachen"", ""addr:country"": ""DE"", ""addr:housenumber"": ""1"", ""addr:postcode"": ""52062"", ""addr:street"": ""Domhof"", ""alt_name:de"": ""Hoher Dom zu Aachen;Aachener Münster;Aachener Marienkirche"", ""alt_name:en"": ""Cathedral of Aix-la-Chapelle"", ""amenity"": ""place_of_worship"", ""building"": ""cathedral"", ""building:architecture"": ""pre-romanesque;romanesque;gothic;baroque;"", ""denomination"": ""roman_catholic"", ""heritage"": ""1"", ""heritage:operator"": ""whc"", ""heritage:ref"": ""3bis"", ""heritage:website"": ""https://whc.unesco.org/en/list/3/"", ""image"": ""https://photos.app.goo.gl/b8itSLQcGytvesqP7"", ""name"": ""Aachener Dom"", ""name:ar"": ""كاتدرائية آخن"", ""name:de"": ""Aachener Dom"", ""name:en"": ""Aachen Cathedral"", ""name:es"": ""Catedral de Aquisgrán"", ""name:fr"": ""Cathédrale d'Aix-la-Chapelle"", ""name:he"": ""הקתדרלה של אאכן"", ""name:ja"": ""アーヘン大聖堂"", ""name:lb"": ""Doum Oochen"", ""name:nl"": ""Dom van Aken"", ""name:ru"": ""Кафедральный собор в городе Ахен"", ""name:zh"": ""亚琛大教堂"", ""phone"": ""+49 241 477090"", ""ref:whc"": ""3bis"", ""religion"": ""christian"", ""service_times"": ""Mo-Fr 07:00, 10:00; Sa 07:00, 08:00,10:00; Su 07:00, 08:00, 10:00, 11:30"", ""toilets:wheelchair"": ""yes"", ""tourism"": ""attraction"", ""website"": ""https://www.aachendom.de/"", ""whc:criteria"": ""(i)(ii)(iv)(vi)"", ""whc:inscription_date"": ""1978"", ""wheelchair"": ""limited"", ""wheelchair:description"": ""barrierefreier Zugang über Krämertüre, bzw. Haupteingang mit angelegter Rampe, WC über Domhof mit angelegter Rampe erreichbar."", ""wikidata"": ""Q5908"", ""wikimedia_commons"": ""Category:Aachen Cathedral"", ""wikipedia"": ""de:Aachener Dom""}",osm_polygon_area_used_as_mapped_footprint_or_precinct_estimate,2227.653112219057,osm_polygon_area,7.708703894230281,False,True,True
81,Duomo di Crema,Crema,it,45.36316892,9.687249002,1284,1341,890.0,700–899,,,,True,True,1.0,True,False,False,False,False,1159.0,1159.0,1,1,0,0,1159,,,Romanesque architecture,wikidata_p149,,1284.0,1341.0,inizio costruzione,completamento,1300.0,,,False,1284.0,1341.0,earliest:risale al 1520 l'allestimento dell'altare della madonna della misericordia | earliest:risale al periodo a cavallo tra xiii e xiv secolo e pur essendo parte integrante della chiesa | earliest:risale al 1448 nel pieno delle contese tra guelfi e ghibellini  | earliest:risale al 1520 l'allestimento dell'altare della madonna della misericordia | earliest:risale al periodo a cavallo tra xiii e xiv secolo e pur essendo parte integrante della chiesa | earliest:risale al 1448 nel pieno delle contese tra guelfi e ghibellini ,500,1390,True,True,wikipedia_final_replaced,wikipedia_final_replaced,,missing,,missing,Romanesque architecture (c. 1000–1200),86.0,1053.139561320655,204729664.0,3.1033871047042014,15.968966128952959,1.0,high,Duomo di Crema,way,"{""amenity"": ""place_of_worship"", ""building"": ""church"", ""denomination"": ""catholic"", ""historic"": ""building"", ""name"": ""Duomo di Crema"", ""religion"": ""christian"", ""start_date"": ""1341"", ""tourism"": ""attraction"", ""wheelchair"": ""yes"", ""wikidata"": ""Q1131884"", ""wikipedia"": ""it:Duomo di Crema""}",osm_polygon_area_used_as_mapped_footprint_or_precinct_estimate,1053.139561320655,osm_polygon_area,6.95953104021846,False,True,True
82,Dom St. Stephanus und St. Sixtus,Halberstadt,de,51.89606919,11.04893633,1236,1491,255.0,1100–1299,2800.0,27.0,75600.0,True,False,1.0,False,False,False,False,True,965.0,965.0,0,0,0,0,965,"st stephen (850), st sixtus (850)",collapsed (965),Romanesque architecture,wikidata_p149,,,,,,,,,False,,,,1236,1491,False,False,original_kept,original_kept,91.5,original_kept,,original_kept,Romanesque architecture (c. 1000–1200),121.0,,,,,,,,,,,2800.0,original_surface_m2,7.937374696163295,True,False,True
83,Cattedrale di San Lorenzo,Tivoli,it,41.96565391,12.79710268,1000,1700,830.0,700–899,,,,True,True,,,,,,,,,0,0,0,0,,,,Baroque,wikidata_p149,,1000.0,1700.0,inizio costruzione,completamento,1800.0,1100.0,,True,1000.0,1700.0,earliest:risale alla prima metà del xix secolo  | current_start:ricostruita in forme romaniche a tre navate tra l' xi e il xii secolo ,470,1300,True,True,wikipedia_final_replaced,wikipedia_final_replaced,,missing,,missing,Baroque (c. 1600–1750),217.0,1545.8477036235854,208138204.0,12.712848322973919,15.87287151677026,1.0,high,Cattedrale di San Lorenzo,way,"{""amenity"": ""place_of_worship"", ""building"": ""church"", ""denomination"": ""catholic"", ""name"": ""Cattedrale di San Lorenzo"", ""religion"": ""christian"", ""tourism"": ""attraction"", ""wikidata"": ""Q920291"", ""wikimedia_commons"": ""Category:San Lorenzo (Tivoli)"", ""wikipedia"": ""it:Duomo di Tivoli""}",osm_polygon_area_used_as_mapped_footprint_or_precinct_estimate,1545.8477036235854,osm_polygon_area,7.34332771434901,False,True,True
84,Cattedrale di San Clemente,Velletri,it,41.68298558,12.77680841,400,1300,900.0,700–899,,,,True,True,,,,,,,,,0,0,0,0,,,,Renaissance,wikidata_p149,,400.0,,inizio costruzione,,,,,False,400.0,,,400,1300,False,False,original_kept,original_kept,,missing,,missing,Renaissance (c. 1400–1600),323.0,276.12305419519544,932787740.0,43.73205026951008,4.062679497304899,0.0,medium,,way,"{""building"": ""yes""}",osm_polygon_area_used_as_mapped_footprint_or_precinct_estimate,276.12305419519544,osm_polygon_area,5.620846614889541,False,True,True
85,Cattedrale di San Lorenzo,Amalfi,it,40.65351097,14.60820539,987,1900,275.0,900–1099,,,,True,True,,,,,,,,,0,0,0,0,,,,Romanesque architecture,wikidata_p149,,987.0,1900.0,inizio costruzione,completamento,,,,False,987.0,1900.0,,950,1225,True,True,wikipedia_final_replaced,wikipedia_final_replaced,,missing,,missing,Romanesque architecture (c. 1000–1200),390.0,1190.7849947852083,216723333.0,10.430085291847117,12.39569914708153,0.5,high,Duomo di San Lorenzo,way,"{""alt_name"": ""Chiesa di San Lorenzo"", ""amenity"": ""place_of_worship"", ""building"": ""church"", ""denomination"": ""catholic"", ""name"": ""Duomo di San Lorenzo"", ""old_name"": ""Cattedrale di San Lorenzo"", ""religion"": ""christian"", ""wikidata"": ""Q113482177""}",osm_polygon_area_used_as_mapped_footprint_or_precinct_estimate,1190.7849947852083,osm_polygon_area,7.082368028109263,False,True,True
86,Cattedrale di Santa Maria Assunta,Melfi,it,40.99679819,15.65857072,1076,1770,77.0,900–1099,,,,True,True,,,,,,,,,0,0,0,0,,,,Romanesque architecture,wikidata_p149,,1076.0,1770.0,inizio costruzione,completamento,1770.0,,,False,1076.0,1770.0,earliest:risale al 1770  | earliest:risale al 1770 ,1076,1153,False,True,original_kept,wikipedia_final_replaced,,missing,,missing,Romanesque architecture (c. 1000–1200),545.0,1368.7269013896585,217467945.0,5.2090453205852665,17.947909546794147,1.0,high,Cattedrale di Santa Maria Assunta,way,"{""amenity"": ""place_of_worship"", ""basilica"": ""minor"", ""building"": ""cathedral"", ""denomination"": ""catholic"", ""height"": ""20"", ""name"": ""Cattedrale di Santa Maria Assunta"", ""religion"": ""christian"", ""wheelchair"": ""yes"", ""wikidata"": ""Q2942711"", ""wikipedia"": ""it:Cattedrale di Santa Maria Assunta (Melfi)""}",osm_polygon_area_used_as_mapped_footprint_or_precinct_estimate,1368.7269013896585,osm_polygon_area,7.221636317725362,False,True,True
87,Cathédrale de Sion,Sion,ch,46.23401379,7.3592436,700,1520,820.0,700–899,,,,True,True,3.0,False,True,False,False,True,1010.0,1418.0,3,0,2,0,1010;1352;1418,mary (1010),"fire (1010), fire (1352), damaged (1418)",Romanesque architecture,wikidata_p149,brick,,,,,,,,False,,,,700,1520,False,False,original_kept,original_kept,,missing,,missing,Romanesque architecture (c. 1000–1200),525.0,1665.9173920825124,219963004.0,6.638753988111487,17.933612460118887,1.0,high,Cathédrale de Sion,way,"{""addr:full"": ""Rue de la Tour 13, 1950 Sion"", ""amenity"": ""place_of_worship"", ""building"": ""cathedral"", ""denomination"": ""roman_catholic"", ""image"": ""https://upload.wikimedia.org/wikipedia/commons/thumb/5/50/Kathedrale_Unserer_Lieben_Frau_Sitten_-_Notre-Dame_de_Sion.jpg/481px-Kathedrale_Unserer_Lieben_Frau_Sitten_-_Notre-Dame_de_Sion.jpg"", ""name"": ""Cathédrale de Sion"", ""name:en"": ""Sion Cathedral"", ""religion"": ""christian"", ""source"": ""Bing"", ""wikidata"": ""Q662821"", ""wikimedia_commons"": ""Category:Cathédrale Notre-Dame de Sion"", ""wikipedia:de"": ""Kathedrale Unserer Lieben Frau (Sitten)"", ""wikipedia:en"": ""Sion Cathedral"", ""wikipedia:fr"": ""Cathédrale Notre-Dame de Sion"", ""wikipedia:it"": ""Cattedrale di Sion"", ""wikipedia:zh"": ""圣母主教座堂 (锡永)""}",osm_polygon_area_used_as_mapped_footprint_or_precinct_estimate,1665.9173920825124,osm_polygon_area,7.418131236913106,False,True,True
88,Cattedrale dei Santi Erasmo e Marciano e di Santa Maria Assunta,Gaeta,it,41.20886192,13.58689047,1100,1950,556.0,700–899,,,,True,True,1.0,False,False,True,False,False,1213.0,1213.0,1,0,0,1,1213,,,Norman architecture,wikidata_p149,,1100.0,1950.0,inizio costruzione,completamento,1300.0,,1950.0,False,1100.0,1950.0,earliest:risale alla metà del xviii secolo ed è attribuibile all'artista napoletano ferdinando sanfelice o al suo collaboratore giuseppe astarita  | earliest:risale alla fine del xiv secolo -inizi del xv e si presenta in cattive condizioni di conservazione | current_end:completata nel 1950 con la realizzazione del rosone cieco marmoreo | current_end:completata nel 1689  | current_end:consacrata nel 1597 ,700,1256,True,True,wikipedia_final_replaced,wikipedia_final_replaced,,missing,,missing,Norman architecture (c. 1066–1200),9.0,1502.606667063199,220099304.0,15.66679636556139,15.843332036344385,1.0,high,Cattedrale dei Santi Erasmo e Marciano e di Santa Maria Assunta,way,"{""addr:city"": ""Gaeta"", ""addr:housenumber"": ""24"", ""addr:postcode"": ""04024"", ""addr:street"": ""Via Duomo"", ""amenity"": ""place_of_worship"", ""basilica"": ""minor"", ""building"": ""church"", ""denomination"": ""roman_catholic"", ""name"": ""Cattedrale dei Santi Erasmo e Marciano e di Santa Maria Assunta"", ""religion"": ""christian"", ""wikidata"": ""Q428463"", ""wikipedia"": ""it:Cattedrale dei Santi Erasmo e Marciano e di Santa Maria Assunta""}",osm_polygon_area_used_as_mapped_footprint_or_precinct_estimate,1502.606667063199,osm_polygon_area,7.314956656943185,False,True,True
89,St. Petri-Dom,Bremen,de,53.07548416,8.809108788,785,1102,317.0,700–899,,98.0,,True,True,,,,,,,,,0,0,0,0,,st peter (1041),no (N/A),"Romanesque architecture, Gothic architecture",wikidata_p149,dimension stone,,,,,,,,False,,,,785,1102,False,False,original_kept,original_kept,98.0,targeted_source_checked,,missing,"Romanesque architecture (c. 1000–1200), Gothic architecture (c. 1140–1600)",21.0,3447.386453492196,224608409.0,3.333989705740574,13.841660102942594,0.125,high,St. Petri-Dom,way,"{""addr:city"": ""Bremen"", ""addr:country"": ""DE"", ""addr:housenumber"": ""1"", ""addr:postcode"": ""28195"", ""addr:street"": ""Am Dom"", ""alt_name"": ""Bremer Dom;St.-Petri-Dom;Sankt-Petri-Dom"", ""amenity"": ""place_of_worship"", ""building"": ""cathedral"", ""building:architecture"": ""romanesque;gothic"", ""building:material"": ""stone"", ""contact:website"": ""http://www.stpetridom.de"", ""denomination"": ""lutheran"", ""footprint"": ""no"", ""height"": ""11"", ""historic"": ""church"", ""image"": ""https://photos.app.goo.gl/Fe35nGvsqUgfNksK6"", ""name"": ""St. Petri-Dom"", ""name:de"": ""St. Petri-Dom"", ""name:en"": ""Saint Peter's Cathedral"", ""name:es"": ""Catedral de San Pedro"", ""name:fi"": ""Bremenin tuomiokirkko"", ""name:fr"": ""Cathédrale St Pierre"", ""name:is"": ""Péturskirkjan"", ""name:it"": ""Cattedrale di San Pietro"", ""name:pl"": ""Katedra św. Piotra"", ""name:ru"": ""Бременский собор"", ""opening_hours"": ""Mo-Fr 10:00-17:00; Sa 10:00-14:00; Su 14:00-17:00; Jun-Sep: Mo-Fr 10:00-18:00; Jun-Sep: Su 14:00-18:00; Jan 05 off; Oct 10 off; Dec 24,Dec 25 off; Dec 31 off"", ""opening_hours:url"": ""http://www.stpetridom.de/index.php?id=33"", ""religion"": ""christian"", ""roof:colour"": ""brown"", ""service_times"": ""Mo-Sa 12:00; Su 10:00"", ""start_date"": ""1035"", ""tourism"": ""attraction"", ""wheelchair"": ""limited"", ""wheelchair:description"": ""Zugang zum Dom über Rampe am Seiteneingang rechts vom Haupteingang \""Domtreppen\"", nahe Bleikeller und Bibelgarten. Evtl. nicht immer offen, dann Dom-Personal nötig."", ""wikidata"": ""Q695038"", ""wikipedia"": ""de:Bremer Dom""}",osm_polygon_area_used_as_mapped_footprint_or_precinct_estimate,3447.386453492196,osm_polygon_area,8.145371673227219,False,True,True
90,The Cathedral Church of Christ and the Blessed Mary the Virgin of Worcester,Worcester,uk,52.18864387,-2.220864791,680,2008,674.0,700–899,,,,True,True,,,,,,,,,0,0,0,0,,"st peter (700), st paul (700), christ (1000)","no (N/A), mary (1000)","Norman architecture, Gothic architecture, English Gothic architecture",wikidata_p149,,1084.0,,years built,,680.0,,2008.0,False,680.0,2008.0,earliest:was founded in 680 | earliest:was founded in 680 | current_end:completed in 1374 | current_end:completed in the summer of 2008,700,1374,True,True,wikipedia_final_replaced,wikipedia_final_replaced,,missing,,missing,"Norman architecture (c. 1066–1200), Gothic architecture (c. 1140–1600), English Gothic architecture (c. 1180–1520)",25.0,3908.3911304951835,224967203.0,13.073352546359141,17.86926647453641,1.0,high,"Cathedral Church of Christ and the Blessed Mary, the Virgin of Worcester",way,"{""HE_ref"": ""1389728"", ""addr:city"": ""Worcester"", ""addr:postcode"": ""WR1 2LA"", ""addr:street"": ""College Yard"", ""alt_name"": ""Worcester Cathedral"", ""amenity"": ""place_of_worship"", ""building"": ""cathedral"", ""building:architecture"": ""norman;gothic"", ""denomination"": ""anglican"", ""diocese"": ""Diocese of Worcester"", ""heritage"": ""2"", ""heritage:operator"": ""Historic England"", ""heritage:website"": ""https://historicengland.org.uk/listing/the-list/list-entry/1389728"", ""listed_status"": ""Grade I"", ""name"": ""Cathedral Church of Christ and the Blessed Mary, the Virgin of Worcester"", ""ref:GB:nhle"": ""1389728"", ""religion"": ""christian"", ""toilets:wheelchair"": ""yes"", ""tourism"": ""attraction"", ""website"": ""https://www.worcestercathedral.co.uk/"", ""wheelchair"": ""yes"", ""wikidata"": ""Q1630367"", ""wikipedia"": ""en:Worcester Cathedral"", ""year_of_construction"": ""1084–1504""}",osm_polygon_area_used_as_mapped_footprint_or_precinct_estimate,3908.3911304951835,osm_polygon_area,8.270881092723426,False,True,True
91,Cattedrale San Giuseppe,Vasto,it,42.11188548,14.71011162,1200,2000,100.0,1100–1299,,,,True,True,,,,,,,,,0,0,0,0,,,,Gothic architecture,wikidata_p149,,1200.0,2000.0,inizio costruzione,completamento,1200.0,1700.0,,True,1200.0,2000.0,earliest:risale al xiii secolo  | earliest:risale al xiii secolo ed è la parte originale della vecchia chiesa | earliest:risale al xiii secolo  | earliest:risale al xiii secolo ed è la parte originale della vecchia chiesa | current_start:ricostruita nel xviii secolo ,1200,1300,False,True,original_kept,wikipedia_final_replaced,,missing,,missing,Gothic architecture (c. 1140–1600),151.0,589.740003652405,226990052.0,8.266922808866846,17.91733077191133,1.0,high,Cattedrale di San Giuseppe,way,"{""amenity"": ""place_of_worship"", ""building"": ""cathedral"", ""check_date"": ""2025-06-03"", ""denomination"": ""catholic"", ""name"": ""Cattedrale di San Giuseppe"", ""religion"": ""christian"", ""service_times"": ""Mo-Sa 18:00; PH 10:00, 11:30, 18:00 || Mo-Sa 19:00; PH 10:00, 11.30, 19:00 \""daylight saving time\"""", ""wikidata"": ""Q2942845"", ""wikipedia"": ""it:Duomo di Vasto""}",osm_polygon_area_used_as_mapped_footprint_or_precinct_estimate,589.740003652405,osm_polygon_area,6.379681767999839,False,True,True
92,Duomo di Arezzo,Arezzo,it,43.46705209,11.8834402,1200,1511,233.0,1100–1299,,,,True,True,,,,,,,,,0,0,0,0,,,,"Gothic architecture, Gothic art, Romanesque architecture",wikidata_p149,,,,,,1200.0,,,False,1200.0,,earliest:dates to the 13th century,1278,1511,True,False,wikipedia_final_replaced,original_kept,,missing,,missing,"Gothic architecture (c. 1140–1600), Gothic art (c. 1140–1600), Romanesque architecture (c. 1000–1200)",298.0,3225.2080897577107,22720153.0,8.380296773404787,12.666197032265952,0.25,high,Duomo di Arezzo,way,"{""addr:street"": ""Piazza del Duomo"", ""alt_name"": ""Cattedrale dei Santi Pietro e Donato"", ""amenity"": ""place_of_worship"", ""building"": ""cathedral"", ""check_date"": ""2024-05-20"", ""denomination"": ""catholic"", ""name"": ""Duomo di Arezzo"", ""religion"": ""christian"", ""source"": ""Bing aerial"", ""wheelchair"": ""yes"", ""wikidata"": ""Q2263308"", ""wikipedia"": ""it:Cattedrale dei Santi Pietro e Donato""}",osm_polygon_area_used_as_mapped_footprint_or_precinct_estimate,3225.2080897577107,osm_polygon_area,8.07875275110417,False,True,True
93,Dom zu Meißen,Meissen,de,51.16621207,13.47146001,970,1410,440.0,900–1099,,81.0,,True,True,,,,,,,,,0,0,0,0,,"st john baptist (970), st donatus (970)",no (N/A),Gothic architecture,wikidata_p149,,,,,,,,,False,,,,970,1410,False,False,original_kept,original_kept,81.0,wikidata_p2048_filled_missing,,missing,Gothic architecture (c. 1140–1600),131.0,1972.995572288899,22764552.0,3.6563350624016704,17.963436649375986,1.0,high,Dom zu Meißen,way,"{""addr:city"": ""Meißen"", ""addr:country"": ""DE"", ""addr:housenumber"": ""2"", ""addr:postcode"": ""01662"", ""addr:street"": ""Domplatz"", ""amenity"": ""place_of_worship"", ""building"": ""cathedral"", ""building:architecture"": ""gothic"", ""denomination"": ""protestant"", ""fee"": ""yes"", ""heritage"": ""yes"", ""image"": ""https://commons.wikimedia.org/wiki/File%3AMeissen_Dom_Westfassade.jpg"", ""name"": ""Dom zu Meißen"", ""religion"": ""christian"", ""seamark:landmark:category"": ""tower"", ""seamark:landmark:conspicuity"": ""conspicuous"", ""seamark:landmark:function"": ""church"", ""seamark:type"": ""landmark"", ""website"": ""https://www.dom-zu-meissen.de/"", ""wheelchair"": ""yes"", ""wikidata"": ""Q322853"", ""wikipedia"": ""de:Meißner Dom""}",osm_polygon_area_used_as_mapped_footprint_or_precinct_estimate,1972.995572288899,osm_polygon_area,7.5873082618685,False,True,True
94,Cattedrale di San Panfilo,Sulmona,it,42.05395989,13.9204292,1100,1800,420.0,700–899,,,,True,True,1.0,False,False,True,False,False,1456.0,1456.0,0,0,0,0,1456,,,Romanesque architecture,wikidata_p149,,1100.0,1800.0,inizio costruzione,completamento,,,,False,1100.0,1800.0,,700,1120,True,True,wikipedia_final_replaced,wikipedia_final_replaced,,missing,,missing,Romanesque architecture (c. 1000–1200),397.0,2859.925361480564,380226777.0,100.24480974720495,-1.5024480974720493,0.0,low,,way,"{""building"": ""yes"", ""height"": ""8 m""}",osm_polygon_area_used_as_mapped_footprint_or_precinct_estimate,,missing,,False,True,False
95,Cattedrale di Sancta Maria de Episcopio,"Benevento (Benevent, Bénévent)",it,41.13151604,14.77434375,600,2000,873.0,700–899,,,,True,True,1.0,False,False,True,False,False,1456.0,1456.0,1,0,0,1,1456,,,Romanesque architecture,wikidata_p149,,600.0,2000.0,inizio costruzione,completamento,1200.0,,,False,600.0,2000.0,earliest:risale alla fine del xiii secolo ,600,1473,False,True,original_kept,wikipedia_final_replaced,,missing,,missing,Romanesque architecture (c. 1000–1200),144.0,2686.728813106194,228398604.0,10.336432820466484,12.646635671795336,0.75,high,Cattedrale di Sancta Maria de Episcopio,way,"{""alt_name"": ""Duomo di Benevento"", ""amenity"": ""place_of_worship"", ""building"": ""yes"", ""check_date"": ""2024-11-24"", ""denomination"": ""catholic"", ""name"": ""Cattedrale di Sancta Maria de Episcopio"", ""religion"": ""christian"", ""wikidata"": ""Q2942604"", ""wikimedia_commons"": ""File:Benevento. Catedral. 01.JPG"", ""wikipedia"": ""it:Duomo di Benevento""}",osm_polygon_area_used_as_mapped_footprint_or_precinct_estimate,2686.728813106194,osm_polygon_area,7.896079677994141,False,True,True
96,Cattedrale San Giuliano,Caltagirone,it,37.2371811,14.51258165,1090,1282,192.0,900–1099,,,,True,True,,,,,,,,,0,0,0,0,,,,"Norman architecture, baroque architecture",wikidata_p149,,,1282.0,,completamento,,,,False,,1282.0,,1090,1282,False,False,original_kept,original_kept,,missing,,missing,"Norman architecture (c. 1066–1200), baroque architecture (c. 1600–1750)",546.0,1687.5779647147283,229049611.0,6.843254111731764,15.931567458882682,1.0,high,Cattedrale di San Giuliano,way,"{""amenity"": ""place_of_worship"", ""basilica"": ""minor"", ""building"": ""church"", ""denomination"": ""roman_catholic"", ""name"": ""Cattedrale di San Giuliano"", ""religion"": ""christian"", ""wikidata"": ""Q1388065"", ""wikipedia"": ""it:Cattedrale di San Giuliano (Caltagirone)""}",osm_polygon_area_used_as_mapped_footprint_or_precinct_estimate,1687.5779647147283,osm_polygon_area,7.4310496229918686,False,True,True
97,Cattedrale di Santa Maria Assunta,Pisa,it,43.72328668,10.39573267,1064,1092,120.0,900–1099,4057.0,,,True,True,,,,,,,,,0,0,0,0,,,,Romanesque architecture,wikidata_p149,stone,1064.0,1092.0,inizio costruzione,completamento,,,1118.0,False,1064.0,1092.0,current_end:consacrata nel 1118 dal papa gelasio ii ,1020,1140,True,True,wikipedia_final_replaced,wikipedia_final_replaced,,missing,4057.0,wikidata_p2046_filled_missing,Romanesque architecture (c. 1000–1200),8.0,,,,,,,,,,,4057.0,original_surface_m2,8.308199063206446,True,False,True
98,Magdeburger Dom,Magdeburg,de,52.12464594,11.63471199,1209,1520,311.0,1100–1299,4629.64038,32.0,148148.49216,True,True,1.0,False,True,False,False,False,1207.0,1207.0,0,0,0,0,1207,st maurice (937),fire (1207),Gothic architecture,wikidata_p149,"dimension stone, sandstone",,,,,,,,False,,,,1209,1520,False,False,original_kept,original_kept,104.0,original_kept,,original_kept,Gothic architecture (c. 1140–1600),61.0,,,,,,,,,,,4629.64038,original_surface_m2,8.440234472357414,True,False,True
99,Cattedrale di San Gerlando,Agrigento,it,37.31400549,13.57641155,1100,1700,173.0,900–1099,,,,True,False,1.0,False,False,False,False,True,1198.0,1198.0,1,0,0,0,1198,,,"Chiaramonte style, Norman-Arab-Byzantine culture, Renaissance architecture, Sicilian Baroque",wikidata_p149,,1100.0,1700.0,inizio costruzione,completamento,1591.0,,,False,1100.0,1700.0,earliest:fondata nel 1591 ,1087,1260,True,True,wikipedia_final_replaced,wikipedia_final_replaced,,missing,,missing,"Chiaramonte style, Norman-Arab-Byzantine culture (c. 330–1453), Renaissance architecture (c. 1400–1600), Sicilian Baroque (c. 1600–1750)",325.0,3151.354961305973,1203086355.0,3.200292474762522,17.967997075252377,1.0,high,Cattedrale di San Gerlando,way,"{""amenity"": ""place_of_worship"", ""basilica"": ""minor"", ""building"": ""cathedral"", ""denomination"": ""catholic"", ""name"": ""Cattedrale di San Gerlando"", ""opening_hours"": ""Mo-Su 10:00-18:45"", ""religion"": ""christian"", ""tourism"": ""attraction"", ""wikidata"": ""Q2942535"", ""wikipedia"": ""it:Cattedrale di San Gerlando""}",osm_polygon_area_used_as_mapped_footprint_or_precinct_estimate,3151.354961305973,osm_polygon_area,8.055587785779558,False,True,True
100,Cattedrale dei Santi Mariano e Giacomo,Gubbio,it,43.35367967,12.58008728,1194,1350,640.0,700–899,,,,True,True,,,,,,,,,0,0,0,0,,,,"Gothic architecture, Italian Gothic architecture",wikidata_p149,,1194.0,1350.0,inizio costruzione,completamento,,,,False,1194.0,1350.0,,700,1340,True,True,wikipedia_final_replaced,wikipedia_final_replaced,,missing,,missing,"Gothic architecture (c. 1140–1600), Italian Gothic architecture (c. 1140–1600)",549.0,1586.7597758211195,237751169.0,6.587050642202044,19.934129493577977,1.0,high,Cattedrale dei Santi Mariano e Giacomo,way,"{""amenity"": ""place_of_worship"", ""building"": ""cathedral"", ""denomination"": ""catholic"", ""historic"": ""church"", ""loc_name"": ""Duomo"", ""name"": ""Cattedrale dei Santi Mariano e Giacomo"", ""religion"": ""christian"", ""tourism"": ""attraction"", ""website"": ""https://www.umbriatourism.it/it/-/cattedrale-dei-santi-mariano-e-giacomo-gubbio"", ""wikidata"": ""Q594678"", ""wikimedia_commons"": ""Category:Duomo (Gubbio)"", ""wikipedia"": ""it:Duomo di Gubbio""}",osm_polygon_area_used_as_mapped_footprint_or_precinct_estimate,1586.7597758211195,osm_polygon_area,7.369449339075822,False,True,True
101,Basilica Cattedrale di Santa Maria Assunta e San Berardo,Teramo,it,42.65861938,13.70335049,1158,1493,177.0,1100–1299,,,,True,True,,,,,,,,,0,0,0,0,,,,Romanesque architecture,wikidata_p149,,1158.0,1493.0,inizio costruzione,completamento,1734.0,,1176.0,False,1158.0,1493.0,earliest:risale al ad un restauro del 1734  | earliest:risale al ad un restauro del 1734  | current_end:consacrata nel 1176 ,1158,1335,False,True,original_kept,wikipedia_final_replaced,,missing,,missing,Romanesque architecture (c. 1000–1200),277.0,2156.8843267108314,241473411.0,3.4168615358587475,12.715831384641412,0.75,high,Basilica Cattedrale di Santa Maria Assunta e San Berardo,way,"{""alt_name"": ""Duomo di Teramo"", ""amenity"": ""place_of_worship"", ""basilica"": ""minor"", ""building"": ""yes"", ""check_date"": ""2025-05-24"", ""denomination"": ""catholic"", ""importance"": ""national"", ""name"": ""Basilica Cattedrale di Santa Maria Assunta e San Berardo"", ""religion"": ""christian"", ""start_date"": ""1493"", ""tourism"": ""attraction"", ""wikidata"": ""Q2278808"", ""wikipedia"": ""it:Duomo di Teramo""}",osm_polygon_area_used_as_mapped_footprint_or_precinct_estimate,2156.8843267108314,osm_polygon_area,7.676420018020644,False,True,True
102,Duomo di Treviso,Treviso,it,45.66636078,12.24309244,500,1900,700.0,700–899,,,,True,True,,,,,,,,,0,0,0,0,,,,Neoclassical architecture,wikidata_p149,,500.0,1900.0,inizio costruzione,completamento,1500.0,,1836.0,False,500.0,1900.0,earliest:risale al 1836  | earliest:risale al 1520 e fu commissionata da broccardo malchiostro  | earliest:risale al 1836  | earliest:risale al 1520 e fu commissionata da broccardo malchiostro  | earliest:risale alla metà del xvi secolo  | current_end:completata nel 1836 da francesco bomben e dall'ingegnere comunale gaspare petrovich,500,1200,False,True,original_kept,wikipedia_final_replaced,,missing,,missing,Neoclassical architecture (c. 1750–1850),16.0,2414.0630213816767,242711512.0,17.424728143557424,9.992419385231091,0.16666666666666666,high,Duomo di Treviso,way,"{""alt_name"": ""Cattedrale di San Pietro Apostolo,"", ""amenity"": ""place_of_worship"", ""building"": ""church"", ""denomination"": ""catholic"", ""name"": ""Duomo di Treviso"", ""name:de"": ""Dom von Treviso"", ""name:es"": ""Catedral de San Pedro de Treviso"", ""name:fr"": ""Cathédrale de Trévise"", ""name:pt"": ""Catedral de Treviso"", ""name:ru"": ""Кафедральный собор Тревизо"", ""religion"": ""christian"", ""wikidata"": ""Q51149"", ""wikipedia"": ""it:Duomo di Treviso""}",osm_polygon_area_used_as_mapped_footprint_or_precinct_estimate,2414.0630213816767,osm_polygon_area,7.789066507937118,False,True,True
103,Dom,"Luebeck (Lübeck), see also Old-Luebeck",de,53.86089854,10.68572755,1173,1400,227.0,1100–1299,,115.0,,True,True,,,,,,,,,0,0,0,0,,"st john baptist (1173), st blasius (1173), mary (1173)",no (N/A),Brick Romanesque Style,wikidata_p149,brick,,,,,,,,False,,,,1173,1400,False,False,original_kept,original_kept,115.0,wikidata_p2048_filled_missing,,missing,Brick Romanesque Style (c. 1000–1200),13.0,4955.203619246095,24276160.0,3.5374122549916205,10.964625877450084,0.0,high,Dom,way,"{""addr:city"": ""Lübeck"", ""addr:country"": ""DE"", ""addr:housenumber"": ""1"", ""addr:postcode"": ""23552"", ""addr:street"": ""Domkirchhof"", ""amenity"": ""place_of_worship"", ""building"": ""cathedral"", ""building:architecture"": ""romanesque;gothic"", ""building:material"": ""brick"", ""denomination"": ""protestant"", ""heritage"": ""4"", ""heritage:operator"": ""hl"", ""name"": ""Dom"", ""name:da"": ""Domkirke"", ""name:de"": ""Dom"", ""name:en"": ""Cathedral"", ""name:fi"": ""Lyypekin tuomiokirkko"", ""name:fr"": ""Cathédrale"", ""name:pl"": ""Katedra"", ""name:ru"": ""Любекский собор"", ""opening_hours"": ""Apr-Sep: Mo-Sa 10:00-18:00, Su 11:30-18:00; Oct-Mar: 10:00-16:00"", ""ref:hl"": ""201"", ""religion"": ""christian"", ""start_date"": ""1230"", ""toilets:wheelchair"": ""no"", ""website"": ""http://www.domzuluebeck.de/"", ""wheelchair"": ""limited"", ""wikidata"": ""Q3916007"", ""wikimedia_commons"": ""Category:Lübeck Cathedral"", ""wikipedia"": ""de:Lübecker Dom""}",osm_polygon_area_used_as_mapped_footprint_or_precinct_estimate,4955.203619246095,osm_polygon_area,8.508193539612217,False,True,True
104,Lincoln Cathedral,Lincoln,uk,53.23440945,-0.536172646502425,1072,1092,138.0,1100–1299,6000.0,25.0,150000.0,True,True,2.0,False,True,True,False,False,1124.0,1185.0,0,0,0,0,1124;1185,mary (1072),"roof in fire (1124), earthquake (1185)",English Gothic architecture,wikidata_p149,,1072.0,1092.0,groundbreaking,consecrated,,,2005.0,False,1072.0,1092.0,current_end:completed in 1092 | current_end:completed in 1235 | current_end:completed by the end of august 2005,1192,1330,True,True,wikipedia_final_replaced,wikipedia_final_replaced,83.0,original_kept,,original_kept,English Gothic architecture (c. 1180–1520),78.0,,,,,,,,,,,6000.0,original_surface_m2,8.699514748210191,True,False,True
105,Duomo - Cattedrale di Santa Croce,Forli,it,44.22371996,12.0382533,1800,1841,550.0,1100–1299,,,,True,True,,,,,,,,,0,0,0,0,,,,Romanesque architecture,wikidata_p149,,1800.0,1841.0,inizio costruzione,completamento,1865.0,,,False,1800.0,1841.0,earliest:risale al 1865 | earliest:risale al 1865,1100,1650,True,True,wikipedia_final_replaced,wikipedia_final_replaced,,missing,,missing,Romanesque architecture (c. 1000–1200),35.0,241.61931801214814,185449427.0,34.00400290784742,4.159959970921526,0.0,high,,way,"{""building"": ""yes"", ""source"": ""Regione Emilia Romagna""}",osm_polygon_area_used_as_mapped_footprint_or_precinct_estimate,241.61931801214814,osm_polygon_area,5.48736342152369,False,True,True
106,Dom St. Stephan,Passau,de,48.57422224,13.46542622,720,1598,878.0,700–899,,,,True,True,1.0,True,False,False,False,False,978.0,978.0,1,1,0,0,978,st stephen (720),war 978 (N/A),,missing,,,,,,,,,False,,,,720,1598,False,False,original_kept,original_kept,,missing,,missing,,315.0,3806.6457819917705,24771505.0,10.706224108666651,16.392937758913334,0.5,high,Dom St. Stephan,way,"{""addr:city"": ""Passau"", ""addr:country"": ""DE"", ""addr:housenumber"": ""1"", ""addr:place"": ""Domplatz"", ""addr:postcode"": ""94032"", ""amenity"": ""place_of_worship"", ""architect"": ""Hans Krumenauer, Carlo Lurago, Giovanni Pietro della Torre"", ""architect:wikidata"": ""Q1580879;Q1042267;Q1526326"", ""building"": ""cathedral"", ""building:architecture"": ""baroque"", ""building:architecture:typology"": ""gothic, baroque"", ""denomination"": ""roman_catholic"", ""diocese"": ""Bistum Passau"", ""heritage"": ""4"", ""heritage:operator"": ""BLfD"", ""historic"": ""cathedral"", ""name"": ""Dom St. Stephan"", ""name:en"": ""St. Stephen's Cathedral"", ""name:ru"": ""Кафедральный собор Святого Стефана"", ""parish"": ""Katholische Dompfarrei St. Stephan"", ""ref:BLfD"": ""D-2-62-000-64"", ""religion"": ""christian"", ""toilets:wheelchair"": ""yes"", ""tourism"": ""attraction"", ""website"": ""https://www.bistum-passau.de/dom-kultur/dom-st-stephan-passau"", ""wheelchair"": ""yes"", ""wikidata"": ""Q267182"", ""wikipedia"": ""de:Dom St. Stephan"", ""year_of_construction"": ""1221–1662""}",osm_polygon_area_used_as_mapped_footprint_or_precinct_estimate,3806.6457819917705,osm_polygon_area,8.244503708184924,False,True,True
107,Basilica di San Lorenzo,Firenze,it,43.77487741,11.25403059,1059,1461,1140.0,700–899,,,,True,True,,,,,,,,,0,0,0,0,,,,Renaissance architecture,wikidata_p149,,1059.0,1461.0,inizio costruzione,completamento,1860.0,,,False,1059.0,1461.0,earliest:risale alla sistemazione che ne fece gaetano baccani nel 1860 dopo la parziale demolizione settecentesca,350,1490,True,True,wikipedia_final_replaced,wikipedia_final_replaced,,missing,,missing,Renaissance architecture (c. 1400–1600),63.0,3564.452265045169,599900778.0,11.351643117530845,15.88648356882469,1.0,high,Basilica di San Lorenzo,way,"{""amenity"": ""place_of_worship"", ""basilica"": ""minor"", ""building"": ""church"", ""name"": ""Basilica di San Lorenzo"", ""name:hr"": ""Bazilika svetog Lovre"", ""name:it"": ""Basilica di San Lorenzo"", ""name:ja"": ""サン・ロレンツォ聖堂"", ""name:ko"": ""산 로렌초 성당"", ""name:ru"": ""Базилика Сан-Лоренцо"", ""name:tr"": ""San Lorenzo Bazilikası"", ""name:zh"": ""聖羅倫佐大教堂"", ""opening_hours"": ""Mo-Sa 10:00-17:00"", ""religion"": ""christian"", ""tourism"": ""attraction"", ""wheelchair"": ""yes"", ""wikidata"": ""Q573881"", ""wikipedia"": ""it:Basilica di San Lorenzo (Firenze)""}",osm_polygon_area_used_as_mapped_footprint_or_precinct_estimate,3564.452265045169,osm_polygon_area,8.178765678700632,False,True,True
108,Cathédrale Saint-Julien,Le Mans,fr,48.00923064,0.198739359727441,1139,1423,284.0,1100–1299,5118.50101,33.0,168910.53333,True,True,1.0,False,True,False,False,False,1134.0,1134.0,0,0,0,0,1134,st julian (700),fire (1134),Romanesque architecture,wikidata_p149,,,,,,,,,False,,,,1139,1423,False,False,original_kept,original_kept,,original_kept,,original_kept,Romanesque architecture (c. 1000–1200),84.0,,,,,,,,,,,5118.50101,original_surface_m2,8.54061690368324,True,False,True
109,Duomo,Ravenna,it,44.41535017,12.19701801,350,1745,5.0,700–899,,35.17,,True,True,,,,,,,,,0,0,0,0,,,,baroque architecture,wikidata_p149,,1734.0,1745.0,inizio costruzione,completamento,350.0,,,False,350.0,1745.0,earliest:risale al 1701 ed è sormontato da un crocifisso ligneo policromo | earliest:risale al 1701 ed è sormontato da un crocifisso ligneo policromo | earliest:fondata nel 350 circa) e della basilica c di nicopoli ,402,407,True,True,wikipedia_final_replaced,wikipedia_final_replaced,35.17,wikidata_p2048_filled_missing,,missing,baroque architecture (c. 1600–1750),4.0,3999.891264399572,253313954.0,10.457672948992647,10.895423270510074,0.0,high,Duomo di Ravenna,way,"{""alt_name"": ""Basilica Ursiana"", ""amenity"": ""place_of_worship"", ""basilica"": ""minor"", ""building"": ""church"", ""denomination"": ""catholic"", ""height"": ""13"", ""historic"": ""church"", ""name"": ""Duomo di Ravenna"", ""official_name"": ""Cattedrale metropolitana della Risurrezione di Nostro Signore Gesù Cristo"", ""religion"": ""christian"", ""tourism"": ""attraction"", ""wheelchair"": ""yes"", ""wikidata"": ""Q2942769"", ""wikipedia"": ""it:Duomo di Ravenna""}",osm_polygon_area_used_as_mapped_footprint_or_precinct_estimate,3999.891264399572,osm_polygon_area,8.294022455832431,False,True,True
110,Concattedrale dell'Immacolata Concezione,Bosa,it,40.29509398,8.503984774,1700,1809,400.0,1100–1299,,,,True,True,,,,,,,,,0,0,0,0,,,,baroque architecture,wikidata_p149,,,,,,1700.0,,1809.0,False,1700.0,1809.0,earliest:risale alla seconda metà del 1700 | current_end:consacrata nel luglio 1809 ,1100,1500,True,True,wikipedia_final_replaced,wikipedia_final_replaced,,missing,,missing,baroque architecture (c. 1600–1750),6.0,1528.6670657464128,254810647.0,13.692525419019535,15.863074745809804,1.0,high,Concattedrale dell'Immacolata Concezione,way,"{""amenity"": ""place_of_worship"", ""building"": ""church"", ""check_date"": ""2024-10-02"", ""denomination"": ""roman_catholic"", ""diocese"": ""Alghero-Bosa"", ""name"": ""Concattedrale dell'Immacolata Concezione"", ""parish"": ""Bosa Maria Immacolata"", ""religion"": ""christian"", ""wikidata"": ""Q2942594"", ""wikipedia"": ""it:Concattedrale dell'Immacolata Concezione""}",osm_polygon_area_used_as_mapped_footprint_or_precinct_estimate,1528.6670657464128,osm_polygon_area,7.332151435813648,False,True,True
111,Schweriner Dom St. Maria und St. Johannes,Schwerin,de,53.62969693,11.41455673,1171,1246,75.0,1100–1299,3200.0,27.0,86400.0,True,True,,,,,,,,,0,0,0,0,,"mary (1171), st john baptist (1171)",no (N/A),Brick Gothic,wikidata_p149,brick,,,,,,,,False,,,,1171,1246,False,False,original_kept,original_kept,117.5,original_kept,,original_kept,Brick Gothic (c. 1140–1600),47.0,,,,,,,,,,,3200.0,original_surface_m2,8.070906088787819,True,False,True
112,Dom,Paderborn,de,51.7189637,8.755867056,800,1250,450.0,700–899,,93.0,,True,True,2.0,False,True,False,False,False,1000.0,1133.0,2,0,2,0,1000;1133,"mary (800), st kilian (800), st ulrich (1000)","fire (1000), fire (1133)",Romanesque architecture,wikidata_p149,,,,,,,,,False,,,,800,1250,False,False,original_kept,original_kept,93.0,targeted_source_checked,,missing,Romanesque architecture (c. 1000–1200),115.0,3907.9038453332323,255378538.0,2.701709954522131,12.97298290045478,0.0,high,"Hoher Dom St. Maria, St. Liborius & St. Kilian",way,"{""addr:city"": ""Paderborn"", ""addr:country"": ""DE"", ""addr:housenumber"": ""1"", ""addr:postcode"": ""33098"", ""addr:street"": ""Domplatz"", ""amenity"": ""place_of_worship"", ""building"": ""cathedral"", ""building:architecture"": ""romanesque;gothic"", ""building:colour"": ""#D6C59A"", ""building:material"": ""stone"", ""check_date"": ""2026-04-29"", ""contact:facebook"": ""DomPaderborn"", ""contact:instagram"": ""dompaderborn.official"", ""denomination"": ""roman_catholic"", ""diocese"": ""Erzbistum Paderborn"", ""email"": ""metropolitankapitel@erzbistum-paderborn.de"", ""height"": ""40"", ""heritage"": ""8"", ""heritage:operator"": ""UntereDenkmalbehörde"", ""heritage:ref"": ""3"", ""heritage:since"": ""1983-12-01"", ""historic"": ""cathedral"", ""name"": ""Hoher Dom St. Maria, St. Liborius & St. Kilian"", ""phone"": ""+49 5251 1251349"", ""religion"": ""christian"", ""roof:colour"": ""#7EA799"", ""surveillance"": ""indoor"", ""toilets:wheelchair"": ""no"", ""website"": ""https://www.dom-paderborn.de/"", ""wheelchair"": ""limited"", ""wikidata"": ""Q383958"", ""wikipedia"": ""de:Paderborner Dom""}",osm_polygon_area_used_as_mapped_footprint_or_precinct_estimate,3907.9038453332323,osm_polygon_area,8.27075640828813,False,True,True
113,Cathédrale Notre-Dame de Lausanne,Lausanne,ch,46.52257834,6.635352703,600,1268,668.0,700–899,,79.6,,True,True,,,,,,,,,0,0,0,0,,mary (1275),no (N/A),Gothic architecture,wikidata_p149,,,,,,,,,False,,,,600,1268,False,False,original_kept,original_kept,79.6,wikidata_p2048_filled_missing,,missing,Gothic architecture (c. 1140–1600),510.0,2820.6482151958626,25718547.0,10.79922536357943,17.892007746364207,1.0,high,Cathédrale Notre-Dame de Lausanne,way,"{""alt_name"": ""La Cathédrale"", ""amenity"": ""place_of_worship"", ""building"": ""cathedral"", ""check_date"": ""2026-01-15"", ""denomination"": ""protestant"", ""name"": ""Cathédrale Notre-Dame de Lausanne"", ""name:ko"": ""로잔 노트르담 대성당"", ""religion"": ""christian"", ""source"": ""local knowledge"", ""wikidata"": ""Q669544"", ""wikimedia_commons"": ""Category:Cathédrale de Lausanne"", ""wikipedia"": ""fr:Cathédrale de Lausanne""}",osm_polygon_area_used_as_mapped_footprint_or_precinct_estimate,2820.6482151958626,osm_polygon_area,7.944722001062215,False,True,True
114,Cathédrale Sainte-Cécile d'Albi,Albi,fr,43.92847901,2.142615086,850,1397,547.0,700–899,,78.0,,True,True,,,,,,,,,0,0,0,0,,st cecilia (850),no (N/A),"Brick Gothic, Gothic architecture",wikidata_p149,brick,,,,,,,,False,,,,850,1397,False,False,original_kept,original_kept,78.0,targeted_source_checked,,missing,"Brick Gothic (c. 1140–1600), Gothic architecture (c. 1140–1600)",179.0,4322.34509897024,260816263.0,21.417495288166357,15.452491713785003,0.6666666666666666,high,Cathédrale Sainte-Cécile d'Albi,way,"{""amenity"": ""place_of_worship"", ""basilica"": ""minor"", ""building"": ""cathedral"", ""building:architecture"": ""gothic"", ""building:part"": ""no"", ""check_date"": ""2025-03-15"", ""denomination"": ""catholic"", ""height"": ""78"", ""heritage"": ""1"", ""heritage:operator"": ""whc;mhs"", ""mhs:inscription_date"": ""1862"", ""name"": ""Cathédrale Sainte-Cécile d'Albi"", ""name:de"": ""Kathedrale von Albi"", ""name:en"": ""Albi Cathedral"", ""name:th"": ""อาสนวิหารนักบุญเซซีลีอาแห่งอาลบี"", ""ref:mhs"": ""PA00095453"", ""ref:whc"": ""1337"", ""religion"": ""christian"", ""source"": ""extraction vectorielle v1 cadastre-dgi-fr source : Direction Générale des Impôts - Cadas. Mise à jour : 2010"", ""source:heritage"": ""Ministère de la Culture - 06/2019"", ""tourism"": ""attraction"", ""wheelchair"": ""yes"", ""wikidata"": ""Q94744"", ""wikimedia_commons"": ""Category:Cathédrale_Sainte-Cécile_d'Albi"", ""wikipedia"": ""fr:Cathédrale Sainte-Cécile d'Albi""}",osm_polygon_area_used_as_mapped_footprint_or_precinct_estimate,4322.34509897024,osm_polygon_area,8.371553380933884,False,True,True
115,Kiliansdom,Wuerzburg(Würzburg),de,49.79340745,9.932402137,750,1075,325.0,700–899,,,,True,True,2.0,False,True,False,False,False,854.0,1039.0,2,0,2,0,854;1039,"christ (750), st kilian (855), st andreas (1040)","fire (854), fire (1039)",Romanesque architecture,wikidata_p149,brick,,,,,,,,False,,,,750,1075,False,False,original_kept,original_kept,,missing,,missing,Romanesque architecture (c. 1000–1200),181.0,3994.24703557248,26150815.0,2.077596097376148,12.379224039026239,0.2,high,Dom St. Kilian,way,"{""BLfD:criteria"": ""Baudenkmal"", ""addr:city"": ""Würzburg"", ""addr:country"": ""DE"", ""addr:housenumber"": ""42"", ""addr:postcode"": ""97070"", ""addr:street"": ""Domstraße"", ""amenity"": ""place_of_worship"", ""building"": ""cathedral"", ""building:architecture"": ""romanesque"", ""building:colour"": ""antiquewhite"", ""building:material"": ""plaster"", ""check_date"": ""2025-08-17"", ""contact:phone"": ""+49 931 386 62800"", ""contact:website"": ""https://www.dom-wuerzburg.de/"", ""denomination"": ""roman_catholic"", ""description"": ""Unter dem Dom ist die Krypta. In der zweiten Bauphase von 855 bis 892 entstanden unter Bischof Arno der Chor mit der darunter liegenden Krypta, die als Besonderheit einen Ziehbrunnen enthält."", ""height"": ""30"", ""heritage"": ""4"", ""heritage:operator"": ""BLfD"", ""loc_name"": ""Würzburger Dom"", ""name"": ""Dom St. Kilian"", ""name:de"": ""Dom St. Kilian"", ""name:en"": ""Würzburg Cathedral"", ""name:etymology:wikidata"": ""Q181738"", ""name:etymology:wikipedia"": ""de:Kilian (Heiliger)"", ""name:fr"": ""cathédrale Saint-Kilian de Wurtzbourg"", ""official_name"": ""St.-Kilians-Dom zu Würzburg"", ""opening_hours"": ""Mo-Sa 8:30-18:30; Su 09:30-19:30"", ""ref:BLfD"": ""D-6-63-000-104"", ""religion"": ""christian"", ""roof:colour"": ""#434E4E"", ""roof:height"": ""10"", ""roof:material"": ""slate"", ""roof:orientation"": ""along"", ""roof:shape"": ""gabled"", ""seamark:landmark:category"": ""tower"", ""seamark:landmark:conspicuity"": ""conspicuous"", ""seamark:landmark:function"": ""church"", ""seamark:type"": ""landmark"", ""service_times"": ""Mo-Sa 10:00-18:00; Su 13:00-17:30"", ""short_name"": ""Kiliansdom"", ""source"": ""WSV;Bistum Würzburg"", ""toilets:wheelchair"": ""yes"", ""website"": ""https://wuerzburgwiki.de/wiki/Dom_St._Kilian"", ""wheelchair"": ""yes"", ""wheelchair:description"": ""Rollstuhlgerechter Seiteneingang links Mitte Langhaus, Rampe 6,5 %, automatischer Türöffner, Türbreite 101cm, Schiebetür B 86 cm, Schwelle 0 cm, Rollstuhlgerechtes WC, Induktive Höranlage auf allen Plätzen, Haupteingang 8 Stufen a 16 cm, Beh. Parkplatz,"", ""wikidata"": ""Q252166"", ""wikipedia"": ""de:Würzburger Dom""}",osm_polygon_area_used_as_mapped_footprint_or_precinct_estimate,3994.24703557248,osm_polygon_area,8.292610363733651,False,True,True
116,Dom zu Speyer,Speyer,de,49.31722054,8.442451828,1030,1106,76.0,900–1099,6017.28005,33.0,198570.24165,True,True,,,,,,,,,0,0,0,0,,"mary (1030), st stephen (1030)",no (N/A),Romanesque architecture,wikidata_p149,,,,,,,,,False,,,,1030,1106,False,False,original_kept,original_kept,,original_kept,,original_kept,Romanesque architecture (c. 1000–1200),107.0,,,,,,,,,,,6017.28005,original_surface_m2,8.702390617265058,True,False,True
117,Cathédrale de la Major,Marseille,fr,43.29981417,5.364907138,700,1200,500.0,700–899,,,,True,True,,,,,,,,,0,0,0,0,,mary (700),no (N/A),"Byzantine Revival architecture, Islamic architecture, Renaissance Revival architecture, Romanesque Revival architecture",wikidata_p149,,,,,,,,,False,,,,700,1200,False,False,original_kept,original_kept,,missing,,missing,"Byzantine Revival architecture (c. 330–1453), Islamic architecture, Renaissance Revival architecture (c. 1400–1600), Romanesque Revival architecture (c. 1000–1200)",23.0,868.6707541297656,67717072.0,50.82754120273528,10.82505792130598,0.3333333333333333,high,Église de la Vieille Major,way,"{""building"": ""church"", ""heritage"": ""2"", ""heritage:operator"": ""mhs"", ""historic"": ""church"", ""mhs:inscription_date"": ""1840"", ""name"": ""Église de la Vieille Major"", ""name:oc"": ""Glèisa de la Major Vièlha"", ""ref:mhs"": ""PA00081336"", ""religion"": ""christian"", ""source"": ""cadastre-dgi-fr source : Direction Générale des Impôts - Cadastre. Mise à jour : 2010"", ""source:heritage"": ""ata.gouv.fr:Ministère de la Culture - 04/2015"", ""source:name:oc"": ""ieo-bdtopoc"", ""wikidata"": ""Q3585889"", ""wikipedia"": ""fr:Église de la vieille Major""}",osm_polygon_area_used_as_mapped_footprint_or_precinct_estimate,868.6707541297656,osm_polygon_area,6.766964174450467,False,True,True
118,Basilique Saint-Nazaire,Carcassonne,fr,43.2052531,2.362885391,700,1329,629.0,700–899,,,,True,True,,,,,,,,,0,0,0,0,,st nazaire (700),no (N/A),Gothic architecture,wikidata_p149,,,,,,,,,False,,,,700,1329,False,False,original_kept,original_kept,,missing,,missing,Gothic architecture (c. 1140–1600),151.0,1760.224249019484,26769986.0,6.735631778072748,15.932643682219272,1.0,high,Basilique Saint-Nazaire,way,"{""amenity"": ""place_of_worship"", ""basilica"": ""minor"", ""building"": ""church"", ""check_date"": ""2025-12-21"", ""denomination"": ""catholic"", ""fee"": ""no"", ""heritage"": ""2"", ""heritage:operator"": ""mhs"", ""internet_access"": ""no"", ""mhs:inscription_date"": ""1840"", ""name"": ""Basilique Saint-Nazaire"", ""opening_hours"": ""Mo-Sa 09:00-11:45, 13:45-18:00; Su 09:00-10:45,14:00-18:00"", ""payment:cash"": ""yes"", ""payment:credit_cards"": ""yes"", ""payment:debit_cards"": ""yes"", ""ref:FR:CEF"": ""11069_02"", ""ref:mhs"": ""PA00102592"", ""religion"": ""christian"", ""source"": ""cadastre-dgi-fr source : Direction Générale des Impôts - Cadastre. Mise à jour : 2009"", ""source:heritage"": ""data.gouv.fr:Ministère de la Culture - 04/2015"", ""start_date"": ""1120"", ""tourism"": ""attraction"", ""wheelchair"": ""no"", ""wikidata"": ""Q1841842"", ""wikipedia"": ""fr:Église Saint-Nazaire de Carcassonne""}",osm_polygon_area_used_as_mapped_footprint_or_precinct_estimate,1760.224249019484,osm_polygon_area,7.473196494131312,False,True,True
119,Dom Sankt Peter,Osnabrueck (Osnabrück),de,52.27741082,8.044916761,770,1500,730.0,700–899,,,,True,True,2.0,True,True,False,False,False,880.0,1254.0,2,1,1,0,880;1254,st peter (800),"damaged by vikings (880), partly damaged by fire (1254)",Romanesque architecture,wikidata_p149,sandstone,,,,,,,,False,,,,770,1500,False,False,original_kept,original_kept,,missing,,missing,Romanesque architecture (c. 1000–1200),69.0,2922.004233597887,26844628.0,21.895062245132873,17.78104937754867,1.0,high,Dom St. Peter,way,"{""addr:city"": ""Osnabrück"", ""addr:country"": ""DE"", ""addr:place"": ""Domhof"", ""addr:postcode"": ""49074"", ""addr:street"": ""Domplatz"", ""amenity"": ""place_of_worship"", ""building"": ""cathedral"", ""building:architecture"": ""romanesque;gothic"", ""building:material"": ""stone"", ""check_date"": ""2026-05-19"", ""check_date:opening_hours"": ""2026-05-19"", ""denomination"": ""roman_catholic"", ""diocese"": ""Bistum Osnabrück"", ""email"": ""dom@bistum-os.de"", ""heritage"": ""4"", ""heritage:operator"": ""nld"", ""heritage:website"": ""https://denkmalatlas.niedersachsen.de/viewer/metadata/43790278/1/-/"", ""historic"": ""yes"", ""name"": ""Dom St. Peter"", ""opening_hours"": ""Mo-Fr 07:00-19:00; Sa 07:30-20:00"", ""phone"": ""+49 541 318490"", ""ref:nld"": ""43790278"", ""religion"": ""christian"", ""toilets:wheelchair"": ""yes"", ""website"": ""https://dom-osnabrueck.de/"", ""wheelchair"": ""yes"", ""wikidata"": ""Q471633"", ""wikipedia"": ""de:Dom St. Peter (Osnabrück)""}",osm_polygon_area_used_as_mapped_footprint_or_precinct_estimate,2922.004233597887,osm_polygon_area,7.980025041179508,False,True,True
120,Cathédrale Saint-Dié,St Die (Saint-Dié-des-Vosges),fr,48.28903153,6.950773793,700,1800,1100.0,700–899,,,,True,True,,,,,,,,,0,0,0,0,,st die (700),no (N/A),Romanesque architecture,wikidata_p149,sandstone,,,,,,,,False,,,,700,1800,False,False,original_kept,original_kept,,missing,,missing,Romanesque architecture (c. 1000–1200),344.0,2040.7940130404604,27099694.0,5.039995113247893,17.94960004886752,1.0,high,Cathédrale Saint-Dié,way,"{""addr:postcode"": ""88100"", ""addr:street"": ""Parvis Jean-Paul II"", ""amenity"": ""place_of_worship"", ""building"": ""cathedral"", ""check_date"": ""2026-05-02"", ""denomination"": ""catholic"", ""heritage"": ""2"", ""heritage:operator"": ""mhs"", ""mhs:inscription_date"": ""1886-07-12"", ""name"": ""Cathédrale Saint-Dié"", ""opening_hours"": ""09:00-18:00"", ""ref:FR:CEF"": ""88413_01"", ""ref:clochers.org"": ""88413b"", ""ref:mhs"": ""PA00107275"", ""religion"": ""christian"", ""source"": ""cadastre-dgi-fr source : Direction Générale des Impôts - Cadastre. Mise à jour : 2009"", ""source:heritage"": ""Ministère de la Culture - 2025-09"", ""wikidata"": ""Q2942323"", ""wikipedia"": ""fr:Cathédrale Saint-Dié de Saint-Dié-des-Vosges""}",osm_polygon_area_used_as_mapped_footprint_or_precinct_estimate,2040.7940130404604,osm_polygon_area,7.621094233189655,False,True,True
121,Cathédrale Saint-Pierre,Montpellier,fr,43.61332756,3.874032697,1364,1368,4.0,1300–1500,,,,True,True,,,,,,,,,0,0,0,0,,st peter (1364),no (N/A),"French Romanesque architecture, Gothic architecture",wikidata_p149,,,,,,,,,False,,,,1364,1368,False,False,original_kept,original_kept,,missing,,missing,"French Romanesque architecture (c. 1000–1200), Gothic architecture (c. 1140–1600)",43.0,3496.2075375856657,272804945.0,5.960943182760566,14.440390568172393,0.5,high,Cathédrale Saint-Pierre,way,"{""alt_name"": ""Cathédrale Saint-Pierre et Saint-Paul"", ""amenity"": ""place_of_worship"", ""basilica"": ""minor"", ""building"": ""cathedral"", ""building:part"": ""no"", ""denomination"": ""catholic"", ""height"": ""0"", ""heritage"": ""2"", ""heritage:operator"": ""mhs"", ""mhs:inscription_date"": ""1906-08-09"", ""name"": ""Cathédrale Saint-Pierre"", ""name:br"": ""Catedrala de Sant Pèire"", ""name:ca"": ""Catedrala de Sant Pèire"", ""name:co"": ""Catedrala de Sant Pèire"", ""name:eu"": ""Catedrala de Sant Pèire"", ""name:frp"": ""Catedrala de Sant Pèire"", ""name:oc"": ""Catedrala de Sant Pèire"", ""name:pcd"": ""Catedrala de Sant Pèire"", ""opening_hours"": ""Mo-Su 10:45-11:45,14:30-18:00"", ""ref:mhs"": ""PA00103522"", ""religion"": ""christian"", ""source"": ""cadastre-dgi-fr source : Direction Générale des Impôts - Cadastre. Mise à jour : 2010;heights from wikipedia"", ""source:heritage"": ""data.gouv.fr:Ministère de la Culture - 04/2015"", ""wheelchair"": ""limited"", ""wikidata"": ""Q1736197"", ""wikipedia"": ""fr:Cathédrale Saint-Pierre de Montpellier""}",osm_polygon_area_used_as_mapped_footprint_or_precinct_estimate,3496.2075375856657,osm_polygon_area,8.159434099311396,False,True,True
122,Dom zu Eichstätt,Eichstaett (Eichstätt),de,48.89185084,11.18349665,740,1400,660.0,700–899,,,,True,True,1.0,True,False,False,False,False,980.0,980.0,1,1,0,0,980,"mary (800), st willibald (980)",damaged by mayars (980),Gothic architecture,wikidata_p149,brick,,,,,,,,False,,,,740,1400,False,False,original_kept,original_kept,,missing,,missing,Gothic architecture (c. 1140–1600),397.0,3002.582120398991,273360279.0,7.97616660443805,10.92023833395562,0.0,high,Dom Mariä Himmelfahrt,way,"{""addr:city"": ""Eichstätt"", ""addr:housenumber"": ""10"", ""addr:postcode"": ""85072"", ""addr:street"": ""Domplatz"", ""alt_name"": ""Katholischer Dom St. Mariä Himmelfahrt und St. Willibald"", ""amenity"": ""place_of_worship"", ""building"": ""cathedral"", ""building:architecture"": ""gothic"", ""check_date"": ""2025-07-11"", ""denomination"": ""roman_catholic"", ""heritage"": ""4"", ""heritage:operator"": ""BLfD"", ""name"": ""Dom Mariä Himmelfahrt"", ""ref:BLfD"": ""D-1-76-123-54"", ""religion"": ""christian"", ""wheelchair"": ""yes"", ""wikidata"": ""Q252555"", ""wikimedia_commons"": ""Category:Eichstätt Cathedral"", ""wikipedia"": ""de:Dom zu Eichstätt""}",osm_polygon_area_used_as_mapped_footprint_or_precinct_estimate,3002.582120398991,osm_polygon_area,8.007227904254217,False,True,True
123,Cattedrale di Santa Maria Assunta,Saluzzo,it,44.64486196,7.493203537,1491,1501,10.0,1300–1500,,,,True,True,,,,,,,,,0,0,0,0,,,,Gothic architecture,wikidata_p149,,1491.0,1501.0,inizio costruzione,completamento,,,,False,1491.0,1501.0,,1491,1501,False,False,original_kept,original_kept,,missing,,missing,Gothic architecture (c. 1140–1600),355.0,3067.6326918210834,274874951.0,10.354925360243955,17.896450746397562,1.0,high,Cattedrale di Santa Maria Assunta,way,"{""amenity"": ""place_of_worship"", ""building"": ""cathedral"", ""check_date"": ""2026-01-15"", ""denomination"": ""catholic"", ""name"": ""Cattedrale di Santa Maria Assunta"", ""religion"": ""christian"", ""start_date"": ""1501"", ""wikidata"": ""Q2942780"", ""wikipedia"": ""it:Duomo di Saluzzo""}",osm_polygon_area_used_as_mapped_footprint_or_precinct_estimate,3067.6326918210834,osm_polygon_area,8.028661432966882,False,True,True
124,Basilica Sancti Petri,Roma,it,41.90215364,12.45374037,300,1626,35.0,700–899,,136.6,,True,True,,,,,,,,,0,0,0,0,,,,"Renaissance architecture, baroque architecture",wikidata_p149,"cement, marble",1506.0,1626.0,groundbreaking,completed,300.0,,1615.0,False,300.0,1626.0,earliest:built in the fourth century by roman emperor constantine the great  | current_end:completed in 537 | current_end:finished in 1615,319,354,True,True,wikipedia_final_replaced,wikipedia_final_replaced,136.6,wikidata_p2048_filled_missing,,missing,"Renaissance architecture (c. 1400–1600), baroque architecture (c. 1600–1750)",52.0,22183.087646974935,244159210.0,22.494271782938316,11.775057282170618,0.14285714285714285,high,Basilica di San Pietro,way,"{""addr:postcode"": ""00120"", ""addr:street"": ""Piazza San Pietro"", ""alt_name"": ""Basilica di San Pietro in Vaticano"", ""alt_name:de"": ""Petersdom"", ""alt_name:mk"": ""Базилика „Свети Петар“"", ""alt_name:vi"": ""Vương cung thánh đường Thánh Phê-rô"", ""alt_name:zh"": ""圣彼得大教堂"", ""amenity"": ""place_of_worship"", ""basilica"": ""major"", ""building"": ""basilica"", ""building:architecture"": ""renaissance;baroque"", ""building:colour"": ""lightyellow"", ""building:levels"": ""5"", ""building:material"": ""stone"", ""contact:fax"": ""+39 06 6988 5518"", ""contact:instagram"": ""basilicasanpietro.va"", ""contact:phone"": ""+39 06 69 88 34 62"", ""contact:website"": ""https://www.basilicasanpietro.va/it"", ""denomination"": ""roman_catholic"", ""description:de"": ""Pilgerkirche: Eine der sieben Pilgerkirchen in Rom"", ""elevator"": ""yes"", ""height"": ""54"", ""heritage"": ""1"", ""heritage:operator"": ""whc"", ""heritage:since"": ""1984"", ""historic"": ""church"", ""image"": ""https://photos.app.goo.gl/mVBcFznk8ivnwjv26"", ""importance"": ""international"", ""name"": ""Basilica di San Pietro"", ""name:ar"": ""كاتدرائية القديس بطرس"", ""name:be"": ""Сабор Святога Пятра"", ""name:br"": ""Penniliz Sant-Pêr"", ""name:cs"": ""Bazilika svatého Petra"", ""name:de"": ""Petersdom"", ""name:el"": ""Βασιλική του Αγίου Πέτρου"", ""name:en"": ""Saint Peter's Basilica"", ""name:es"": ""Basílica de San Pedro"", ""name:et"": ""Rooma Peetri kirik"", ""name:fa"": ""کلیسای پیتر مقدس"", ""name:fi"": ""Pietarinkirkko"", ""name:fr"": ""Basilique Saint-Pierre"", ""name:hi"": ""सेंट पीटर बैसिलिका"", ""name:hr"": ""Bazilika svetog Petra u Vatikanu"", ""name:hu"": ""Szent Péter-bazilika"", ""name:it"": ""Basilica di San Pietro"", ""name:ko"": ""성 베드로 대성전"", ""name:la"": ""Basilica Sancti Petri"", ""name:mk"": ""Базилика „Св. Петар“"", ""name:ml"": ""സെൻറ് പീറ്റേഴ്സ് ബസിലിക്ക"", ""name:nl"": ""Sint-Pietersbasiliek"", ""name:pl"": ""Bazylika Świętego Piotra"", ""name:pt"": ""Basílica de São Pedro"", ""name:ru"": ""Собор Святого Петра"", ""name:sk"": ""Bazilika svätého Petra"", ""name:sl"": ""Bazilika Svetega Petra"", ""name:sv"": ""Peterskyrkan"", ""name:vi"": ""Đền thờ Thánh Phê-rô"", ""name:zh"": ""聖伯多祿大殿"", ""name:zh-Hans"": ""圣伯多禄大殿"", ""name:zh-Hant"": ""聖伯多祿大殿"", ""official_name"": ""Papale arcibasilica patriarcale maggiore arcipretale di San Pietro in Vaticano"", ""opening_hours"": ""07:00-19:10"", ""ref:whc"": ""286"", ""religion"": ""christian"", ""roof:colour"": ""lightcoral"", ""start_date"": ""1626-11-18"", ""tourism"": ""attraction"", ""url"": ""https://youtu.be/gYpJP_hQw98?si=ALVR_SjZbqcJz174"", ""wheelchair"": ""yes"", ""wikidata"": ""Q12512"", ""wikimedia_commons"": ""Category:Saint Peter's Basilica"", ""wikipedia"": ""it:Basilica di San Pietro in Vaticano"", ""year_of_construction"": ""1506..1626""}",osm_polygon_area_used_as_mapped_footprint_or_precinct_estimate,22183.087646974935,osm_polygon_area,10.00708545982597,False,True,True
125,"Duomo di Bolzano - Pfarrkirche Bozen (\Dom\"""")""""",Bolzano,it,46.49753141,11.35399284,1400,1517,1219.0,700–899,,,,True,True,,,,,,,,,0,0,0,0,,,,Gothic architecture,wikidata_p149,,1400.0,1517.0,inizio costruzione,completamento,,,1519.0,False,1400.0,1517.0,current_end:completata nel 1519 con l'erezione del campanile tardo-gotico di 65 metri [ 7 ] ,300,1519,True,True,wikipedia_final_replaced,wikipedia_final_replaced,,missing,,missing,Gothic architecture (c. 1140–1600),268.0,2030.4303655758267,27561299.0,3.025758093151878,13.436409085735148,0.06666666666666667,high,Duomo di Bolzano - Bozner Dom,way,"{""alt_name:de"": ""Pfarrkirche Bozen"", ""amenity"": ""place_of_worship"", ""building"": ""cathedral"", ""building:colour"": ""#7e695b"", ""denomination"": ""roman_catholic"", ""height"": ""39"", ""historic"": ""church"", ""name"": ""Duomo di Bolzano - Bozner Dom"", ""name:de"": ""Dom (Mariä Himmelfahrt)"", ""name:en"": ""Our Lady of the Assumption"", ""name:fr"": ""Cathédrale Nôtre-Dame de l'Assomption"", ""name:it"": ""Duomo (Santa Maria Assunta)"", ""religion"": ""christian"", ""roof:shape"": ""hipped"", ""tourism"": ""attraction"", ""wheelchair"": ""yes"", ""wikidata"": ""Q1895970"", ""wikipedia"": ""it:Duomo di Bolzano""}",osm_polygon_area_used_as_mapped_footprint_or_precinct_estimate,2030.4303655758267,osm_polygon_area,7.616003052313139,False,True,True
126,Duomo di Milano,Milano,it,45.46418266,9.191602528,1386,1932,1645.0,700–899,,108.5,,True,True,1.0,False,True,False,False,False,1075.0,1075.0,1,0,1,0,1075,,,"Flamboyant, Italian Gothic architecture",wikidata_p149,marble,1386.0,1932.0,inizio costruzione,completamento,1397.0,1489.0,1769.0,True,1386.0,1932.0,earliest:risale al 1948 ed è opera di arrigo minerbi  | earliest:risale al 1988 | earliest:risale al 1397-1404 e fu costruita grazie al lascito di marco carelli  | earliest:risale al 1948 ed è opera di arrigo minerbi  | earliest:risale al 1988 | earliest:risale al 1397-1404 e fu costruita grazie al lascito di marco carelli  | current_start:ricostruita nel 1489 e definitivamente abbattuta nel 1548) [ 11 ]  | current_end:ultimata nel 1769 con una struttura marmorea,320,1965,True,True,wikipedia_final_replaced,wikipedia_final_replaced,108.5,wikidata_p2048_filled_missing,,missing,"Flamboyant, Italian Gothic architecture (c. 1140–1600)",131.0,44396.228641793365,211713905.0,475.8433669576084,1.1666666666666665,0.16666666666666666,low,Università degli Studi di Milano - Sede Centrale,way,"{""addr:housenumber"": ""7"", ""addr:street"": ""Via Festa del Perdono"", ""amenity"": ""university"", ""check_date"": ""2025-11-26"", ""internet_access"": ""wlan"", ""internet_access:fee"": ""customers"", ""isced:level"": ""4"", ""name"": ""Università degli Studi di Milano - Sede Centrale"", ""operator:type"": ""university"", ""phone"": ""+39 02 503111"", ""website"": ""https://www.unimi.it/"", ""wheelchair"": ""yes""}",osm_polygon_area_used_as_mapped_footprint_or_precinct_estimate,,missing,,False,True,False
127,Canterbury Cathedral,Canterbury,uk,51.27990168,1.082770845,597,1834,350.0,900–1099,6402.355287,27.0,172863.592749,True,True,1.0,False,True,False,False,False,1174.0,1174.0,1,0,1,0,1174,christ (700),fire (1174),"English Gothic architecture, Gothic art, Norman architecture, Romanesque architecture",wikidata_p149,stone,1070.0,1834.0,groundbreaking,completed,597.0,1174.0,1184.0,True,597.0,1834.0,earliest:was founded in 597 but was completely rebuilt between 1070 and 1077 | earliest:was founded in 2014 and their first performance was at evensong that january | earliest:built in the gothic style following a fire in 1174 | current_start:rebuilt in the gothic style following a fire in 1174 | current_end:completed in 1184 | current_end:dedicated in 1077,1070,1420,True,True,wikipedia_final_replaced,wikipedia_final_replaced,72.0,original_kept,91500.0,original_kept,"English Gothic architecture (c. 1180–1520), Gothic art (c. 1140–1600), Norman architecture (c. 1066–1200), Romanesque architecture (c. 1000–1200)",20.0,,,,,,,,,,,6402.355287,original_surface_m2,8.76442121524112,True,False,True
128,Exeter Cathedral,Exeter,uk,50.72249727,-3.529816828,1112,1133,247.0,1100–1299,3810.278425,21.0,80015.846925,True,True,,,,,,,,,0,0,0,0,,st peter (1000),no (N/A),"Gothic architecture, Norman architecture",wikidata_p149,,1112.0,,years built,,,,1133.0,False,1112.0,1133.0,current_end:consecrated in 1133,1133,1380,True,True,wikipedia_final_replaced,wikipedia_final_replaced,,original_kept,,original_kept,"Gothic architecture (c. 1140–1600), Norman architecture (c. 1066–1200)",41.0,,,,,,,,,,,3810.278425,original_surface_m2,8.245457542878542,True,False,True
129,Duomo di Messina,Messina,it,38.19223509,15.55529949,1906,1947,780.0,700–899,,,,True,True,1.0,False,True,False,False,False,1254.0,1254.0,1,0,1,0,1254,,,Gothic architecture,wikidata_p149,,,1947.0,,completamento,,1906.0,,True,1906.0,1947.0,current_start:ricostruita in maniera momentanea nel 1906 in attesa dei lavori di ristrutturazione atti a riportare il tempio alle sue linee originarie),500,1280,True,True,wikipedia_final_replaced,wikipedia_final_replaced,,missing,,missing,Gothic architecture (c. 1140–1600),13.0,,,,,,none,,,,"overpass_error_429: <?xml version=""1.0"" encoding=""UTF-8""?>
<!DOCTYPE html PUBLIC ""-//W3C//DTD XHTML 1.0 Strict//EN""
    ""http://www.w3.org/TR/xhtml1/DTD/xhtml1-strict.dtd"">
<html xmlns=""http://www.w3.org/1999/xhtml"" xml:lang=""en"" lang=""en"">
<head>
  <meta http-equiv=""content-type"" content=""text/html; charset=utf-8"" lang=""en""/>
  <title>OSM3S Response</title>
</head>
<body>

<p>The data included in this document is from www.openstreetmap.org. The data is made available under ODbL.</p>
<p><strong style=""color:#FF0000"">Error</strong>: runtime error: open64: 0 Success /osm3s_osm_base Dispatcher_Client::request_read_and_idx::rate_limited. Please check /api/status for the quota of your IP address. </p>

</body>
</htm",,missing,,False,False,False
130,Cathédrale Saint-Pierre-et-Saint-Paul,Nantes,fr,47.21837708,-1.550192363,1430,1536,106.0,1300–1500,4435.139866,38.0,168535.31490800003,True,True,1.0,False,True,False,False,False,919.0,919.0,0,0,0,0,919,"st peter (700), st paul (700)",fire (919),Gothic architecture,wikidata_p149,,,,,,,,,False,,,,1430,1536,False,False,original_kept,original_kept,63.0,original_kept,,original_kept,Gothic architecture (c. 1140–1600),25.0,,,,,,,,,,,4435.139866,original_surface_m2,8.397314431112243,True,False,True
131,Cattedrale Madonna del Ponte,Lanciano,it,42.23060753,14.39117524,1300,1819,100.0,1300–1500,,,,True,True,,,,,,,,,0,0,0,0,,,,Neoclassicism,wikidata_p149,,1785.0,1819.0,inizio costruzione,completamento,1300.0,,,False,1300.0,1819.0,earliest:risale al xiv secolo circa | earliest:risale al xiv secolo circa,1300,1400,False,True,original_kept,wikipedia_final_replaced,,missing,,missing,Neoclassicism,274.0,1408.9406863751356,28525182.0,7.062486012341556,15.929375139876583,1.0,high,Cattedrale della Madonna del Ponte,way,"{""amenity"": ""place_of_worship"", ""basilica"": ""minor"", ""building"": ""basilica"", ""building:colour"": ""#b8ad98"", ""building:material"": ""stone"", ""check_date"": ""2025-05-29"", ""denomination"": ""catholic"", ""height"": ""18"", ""name"": ""Cattedrale della Madonna del Ponte"", ""religion"": ""christian"", ""roof:colour"": ""#c4ad9f"", ""roof:material"": ""roof_tiles"", ""roof:shape"": ""gabled"", ""service_times"": ""\""ORA SOLARE Feriale 7-8-8.30-18 Festiva 7-8.30-10-11.30-18 ORA LEGALE Feriale 7-8-8.30-19 Festiva 7-8.30-10-11.30-19\"""", ""source:height"": ""estimated"", ""wikidata"": ""Q2942697"", ""wikipedia"": ""it:Cattedrale della Madonna del Ponte""}",osm_polygon_area_used_as_mapped_footprint_or_precinct_estimate,1408.9406863751356,osm_polygon_area,7.250593414756494,False,True,True
132,Cattedrale di San Nicola,Sassari,it,40.72672463,8.558452198,1100,1800,700.0,700–899,,,,True,True,,,,,,,,,0,0,0,0,,,,Romanesque architecture,wikidata_p149,,1100.0,1800.0,inizio costruzione,completamento,,1200.0,,True,1100.0,1800.0,current_start:ricostruita nel xiii secolo in stile romanico pisano ,500,1200,True,True,wikipedia_final_replaced,wikipedia_final_replaced,,missing,,missing,Romanesque architecture (c. 1000–1200),209.0,1717.5656322087743,285990663.0,6.019740792013103,17.939802592079868,1.0,high,Cattedrale di San Nicola,way,"{""amenity"": ""place_of_worship"", ""building"": ""cathedral"", ""check_date"": ""2024-10-05"", ""church:type"": ""parish"", ""denomination"": ""catholic"", ""diocese"": ""Sassari"", ""name"": ""Cattedrale di San Nicola"", ""name:be"": ""Кафедральны сабор Святога Мікалая"", ""name:it"": ""Cattedrale di San Nicola"", ""parish"": ""Sassari San Nicola e Santa Caterina"", ""religion"": ""christian"", ""wikidata"": ""Q728211"", ""wikipedia"": ""it:Cattedrale di San Nicola (Sassari)""}",osm_polygon_area_used_as_mapped_footprint_or_precinct_estimate,1717.5656322087743,osm_polygon_area,7.448663237170611,False,True,True
133,Duomo Di Modena,Modena,it,44.64631015,10.92554413,1099,1389,1055.0,700–899,12000.0,,,True,True,,,,,,,,,0,0,0,0,,,,Romanesque architecture,wikidata_p149,,1099.0,1389.0,inizio costruzione,completamento,,,,False,1099.0,1389.0,,400,1455,True,True,wikipedia_final_replaced,wikipedia_final_replaced,,missing,12000.0,wikidata_p2046_filled_missing,Romanesque architecture (c. 1000–1200),43.0,,,,,,,,,,,12000.0,original_surface_m2,9.392661928770137,True,False,True
134,York Minster,York,uk,53.9622666,-1.08205172,627,1472,252.0,1100–1299,7000.0,30.0,210000.0,True,True,1.0,True,False,False,False,False,1075.0,1075.0,0,0,0,0,1075,st peter (700),danes (1075),English Gothic architecture,wikidata_p149,limestone,673.0,1472.0,groundbreaking,completed,627.0,,2018.0,False,627.0,1472.0,earliest:dates back to the 12th century and much of the glass (white or coloured) came from germany | earliest:was founded in 627 by paulinus of york  | current_end:completed in 637 by oswald and was dedicated to saint peter  | current_end:completed in 1988 for £2 | current_end:completed in 2018 | current_end:completed in 1472 | current_end:completed in 1880 | current_end:completed in 1988 | current_end:completed in 2018 | current_end:completed in september 2017 and they were re-installed between november 2017 and january 2018 | current_end:consecrated in 1472,1220,1472,True,False,wikipedia_final_replaced,original_kept,,original_kept,,original_kept,English Gothic architecture (c. 1180–1520),25.0,,,,,,,,,,,7000.0,original_surface_m2,8.85366542803745,True,False,True
135,Dom Sankt Peter und Paul,Naumburg (Naumburg (Saale)),de,51.1545909,11.80387905,1029,1242,213.0,900–1099,,,,True,True,,,,,,,,,0,0,0,0,,"st peter (1029), st paul (1029)",no (N/A),"Romanesque architecture, Gothic architecture",wikidata_p149,dimension stone,,,,,,,,False,,,,1029,1242,False,False,original_kept,original_kept,,missing,,missing,"Romanesque architecture (c. 1000–1200), Gothic architecture (c. 1140–1600)",128.0,2799.4416644360026,28871727.0,13.357725714274387,12.866422742857257,0.2857142857142857,high,Naumburger Dom St. Peter und Paul,way,"{""addr:city"": ""Naumburg (Saale)"", ""addr:country"": ""DE"", ""addr:housenumber"": ""16"", ""addr:postcode"": ""06618"", ""addr:street"": ""Domplatz"", ""amenity"": ""place_of_worship"", ""building"": ""cathedral"", ""building:architecture"": ""romanesque;gothic"", ""contact:website"": ""https://www.evangelische-kirche-naumburg.de/kirchen/dom-st-peter-und-paul/"", ""deanery"": ""Evgl. Kirchenkreis Naumburg-Zeitz"", ""denomination"": ""lutheran"", ""diocese"": ""Evgl. Kirche in Mitteldeutschland"", ""height"": ""40"", ""heritage"": ""1"", ""heritage:operator"": ""whc"", ""heritage:website"": ""https://whc.unesco.org/en/list/1470"", ""name"": ""Naumburger Dom St. Peter und Paul"", ""name:be"": ""Наўмбургскі сабор"", ""name:bg"": ""Наумбургска катедрала"", ""name:de"": ""Naumburger Dom St. Peter und Paul"", ""name:en"": ""Naumburg Cathedral"", ""name:es"": ""Catedral de Naumburgo"", ""name:fr"": ""Cathédrale Saints-Pierre-et-Paul"", ""name:hy"": ""Նաումբուրգի տաճար"", ""name:mk"": ""Наумбуршка катедрала"", ""name:sv"": ""Naumburgs domkyrka"", ""name:uk"": ""Наумбурзький собор"", ""parish"": ""Evgl. Kirchengemeinde Naumburg"", ""ref:whc"": ""1470rev"", ""reg_name"": ""Naumburger Dom"", ""religion"": ""christian"", ""toilets:wheelchair"": ""yes"", ""whc:criteria"": ""(i),(ii)"", ""whc:inscription_date"": ""2018"", ""wheelchair"": ""limited"", ""wikidata"": ""Q5938"", ""wikimedia_commons"": ""Category:Naumburg Cathedral"", ""wikipedia"": ""de:Naumburger Dom""}",osm_polygon_area_used_as_mapped_footprint_or_precinct_estimate,2799.4416644360026,osm_polygon_area,7.937175270720793,False,True,True
136,Basilica Cattedrale di Santa Maria Assunta,Lodi,it,45.31433191,9.503226044,1158,1284,126.0,1100–1299,,,,True,True,,,,,,,,,0,0,0,0,,,,Romanesque architecture,wikidata_p149,,1158.0,1284.0,inizio costruzione,completamento,1158.0,,,False,1158.0,1284.0,earliest:risale al periodo compreso tra il 1158 ed il 1163  | earliest:risale al periodo compreso tra il 1158 ed il 1163 ,1158,1284,False,False,original_kept,original_kept,,missing,,missing,Romanesque architecture (c. 1000–1200),86.0,2175.412165933987,652517871.0,9.724510193327495,14.402754898066725,1.0,high,Basilica Cattedrale di Santa Maria Assunta,way,"{""amenity"": ""place_of_worship"", ""basilica"": ""minor"", ""building"": ""yes"", ""denomination"": ""roman_catholic"", ""name"": ""Basilica Cattedrale di Santa Maria Assunta"", ""religion"": ""christian"", ""wikidata"": ""Q3045557"", ""wikipedia"": ""it:Duomo di Lodi""}",osm_polygon_area_used_as_mapped_footprint_or_precinct_estimate,2175.412165933987,osm_polygon_area,7.684973427148473,False,True,True
137,San Tommaso Apostolo,Ortona a Mare,it,42.35725209,14.40446789,1127,1127,427.0,700–899,,,,True,True,,,,,,,,,0,0,0,0,,,,early Christian art,wikidata_p149,,1127.0,1127.0,inizio costruzione,completamento,1300.0,1947.0,,True,1127.0,1127.0,earliest:risale al xiv secolo  | earliest:risale al xiv secolo  | current_start:ricostruita nel 1947 dopo la distruzione da parte dei tedeschi della facciata settecentesca con mezza cupola e il porticato a nove colonne del trecento,700,1127,True,False,wikipedia_final_replaced,original_kept,,missing,,missing,early Christian art,67.0,250.72628709394485,850207924.0,63.84366917918234,-1.1384366917918234,0.0,low,,way,"{""building"": ""yes""}",osm_polygon_area_used_as_mapped_footprint_or_precinct_estimate,,missing,,False,True,False
138,Cattedrale di Maria Santissima Achiropita,Rossano,it,39.57503507,16.63555386,800,1100,100.0,900–1099,,,,True,True,,,,,,,,,0,0,0,0,,,,Baroque,wikidata_p149,,800.0,,inizio costruzione,,,,,False,800.0,,,1000,1100,True,False,wikipedia_final_replaced,original_kept,,missing,,missing,Baroque (c. 1600–1750),240.0,1191.3116097213933,1455343490.0,9.678019653438657,14.903219803465614,1.0,high,Cattedrale Maria Santissima Achiropita,way,"{""building"": ""cathedral"", ""name"": ""Cattedrale Maria Santissima Achiropita"", ""source"": ""https://www.rossanocariati.it/diocesi/la-cattedrale/""}",osm_polygon_area_used_as_mapped_footprint_or_precinct_estimate,1191.3116097213933,osm_polygon_area,7.0828101721799674,False,True,True
139,Cattedrale San Pietro Apostolo,Isernia,it,41.58992632,14.22669063,1349,1900,1000.0,700–899,,,,True,True,,,,,,,,,0,0,0,0,,,,baroque architecture,wikidata_p149,,1349.0,1900.0,inizio costruzione,completamento,2002.0,,,False,1349.0,1900.0,earliest:risale al 2002 e mette in evidenza gli scavi ritrovati sotto l'edificio | earliest:risale al 2002 e mette in evidenza gli scavi ritrovati sotto l'edificio,700,1700,True,True,wikipedia_final_replaced,wikipedia_final_replaced,,missing,,missing,baroque architecture (c. 1600–1750),430.0,973.0113656911999,302442175.0,3.8675570207146164,17.961324429792853,1.0,high,Cattedrale di San Pietro Apostolo,way,"{""amenity"": ""place_of_worship"", ""building"": ""cathedral"", ""denomination"": ""catholic"", ""name"": ""Cattedrale di San Pietro Apostolo"", ""religion"": ""christian"", ""website"": ""https://www.cattedraleisernia.org/"", ""wikidata"": ""Q2942559"", ""wikimedia_commons"": ""Category:Cathedral (Isernia)"", ""wikipedia"": ""it:Cattedrale di San Pietro Apostolo (Isernia)""}",osm_polygon_area_used_as_mapped_footprint_or_precinct_estimate,973.0113656911999,osm_polygon_area,6.880395763198152,False,True,True
140,Cathédrale Saint-Pierre,Rennes,fr,48.11157595,-1.683382087,700,1200,500.0,700–899,,,,True,False,1.0,False,False,False,False,True,1490.0,1490.0,0,0,0,0,1490,st peter (700),collapsed largely (1490),classical architecture,wikidata_p149,,,,,,,,,False,,,,700,1200,False,False,original_kept,original_kept,,missing,,missing,classical architecture,39.0,3223.766937999346,30447530.0,7.646332078746305,19.92353667921254,1.0,high,Cathédrale Saint-Pierre,way,"{""amenity"": ""place_of_worship"", ""building"": ""cathedral"", ""denomination"": ""catholic"", ""heritage"": ""2"", ""heritage:operator"": ""mhs"", ""historic"": ""church"", ""mhs:inscription_date"": ""1906-10-30"", ""name"": ""Cathédrale Saint-Pierre"", ""name:br"": ""Iliz-veur Sant Pêr"", ""name:fr"": ""Cathédrale Saint-Pierre"", ""opening_hours"": ""09:30-12:00,15:00-18:00"", ""ref:FR:CEF"": ""35238_01"", ""ref:mhs"": ""PA00090675"", ""religion"": ""christian"", ""source:name:br"": ""ofis publik ar brezhoneg"", ""tourism"": ""attraction"", ""wheelchair"": ""yes"", ""wikidata"": ""Q1049728"", ""wikipedia"": ""fr:Cathédrale Saint-Pierre de Rennes""}",osm_polygon_area_used_as_mapped_footprint_or_precinct_estimate,3223.766937999346,osm_polygon_area,8.078305811311056,False,True,True
141,Cattedrale di Maria Santissima delle Vittorie,Piazza Armerina,it,37.38480567,14.36427847,1400,1719,420.0,900–1099,,,,True,True,,,,,,,,,0,0,0,0,,,,baroque architecture,wikidata_p149,,1600.0,,inizio costruzione,,1400.0,,1719.0,False,1400.0,1719.0,earliest:risale al xv secolo ed è quello di una precedente chiesa  | earliest:risale al xv secolo ed è quello di una precedente chiesa  | current_end:completata nel 1719 ,1080,1500,True,True,wikipedia_final_replaced,wikipedia_final_replaced,,missing,,missing,baroque architecture (c. 1600–1750),721.0,2145.7669194376795,304949473.0,3.8735637701246928,17.961264362298753,1.0,high,Cattedrale di Maria Santissima delle Vittorie,way,"{""amenity"": ""place_of_worship"", ""basilica"": ""minor"", ""building"": ""cathedral"", ""denomination"": ""catholic"", ""name"": ""Cattedrale di Maria Santissima delle Vittorie"", ""religion"": ""christian"", ""wheelchair"": ""yes"", ""wikidata"": ""Q750495"", ""wikipedia"": ""en:Piazza Armerina Cathedral""}",osm_polygon_area_used_as_mapped_footprint_or_precinct_estimate,2145.7669194376795,osm_polygon_area,7.671252305659951,False,True,True
142,Cattedrale di Santa Maria Assunta,Novara,it,45.44566096,8.619879249,1400,1869,970.0,700–899,,,,True,True,,,,,,,,,0,0,0,0,,,,Neoclassical architecture,wikidata_p149,,1857.0,1869.0,inizio costruzione,completamento,1400.0,,,False,1400.0,1869.0,earliest:risale alla fine del xv secolo ed è composto da un quadriportico con eleganti archi ogivali,350,1320,True,True,wikipedia_final_replaced,wikipedia_final_replaced,,missing,,missing,Neoclassical architecture (c. 1750–1850),166.0,2193.709167690038,307562014.0,3.2895218911697865,17.967104781088302,1.0,high,Cattedrale di Santa Maria Assunta,way,"{""amenity"": ""place_of_worship"", ""building"": ""cathedral"", ""denomination"": ""roman_catholic"", ""name"": ""Cattedrale di Santa Maria Assunta"", ""religion"": ""christian"", ""tourism"": ""attraction"", ""wikidata"": ""Q1118135"", ""wikipedia"": ""it:Duomo di Novara""}",osm_polygon_area_used_as_mapped_footprint_or_precinct_estimate,2193.709167690038,osm_polygon_area,7.693349074022166,False,True,True
143,Cattedrale di San Vigilio,Trento,it,46.06691042,11.12154559,1212,1687,821.0,700–899,,,,True,True,,,,,,,,,0,0,0,0,,,,Romanesque architecture,wikidata_p149,,1212.0,,inizio costruzione,,,,1687.0,False,1212.0,1687.0,current_end:ultimata nel 1687 | current_end:completata nel 1515,500,1321,True,True,wikipedia_final_replaced,wikipedia_final_replaced,,missing,,missing,Romanesque architecture (c. 1000–1200),203.0,2060.4591445946135,30791982.0,11.053323787879203,14.289466762121208,0.2,high,Cattedrale di San Vigilio,way,"{""alt_name"": ""Duomo di Trento"", ""alt_name:de"": ""Dom von Trient"", ""alt_name:es"": ""Catedral de Trento"", ""alt_name:fr"": ""Dôme de Trente"", ""alt_name:it"": ""Duomo di Trento"", ""amenity"": ""place_of_worship"", ""basilica"": ""minor"", ""building"": ""cathedral"", ""building:colour"": ""#ece0d3"", ""check_date"": ""2023-11-17"", ""denomination"": ""catholic"", ""height"": ""19"", ""historic"": ""church"", ""importance"": ""national"", ""loc_name"": ""Dom de Trent"", ""loc_name:de"": ""Dom von Trient"", ""loc_name:fr"": ""Dôme de Trente"", ""name"": ""Cattedrale di San Vigilio"", ""name:de"": ""Kathedrale des Heiligen Virgil"", ""name:es"": ""Catedral de San Vigilio"", ""name:fr"": ""Cathédrale Saint-Virgile"", ""name:it"": ""Cattedrale di San Vigilio"", ""religion"": ""christian"", ""roof:colour"": ""#7b7d8c"", ""roof:shape"": ""gabled"", ""tourism"": ""attraction"", ""wheelchair"": ""yes"", ""wikidata"": ""Q621060"", ""wikipedia"": ""it:Cattedrale di San Vigilio""}",osm_polygon_area_used_as_mapped_footprint_or_precinct_estimate,2060.4591445946135,osm_polygon_area,7.630684122673834,False,True,True
144,Cathédrale Notre-Dame,Amiens,fr,49.89458592,2.302071201,1220,1499,279.0,1100–1299,7215.0,42.0,303030.0,True,True,3.0,False,True,False,False,False,1019.0,1218.0,0,0,0,0,1019;1107;1218,"st peter (700), st paul (700), mary (1019)","fire (1019), fire (1107), fire (1218)","Gothic architecture, classic gothic",wikidata_p149,,,,,,,,,False,,,,1220,1499,False,False,original_kept,original_kept,112.7,original_kept,115.0,original_kept,"Gothic architecture (c. 1140–1600), classic gothic (c. 1140–1600)",42.0,,,,,,,,,,,7215.0,original_surface_m2,8.88391747120797,True,False,True
145,Cattedrale di San Bartolomeo,Patti,it,38.13817308,14.96401396,1094,1094,12.0,900–1099,,,,True,True,,,,,,,,,0,0,0,0,,,,,missing,,1094.0,,inizio costruzione,,1094.0,,,False,1094.0,,earliest:risale al 1094 per volontà del conte ruggero del casato d' altavilla  | earliest:risale al 1094 per volontà del conte ruggero del casato d' altavilla ,1082,1094,True,False,wikipedia_final_replaced,original_kept,,missing,,missing,,135.0,1050.184164490085,309609162.0,2.9672691214102564,17.970327308785897,1.0,high,Cattedrale di San Bartolomeo,way,"{""addr:city"": ""Patti"", ""addr:housename"": ""Cattedrale di San Bartolomeo"", ""addr:postcode"": ""98066"", ""addr:street"": ""Via Cattedrale"", ""amenity"": ""place_of_worship"", ""building"": ""cathedral"", ""denomination"": ""roman_catholic"", ""description"": ""Fondata da Ruggero I° il 6 Marzo 1094 insieme al Monastero del SS. Salvatore di cui era parte, nel 1118 vi viene seppellita la Regina Adelasia, nel 1131 diviene cattedrale, nel 1250 vi sosta la salma di Federico II di Svevia in viaggio verso Palermo"", ""name"": ""Cattedrale di San Bartolomeo"", ""religion"": ""christian"", ""source"": ""local_knowledge & IT Sicilia SITR"", ""tourism"": ""attraction"", ""wheelchair"": ""limited"", ""wikidata"": ""Q1736203"", ""wikipedia"": ""it:Basilica cattedrale di San Bartolomeo""}",osm_polygon_area_used_as_mapped_footprint_or_precinct_estimate,1050.184164490085,osm_polygon_area,6.9567208225241695,False,True,True
146,Duomo vecchio,Brescia,it,45.5382136,10.22172832,900,1200,599.0,700–899,,,,True,True,,,,,,,,,0,0,0,0,,,,Romanesque architecture,wikidata_p149,,900.0,,inizio costruzione,,1572.0,,,False,900.0,,earliest:risale al 1572 e | earliest:risale al 1572 e,601,1200,True,False,wikipedia_final_replaced,original_kept,,missing,,missing,Romanesque architecture (c. 1000–1200),164.0,3960.318660565652,31437074.0,47.60862511347947,10.523913748865205,0.0,medium,Cattedrale estiva di Santa Maria Assunta,way,"{""addr:city"": ""Brescia"", ""addr:postcode"": ""25121"", ""addr:street"": ""Piazza Paolo VI"", ""alt_name"": ""Duomo Nuovo"", ""alt_name:es"": ""Duomo Nuevo"", ""amenity"": ""place_of_worship"", ""building"": ""cathedral"", ""denomination"": ""catholic"", ""image"": ""File:Cattedrale di Santa Maria Assunta Duomo nuovo facciata Brescia.jpg"", ""name"": ""Cattedrale estiva di Santa Maria Assunta"", ""religion"": ""christian"", ""wheelchair"": ""yes"", ""wikidata"": ""Q2942599"", ""wikimedia_commons"": ""Category:Duomo nuovo (Brescia)"", ""wikipedia"": ""it:Duomo nuovo""}",osm_polygon_area_used_as_mapped_footprint_or_precinct_estimate,3960.318660565652,osm_polygon_area,8.284079770850813,False,True,True
147,Chiesa di Santa Maria Maggiore e San Leoluca,Vibo Valentia,it,38.6773114,16.10704695,800,1723,923.0,700–899,,,,True,True,,,,,,,,,0,0,0,0,,,,baroque architecture,wikidata_p149,,1680.0,1723.0,inizio costruzione,completamento,,800.0,,True,800.0,1723.0,current_start:l'attuale chiesa principale di vibo valentia sorge dove esisteva anticamente una cattedrale bizantina probabilmente del ix secolo  | current_start:attuale chiesa principale di vibo valentia sorge dove esisteva anticamente una cattedrale bizantina probabilmente del ix secolo ,800,1723,False,False,original_kept,original_kept,,missing,,missing,baroque architecture (c. 1600–1750),485.0,1602.66004152596,315314191.0,8.274195852572753,14.417258041474273,1.0,high,Chiesa di Santa Maria Maggiore e San Leoluca,way,"{""amenity"": ""place_of_worship"", ""building"": ""yes"", ""name"": ""Chiesa di Santa Maria Maggiore e San Leoluca"", ""religion"": ""christian""}",osm_polygon_area_used_as_mapped_footprint_or_precinct_estimate,1602.66004152596,osm_polygon_area,7.379420053715153,False,True,True
148,Cathédrale Saint-Jean,Besancon,fr,47.23368199,6.030399791,700,1250,550.0,700–899,,,,True,True,1.0,False,True,False,False,False,1212.0,1212.0,1,0,1,0,1212,st john apostle (700),partly damaged by fire (1212),Romanesque architecture,wikidata_p149,,,,,,,,,False,,,,700,1250,False,False,original_kept,original_kept,,missing,,missing,Romanesque architecture (c. 1000–1200),260.0,2864.4631065599388,32460887.0,4.824400594306219,17.95175599405694,1.0,high,Cathédrale Saint-Jean,way,"{""amenity"": ""place_of_worship"", ""basilica"": ""minor"", ""building"": ""cathedral"", ""denomination"": ""catholic"", ""heritage"": ""2"", ""heritage:operator"": ""mhs"", ""mhs:inscription_date"": ""1875"", ""name"": ""Cathédrale Saint-Jean"", ""ref:FR:CEF"": ""25056_01"", ""ref:mhs"": ""PA00101462"", ""religion"": ""christian"", ""source"": ""cadastre-dgi-fr source : Direction Générale des Impôts - Cadastre;mise à jour : 2008"", ""wikidata"": ""Q1586486"", ""wikipedia"": ""fr:Cathédrale Saint-Jean de Besançon""}",osm_polygon_area_used_as_mapped_footprint_or_precinct_estimate,2864.4631065599388,osm_polygon_area,7.960136214226482,False,True,True
149,Cattedrale di San Pietro,Bologna,it,44.49573761,11.34339695,910,1800,278.0,900–1099,,,,True,True,2.0,False,True,True,False,False,1122.0,1141.0,2,0,1,1,1122;1141,,,Baroque,wikidata_p149,,910.0,1800.0,inizio costruzione,completamento,,,,False,910.0,1800.0,,906,1184,True,True,wikipedia_final_replaced,wikipedia_final_replaced,,missing,,missing,Baroque (c. 1600–1750),73.0,3680.0840971500147,325434925.0,13.733605069520422,17.862663949304796,1.0,high,Cattedrale di San Pietro,way,"{""amenity"": ""place_of_worship"", ""building"": ""church"", ""denomination"": ""roman_catholic"", ""historic"": ""church"", ""name"": ""Cattedrale di San Pietro"", ""religion"": ""christian"", ""wikidata"": ""Q178699"", ""wikipedia"": ""it:Cattedrale di San Pietro (Bologna)""}",osm_polygon_area_used_as_mapped_footprint_or_precinct_estimate,3680.0840971500147,osm_polygon_area,8.21069088338828,False,True,True
150,Cathédrale Saint-Étienne,Metz,fr,49.12021609,6.175645601,1200,1359,159.0,1100–1299,4950.0,42.0,207900.0,True,True,,,,,,,,,0,0,0,0,,st stephen (700),no (N/A),"Gothic Revival, classic gothic",wikidata_p149,,,,,,,,,False,,,,1200,1359,False,False,original_kept,original_kept,88.0,original_kept,,original_kept,"Gothic Revival (c. 1140–1600), classic gothic (c. 1140–1600)",193.0,,,,,,,,,,,4950.0,original_surface_m2,8.507142855562735,True,False,True
151,Cattedrale di Santo Stefano e Santa Maria Assunta,Pavia,it,45.1846025,9.153372093,1400,1933,985.0,900–1099,,,,True,True,,,,,,,,,0,0,0,0,,,,Renaissance architecture,wikidata_p149,,1488.0,1933.0,inizio costruzione,completamento,1400.0,,1676.0,False,1400.0,1933.0,earliest:risale al xv secolo  | earliest:risale al xv secolo  | current_end:completata nel 1676),900,1885,True,True,wikipedia_final_replaced,wikipedia_final_replaced,,missing,,missing,Renaissance architecture (c. 1400–1600),88.0,4772.049223089067,334063705.0,5.569830669233291,16.544301693307666,0.8,high,Cattedrale di Santo Stefano e Santa Maria Assunta,way,"{""alt_name"": ""Duomo di Pavia"", ""amenity"": ""place_of_worship"", ""building"": ""church"", ""denomination"": ""catholic"", ""historic"": ""church"", ""it:pv:pavia:ANNO_SOGLI"": ""1880"", ""name"": ""Cattedrale di Santo Stefano e Santa Maria Assunta"", ""religion"": ""christian"", ""wikidata"": ""Q602102"", ""wikipedia"": ""it:Duomo di Pavia""}",osm_polygon_area_used_as_mapped_footprint_or_precinct_estimate,4772.049223089067,osm_polygon_area,8.470531098145551,False,True,True
152,Domkerk,Utrecht,nl,52.09085531,5.122413459,1254,1517,263.0,1100–1299,4000.0,32.0,128000.0,True,True,3.0,True,True,False,False,False,857.0,1253.0,0,0,0,0,857;1017;1253,st martin (700),"vikings (857), fire (1017), fire (1253)",Gothic architecture,wikidata_p149,,,,,,,,,False,,,,1254,1517,False,False,original_kept,original_kept,112.3,original_kept,,original_kept,Gothic architecture (c. 1140–1600),15.0,,,,,,,,,,,4000.0,original_surface_m2,8.294049640102028,True,False,True
153,Cathédrale Notre-Dame,Grenoble,fr,45.19260608,5.732080174,1000,1500,500.0,900–1099,,,,True,True,,,,,,,,,0,0,0,0,,mary (1000),no (N/A),Romanesque architecture,wikidata_p149,,,,,,,,,False,,,,1000,1500,False,False,original_kept,original_kept,,missing,,missing,Romanesque architecture (c. 1000–1200),223.0,1701.6956623095175,33695011.0,6.889412070386746,17.931105879296133,1.0,high,Cathédrale Notre-Dame,way,"{""addr:city"": ""Grenoble"", ""addr:postcode"": ""38000"", ""amenity"": ""place_of_worship"", ""building"": ""cathedral"", ""check_date"": ""2025-05-04"", ""defibrillator"": ""yes"", ""denomination"": ""catholic"", ""diff:ref:FR:RNB"": ""multiple"", ""fee"": ""no"", ""heritage"": ""3"", ""heritage:operator"": ""mhs"", ""mhs:inscription_date"": ""1862"", ""name"": ""Cathédrale Notre-Dame"", ""ref:FR:CEF"": ""38185_01"", ""ref:FR:RNB"": ""18VY69JK9YE3;2N4T7VY2XDSC;TVNHPHA8T557;YD1VMHGWB5FG"", ""ref:mhs"": ""PA00117178"", ""religion"": ""christian"", ""roof:colour"": ""#be8988"", ""source"": ""cadastre-dgi-fr source : Direction Générale des Impôts - Cadastre. Mise à jour : 2023"", ""source:heritage"": ""data.gouv.fr:Ministère de la Culture - 04/2015"", ""website"": ""http://www.cathedraledegrenoble.com/"", ""wheelchair"": ""yes"", ""wikidata"": ""Q2942283""}",osm_polygon_area_used_as_mapped_footprint_or_precinct_estimate,1701.6956623095175,osm_polygon_area,7.439380481340539,False,True,True
154,Cattedrale di San Giorgio Martire,Ferrara,it,44.83558892,11.62031499,1135,1700,380.0,1100–1299,,,,True,True,,,,,,,,,0,0,0,0,,,,Romanesque architecture,wikidata_p149,,1135.0,1700.0,inizio costruzione,completamento,,,,False,1135.0,1700.0,,1113,1493,True,True,wikipedia_final_replaced,wikipedia_final_replaced,,missing,,missing,Romanesque architecture (c. 1000–1200),17.0,4510.570237657055,338822833.0,5.732655041160021,19.942673449588398,1.0,high,Cattedrale di San Giorgio Martire,way,"{""amenity"": ""place_of_worship"", ""basilica"": ""minor"", ""building"": ""cathedral"", ""building:material"": ""brick"", ""denomination"": ""catholic"", ""height"": ""21"", ""historic"": ""church"", ""name"": ""Cattedrale di San Giorgio Martire"", ""religion"": ""christian"", ""roof:height"": ""7"", ""roof:material"": ""roof_tiles"", ""roof:shape"": ""gabled"", ""tourism"": ""attraction"", ""type"": ""building"", ""wheelchair"": ""yes"", ""wikidata"": ""Q671933"", ""wikipedia"": ""it:Cattedrale di San Giorgio (Ferrara)""}",osm_polygon_area_used_as_mapped_footprint_or_precinct_estimate,4510.570237657055,osm_polygon_area,8.41417886300894,False,True,True
155,Basilica Cattedrale del Santissimo Salvatore,Mazzara (Mazara del Vallo),it,37.65112346,12.59044858,1086,1093,7.0,900–1099,,,,True,True,,,,,,,,,0,0,0,0,,,,Sicilian Baroque,wikidata_p149,,1086.0,1093.0,inizio costruzione,completamento,,,,False,1086.0,1093.0,,1086,1093,False,False,original_kept,original_kept,,missing,,missing,Sicilian Baroque (c. 1600–1750),14.0,1925.6331549792085,34225394.0,8.78581269434218,15.912141873056578,1.0,high,Basilica Cattedrale del Santissimo Salvatore,way,"{""amenity"": ""place_of_worship"", ""basilica"": ""minor"", ""building"": ""church"", ""denomination"": ""catholic"", ""historic"": ""yes"", ""name"": ""Basilica Cattedrale del Santissimo Salvatore"", ""phone"": ""+39 0923 941919"", ""religion"": ""christian"", ""start_date"": ""1093"", ""wheelchair"": ""yes"", ""wikidata"": ""Q1516689"", ""wikipedia"": ""it:Cattedrale del Santissimo Salvatore (Mazara del Vallo)""}",osm_polygon_area_used_as_mapped_footprint_or_precinct_estimate,1925.6331549792085,osm_polygon_area,7.563010104319807,False,True,True
156,Cathédrale Saint-Vincent,St Malo (Saint-Malo),fr,48.64948738,-2.025576664,800,1631,831.0,700–899,,,,True,True,,,,,,,,,0,0,0,0,,st vincent (800),no (N/A),"Romanesque architecture, eclectic architecture",wikidata_p149,,,,,,,,,False,,,,800,1631,False,False,original_kept,original_kept,,missing,,missing,"Romanesque architecture (c. 1000–1200), eclectic architecture",26.0,2060.13583503454,351261994.0,6.7074927360077545,17.93292507263992,1.0,high,Cathédrale Saint-Vincent,way,"{""amenity"": ""place_of_worship"", ""building"": ""cathedral"", ""denomination"": ""catholic"", ""description"": ""Toute la cathédrale est classée, à l'exclusion du clocher."", ""heritage"": ""2"", ""heritage:operator"": ""mhs"", ""mhs:inscription_date"": ""1910-10-26"", ""name"": ""Cathédrale Saint-Vincent"", ""name:br"": ""Iliz-veur Sant Visant"", ""name:fr"": ""Cathédrale Saint-Vincent"", ""ref:FR:CEF"": ""35288_04"", ""ref:mhs"": ""PA00090798"", ""religion"": ""christian"", ""source"": ""cadastre-dgi-fr source : Direction Générale des Finances Publiques - Cadastre. Mise à jour : 2015"", ""source:name:br"": ""ofis publik ar brezhoneg"", ""wheelchair"": ""no"", ""wikidata"": ""Q2385003"", ""wikipedia"": ""fr:Cathédrale Saint-Vincent de Saint-Malo""}",osm_polygon_area_used_as_mapped_footprint_or_precinct_estimate,2060.13583503454,osm_polygon_area,7.630527198946879,False,True,True
157,Cathédrale Saint-Étienne,Toulouse,fr,43.59989147,1.450485947,1120,1600,480.0,1100–1299,4530.0,28.0,126840.0,True,True,,,,,,,,,0,0,0,0,,st stephen (1071),no (N/A),"Romanesque architecture, Gothic architecture, Meridional Gothic",wikidata_p149,,,,,,,,,False,,,,1120,1600,False,False,original_kept,original_kept,,original_kept,,original_kept,"Romanesque architecture (c. 1000–1200), Gothic architecture (c. 1140–1600), Meridional Gothic (c. 1140–1600)",152.0,,,,,,,,,,,4530.0,original_surface_m2,8.41847721847708,True,False,True
158,Cathédrale Saint-Étienne,Toulouse,fr,43.59989147,1.450485947,1071,1100,29.0,900–1099,1600.0,20.0,32000.0,True,True,,,,,,,,,0,0,0,0,,st stephen (1071),no (N/A),,missing,,,,,,,,,False,,,,1071,1100,False,False,original_kept,original_kept,,original_kept,,original_kept,,152.0,,,,,,,,,,,1600.0,original_surface_m2,7.3777589082278725,True,False,True
159,Cathédrale Notre-Dame,Strasbourg (Strassburg),fr,48.58184001,7.750923358,1176,1439,263.0,1100–1299,5986.050552,31.0,185567.567112,True,True,,,,,,,,,0,0,0,0,,,,"Gothic architecture, Romanesque architecture",wikidata_p149,,,,,,,,,False,,,,1176,1439,False,False,original_kept,original_kept,142.0,original_kept,,original_kept,"Gothic architecture (c. 1140–1600), Romanesque architecture (c. 1000–1200)",152.0,,,,,,,,,,,5986.050552,original_surface_m2,8.697187133415408,True,False,True
160,Cattedrale di San Lorenzo,Genova,it,44.4076216,8.931460515,1098,1400,1000.0,700–899,,,,True,True,1.0,False,True,False,False,False,1296.0,1296.0,1,0,1,0,1296,,,"Gothic architecture, Romanesque architecture",wikidata_p149,,1098.0,1400.0,inizio costruzione,completamento,1391.0,,1700.0,False,1098.0,1400.0,earliest:risale al 1391  | earliest:risale al 1391  | current_end:completata nel xvii secolo con una profusione di marmi,500,1500,True,True,wikipedia_final_replaced,wikipedia_final_replaced,,missing,,missing,"Gothic architecture (c. 1140–1600), Romanesque architecture (c. 1000–1200)",36.0,2106.69697037444,663875514.0,13.356759743796827,15.866432402562031,1.0,high,Cattedrale di San Lorenzo,way,"{""amenity"": ""place_of_worship"", ""building"": ""church"", ""building:levels"": ""6"", ""check_date"": ""2023-06-22"", ""denomination"": ""catholic"", ""historic"": ""monument"", ""name"": ""Cattedrale di San Lorenzo"", ""name:ru"": ""Кафедральный Собор Сан Лоренцо"", ""patron_saint:it"": ""San Lorenzo"", ""religion"": ""christian"", ""source"": ""Regione Liguria"", ""wheelchair"": ""limited"", ""wikidata"": ""Q1306549"", ""wikipedia"": ""it:Cattedrale di San Lorenzo (Genova)""}",osm_polygon_area_used_as_mapped_footprint_or_precinct_estimate,2106.69697037444,osm_polygon_area,7.652876583040746,False,True,True
161,Durham Cathedral,Durham,uk,54.77327372,-1.576696345,1093,2017,242.0,900–1099,,66.0,,True,True,,,,,,,,,0,0,0,0,,"mary (998), st cuthbert (998)",no (N/A),Norman architecture,wikidata_p149,,1093.0,,years built,,1100.0,,2017.0,False,1093.0,2017.0,earliest:built in the île-de-france region in the 12th century is not obvious) | current_end:completed by 1096 | current_end:dedicated in 2004 | current_end:dedicated in 2017,998,1240,True,True,wikipedia_final_replaced,wikipedia_final_replaced,66.0,wikidata_p2048_filled_missing,,missing,Norman architecture (c. 1066–1200),70.0,343.24077266128734,80393715.0,145.50336457115048,8.044966354288494,0.5,medium,Durham Museum,way,"{""HE_ref"": ""1121424"", ""addr:city"": ""Durham"", ""addr:housename"": ""St Mary-le-Bow Church"", ""addr:housenumber"": ""1"", ""addr:postcode"": ""DH1 3ET"", ""addr:street"": ""North Bailey"", ""building"": ""church"", ""disused:tourism"": ""museum"", ""flickr"": ""https://www.flickr.com/photos/16801915@N06/13018159084"", ""listed_status"": ""Grade I"", ""old_name"": ""Durham Museum"", ""operator"": ""The Bow Trust"", ""wikidata"": ""Q5316517"", ""wikipedia"": ""en:Durham Museum, Durham""}",osm_polygon_area_used_as_mapped_footprint_or_precinct_estimate,343.24077266128734,osm_polygon_area,5.8384321620181,False,True,True
162,Cattedrale di San Lorenzo,Alba,it,44.70073491,8.03662175,1400,1900,1017.0,700–899,,,,True,True,,,,,,,,,0,0,0,0,,,,Romanesque architecture,wikidata_p149,,1400.0,1900.0,inizio costruzione,completamento,,1486.0,,True,1400.0,1900.0,current_start:l'attuale cattedrale di san lorenzo fu costruita tra il 1486 e il 1517 per volere del vescovo di alba andrea novelli  | current_start:attuale cattedrale di san lorenzo fu costruita tra il 1486 e il 1517 per volere del vescovo di alba andrea novelli ,500,1517,True,True,wikipedia_final_replaced,wikipedia_final_replaced,,missing,,missing,Romanesque architecture (c. 1000–1200),177.0,2270.460305290646,362343255.0,1.6477694680739448,17.983522305319262,1.0,high,Cattedrale di San Lorenzo,way,"{""amenity"": ""place_of_worship"", ""building"": ""cathedral"", ""check_date"": ""2025-05-31"", ""denomination"": ""catholic"", ""name"": ""Cattedrale di San Lorenzo"", ""religion"": ""christian"", ""wikidata"": ""Q2266071"", ""wikipedia"": ""it:Duomo di Alba""}",osm_polygon_area_used_as_mapped_footprint_or_precinct_estimate,2270.460305290646,osm_polygon_area,7.727737867579915,False,True,True
163,Hereford Cathedral,Hereford,uk,52.05428849,-2.71603231,1079,1400,700.0,700–899,,,,True,True,1.0,True,False,False,False,False,1056.0,1056.0,1,1,0,0,1056,"mary (700), st ethelbert (700)",pludered (1056),Gothic architecture,wikidata_p149,,1079.0,,years built,,1200.0,,,False,1079.0,,earliest:dates back to the 13th century,700,1400,True,False,wikipedia_final_replaced,original_kept,,missing,,missing,Gothic architecture (c. 1140–1600),62.0,3175.601260483905,36393775.0,9.717702102518409,12.069489645641482,0.16666666666666666,high,Hereford Cathedral,way,"{""addr:city"": ""Hereford"", ""amenity"": ""place_of_worship"", ""building"": ""cathedral"", ""building:architecture"": ""gothic"", ""building:colour"": ""#dfd8bf"", ""building:material"": ""stone"", ""denomination"": ""anglican"", ""diocese"": ""Diocese of Hereford"", ""heritage"": ""2"", ""heritage:operator"": ""Historic England"", ""heritage:website"": ""https://historicengland.org.uk/listing/the-list/list-entry/1196808"", ""historic"": ""yes"", ""listed_status"": ""Grade I"", ""name"": ""Hereford Cathedral"", ""name:es"": ""Catedral de Hereford"", ""name:fr"": ""Cathédrale de Hereford"", ""name:la"": ""Ecclesia cathedralis Herefordiensis"", ""official_name"": ""Cathedral Church of St Mary and St Ethelbert, Hereford"", ""ref:GB:nhle"": ""1196808"", ""religion"": ""christian"", ""website"": ""https://www.herefordcathedral.org/"", ""wheelchair"": ""yes"", ""wikidata"": ""Q429379"", ""wikipedia"": ""en:Hereford Cathedral"", ""year_of_construction"": ""1079-c.1250""}",osm_polygon_area_used_as_mapped_footprint_or_precinct_estimate,3175.601260483905,osm_polygon_area,8.063252266778674,False,True,True
164,Basilica di San Giovanni in Laterano,Roma,it,41.8854806,12.50566819,300,1735,920.0,700–899,,,,True,True,,,,,,,,,0,0,0,0,,,,"Neoclassical architecture, baroque architecture",wikidata_p149,"cement, granite, marble",300.0,1735.0,inizio costruzione,completamento,,,1734.0,False,300.0,1735.0,current_end:completata nel 1734 rimuovendo completamente le vestigia del tradizionale impianto dell'antica basilica,400,1320,True,True,wikipedia_final_replaced,wikipedia_final_replaced,,missing,,missing,"Neoclassical architecture (c. 1750–1850), baroque architecture (c. 1600–1750)",62.0,960.8999030739069,165463375.0,234.8445556363105,3.9848877769702282,0.3333333333333333,low,Porta S. Giovanni (MA),way,"{""amenity"": ""bus_station"", ""bus"": ""yes"", ""name"": ""Porta S. Giovanni (MA)"", ""public_transport"": ""station""}",osm_polygon_area_used_as_mapped_footprint_or_precinct_estimate,,missing,,False,True,False
165,Cattedrale di San Donato,Mondovi (Mondovì),it,44.38970769,7.829299329,1100,1753,100.0,1100–1299,,,,True,True,,,,,,,,,0,0,0,0,,,,baroque architecture,wikidata_p149,,1743.0,1753.0,inizio costruzione,completamento,1100.0,,,False,1100.0,1753.0,earliest:la prima cattedrale fu la pieve di san donato ( xii secolo ),1100,1200,False,True,original_kept,wikipedia_final_replaced,,missing,,missing,baroque architecture (c. 1600–1750),531.0,1024.694934618943,746736042.0,6.450518355731978,17.93549481644268,1.0,high,Cattedrale di San Donato,way,"{""amenity"": ""place_of_worship"", ""building"": ""cathedral"", ""denomination"": ""roman_catholic"", ""name"": ""Cattedrale di San Donato"", ""religion"": ""christian"", ""wikidata"": ""Q2942719"", ""wikipedia"": ""it:Cattedrale di San Donato (Mondovì)""}",osm_polygon_area_used_as_mapped_footprint_or_precinct_estimate,1024.694934618943,osm_polygon_area,6.932150222511463,False,True,True
166,Cattedrale dei Santi Stefano ed Agata,Capua,it,41.10909344,14.21074408,500,1500,1000.0,700–899,,,,True,True,,,,,,,,,0,0,0,0,,,,,missing,,,,,,,,,False,,,,500,1500,False,False,original_kept,original_kept,,missing,,missing,,31.0,2580.539278306067,364927723.0,6.025695781282643,16.189743042187175,0.75,high,Cattedrale dei Santi Stefano ed Agata,way,"{""alt_name"": ""Duomo di Capua"", ""amenity"": ""place_of_worship"", ""basilica"": ""minor"", ""building"": ""cathedral"", ""denomination"": ""catholic"", ""name"": ""Cattedrale dei Santi Stefano ed Agata"", ""religion"": ""christian"", ""wikidata"": ""Q950002"", ""wikipedia"": ""it:Duomo di Capua""}",osm_polygon_area_used_as_mapped_footprint_or_precinct_estimate,2580.539278306067,osm_polygon_area,7.855753678672734,False,True,True
167,San Giustino,Chieti,it,42.3513855,14.166842,900,1936,569.0,700–899,,,,True,True,,,,,,,,,0,0,0,0,,,,Romanesque architecture,wikidata_p149,,900.0,1936.0,inizio costruzione,completamento,1738.0,1930.0,,True,900.0,1936.0,earliest:risale al 1738  | earliest:risale al 1759  | earliest:risale al 1738  | earliest:risale al 1759  | current_start:ricostruita in stile dall'architetto guido cirilli sono negli anni 1930 [ 12 ] per volere del monsignor giuseppe venturi [ 13 ] ,500,1069,True,True,wikipedia_final_replaced,wikipedia_final_replaced,,missing,,missing,Romanesque architecture (c. 1000–1200),339.0,2004.4179138327017,1117826678.0,8.37674499145647,15.916232550085436,1.0,high,Cattedrale di San Giustino,way,"{""amenity"": ""place_of_worship"", ""building"": ""church"", ""building:material"": ""brick"", ""check_date"": ""2025-05-04"", ""denomination"": ""roman_catholic"", ""height"": ""0"", ""name"": ""Cattedrale di San Giustino"", ""note"": ""height=0 for 3D render purpose of church parts."", ""religion"": ""christian"", ""roof:material"": ""roof_tiles"", ""roof:shape"": ""apse_gabled"", ""wikidata"": ""Q2942636"", ""wikipedia"": ""it:Cattedrale di San Giustino""}",osm_polygon_area_used_as_mapped_footprint_or_precinct_estimate,2004.4179138327017,osm_polygon_area,7.603108980300024,False,True,True
168,Cattedrale di San Giusto,Trieste,it,45.64653754,13.77249589,1302,1320,920.0,700–899,,,,True,True,,,,,,,,,0,0,0,0,,,,Romanesque architecture,wikidata_p149,,1302.0,1320.0,inizio costruzione,completamento,,,,False,1302.0,1320.0,,400,1320,True,False,wikipedia_final_replaced,original_kept,,missing,,missing,Romanesque architecture (c. 1000–1200),63.0,1770.827577843389,36684626.0,4.298565399989791,15.957014346000102,1.0,high,Cattedrale di San Giusto,way,"{""addr:housenumber"": ""2"", ""addr:postcode"": ""34121-34151"", ""addr:street"": ""Piazza della Cattedrale"", ""amenity"": ""place_of_worship"", ""basilica"": ""minor"", ""building"": ""church"", ""check_date"": ""2024-02-13"", ""denomination"": ""catholic"", ""it:fvg:ctrn:code"": ""4ACU"", ""it:fvg:ctrn:revision"": ""1A0"", ""name"": ""Cattedrale di San Giusto"", ""religion"": ""christian"", ""wikidata"": ""Q1736225"", ""wikipedia"": ""it:Cattedrale di San Giusto (Trieste)""}",osm_polygon_area_used_as_mapped_footprint_or_precinct_estimate,1770.827577843389,osm_polygon_area,7.4792022744002535,False,True,True
169,Duomo Cattedrale Santa Maria Maggiore,Udine,it,46.06251167,13.2372618,1236,1600,184.0,1100–1299,,,,True,True,1.0,False,False,True,False,False,1348.0,1348.0,1,0,0,1,1348,,,Romanesque architecture,wikidata_p149,,1236.0,1600.0,inizio costruzione,completamento,,,,False,1236.0,1600.0,,1236,1420,False,True,original_kept,wikipedia_final_replaced,,missing,,missing,Romanesque architecture (c. 1000–1200),122.0,2974.9487426693086,36686387.0,4.568838519218906,12.120978281474478,0.16666666666666666,high,Cattedrale di Santa Maria Annunziata,way,"{""amenity"": ""place_of_worship"", ""building"": ""cathedral"", ""check_date"": ""2026-01-10"", ""denomination"": ""catholic"", ""it:fvg:ctrn:code"": ""4ACU"", ""it:fvg:ctrn:revision"": ""1A0"", ""loc_name"": ""Duomo di Udine"", ""name"": ""Cattedrale di Santa Maria Annunziata"", ""official_name"": ""Chiesa di Santa Maria Annunziata nella Metropolitana"", ""religion"": ""christian"", ""start_date"": ""1236"", ""wheelchair"": ""yes"", ""wikipedia"": ""it:Cattedrale di Udine""}",osm_polygon_area_used_as_mapped_footprint_or_precinct_estimate,2974.9487426693086,osm_polygon_area,7.997982088476449,False,True,True
170,Cathédrale Saint-Louis,Blois,fr,47.58847443,1.336467039,1100,1200,100.0,1100–1299,,,,True,True,,,,,,,,,0,0,0,0,,"st solenne (1100), st louis (1544)",no (N/A),Gothic architecture,wikidata_p149,,,,,,,,,False,,,,1100,1200,False,False,original_kept,original_kept,,missing,,missing,Gothic architecture (c. 1140–1600),103.0,2359.002678895311,36689922.0,8.578090988248414,17.914219090117516,1.0,high,Cathédrale Saint-Louis,way,"{""addr:city"": ""Blois"", ""addr:housenumber"": ""7 bis"", ""addr:postcode"": ""41000"", ""amenity"": ""place_of_worship"", ""building"": ""cathedral"", ""check_date"": ""2024-03-16"", ""denomination"": ""catholic"", ""height"": ""0.0001"", ""heritage"": ""2"", ""heritage:operator"": ""mhs"", ""mhs:inscription_date"": ""1906-08-09"", ""name"": ""Cathédrale Saint-Louis"", ""name:br"": ""Iliz-Veur Sant-Loeiz"", ""name:de"": ""Sankt-Louis Dom"", ""name:en"": ""St-Louis Cathedral"", ""opening_hours"": ""Mo 10:00-19:00; Tu,Th-Fr 09:00-19:00; We,Sa 09:00-18:00"", ""ref:FR:CEF"": ""41018_01"", ""ref:mhs"": ""PA00098336"", ""religion"": ""christian"", ""source"": ""cadastre-dgi-fr source : Direction Générale des Impôts - Cadastre;mise à jour : 2008"", ""source:heritage"": ""Ministère de la Culture - 06/2019"", ""wheelchair"": ""limited"", ""wikidata"": ""Q1102200"", ""wikipedia"": ""fr:Cathédrale Saint-Louis de Blois""}",osm_polygon_area_used_as_mapped_footprint_or_precinct_estimate,2359.002678895311,osm_polygon_area,7.765994215013351,False,True,True
171,Santi Giovanni e Reparata,Lucca,it,43.84114343,10.50458548,1100,1200,400.0,700–899,,,,True,True,,,,,,,,,0,0,0,0,,,,,missing,,,,,,,1100.0,,True,1100.0,,"current_start:l'attuale basilica , che nel xii secolo si sostituì al vecchio impianto | current_start:attuale basilica , che nel xii secolo si sostituì al vecchio impianto",800,1200,True,False,wikipedia_final_replaced,original_kept,,missing,,missing,,20.0,1001.0303945676424,368742685.0,8.0739320500652,17.91926067949935,1.0,high,Santi Giovanni e Reparata,way,"{""addr:city"": ""Lucca"", ""amenity"": ""place_of_worship"", ""building"": ""church"", ""check_date"": ""2025-09-17"", ""denomination"": ""catholic"", ""fee"": ""yes"", ""historic"": ""church"", ""name"": ""Santi Giovanni e Reparata"", ""opening_hours"": ""Mo-Th 10:00-16:00; Fr, Sa 10:00-18:00; Su 10:00-17:00"", ""religion"": ""christian"", ""wheelchair"": ""limited"", ""wikidata"": ""Q3668206"", ""wikipedia"": ""it:Chiesa dei Santi Giovanni e Reparata""}",osm_polygon_area_used_as_mapped_footprint_or_precinct_estimate,1001.0303945676424,osm_polygon_area,6.908785143057677,False,True,True
172,St Paul's Cathedral,London,uk,51.51377375,-0.098479049764056,100,1710,614.0,700–899,,111.0,,True,True,1.0,False,True,False,False,False,1087.0,1087.0,1,0,1,0,1087,st paul (700),fire (1087),English Baroque,wikidata_p149,Portland limestone,1675.0,1710.0,groundbreaking,completed,100.0,,2005.0,False,100.0,1710.0,earliest:was founded in the second century under the legendary king lucius and his missionary saints fagan  | earliest:founded in the second century under the legendary king lucius and his missionary saints fagan  | current_end:completed in 1710 | current_end:completed in 1958 | current_end:completed in 1967 and the building of a new choir school building in 1967 | current_end:completed in 1872 | current_end:completed in 1710 | current_end:completed in 2005 | current_end:finished in 1710 have included the funerals of admiral lord nelson  | current_end:consecrated in 1300 but was not complete until 1314 | current_end:dedicated in 1958 as the american memorial chapel,700,1314,True,True,wikipedia_final_replaced,wikipedia_final_replaced,111.0,wikidata_p2048_filled_missing,,missing,English Baroque (c. 1600–1750),34.0,7918.715566919302,369161987.0,10.895070055167931,11.891049299448321,0.14285714285714285,high,St Paul's Cathedral,way,"{""addr:city"": ""London"", ""addr:housename"": ""St Paul's Cathedral"", ""addr:postcode"": ""EC4M 8AD"", ""addr:street"": ""St Paul's Churchyard"", ""amenity"": ""place_of_worship"", ""architect"": ""Christopher Wren"", ""architect:wikidata"": ""Q170373"", ""building"": ""cathedral"", ""building:architecture"": ""baroque"", ""dedication:wikidata"": ""Q9200"", ""denomination"": ""anglican"", ""diocese"": ""Diocese of London"", ""height"": ""35"", ""heritage"": ""2"", ""heritage:operator"": ""he"", ""heritage:website"": ""https://historicengland.org.uk/listing/the-list/list-entry/1079157"", ""historic"": ""building"", ""inscription_date"": ""1950-01-04"", ""listed_status"": ""Grade I"", ""name"": ""St Paul's Cathedral"", ""name:af"": ""St. Paulus se katedraal"", ""name:ar"": ""كاتدرائية سانت بول"", ""name:cs"": ""Katedrála svatého Pavla"", ""name:en"": ""St Paul's Cathedral"", ""name:es"": ""Catedral de San Pablo"", ""name:etymology:wikidata"": ""Q9200"", ""name:fr"": ""Cathédrale Saint-Paul"", ""name:he"": ""קתדרלת סנט פול"", ""name:ja"": ""セントポール大聖堂"", ""name:ko"": ""세인트 폴 대성당"", ""name:la"": ""Ecclesia cathedralis Sancti Pauli Londiniensis"", ""name:lt"": ""Šv. Pauliaus katedra"", ""name:pl"": ""Katedra św. Pawła w Londynie"", ""name:uk"": ""Собор святого Павла"", ""name:zh"": ""聖保羅大教堂"", ""opening_hours"": ""Mo-Sa 08:30-16:00"", ""payment:cash"": ""yes"", ""payment:mastercard"": ""yes"", ""payment:visa"": ""yes"", ""ref:GB:nhle"": ""1079157"", ""ref:dove"": ""15228"", ""religion"": ""christian"", ""short_name"": ""Saint Paul's"", ""source:heritage"": ""Historic England"", ""start_date"": ""1711"", ""tourism"": ""attraction"", ""website"": ""https://www.stpauls.co.uk/"", ""wheelchair"": ""limited"", ""wheelchair:description"": ""Accessible entrance on south side signposted from main west front entrance."", ""wikidata"": ""Q173882"", ""wikipedia"": ""en:St Paul's Cathedral"", ""year_of_construction"": ""1675 –1710""}",osm_polygon_area_used_as_mapped_footprint_or_precinct_estimate,7918.715566919302,osm_polygon_area,8.976984295762511,False,True,True
173,Cattedrale di San Rufino,Assisi,it,43.07039437,12.61780313,1100,1571,553.0,700–899,,,,True,True,,,,,,,,,0,0,0,0,,,,Romanesque architecture,wikidata_p149,,1140.0,1571.0,inizio costruzione,completamento,1100.0,,,False,1100.0,1571.0,earliest:risale al xii secolo | earliest:risale al rinnovo del 1571 ad opera di galeazzo alessi  | earliest:risale al xii secolo | earliest:risale alla fine del xiii secolo ed è composta da una coronazione triangolare a capanna con all'interno un arco gotico | earliest:risale al rinnovo del 1571 ad opera di galeazzo alessi ,700,1253,True,True,wikipedia_final_replaced,wikipedia_final_replaced,,missing,,missing,Romanesque architecture (c. 1000–1200),429.0,2239.1828305623494,36994753.0,8.343438635696298,16.416565613643037,0.5,high,Cattedrale di San Rufino,way,"{""addr:housenumber"": ""1"", ""addr:street"": ""Piazza San Rufino"", ""amenity"": ""place_of_worship"", ""building"": ""cathedral"", ""check_date"": ""2024-06-03"", ""denomination"": ""catholic"", ""dog"": ""no"", ""historic"": ""church"", ""name"": ""Cattedrale di San Rufino"", ""name:fr"": ""Cathédrale Saint-Rufin"", ""religion"": ""christian"", ""wheelchair"": ""limited"", ""wikidata"": ""Q1433207"", ""wikimedia_commons"": ""Category:San Rufino (Assisi)"", ""wikipedia"": ""it:Cattedrale di San Rufino""}",osm_polygon_area_used_as_mapped_footprint_or_precinct_estimate,2239.1828305623494,osm_polygon_area,7.713866270505872,False,True,True
174,San Lorenzo,Viterbo,it,42.41525556,12.10093451,1100,1600,381.0,700–899,,,,True,True,,,,,,,,,0,0,0,0,,,,Romanesque architecture,wikidata_p149,,1100.0,1600.0,inizio costruzione,completamento,,1266.0,,True,1100.0,1600.0,current_start:ricostruita nel 1266 con l'erezione di viterbo a sede papale,800,1181,True,True,wikipedia_final_replaced,wikipedia_final_replaced,,missing,,missing,Romanesque architecture (c. 1000–1200),330.0,368.87853560969234,414684638.0,47.89432772308018,4.021056722769198,0.0,medium,,way,"{""building"": ""yes""}",osm_polygon_area_used_as_mapped_footprint_or_precinct_estimate,368.87853560969234,osm_polygon_area,5.91046741806215,False,True,True
175,Duomo di San Cataldo,Taranto,it,40.47605638,17.22859257,900,1300,340.0,900–1099,,,,True,True,,,,,,,,,0,0,0,0,,,,Romanesque architecture,wikidata_p149,,900.0,,inizio costruzione,,,,,False,900.0,,,960,1300,True,False,wikipedia_final_replaced,original_kept,,missing,,missing,Romanesque architecture (c. 1000–1200),16.0,1523.0117093574954,383705165.0,10.953396819506628,15.890466031804934,1.0,high,Duomo di San Cataldo,way,"{""amenity"": ""place_of_worship"", ""basilica"": ""minor"", ""building"": ""church"", ""denomination"": ""catholic"", ""name"": ""Duomo di San Cataldo"", ""religion"": ""christian"", ""tourism"": ""attraction"", ""wikidata"": ""Q450083"", ""wikipedia"": ""it:Cattedrale di San Cataldo""}",osm_polygon_area_used_as_mapped_footprint_or_precinct_estimate,1523.0117093574954,osm_polygon_area,7.3284450412158995,False,True,True
176,Duomo,Mantua,it,45.1608325,10.79755988,1300,1761,801.0,700–899,,,,True,True,,,,,,,,,0,0,0,0,,,,Mannerist architecture,wikidata_p149,,1300.0,1761.0,inizio costruzione,completamento,,,,False,1300.0,1761.0,,600,1401,True,True,wikipedia_final_replaced,wikipedia_final_replaced,,missing,,missing,Mannerist architecture,27.0,2371.7874752728385,38523691.0,16.309751505172777,8.836902484948272,0.0,high,Duomo,way,"{""alt_name"": ""Cattedrale di San Pietro"", ""amenity"": ""place_of_worship"", ""building"": ""church"", ""check_date"": ""2025-05-05"", ""denomination"": ""catholic"", ""name"": ""Duomo"", ""name:it"": ""Duomo"", ""name:pl"": ""Katedra w Mantui"", ""religion"": ""christian"", ""source"": ""Regione Lombardia - La banca dati territoriali CTR10000 è prodotta da Regione Lombardia - Infrastruttura per l'Informazione Territoriale"", ""wikidata"": ""Q650678"", ""wikipedia"": ""it:Duomo di Mantova""}",osm_polygon_area_used_as_mapped_footprint_or_precinct_estimate,2371.7874752728385,osm_polygon_area,7.771399158832393,False,True,True
177,Cathédrale Saint-Étienne,Cahors,fr,44.44729842,1.442987556,700,1320,620.0,700–899,,,,True,True,,,,,,,,,0,0,0,0,,st stephen (700),no (N/A),Romanesque architecture,wikidata_p149,,,,,,,,,False,,,,700,1320,False,False,original_kept,original_kept,,missing,,missing,Romanesque architecture (c. 1000–1200),133.0,1815.0048444471322,38612480.0,0.8951668992368619,10.991048331007631,0.0,high,Cathédrale Saint-Etienne,way,"{""amenity"": ""place_of_worship"", ""building"": ""cathedral"", ""check_date"": ""2025-01-05"", ""denomination"": ""roman_catholic"", ""heritage"": ""2"", ""heritage:operator"": ""mhs"", ""mhs:inscription_date"": ""1862"", ""name"": ""Cathédrale Saint-Etienne"", ""ref:FR:CEF"": ""46042_01"", ""ref:mhs"": ""PA00094997"", ""ref:whc"": ""868-051"", ""religion"": ""christian"", ""source"": ""cadastre-dgi-fr source : Direction Générale des Finances Publiques - Cadastre. Mise à jour : 2022"", ""source:heritage"": ""data.gouv.fr, Ministère de la Culture - 2016"", ""start_date"": ""C12"", ""whc:inscription_date"": ""1998"", ""wheelchair"": ""yes"", ""wikidata"": ""Q847628"", ""wikipedia"": ""fr:Cathédrale Saint-Étienne de Cahors""}",osm_polygon_area_used_as_mapped_footprint_or_precinct_estimate,1815.0048444471322,osm_polygon_area,7.503843415812266,False,True,True
178,Llandaff Cathedral,Cardiff,uk,51.49574639,-3.217849141,1120,1843,300.0,900–1099,,,,True,True,1.0,True,False,False,False,False,1400.0,1400.0,0,0,0,0,1400,"st peter (900), st paul (900)",damage during rebellion (1400),Gothic architecture,wikidata_p149,| parish =,1120.0,,founded,,1200.0,,1843.0,False,1120.0,1843.0,earliest:dates to the mid 13th century [ 99 ] and is made from chipping campden and bath limestone | current_end:completed by local architect john prichard between 1843 and 1869,900,1200,True,True,wikipedia_final_replaced,wikipedia_final_replaced,,missing,,missing,Gothic architecture (c. 1140–1600),28.0,2006.633608702643,38694157.0,13.176648020068843,11.504597156162948,0.09090909090909091,high,Llandaff Cathedral,way,"{""addr:city"": ""Cardiff"", ""addr:postcode"": ""CF5 2LA"", ""addr:street"": ""The Cathedral Green"", ""amenity"": ""place_of_worship"", ""building"": ""cathedral"", ""building:architecture"": ""medieval;gothic"", ""denomination"": ""anglican"", ""diocese"": ""Diocese of Llandaff"", ""fhrs:id"": ""970792"", ""heritage"": ""2"", ""heritage:operator"": ""cadw"", ""heritage:website"": ""https://cadwpublic-api.azurewebsites.net/reports/listedbuilding/FullReport?lang=en&id=13710"", ""listed_status"": ""Grade I"", ""name"": ""Llandaff Cathedral"", ""name:cy"": ""Eglwys Gadeiriol Llandaf"", ""name:en"": ""Llandaff Cathedral"", ""name:la"": ""Ecclesia cathedralis Landavensis"", ""official_name"": ""The Cathedral Church of Saints Peter and Paul with Saints Dyfrig, Teilo, and Euddogwy"", ""ref:dove"": ""11207"", ""religion"": ""christian"", ""website"": ""https://www.llandaffcathedral.org.uk/"", ""wikidata"": ""Q747856"", ""wikipedia"": ""en:Llandaff Cathedral"", ""year_of_construction"": ""1120–1869""}",osm_polygon_area_used_as_mapped_footprint_or_precinct_estimate,2006.633608702643,osm_polygon_area,7.604213775430607,False,True,True
179,Catedrale,Caltabellotta,it,37.5789709,13.21913279,1090,1110,20.0,900–1099,,,,True,True,,,,,,,,,0,0,0,0,,,,,missing,,,,,,,,,False,,,,1090,1110,False,False,original_kept,original_kept,,missing,,missing,,821.0,1097.6918655466288,387943472.0,1.3273326703713422,7.486726673296287,0.0,high,Basilica cattedrale di Maria Santissima Assunta,way,"{""amenity"": ""place_of_worship"", ""building"": ""yes"", ""check_date"": ""2025-03-05"", ""denomination"": ""catholic"", ""name"": ""Basilica cattedrale di Maria Santissima Assunta"", ""religion"": ""christian"", ""wikidata"": ""Q42532392"", ""wikipedia"": ""it:Basilica cattedrale di Maria Santissima Assunta""}",osm_polygon_area_used_as_mapped_footprint_or_precinct_estimate,1097.6918655466288,osm_polygon_area,7.000964950213621,False,True,True
180,Cathédrale de la Nativité de Notre-Dame,Noyon,fr,49.5821649,3.000727581,1145,1295,150.0,1100–1299,5898.0,23.0,135654.0,True,True,2.0,True,True,False,False,False,859.0,1131.0,0,0,0,0,859;1131,mary (700),"vikings (859), fire (1131)",Early Gothic architecture,wikidata_p149,,,,,,,,,False,,,,1145,1295,False,False,original_kept,original_kept,,original_kept,,original_kept,Early Gothic architecture (c. 1140–1200),56.0,,,,,,,,,,,5898.0,original_surface_m2,8.682368589375221,True,False,True
181,Cathédrale Notre-Dame et Saint-Castor,Nimes (Nîmes),fr,43.83834723,4.360420553,700,1096,396.0,700–899,,,,True,True,,,,,,,,,0,0,0,0,,"mary (700), st castor (700)",no (N/A),classical architecture,wikidata_p149,,,,,,,,,False,,,,700,1096,False,False,original_kept,original_kept,,missing,,missing,classical architecture,52.0,2062.995898034773,39706996.0,5.983573636804183,17.940164263631956,1.0,high,Cathédrale Notre-Dame et Saint-Castor,way,"{""amenity"": ""place_of_worship"", ""basilica"": ""minor"", ""building"": ""cathedral"", ""building:part"": ""minor"", ""check_date"": ""2024-07-28"", ""denomination"": ""catholic"", ""height"": ""40"", ""heritage"": ""2"", ""heritage:operator"": ""mhs"", ""name"": ""Cathédrale Notre-Dame et Saint-Castor"", ""ref:FR:CEF"": ""30189_01"", ""ref:mhs"": ""PA00103092"", ""religion"": ""christian"", ""source"": ""cadastre-dgi-fr source : Direction Générale des Impôts - Cadastre. Mise à jour : 2009"", ""start_date"": ""1096"", ""wikidata"": ""Q2942276"", ""wikipedia"": ""fr:Cathédrale Notre-Dame-et-Saint-Castor de Nîmes""}",osm_polygon_area_used_as_mapped_footprint_or_precinct_estimate,2062.995898034773,osm_polygon_area,7.631914524719674,False,True,True
182,Cathédrale Saint-Pierre,"Geneve (Geneva, Genf)",ch,46.20110486,6.148508233,600,1225,625.0,700–899,,,,True,True,1.0,False,True,False,False,False,1350.0,1350.0,0,0,0,0,1350,st peter (600),damaged by fires (14th c.),"Romanesque architecture, Neoclassical architecture, Gothic architecture",wikidata_p149,,,,,,,,,False,,,,600,1225,False,False,original_kept,original_kept,,missing,,missing,"Romanesque architecture (c. 1000–1200), Neoclassical architecture (c. 1750–1850), Gothic architecture (c. 1140–1600)",406.0,2152.237905740214,397737238.0,4.302485473052594,12.706975145269475,0.25,high,Cathédrale Saint-Pierre,way,"{""addr:city"": ""Genève"", ""addr:country"": ""CH"", ""addr:housenumber"": ""8"", ""addr:postcode"": ""1204"", ""addr:street"": ""Cour de Saint-Pierre"", ""amenity"": ""place_of_worship"", ""building"": ""cathedral"", ""denomination"": ""reformed"", ""name"": ""Cathédrale Saint-Pierre"", ""name:be"": ""Сабор Святога Пятра"", ""name:de"": ""Kathedrale St. Peter"", ""name:en"": ""St. Pierre Cathedral"", ""name:es"": ""Catedral de San Pedro"", ""name:fr"": ""Cathédrale Saint-Pierre"", ""name:hu"": ""Szent Péter-katedrális"", ""name:it"": ""Cattedrale di San Pietro"", ""name:ja"": ""サン＝ピエール大聖堂"", ""name:ko"": ""생 피에르 교회"", ""name:nl"": ""Sint-Pieterskathedraal"", ""name:pl"": ""Katedra św. Piotra"", ""name:pt"": ""Catedral de São Pedro"", ""name:ru"": ""Кафедральный собор Святого Петра"", ""name:uk"": ""Собор святого Петра"", ""name:zh"": ""圣皮埃尔大教堂"", ""name:zh-Hans"": ""圣皮埃尔大教堂"", ""name:zh-Hant"": ""聖彼得大教堂"", ""religion"": ""christian"", ""tourism"": ""attraction"", ""wheelchair"": ""limited"", ""wikidata"": ""Q666516"", ""wikipedia"": ""fr:Cathédrale Saint-Pierre de Genève""}",osm_polygon_area_used_as_mapped_footprint_or_precinct_estimate,2152.237905740214,osm_polygon_area,7.674263466165887,False,True,True
183,Cattedrale di Santa Maria Assunta,Acerra,it,40.94336863,14.3727919,800,1874,500.0,700–899,,,,True,True,,,,,,,,,0,0,0,0,,,,Neoclassical architecture,wikidata_p149,,,1874.0,,completamento,,,,False,,1874.0,,800,1300,False,True,original_kept,wikipedia_final_replaced,,missing,,missing,Neoclassical architecture (c. 1750–1850),32.0,1562.3029943164438,734173595.0,6.57979668789275,17.934202033121075,1.0,high,Cattedrale di Santa Maria Assunta,way,"{""amenity"": ""place_of_worship"", ""building"": ""cathedral"", ""check_date"": ""2023-08-03"", ""denomination"": ""catholic"", ""name"": ""Cattedrale di Santa Maria Assunta"", ""religion"": ""christian"", ""wikipedia"": ""it:Cattedrale di Acerra""}",osm_polygon_area_used_as_mapped_footprint_or_precinct_estimate,1562.3029943164438,osm_polygon_area,7.353916290023871,False,True,True
184,Duomo di lecce,Lecce,it,40.351667,18.169444,1100,1689,56.0,1100–1299,,,,True,True,,,,,,,,,0,0,0,0,,,,barocco leccese,wikidata_p149,,1100.0,1689.0,inizio costruzione,completamento,,,,False,1100.0,1689.0,,1194,1250,True,True,wikipedia_final_replaced,wikipedia_final_replaced,,missing,,missing,barocco leccese,59.0,2145.1185686369427,299833831.0,13.513905893184557,15.864860941068155,1.0,high,Duomo di Lecce,way,"{""amenity"": ""place_of_worship"", ""architect"": ""G. Zimbalo"", ""artist_name"": ""G. Zimbalo;G. A. Coppola;O. Tiso;G. Straffella;G. da Brindisi;L. Pacciolla;G. Riccardi;C. Penna;G. Pino;A. Larducci;A. Bortone;A. Maccagnani;A. Gigante;A. De Pascalis"", ""building"": ""church"", ""check_date"": ""2025-09-03"", ""denomination"": ""catholic"", ""fee"": ""yes"", ""name"": ""Duomo di Lecce"", ""name:en"": ""Lecce Cathedral"", ""name:it"": ""Duomo di Lecce"", ""religion"": ""christian"", ""roof:shape"": ""gabled"", ""start_date"": ""1114"", ""wheelchair"": ""limited"", ""wikidata"": ""Q843722"", ""wikipedia"": ""it:Duomo di Lecce""}",osm_polygon_area_used_as_mapped_footprint_or_precinct_estimate,2145.1185686369427,osm_polygon_area,7.670950106588234,False,True,True
185,Concattedrale di Santa Maria Assunta+,Matelica,it,43.25757302,13.00835795,1350,1500,100.0,1300–1500,,,,True,True,,,,,,,,,0,0,0,0,,,,Renaissance,wikidata_p149,,,1500.0,,completamento,,,,False,,1500.0,,1350,1450,False,True,original_kept,wikipedia_final_replaced,,missing,,missing,Renaissance (c. 1400–1600),357.0,1324.7041684995056,398955371.0,3.46303087338333,12.465369691266167,0.5,high,Concattedrale di Santa Maria Assunta,way,"{""amenity"": ""place_of_worship"", ""building"": ""church"", ""denomination"": ""catholic"", ""name"": ""Concattedrale di Santa Maria Assunta"", ""religion"": ""christian"", ""wikidata"": ""Q2942706"", ""wikipedia"": ""it:Concattedrale di Santa Maria Assunta (Matelica)""}",osm_polygon_area_used_as_mapped_footprint_or_precinct_estimate,1324.7041684995056,osm_polygon_area,7.1889444444351,False,True,True
186,Dom Sankt Peter,Regensburg,de,49.01947413,12.09831063,1200,1221,21.0,1100–1299,3306.282838,32.0,105801.050816,True,True,1.0,False,True,False,False,False,1273.0,1273.0,0,0,0,0,1273,st peter (700),fire (1273),Gothic architecture,wikidata_p149,,,,,,,,,False,,,,1200,1221,False,False,original_kept,original_kept,105.0,original_kept,,original_kept,Gothic architecture (c. 1140–1600),345.0,,,,,,,,,,,3306.282838,original_surface_m2,8.103579827655585,True,False,True
187,Cattedrale di Santa Maria Assunta,San Severo,it,41.68512626,15.38079197,1000,1800,20.0,1100–1299,,,,True,True,,,,,,,,,0,0,0,0,,,,baroque architecture,wikidata_p149,,1000.0,1800.0,inizio costruzione,completamento,,,,False,1000.0,1800.0,,1180,1200,True,True,wikipedia_final_replaced,wikipedia_final_replaced,,missing,,missing,baroque architecture (c. 1600–1750),89.0,1205.0692567969672,404759154.0,5.815328676134079,15.94184671323866,1.0,high,Cattedrale di Maria Ss. Assunta,way,"{""building"": ""cathedral"", ""denomination"": ""roman_catholic"", ""name"": ""Cattedrale di Maria Ss. Assunta"", ""religion"": ""christian"", ""wikidata"": ""Q2942796"", ""wikipedia"": ""it:Cattedrale di Santa Maria Assunta (San Severo)""}",osm_polygon_area_used_as_mapped_footprint_or_precinct_estimate,1205.0692567969672,osm_polygon_area,7.094292318793463,False,True,True
188,Basilica cattedrale di Santa Maria Assunta,Lucera,it,41.50807175,15.335066,1302,1317,417.0,900–1099,,,,True,True,1.0,True,False,False,False,False,1250.0,1250.0,1,1,0,0,1250,,,Gothic architecture,wikidata_p149,,1302.0,1317.0,inizio costruzione,completamento,,,1302.0,False,1302.0,1317.0,current_end:consacrata nel 1302 ,900,1317,True,False,wikipedia_final_replaced,original_kept,,missing,,missing,Gothic architecture (c. 1140–1600),225.0,2262.7921886290424,404813260.0,15.519284026999639,15.844807159730003,1.0,high,Basilica cattedrale di Santa Maria Assunta,way,"{""addr:street"": ""Piazza del Duomo"", ""amenity"": ""place_of_worship"", ""basilica"": ""minor"", ""building"": ""church"", ""check_date"": ""2022-07-06"", ""denomination"": ""catholic"", ""landuse"": ""religious"", ""name"": ""Basilica cattedrale di Santa Maria Assunta"", ""religion"": ""christian"", ""wikidata"": ""Q593993"", ""wikipedia"": ""it:Basilica cattedrale di Santa Maria Assunta (Lucera)""}",osm_polygon_area_used_as_mapped_footprint_or_precinct_estimate,2262.7921886290424,osm_polygon_area,7.724354811381127,False,True,True
189,Cattedrale di Foggia,Foggia,it,41.4635073,15.54386126,1172,1223,134.0,900–1099,,,,True,True,,,,,,,,,0,0,0,0,,,,Romanesque architecture,wikidata_p149,,1172.0,,inizio costruzione,,,,,False,1172.0,,,1089,1223,True,False,wikipedia_final_replaced,original_kept,,missing,,missing,Romanesque architecture (c. 1000–1200),80.0,1178.2270415721287,405217578.0,6.440122773505864,10.935598772264942,0.0,high,Cattedrale Madonna dei Sette Veli o Icona Vetere,way,"{""amenity"": ""place_of_worship"", ""basilica"": ""minor"", ""building"": ""cathedral"", ""check_date"": ""2022-07-06"", ""denomination"": ""catholic"", ""name"": ""Cattedrale Madonna dei Sette Veli o Icona Vetere"", ""religion"": ""christian"", ""wikidata"": ""Q476926"", ""wikipedia"": ""it:Cattedrale di Foggia""}",osm_polygon_area_used_as_mapped_footprint_or_precinct_estimate,1178.2270415721287,osm_polygon_area,7.071766080421664,False,True,True
190,Cathédrale Saint-Pierre et Saint-Paul,Poitiers,fr,46.58033672,0.349359291642663,700,1379,679.0,700–899,,34.0,,True,True,1.0,False,True,False,False,False,1018.0,1018.0,1,0,1,0,1018,st peter (700),fire (1018),Gothic architecture,wikidata_p149,,,,,,,,,False,,,,700,1379,False,False,original_kept,original_kept,34.0,wikidata_p2048_filled_missing,,missing,Gothic architecture (c. 1140–1600),94.0,4644.366646770213,40630875.0,2.2709752261259437,17.97729024773874,1.0,high,Cathédrale Saint-Pierre et Saint-Paul,way,"{""amenity"": ""place_of_worship"", ""basilica"": ""minor"", ""building"": ""cathedral"", ""building:architecture"": ""gothic"", ""check_date"": ""2024-11-17"", ""check_date:opening_hours"": ""2020-12-13"", ""denomination"": ""catholic"", ""heritage"": ""2"", ""heritage:operator"": ""mhs"", ""name"": ""Cathédrale Saint-Pierre et Saint-Paul"", ""opening_hours"": ""Mo-Su 09:00-19:00"", ""ref:FR:CEF"": ""86194_01"", ""ref:mhs"": ""PA00105586"", ""religion"": ""christian"", ""source"": ""cadastre-dgi-fr source : Direction Générale des Impôts - Cadastre;mise à jour : 2021"", ""wheelchair"": ""limited"", ""wikidata"": ""Q1481233"", ""wikipedia"": ""fr:Cathédrale Saint-Pierre de Poitiers""}",osm_polygon_area_used_as_mapped_footprint_or_precinct_estimate,4644.366646770213,osm_polygon_area,8.443410290340925,False,True,True
191,Cattedrale di Santa Maria Maggiore,Barletta,it,41.32050509,16.28621951,1126,1400,767.0,700–899,,,,True,True,1.0,True,False,False,False,False,862.0,862.0,1,1,0,0,862,,,Romanesque architecture,wikidata_p149,,1126.0,1400.0,inizio costruzione,completamento,,,,False,1126.0,1400.0,,500,1267,True,True,wikipedia_final_replaced,wikipedia_final_replaced,,missing,,missing,Romanesque architecture (c. 1000–1200),20.0,1362.1720363197383,407428806.0,4.358828976170752,11.756411710238293,0.4,high,Cattedrale di Santa Maria Maggiore,way,"{""alt_name"": ""Duomo di Barletta"", ""amenity"": ""place_of_worship"", ""basilica"": ""minor"", ""building"": ""church"", ""check_date"": ""2024-08-14"", ""denomination"": ""catholic"", ""name"": ""Cattedrale di Santa Maria Maggiore"", ""name:es"": ""Catedral de Santa María la Mayor (Barletta)"", ""religion"": ""christian"", ""start_date"": ""1267"", ""wheelchair"": ""limited"", ""wikidata"": ""Q2942520"", ""wikipedia"": ""it:Cattedrale di Barletta"", ""wikipedia:es"": ""es:Concatedral basílica de Santa María la Mayor (Barletta)""}",osm_polygon_area_used_as_mapped_footprint_or_precinct_estimate,1362.1720363197383,osm_polygon_area,7.216835790274485,False,True,True
192,Cattedrale di San Nicola Pellegrino,Trani,it,41.28223537,16.41848388,1099,1143,785.0,700–899,,59.0,,True,True,,,,,,,,,0,0,0,0,,,,Romanesque architecture,wikidata_p149,calcium oxide,1099.0,,inizio costruzione,,,,1143.0,False,1099.0,1143.0,current_end:consacrata nel 1143 prima ancora del completamento,400,1185,True,True,wikipedia_final_replaced,wikipedia_final_replaced,59.0,wikidata_p2048_filled_missing,,missing,Romanesque architecture (c. 1000–1200),5.0,1348.356252312893,407824982.0,5.2790041123073355,12.947209958876927,0.2857142857142857,high,Cattedrale di San Nicola Pellegrino,way,"{""alt_name"": ""Basilica Cattedrale di Santa Maria Assunta"", ""alt_name:en"": ""Cathedral Basilica of the Assumption of Saint Mary"", ""alt_name:es"": ""Catedral de San Nicolás Peregrino"", ""amenity"": ""place_of_worship"", ""basilica"": ""minor"", ""building"": ""cathedral"", ""building:architecture"": ""romanesque"", ""denomination"": ""catholic"", ""description"": ""Site houses the relic of the eucharistic miracle of the 11th century."", ""diocese"": ""Trani–Barletta–Bisceglie"", ""name"": ""Cattedrale di San Nicola Pellegrino"", ""name:en"": ""Cathedral of San Nicola Pellegrino"", ""name:es"": ""Basílica Catedral de la Asunción de María"", ""phone"": ""+39 0883 500293"", ""religion"": ""christian"", ""website"": ""https://www.cattedraletrani.it/"", ""wheelchair"": ""no"", ""wikidata"": ""Q513023"", ""wikipedia"": ""it:Cattedrale di Trani""}",osm_polygon_area_used_as_mapped_footprint_or_precinct_estimate,1348.356252312893,osm_polygon_area,7.206641538687108,False,True,True
193,Concattedrale di Bitonto,Bitonto,it,41.10633022,16.68976575,1089,1300,514.0,700–899,,,,True,True,,,,,,,,,0,0,0,0,,,,Romanesque architecture,wikidata_p149,,1100.0,1300.0,inizio costruzione,completamento,1089.0,,,False,1089.0,1300.0,earliest:risale al 1089  | earliest:risale al 1089 ,600,1114,True,True,wikipedia_final_replaced,wikipedia_final_replaced,,missing,,missing,Romanesque architecture (c. 1000–1200),125.0,1159.3008841187693,409194289.0,3.9980979932945715,13.760019020067055,0.4,high,Concattedrale di Maria Santissima Assunta,way,"{""addr:city"": ""Bitonto"", ""addr:housenumber"": ""19"", ""addr:postcode"": ""70032"", ""addr:street"": ""Piazza Cattedrale"", ""air_conditioning"": ""no"", ""alt_name"": ""Duomo di Bitonto"", ""amenity"": ""place_of_worship"", ""building"": ""cathedral"", ""building:architecture"": ""romanesque"", ""check_date"": ""2022-12-26"", ""denomination"": ""roman_catholic"", ""historic"": ""yes"", ""name"": ""Concattedrale di Maria Santissima Assunta"", ""religion"": ""christian"", ""start_date"": ""1087"", ""wheelchair"": ""yes"", ""wikidata"": ""Q753363"", ""wikimedia_commons"": ""Category:Cathedral_(Bitonto)"", ""wikipedia"": ""it:Concattedrale di Bitonto""}",osm_polygon_area_used_as_mapped_footprint_or_precinct_estimate,1159.3008841187693,osm_polygon_area,7.055572416307626,False,True,True
194,St.-Paulus-Dom,Muenster (Münster (Westfalen)),de,51.96306604,7.625786612,1225,1264,39.0,1100–1299,4331.349654,23.0,99621.042042,True,True,,,,,,,,,0,0,0,0,,"st ludger (800), st paulus (900)",no (N/A),Gothic architecture,wikidata_p149,,,,,,,,,False,,,,1225,1264,False,False,original_kept,original_kept,58.0,original_kept,,original_kept,Gothic architecture (c. 1140–1600),64.0,,,,,,,,,,,4331.349654,original_surface_m2,8.373634470812059,True,False,True
195,Cattedrale di Santa Maria Assunta,Conversano,it,40.96841224,17.1147544,1100,1379,873.0,700–899,,,,True,True,,,,,,,,,0,0,0,0,,,,Romanesque art in Apulia,wikidata_p149,,1100.0,1379.0,inizio costruzione,completamento,,,1926.0,False,1100.0,1379.0,current_end:completata nel 1926 quando la cattedrale venne riaperta al culto,500,1373,True,True,wikipedia_final_replaced,wikipedia_final_replaced,,missing,,missing,Romanesque art in Apulia (c. 1000–1200),222.0,1021.120286705438,409920052.0,7.081405058642437,13.595852616080242,0.6666666666666666,high,Cattedrale di Santa Maria Assunta,way,"{""alt_name"": ""Cattedrale di Conversano"", ""amenity"": ""place_of_worship"", ""basilica"": ""minor"", ""building"": ""church"", ""building:architecture"": ""romanesque"", ""denomination"": ""roman_catholic"", ""name"": ""Cattedrale di Santa Maria Assunta"", ""religion"": ""christian"", ""tourism"": ""attraction"", ""wheelchair"": ""yes"", ""wikidata"": ""Q948305"", ""wikipedia"": ""it:Cattedrale di Conversano""}",osm_polygon_area_used_as_mapped_footprint_or_precinct_estimate,1021.120286705438,osm_polygon_area,6.9286556238653,False,True,True
196,Cattedrale Santa Maria Assunta,Altamura,it,40.82741421,16.55280039,1232,1254,88.0,1100–1299,,,,True,False,1.0,False,False,False,False,True,1316.0,1316.0,1,0,0,0,1316,,,Romanesque art in Apulia,wikidata_p149,,1232.0,1254.0,inizio costruzione,completamento,,,,False,1232.0,1254.0,,1232,1320,False,True,original_kept,wikipedia_final_replaced,,missing,,missing,Romanesque art in Apulia (c. 1000–1200),472.0,1403.526873143157,410903032.0,4.830515215128929,15.95169484784871,1.0,high,Cattedrale Santa Maria Assunta,way,"{""amenity"": ""place_of_worship"", ""building"": ""church"", ""name"": ""Cattedrale Santa Maria Assunta"", ""religion"": ""christian"", ""wikidata"": ""Q277433"", ""wikipedia"": ""it:Cattedrale di Santa Maria Assunta (Altamura)""}",osm_polygon_area_used_as_mapped_footprint_or_precinct_estimate,1403.526873143157,osm_polygon_area,7.2467435428528,False,True,True
197,Cattedrale,Gravina (Gravina in Puglia),it,40.81744106,16.41356473,1000,1600,440.0,900–1099,,,,True,True,2.0,False,True,True,False,False,1447.0,1456.0,2,0,1,1,1447;1456,,,Romanesque architecture,wikidata_p149,,1000.0,1600.0,inizio costruzione,completamento,,1065.0,,True,1000.0,1600.0,current_start:l'attuale cattedrale fu costruita nel 1065 «come si ricava da antichi documenti di gravina e dalla iscrizione posta nel frontespizio alla fascia superiore | current_start:attuale cattedrale fu costruita nel 1065 «come si ricava da antichi documenti di gravina e dalla iscrizione posta nel frontespizio alla fascia superiore,1080,1520,True,True,wikipedia_final_replaced,wikipedia_final_replaced,,missing,,missing,Romanesque architecture (c. 1000–1200),352.0,1195.5261623181868,411138839.0,6.964619520853649,10.930353804791464,0.0,high,Cattedrale,way,"{""amenity"": ""place_of_worship"", ""basilica"": ""minor"", ""building"": ""cathedral"", ""check_date"": ""2024-12-30"", ""denomination"": ""catholic"", ""name"": ""Cattedrale"", ""religion"": ""christian"", ""wikidata"": ""Q3686013"", ""wikipedia"": ""en:Gravina Cathedral""}",osm_polygon_area_used_as_mapped_footprint_or_precinct_estimate,1195.5261623181868,osm_polygon_area,7.086341670655739,False,True,True
198,Cathédrale Saint-Bénigne,Dijon,fr,47.32149274,5.03442645,700,1325,625.0,700–899,,,,True,True,,,,,,,,,0,0,0,0,,st benignus (700),no (N/A),Gothic architecture,wikidata_p149,,,,,,,,,False,,,,700,1325,False,False,original_kept,original_kept,,missing,,missing,Gothic architecture (c. 1140–1600),250.0,2623.459654396487,41495874.0,2.5163101215297297,17.9748368987847,1.0,high,Cathédrale Saint-Bénigne,way,"{""amenity"": ""place_of_worship"", ""building"": ""cathedral"", ""building:colour"": ""lightgrey"", ""check_date"": ""2025-08-08"", ""denomination"": ""catholic"", ""heritage"": ""2"", ""heritage:operator"": ""mhs"", ""mhs:inscription_date"": ""1939-06-16"", ""name"": ""Cathédrale Saint-Bénigne"", ""name:ja"": ""サン・ベニーニュ大聖堂"", ""ref:FR:CEF"": ""21231_03"", ""ref:mhs"": ""PA00112249"", ""religion"": ""christian"", ""source"": ""data.gouv.fr:Ministère de la Culture - 08/2011"", ""source:heritage"": ""Ministère de la Culture - 07/2018"", ""wheelchair"": ""limited"", ""wikidata"": ""Q1711691"", ""wikipedia"": ""fr:Cathédrale Saint-Bénigne de Dijon""}",osm_polygon_area_used_as_mapped_footprint_or_precinct_estimate,2623.459654396487,osm_polygon_area,7.8722492044670584,False,True,True
199,Cattedrale di Santa Maria Assunta,Chioggia,it,45.21691515,12.27725435,1624,1802,410.0,700–899,,,,True,True,,,,,,,,,0,0,0,0,,,,baroque architecture,wikidata_p149,brick,1624.0,1802.0,inizio costruzione,completamento,,,,False,1624.0,1802.0,,700,1110,True,True,wikipedia_final_replaced,wikipedia_final_replaced,,missing,,missing,baroque architecture (c. 1600–1750),3.0,2024.333943736623,416721530.0,17.73994504165147,15.822600549583486,1.0,high,Cattedrale di Santa Maria Assunta,way,"{""amenity"": ""place_of_worship"", ""building"": ""church"", ""denomination"": ""catholic"", ""name"": ""Cattedrale di Santa Maria Assunta"", ""religion"": ""christian"", ""wikidata"": ""Q1111481"", ""wikipedia"": ""it:Cattedrale di Chioggia""}",osm_polygon_area_used_as_mapped_footprint_or_precinct_estimate,2024.333943736623,osm_polygon_area,7.612996008762414,False,True,True
200,Basilica cattedrale di Santa Maria Assunta,Nardo (Nardò),it,40.18000181,18.03045876,1000,1899,800.0,700–899,,,,True,True,,,,,,,,,0,0,0,0,,,,Romanesque architecture,wikidata_p149,,1000.0,1899.0,inizio costruzione,completamento,,,,False,1000.0,1899.0,,600,1400,True,True,wikipedia_final_replaced,wikipedia_final_replaced,,missing,,missing,Romanesque architecture (c. 1000–1200),45.0,1318.346793889068,417666624.0,13.598017960539284,12.864019820394606,0.2857142857142857,high,Basilica cattedrale di Santa Maria Assunta,way,"{""addr:city"": ""Nardò"", ""addr:postcode"": ""73048"", ""addr:street"": ""Piazza Pio XI"", ""alt_name:es"": ""Catedral de Nardó"", ""amenity"": ""place_of_worship"", ""basilica"": ""minor"", ""building"": ""cathedral"", ""building:levels"": ""4"", ""name"": ""Basilica cattedrale di Santa Maria Assunta"", ""name:de"": ""Kathedrale von Nardò"", ""name:es"": ""Catedral basílica de la Asunción de María"", ""name:fr"": ""Cathédrale de Nardò"", ""religion"": ""christian"", ""roof:shape"": ""gabled"", ""wheelchair"": ""yes"", ""wikidata"": ""Q2645223"", ""wikipedia"": ""it:Basilica cattedrale di Santa Maria Assunta (Nardò)""}",osm_polygon_area_used_as_mapped_footprint_or_precinct_estimate,1318.346793889068,osm_polygon_area,7.184133801763999,False,True,True
201,Winchester Cathedral,Winchester,uk,51.06071794,-1.313285528,1079,2016,800.0,700–899,,,,True,True,,,,,,,,,0,0,0,0,,"st peter (700), st paul (700), st swithin (700)",no (N/A),Norman architecture,wikidata_p149,,1079.0,,groundbreaking,,1107.0,1107.0,2016.0,True,1079.0,2016.0,earliest:was founded in 1999 and is made up of 20 girls between the ages of 12 and 17 | earliest:built in the norman style following its collapse in 1107 | earliest:built in the perpendicular gothic style from 1458 to 1520 | current_start:rebuilt in the norman style following its collapse in 1107 | current_end:completed in 901 by his son edward the elder  | current_end:completed in may 2016 with the removal of the external scaffolding and the completion of the lead replacement | current_end:completed in 1532 | current_end:dedicated in 993,700,1500,True,True,wikipedia_final_replaced,wikipedia_final_replaced,,missing,,missing,Norman architecture (c. 1066–1200),42.0,6009.148235725705,41766672.0,29.646089615644772,13.48131688162133,0.1111111111111111,high,Winchester Cathedral,way,"{""addr:city"": ""Winchester"", ""addr:country"": ""GB"", ""addr:postcode"": ""SO23 9LS"", ""addr:street"": ""Cathedral Close"", ""alt_name"": ""Cathedral Church of the Holy Trinity, and of St Peter and St Paul and of St Swithun"", ""amenity"": ""place_of_worship"", ""building"": ""cathedral"", ""building:architecture"": ""norman;gothic"", ""denomination"": ""anglican"", ""diocese"": ""Diocese of Winchester"", ""heritage"": ""2"", ""heritage:operator"": ""Historic England"", ""heritage:website"": ""https://historicengland.org.uk/listing/the-list/list-entry/1095509"", ""historic"": ""cathedral"", ""listed_status"": ""Grade I"", ""name"": ""Winchester Cathedral"", ""name:cy"": ""Eglwys Gadeiriol Caerwynt"", ""name:la"": ""Ecclesia cathedralis Wintoniensis"", ""name:zh"": ""温切斯特大教堂"", ""opening_hours"": ""Mo-Sa 09:00-17:00; Su 12:30-15:00"", ""ref:GB:nhle"": ""1095509"", ""ref:GB:uprn"": ""200000189250"", ""religion"": ""christian"", ""source"": ""Bing"", ""website"": ""https://www.winchester-cathedral.org.uk/"", ""wheelchair"": ""yes"", ""wikidata"": ""Q476529"", ""wikipedia"": ""en:Winchester Cathedral"", ""year_of_construction"": ""1079–1532""}",osm_polygon_area_used_as_mapped_footprint_or_precinct_estimate,6009.148235725705,osm_polygon_area,8.701038292980511,False,True,True
202,Cattedrale di San Sabino,Bari,it,41.12853896,16.86907751,1100,1292,792.0,700–899,,,,True,True,1.0,False,False,False,False,True,1156.0,1156.0,1,0,0,0,1156,,,Romanesque art in Apulia,wikidata_p149,,1100.0,1292.0,inizio costruzione,completamento,,,,False,1100.0,1292.0,,500,1292,True,False,wikipedia_final_replaced,original_kept,,missing,,missing,Romanesque art in Apulia (c. 1000–1200),13.0,1896.4497478649282,417998768.0,14.441681053467287,12.355583189465328,0.5,high,Cattedrale di San Sabino,way,"{""addr:city"": ""Bari"", ""addr:postcode"": ""70122"", ""addr:street"": ""Piazza dell'Odegitria"", ""amenity"": ""place_of_worship"", ""basilica"": ""minor"", ""building"": ""church"", ""building:architecture"": ""romanesque"", ""fee"": ""yes"", ""importance"": ""regional"", ""name"": ""Cattedrale di San Sabino"", ""name:en"": ""Cathedral of Saint Sabinus"", ""name:it"": ""Cattedrale di San Sabino"", ""opening_hours"": ""Mo-Sa 08:00-12:30, 16:00-19:30; Su 08:00-12:30, 17:00-20:30"", ""religion"": ""christian"", ""service_times"": ""Mo-Fr 19:00; Su 10:00, 11:15, 19:00"", ""start_date"": ""1292"", ""wheelchair"": ""no"", ""wikidata"": ""Q383884"", ""wikipedia"": ""it:Cattedrale di San Sabino""}",osm_polygon_area_used_as_mapped_footprint_or_precinct_estimate,1896.4497478649282,osm_polygon_area,7.54773886347493,False,True,True
203,San Settimio,Iesi,it,43.52489589,13.24632916,1741,1889,580.0,900–1099,,,,True,True,,,,,,,,,0,0,0,0,,,,baroque architecture,wikidata_p149,,1741.0,1889.0,inizio costruzione,completamento,,,1889.0,False,1741.0,1889.0,current_end:completata nel 1238 [ 3 ]  | current_end:completata nel 1889 ,900,1480,True,True,wikipedia_final_replaced,wikipedia_final_replaced,,missing,,missing,baroque architecture (c. 1600–1750),80.0,,,,,,none,,,,"overpass_error_429: <?xml version=""1.0"" encoding=""UTF-8""?>
<!DOCTYPE html PUBLIC ""-//W3C//DTD XHTML 1.0 Strict//EN""
    ""http://www.w3.org/TR/xhtml1/DTD/xhtml1-strict.dtd"">
<html xmlns=""http://www.w3.org/1999/xhtml"" xml:lang=""en"" lang=""en"">
<head>
  <meta http-equiv=""content-type"" content=""text/html; charset=utf-8"" lang=""en""/>
  <title>OSM3S Response</title>
</head>
<body>

<p>The data included in this document is from www.openstreetmap.org. The data is made available under ODbL.</p>
<p><strong style=""color:#FF0000"">Error</strong>: runtime error: open64: 0 Success /osm3s_osm_base Dispatcher_Client::request_read_and_idx::rate_limited. Please check /api/status for the quota of your IP address. </p>

</body>
</htm",,missing,,False,False,False
204,Cattedrale di Santa Maria Assunta,Acqui Terme,it,44.67416919,8.471231738,1000,1900,470.0,900–1099,,,,True,True,,,,,,,,,0,0,0,0,,,,Romanesque architecture,wikidata_p149,,1000.0,1900.0,inizio costruzione,completamento,,,,False,1000.0,1900.0,,1020,1490,True,True,wikipedia_final_replaced,wikipedia_final_replaced,,missing,,missing,Romanesque architecture (c. 1000–1200),181.0,1642.4857425495284,422071903.0,5.101303037200993,17.94898696962799,1.0,high,Cattedrale di Santa Maria Assunta,way,"{""amenity"": ""place_of_worship"", ""building"": ""cathedral"", ""denomination"": ""catholic"", ""name"": ""Cattedrale di Santa Maria Assunta"", ""religion"": ""christian"", ""wikidata"": ""Q3663731"", ""wikipedia"": ""it:Cattedrale di Santa Maria Assunta (Acqui Terme)""}",osm_polygon_area_used_as_mapped_footprint_or_precinct_estimate,1642.4857425495284,osm_polygon_area,7.403966069985949,False,True,True
205,Duomo,Brindisi,it,40.64036413,17.94568312,1100,1143,93.0,900–1099,,,,True,True,,,,,,,,,0,0,0,0,,,,Romanesque art in Apulia,wikidata_p149,,1100.0,,inizio costruzione,,,,1143.0,False,1100.0,1143.0,current_end:completata nel 1143 ,1050,1143,True,False,wikipedia_final_replaced,original_kept,,missing,,missing,Romanesque art in Apulia (c. 1000–1200),17.0,,,,,,none,,,,"overpass_error_429: <?xml version=""1.0"" encoding=""UTF-8""?>
<!DOCTYPE html PUBLIC ""-//W3C//DTD XHTML 1.0 Strict//EN""
    ""http://www.w3.org/TR/xhtml1/DTD/xhtml1-strict.dtd"">
<html xmlns=""http://www.w3.org/1999/xhtml"" xml:lang=""en"" lang=""en"">
<head>
  <meta http-equiv=""content-type"" content=""text/html; charset=utf-8"" lang=""en""/>
  <title>OSM3S Response</title>
</head>
<body>

<p>The data included in this document is from www.openstreetmap.org. The data is made available under ODbL.</p>
<p><strong style=""color:#FF0000"">Error</strong>: runtime error: open64: 0 Success /osm3s_osm_base Dispatcher_Client::request_read_and_idx::rate_limited. Please check /api/status for the quota of your IP address. </p>

</body>
</htm",,missing,,False,False,False
206,Basilica Cattedrale di Santa Maria Assunta,Volterra,it,43.40177778,10.85900506,800,1800,320.0,700–899,,,,True,True,1.0,False,False,True,False,False,1117.0,1117.0,1,0,0,1,1117,,,Romanesque architecture,wikidata_p149,,1100.0,1800.0,inizio costruzione,completamento,800.0,,,False,800.0,1800.0,earliest:la prima cattedrale cittadina; in ogni caso a partire dal ix secolo esisteva una chiesa dedicata a santa maria ,800,1120,False,True,original_kept,wikipedia_final_replaced,,missing,,missing,Romanesque architecture (c. 1000–1200),534.0,1496.2217405312695,423593733.0,2.520606925006626,14.474793930749934,0.5,high,Basilica Cattedrale di Santa Maria Assunta,way,"{""alt_name"": ""Cattedrale di Santa Maria Assunta"", ""amenity"": ""place_of_worship"", ""basilica"": ""minor"", ""building"": ""cathedral"", ""denomination"": ""catholic"", ""description"": ""Site of the Eucharistic Miracle of 1472."", ""diocese"": ""Volterra"", ""fee"": ""yes"", ""name"": ""Basilica Cattedrale di Santa Maria Assunta"", ""name:en"": ""Cathedral Basilica of the Assumption of Saint Mary"", ""religion"": ""christian"", ""wikidata"": ""Q2942519"", ""wikipedia"": ""en:Volterra Cathedral""}",osm_polygon_area_used_as_mapped_footprint_or_precinct_estimate,1496.2217405312695,osm_polygon_area,7.310698369830846,False,True,True
207,Duomo di Cefalù,Cefalu (Cefalù),it,38.03984099,14.02356728,1131,1148,136.0,1100–1299,13939.999999999998,,,True,True,,,,,,,,,0,0,0,0,,,,Byzantine architecture,wikidata_p149,,1131.0,1148.0,inizio costruzione,completamento,,,,False,1131.0,1148.0,,1131,1267,False,True,original_kept,wikipedia_final_replaced,,missing,13939.999999999998,wikidata_p2046_filled_missing,Byzantine architecture (c. 330–1453),18.0,,,,,,,,,,,13939.999999999998,original_surface_m2,9.542517684314515,True,False,True
208,Cattedrale S Giorgio Martire,Caccamo,it,37.93090355,13.66047244,1616,1480,390.0,900–1099,,,,True,True,,,,,,,,,0,0,0,0,,,,Renaissance architecture,wikidata_p149,,1616.0,,inizio costruzione,,,,,False,1616.0,,,1090,1480,True,False,wikipedia_final_replaced,original_kept,,missing,,missing,Renaissance architecture (c. 1400–1600),448.0,1384.7650328117888,1113281491.0,13.333549046226628,15.866664509537735,1.0,high,Cattedrale San Giorgio Martire,way,"{""amenity"": ""place_of_worship"", ""building"": ""church"", ""denomination"": ""roman_catholic"", ""name"": ""Cattedrale San Giorgio Martire"", ""religion"": ""christian""}",osm_polygon_area_used_as_mapped_footprint_or_precinct_estimate,1384.7650328117888,osm_polygon_area,7.233285752829582,False,True,True
209,Cattedrale di Santo Stefano,Biella,it,45.56609355,8.053756768,1402,1900,803.0,900–1099,,,,True,True,,,,,,,,,0,0,0,0,,,,Gothic Revival,wikidata_p149,brick,1402.0,1900.0,inizio costruzione,completamento,,,,False,1402.0,1900.0,,1000,1803,True,True,wikipedia_final_replaced,wikipedia_final_replaced,,missing,,missing,Gothic Revival (c. 1140–1600),428.0,2433.923618373432,428452003.0,13.44952342116221,17.86550476578838,1.0,high,Cattedrale di Santo Stefano,way,"{""amenity"": ""place_of_worship"", ""building"": ""cathedral"", ""denomination"": ""catholic"", ""name"": ""Cattedrale di Santo Stefano"", ""religion"": ""christian"", ""tourism"": ""attraction"", ""wheelchair"": ""yes"", ""wikidata"": ""Q2942589"", ""wikipedia"": ""it:Duomo di Biella""}",osm_polygon_area_used_as_mapped_footprint_or_precinct_estimate,2433.923618373432,osm_polygon_area,7.797259891943091,False,True,True
210,Cattedrale di Sant'Emidio,Ascoli Piceno,it,42.85352207,13.5787555,400,1539,829.0,700–899,,,,True,True,,,,,,,,,0,0,0,0,,,,"Renaissance architecture, Romanesque architecture",wikidata_p149,,400.0,1539.0,inizio costruzione,completamento,1485.0,1592.0,,True,400.0,1539.0,earliest:risale al 1485  | earliest:risale al 1485  | current_start:ricostruita nel 1592 sul disegno dell'ascolano silvestro galeotti,750,1579,True,True,wikipedia_final_replaced,wikipedia_final_replaced,,missing,,missing,"Renaissance architecture (c. 1400–1600), Romanesque architecture (c. 1000–1200)",156.0,152.72471421398222,428514926.0,36.03595064381337,8.639640493561867,0.0,medium,Battistero di San Giovanni,way,"{""amenity"": ""place_of_worship"", ""building"": ""church"", ""check_date"": ""2024-08-07"", ""denomination"": ""catholic"", ""height"": ""15"", ""importance"": ""urban"", ""name"": ""Battistero di San Giovanni"", ""religion"": ""christian"", ""wheelchair"": ""no"", ""wikidata"": ""Q3636807"", ""wikipedia"": ""it:Battistero di San Giovanni (Ascoli Piceno)""}",osm_polygon_area_used_as_mapped_footprint_or_precinct_estimate,152.72471421398222,osm_polygon_area,5.02863704728826,False,True,True
211,Ely Cathedral,Ely,uk,52.39867229,0.263710280841286,672,1500,800.0,700–899,,,,True,True,1.0,True,False,False,False,False,900.0,900.0,1,1,0,0,900,"st etheldreda (700), st peter (700)",vikings (900),"English Gothic architecture, Norman architecture, Romanesque architecture",wikidata_p149,,1083.0,,years built,,672.0,,,False,672.0,,earliest:was founded in 672,700,1500,True,False,wikipedia_final_replaced,original_kept,,missing,,missing,"English Gothic architecture (c. 1180–1520), Norman architecture (c. 1066–1200), Romanesque architecture (c. 1000–1200)",30.0,5200.919922555622,4311103.0,47.66608549746441,13.398339145025357,0.125,medium,Ely Cathedral,way,"{""addr:city"": ""Ely"", ""addr:country"": ""GB"", ""addr:postcode"": ""CB7 4DL"", ""addr:street"": ""The College ('Oister Lane)"", ""alt_name"": ""Cathedral Church of the Holy and Undivided Trinity"", ""amenity"": ""place_of_worship"", ""building"": ""cathedral"", ""building:architecture"": ""romanesque;gothic"", ""denomination"": ""anglican"", ""diocese"": ""Diocese of Ely"", ""heritage"": ""2"", ""heritage:operator"": ""Historic England"", ""heritage:website"": ""https://historicengland.org.uk/listing/the-list/list-entry/1331690"", ""historic"": ""cathedral"", ""listed_status"": ""Grade I"", ""name"": ""Ely Cathedral"", ""name:de"": ""Kathedrale von Ely"", ""name:fr"": ""Cathédrale d'Ely"", ""name:la"": ""Ecclesia cathedralis Eliensis"", ""name:pl"": ""Katedra w Ely"", ""name:ru"": ""Собор Или"", ""name:uk"": ""Собор Ілі"", ""ref:GB:nhle"": ""1331690"", ""religion"": ""christian"", ""source"": ""OS_OpenData_StreetView"", ""toilets:wheelchair"": ""yes"", ""tourism"": ""attraction"", ""website"": ""https://www.elycathedral.org/"", ""wheelchair"": ""yes"", ""wheelchair:description"": ""Small ramp available for small door threshold. Accessible toilets available further in to the Cathedral near the Lady Chapel. Small cafe accessible but a tight squeeze for a wheelchair user."", ""wikidata"": ""Q579004"", ""wikipedia"": ""en:Ely Cathedral"", ""year_of_construction"": ""1083–1375""}",osm_polygon_area_used_as_mapped_footprint_or_precinct_estimate,5200.919922555622,osm_polygon_area,8.556590797106885,False,True,True
212,Cattedrale di Santa Maria del Fiore,Firenze,it,43.77312816,11.25662729,1296,1471,1031.0,700–899,8600.0,114.5,984700.0,True,True,,,,,,,,,0,0,0,0,,,,"Italian Gothic architecture, Renaissance architecture",wikidata_p149,"brick, marble",1296.0,1471.0,inizio costruzione,completamento,1477.0,,1442.0,False,1296.0,1471.0,earliest:risale al 1477 | earliest:risale al 1477 | current_end:completata nel 1442),405,1436,True,True,wikipedia_final_replaced,wikipedia_final_replaced,114.5,wikidata_p2048_filled_missing,8600.0,wikidata_p2046_filled_missing,"Italian Gothic architecture (c. 1140–1600), Renaissance architecture (c. 1400–1600)",63.0,,,,,,,,,,,8600.0,original_surface_m2,9.0595174822416,True,False,True
213,Chiesa di San Siro,Genova,it,44.41159665,8.930194071,500,1700,850.0,700–899,,,,True,True,,,,,,,,,0,0,0,0,,,,baroque architecture,wikidata_p149,,500.0,1700.0,inizio costruzione,completamento,,,,False,500.0,1700.0,,300,1150,True,True,wikipedia_final_replaced,wikipedia_final_replaced,,missing,,missing,baroque architecture (c. 1600–1750),31.0,1669.7203584288945,43873804.0,9.42916802525126,15.905708319747488,1.0,high,Chiesa di San Siro,way,"{""amenity"": ""place_of_worship"", ""building"": ""church"", ""denomination"": ""catholic"", ""name"": ""Chiesa di San Siro"", ""patron_saint:it"": ""San Siro"", ""religion"": ""christian"", ""wikidata"": ""Q1667579"", ""wikipedia"": ""it:Basilica di San Siro (Genova)""}",osm_polygon_area_used_as_mapped_footprint_or_precinct_estimate,1669.7203584288945,osm_polygon_area,7.420411441346899,False,True,True
214,Duomo San Giuliano,Macerata,it,43.30081049,13.45690283,1771,1790,5.0,1300–1500,,,,True,True,,,,,,,,,0,0,0,0,,,,Neoclassicism,wikidata_p149,,1771.0,1790.0,inizio costruzione,completamento,,,,False,1771.0,1790.0,,1459,1464,True,True,wikipedia_final_replaced,wikipedia_final_replaced,,missing,,missing,Neoclassicism,294.0,1697.8802902100433,43945530.0,8.21090153273362,12.417890984672663,0.5,high,Duomo San Giuliano,way,"{""amenity"": ""place_of_worship"", ""architect"": ""Cosimo Morelli"", ""building"": ""church"", ""denomination"": ""roman_catholic"", ""description"": ""The relic of the Eucharistic miracle of 1356 can be found here. The status of cathedral was transferred in 2023 to San Giovanni in Macerata."", ""name"": ""Duomo San Giuliano"", ""name:en"": ""Former Cathedral of San Giuliano"", ""name:it"": ""Duomo San Giuliano"", ""phone"": ""+39 07 3326 0330"", ""religion"": ""christian"", ""start_date"": ""1459"", ""wikidata"": ""Q2942704"", ""wikipedia"": ""it:Duomo di Macerata""}",osm_polygon_area_used_as_mapped_footprint_or_precinct_estimate,1697.8802902100433,osm_polygon_area,7.4371358639207905,False,True,True
215,Duomo di Orvieto,Orvieto,it,42.71700824,12.11363324,1290,1591,317.0,1100–1299,,,,True,True,,,,,,,,,0,0,0,0,,,,"Gothic architecture, Italian Gothic architecture",wikidata_p149,,1290.0,1591.0,inizio costruzione,completamento,1300.0,,,False,1290.0,1591.0,earliest:risale al xiii e xiv secolo ed è a pianta basilicale  | earliest:risale al 1961 | earliest:risale al xiii e xiv secolo ed è a pianta basilicale  | earliest:risale al 1961,1290,1607,False,True,original_kept,wikipedia_final_replaced,,missing,,missing,"Gothic architecture (c. 1140–1600), Italian Gothic architecture (c. 1140–1600)",320.0,2986.1655561849475,44184811.0,3.788107063571506,14.712118929364285,0.25,high,Duomo di Orvieto,way,"{""amenity"": ""place_of_worship"", ""basilica"": ""minor"", ""building"": ""cathedral"", ""denomination"": ""catholic"", ""description"": ""Site houses the relic of the Eucharistic miracle of Bolsena of 1263. The relic is housed in the Chapel of the Corporal."", ""diocese"": ""Orvieto-Todi"", ""historic"": ""church"", ""name"": ""Duomo di Orvieto"", ""name:bg"": ""Катедрала на Орвието"", ""name:ca"": ""Catedral d'Orvieto"", ""name:de"": ""Dom von Orvieto"", ""name:en"": ""Orvieto Cathedral"", ""name:es"": ""Catedral de Orvieto"", ""name:fr"": ""Cathédrale d'Orvieto"", ""name:it"": ""Duomo di Orvieto"", ""name:no"": ""Domkirken i Orvieto"", ""name:pt"": ""Catedral de Orvieto"", ""name:zh"": ""奥尔维耶托大教堂"", ""note"": ""Source for opening hours: http://www.opsm.it/duomo/021.html"", ""official_name"": ""Cattedrale di Santa Maria Assunta"", ""opening_hours"": ""Nov-Feb: Mo-Sa 9:30-13:00,14:30-17:00; Su,PH 14:30-16:30; Mar,Oct: Mo-Sa 9:30-18:00; Su,PH 13:00-17:30; Apr-Sep: 9:30-19:00"", ""religion"": ""christian"", ""tourism"": ""attraction"", ""website"": ""https://www.opsm.it/"", ""wikidata"": ""Q10924"", ""wikimedia_commons"": ""Category:Duomo (Orvieto)"", ""wikipedia"": ""it:Duomo di Orvieto""}",osm_polygon_area_used_as_mapped_footprint_or_precinct_estimate,2986.1655561849475,osm_polygon_area,8.001745420696443,False,True,True
216,Dom St. Peter und Paul,Brandenburg (Brandenburg an der Havel),de,52.41524916,12.56743776,1170,1370,200.0,1100–1299,,,,True,True,,,,,,,,,0,0,0,0,,"st peter (1100), st paul (1100)",no (N/A),Romanesque architecture,wikidata_p149,,,,,,,,,False,,,,1170,1370,False,False,original_kept,original_kept,,missing,,missing,Romanesque architecture (c. 1000–1200),36.0,1598.3213926427707,44435149.0,0.7355667396344522,15.659310999270321,0.6666666666666666,high,Dom St. Peter und Paul,way,"{""addr:city"": ""Brandenburg an der Havel"", ""addr:country"": ""DE"", ""addr:postcode"": ""14776"", ""addr:street"": ""Burghof"", ""addr:suburb"": ""Dominsel"", ""amenity"": ""place_of_worship"", ""building"": ""cathedral"", ""building:architecture"": ""romanesque;gothic"", ""contact:email"": ""gemeinde.brandenburgerdom@ekmb.de"", ""contact:phone"": ""+49 3381 524545"", ""deanery"": ""Evangelischer Kirchenkreis Mittelmark-Brandenburg"", ""denomination"": ""protestant"", ""diocese"": ""Evangelische Kirche Berlin-Brandenburg-Schlesische Oberlausitz"", ""heritage"": ""4"", ""heritage:operator"": ""bldam"", ""heritage:ref"": ""09145180"", ""heritage:website"": ""https://ns.gis-bldam-brandenburg.de/hida4web/view?docId=obj09145180.xml"", ""historic"": ""yes"", ""image"": ""http://commons.wikimedia.org/wiki/File:Dom_zu_Brandenburg.jpg"", ""name"": ""Dom St. Peter und Paul"", ""name:en"": ""St. Peter and Paul Cathedral"", ""name:fr"": ""Cathédrale de Brandebourg"", ""opening_hours"": ""Mo-Sa 10:00-17:00; Su 12:00-17:00"", ""parish"": ""Brandenburger Domgemeinde"", ""religion"": ""christian"", ""service_times"": ""Su 10:30"", ""tourism"": ""attraction"", ""website"": ""https://www.dom-brandenburg.de/"", ""wikidata"": ""Q1236555"", ""wikipedia"": ""de:St. Peter und Paul (Brandenburg an der Havel)""}",osm_polygon_area_used_as_mapped_footprint_or_precinct_estimate,1598.3213926427707,osm_polygon_area,7.376709227907928,False,True,True
217,Cattedrale Natività di Maria Santissima,Siracusa (Sirkusa),it,37.05959415,15.29380763,1444,1753,420.0,700–899,,,,True,True,,,,,,,,,0,0,0,0,,,,baroque architecture,wikidata_p149,,1753.0,,inizio costruzione,,1444.0,1910.0,1753.0,True,1444.0,1753.0,earliest:risale al xv secolo e nel 1518 la navata centrale fu coperta con il soffitto ligneo tuttora conservato | earliest:risale al 1528  | earliest:risale al 1444 ) | earliest:risale al 1885 ed è caratterizzata da marmo bianco e nero che vanno a formare una figura di scacchiera | earliest:risale al xv secolo e nel 1518 la navata centrale fu coperta con il soffitto ligneo tuttora conservato | earliest:risale al 1528  | earliest:risale al 1444 ) | earliest:risale al 1885 ed è caratterizzata da marmo bianco e nero che vanno a formare una figura di scacchiera | current_start:ricostruita nel 1910  | current_end:completata nel 1753,700,1120,True,True,wikipedia_final_replaced,wikipedia_final_replaced,,missing,,missing,baroque architecture (c. 1600–1750),31.0,2212.9468353611883,44683104.0,2.960100940165182,10.970398990598348,0.0,high,Cattedrale di Siracusa,way,"{""amenity"": ""place_of_worship"", ""architect"": ""Andrea Palma"", ""building"": ""cathedral"", ""check_date"": ""2026-02-16"", ""denomination"": ""roman_catholic"", ""fee"": ""yes"", ""name"": ""Cattedrale di Siracusa"", ""name:de"": ""Kathedrale von Syrakus"", ""name:en"": ""Cathedral of Syracuse"", ""name:es"": ""Catedral de Siracusa"", ""name:fr"": ""Cathédrale de Syracuse"", ""name:ko"": ""시라쿠사 성당"", ""name:nl"": ""Kathedraal van Syracuse"", ""name:sk"": ""Stolnica v Sirakuzah"", ""parish"": ""Metropolitana - Natività di Maria Santissima"", ""religion"": ""christian"", ""service_times"": ""Mo-Fr 19:00; Sa 19:00; Su 08:00,11:30,19:00"", ""tourism"": ""attraction"", ""wheelchair"": ""no"", ""wikidata"": ""Q1736222"", ""wikipedia"": ""it:Duomo di Siracusa"", ""year_of_construction"": ""1753""}",osm_polygon_area_used_as_mapped_footprint_or_precinct_estimate,2212.9468353611883,osm_polygon_area,7.702080315976296,False,True,True
218,Ex cattedrale di Maria Santissima Assunta,Troina,it,37.78550122,14.60151307,1067,1078,30.0,900–1099,,,,True,True,,,,,,,,,0,0,0,0,,,,Norman architecture,wikidata_p149,,1067.0,1078.0,inizio costruzione,completamento,,,,False,1067.0,1078.0,,1060,1090,True,True,wikipedia_final_replaced,wikipedia_final_replaced,,missing,,missing,Norman architecture (c. 1066–1200),1064.0,553.2447066027671,1117746112.0,31.690732739145496,15.683092672608545,1.0,high,Cattedrale di Maria Santissima Assunta,way,"{""amenity"": ""place_of_worship"", ""building"": ""church"", ""denomination"": ""catholic"", ""name"": ""Cattedrale di Maria Santissima Assunta"", ""religion"": ""christian"", ""wikidata"": ""Q48808827""}",osm_polygon_area_used_as_mapped_footprint_or_precinct_estimate,553.2447066027671,osm_polygon_area,6.3158004110639085,False,True,True
219,Cathédrale Saint-Pierre,Angouleme (Angoulême),fr,45.64899906,0.151639766,700,1128,428.0,700–899,,,,True,True,,,,,,,,,0,0,0,0,,st peter (700),no (N/A),Romanesque architecture,wikidata_p149,,,,,,,,,False,,,,700,1128,False,False,original_kept,original_kept,,missing,,missing,Romanesque architecture (c. 1000–1200),95.0,2278.477104004356,44773604.0,7.695411527572681,17.923045884724274,1.0,high,Cathédrale Saint-Pierre,way,"{""amenity"": ""place_of_worship"", ""building"": ""cathedral"", ""check_date"": ""2024-11-14"", ""denomination"": ""catholic"", ""heritage"": ""2"", ""heritage:operator"": ""mhs"", ""mhs:inscription_date"": ""1840"", ""name"": ""Cathédrale Saint-Pierre"", ""ref:FR:CEF"": ""16015_01"", ""ref:mhs"": ""PA00104203"", ""religion"": ""christian"", ""source"": ""cadastre-dgi-fr source : Direction Générale des Impôts - Cadastre ; mise à jour : 2009"", ""source:heritage"": ""data.gouv.fr, Ministère de la Culture - 2016"", ""source:name"": ""clochers.org"", ""wikidata"": ""Q1736169"", ""wikipedia"": ""fr:Cathédrale Saint-Pierre d'Angoulême""}",osm_polygon_area_used_as_mapped_footprint_or_precinct_estimate,2278.477104004356,osm_polygon_area,7.7312625619391,False,True,True
220,Duomo di Aversa,Aversa,it,40.97659757,14.20320264,1053,1090,647.0,900–1099,,,,True,False,2.0,False,False,True,False,True,1349.0,1456.0,2,0,0,1,1349;1456,,,Romanesque architecture,wikidata_p149,,1053.0,1090.0,inizio costruzione,completamento,,,,False,1053.0,1090.0,,1053,1700,False,True,original_kept,wikipedia_final_replaced,,missing,,missing,Romanesque architecture (c. 1000–1200),47.0,3291.1776628254447,447863567.0,17.239496751169614,14.327605032488304,0.5,high,Duomo San Paolo di Aversa,way,"{""amenity"": ""place_of_worship"", ""building"": ""cathedral"", ""height"": ""25 m"", ""name"": ""Duomo San Paolo di Aversa"", ""religion"": ""christian"", ""wikidata"": ""Q2942550"", ""wikipedia"": ""it:Cattedrale di San Paolo (Aversa)""}",osm_polygon_area_used_as_mapped_footprint_or_precinct_estimate,3291.1776628254447,osm_polygon_area,8.099000731936382,False,True,True
221,Kölner Dom,"Koeln (Köln, Cologne)",de,50.94133376,6.958121825,1248,1480,232.0,1100–1299,6000.0,43.0,258000.0,True,True,1.0,False,True,False,False,False,1248.0,1248.0,1,0,1,0,1248,st peter (700),fire (1248),Gothic architecture,wikidata_p149,,,,,,,,,False,,,,1248,1480,False,False,original_kept,original_kept,157.0,original_kept,,original_kept,Gothic architecture (c. 1140–1600),61.0,,,,,,,,,,,6000.0,original_surface_m2,8.699514748210191,True,False,True
222,Cattedrale di Sant'Ambrogio,Vigevano,it,45.31694821,8.859273834,900,1606,50.0,900–1099,,,,True,True,,,,,,,,,0,0,0,0,,,,Mannerist architecture,wikidata_p149,,,1606.0,,completamento,,,,False,,1606.0,,900,950,False,True,original_kept,wikipedia_final_replaced,,missing,,missing,Mannerist architecture,110.0,2524.1356644938423,453737197.0,7.480544296453577,17.925194557035464,1.0,high,Cattedrale di Sant'Ambrogio,way,"{""amenity"": ""place_of_worship"", ""building"": ""cathedral"", ""denomination"": ""catholic"", ""name"": ""Cattedrale di Sant'Ambrogio"", ""religion"": ""christian"", ""start_date"": ""1606"", ""tourism"": ""attraction"", ""wikidata"": ""Q2942855"", ""wikipedia"": ""it:Cattedrale di Sant'Ambrogio""}",osm_polygon_area_used_as_mapped_footprint_or_precinct_estimate,2524.1356644938423,osm_polygon_area,7.833653972016097,False,True,True
223,Cathédrale Notre-Dame-de-l'Assomption,Rodez,fr,44.35077143,2.574158702,1277,1542,265.0,1100–1299,4321.0,30.0,129630.0,True,True,1.0,True,False,False,False,False,725.0,725.0,0,0,0,0,725,mary (700),saracens (725),"Gothic architecture, Renaissance architecture",wikidata_p149,,,,,,,,,False,,,,1277,1542,False,False,original_kept,original_kept,,original_kept,,original_kept,"Gothic architecture (c. 1140–1600), Renaissance architecture (c. 1400–1600)",644.0,,,,,,,,,,,4321.0,original_surface_m2,8.371242135931933,True,False,True
224,Duomo,Piacenza,it,45.0501248,9.697831376,1122,1233,110.0,1100–1299,3600.0,32.0,115200.0,True,True,1.0,False,False,True,False,False,1117.0,1117.0,0,0,0,0,1117,,,Romanesque architecture,wikidata_p149,,1122.0,1233.0,inizio costruzione,completamento,,,1333.0,False,1122.0,1233.0,current_end:ultimata nel 1333,1123,1233,True,False,wikipedia_final_replaced,original_kept,,original_kept,,original_kept,Romanesque architecture (c. 1000–1200),64.0,,,,,,,,,,,3600.0,original_surface_m2,8.1886891244442,True,False,True
225,Santa Maria Assunta,Fano,it,43.8434485,13.01563031,1100,2000,340.0,700–899,,,,True,True,1.0,False,True,False,False,False,1124.0,1124.0,1,0,1,0,1124,,,Romanesque architecture,wikidata_p149,,1100.0,2000.0,inizio costruzione,completamento,,1100.0,,True,1100.0,2000.0,current_start:l'attuale cattedrale venne costruita nel xii secolo in stile romanico  | current_start:attuale cattedrale venne costruita nel xii secolo in stile romanico ,800,1140,True,True,wikipedia_final_replaced,wikipedia_final_replaced,,missing,,missing,Romanesque architecture (c. 1000–1200),19.0,1189.0768099725246,463264817.0,0.999474041129158,17.990005259588706,1.0,high,Cattedrale di Santa Maria Assunta,way,"{""amenity"": ""place_of_worship"", ""basilica"": ""minor"", ""building"": ""cathedral"", ""denomination"": ""roman_catholic"", ""name"": ""Cattedrale di Santa Maria Assunta"", ""religion"": ""christian"", ""wikidata"": ""Q2942658"", ""wikipedia"": ""it:Cattedrale di Santa Maria Assunta (Fano)""}",osm_polygon_area_used_as_mapped_footprint_or_precinct_estimate,1189.0768099725246,osm_polygon_area,7.080932495085778,False,True,True
226,Cattedrale Santa Vergine Maria Assunta,Palermo (Balarm),it,38.1143261,13.35599057,1185,1800,320.0,1100–1299,11000.0,,,True,True,,,,,,,,,0,0,0,0,,,,"Classicism, Gothic art, Norman-Arab-Byzantine culture",wikidata_p149,,1185.0,1800.0,inizio costruzione,completamento,,,1184.0,False,1185.0,1800.0,current_end:completata nel 1184 - 1185 ,1180,1500,True,True,wikipedia_final_replaced,wikipedia_final_replaced,,missing,11000.0,wikidata_p2046_filled_missing,"Classicism, Gothic art (c. 1140–1600), Norman-Arab-Byzantine culture (c. 330–1453)",40.0,,,,,,,,,,,11000.0,original_surface_m2,9.305650551780507,True,False,True
227,Duomo di Monza,Monza,it,45.58360438,9.275797619,1300,1681,920.0,700–899,,,,True,True,,,,,,,,,0,0,0,0,,,,Italian Gothic architecture,wikidata_p149,,1300.0,1681.0,inizio costruzione,completamento,,,1620.0,False,1300.0,1681.0,,500,1420,True,True,wikipedia_final_replaced,targeted_source_checked,,missing,,missing,Italian Gothic architecture (c. 1140–1600),171.0,2270.150826341589,49804445.0,2.302190402619773,10.376978095973802,0.2,high,Duomo di Monza,way,"{""alt_name"": ""Basilica di San Giovanni Battista"", ""amenity"": ""place_of_worship"", ""basilica"": ""minor"", ""building"": ""basilica"", ""denomination"": ""catholic"", ""fixme"": ""altezza approssimata"", ""historic"": ""yes"", ""name"": ""Duomo di Monza"", ""name:de"": ""Dom von Monza"", ""name:en"": ""Monza Cathedral"", ""name:es"": ""Catedral de Monza"", ""name:fr"": ""Dôme de Monza"", ""name:it"": ""Duomo di Monza"", ""religion"": ""christian"", ""start_date"": ""C14"", ""tourism"": ""attraction"", ""website"": ""https://www.duomomonza.it/"", ""wheelchair"": ""yes"", ""wikidata"": ""Q3635692""}",osm_polygon_area_used_as_mapped_footprint_or_precinct_estimate,2270.150826341589,osm_polygon_area,7.727601551590475,False,True,True
228,Dom St. Peter zu Trier,Trier,de,49.75620869,6.643596879,1040,1196,156.0,900–1099,3937.040244,29.0,114174.167076,True,True,1.0,True,False,False,False,False,882.0,882.0,0,0,0,0,882,mary (1196),damaged by vikings (882),Romanesque architecture,wikidata_p149,,,,,,,,,False,,,,1040,1196,False,False,original_kept,original_kept,,original_kept,,original_kept,Romanesque architecture (c. 1000–1200),146.0,,,,,,,,,,,3937.040244,original_surface_m2,8.278184512887938,True,False,True
229,Duomo San Massimo,Aquila (L'Aquila),it,42.34921938,13.39697443,1200,2000,221.0,1100–1299,,,,True,True,2.0,False,False,True,False,False,1315.0,1461.0,2,0,0,2,1315;1461,,,baroque architecture,wikidata_p149,,1200.0,2000.0,inizio costruzione,completamento,,,,False,1200.0,2000.0,,1259,1480,True,True,wikipedia_final_replaced,wikipedia_final_replaced,,missing,,missing,baroque architecture (c. 1600–1750),724.0,685.1457443526015,501748940.0,58.378908744449824,8.416210912555503,0.0,medium,Basilica di San Giuseppe Artigiano,way,"{""amenity"": ""place_of_worship"", ""basilica"": ""minor"", ""building"": ""basilica"", ""check_date"": ""2025-05-10"", ""denomination"": ""roman_catholic"", ""name"": ""Basilica di San Giuseppe Artigiano"", ""old_name"": ""Chiesa di San Biagio d'Amiterno"", ""religion"": ""christian"", ""tourism"": ""attraction"", ""wikidata"": ""Q3669707"", ""wikipedia"": ""it:Basilica di San Giuseppe Artigiano""}",osm_polygon_area_used_as_mapped_footprint_or_precinct_estimate,685.1457443526015,osm_polygon_area,6.529631581109111,False,True,True
230,Cathédrale Sainte-Croix,Orleans (Orléans),fr,47.90189107,1.910367491,700,1320,620.0,700–899,,114.0,,True,False,3.0,True,True,False,False,True,877.0,1277.0,3,1,1,0,877;989;1277,,"vikings (877), fire (989), collapse (1277)",Gothic architecture,wikidata_p149,,,,,,,,,False,,,,700,1320,False,False,original_kept,original_kept,114.0,wikidata_p2048_filled_missing,,missing,Gothic architecture (c. 1140–1600),117.0,6623.6961611265215,50323125.0,3.451202063077132,12.36548797936923,0.2,high,Cathédrale Sainte-Croix,way,"{""addr:city"": ""Orléans"", ""addr:postcode"": ""45000"", ""addr:street"": ""Place Sainte-Croix"", ""alt_name"": ""Basilique-Cathédrale Sainte-Croix"", ""amenity"": ""place_of_worship"", ""building"": ""cathedral"", ""building:architecture"": ""gothic"", ""denomination"": ""catholic"", ""height"": ""40"", ""heritage"": ""2"", ""heritage:operator"": ""mhs"", ""image"": ""https://upload.wikimedia.org/wikipedia/commons/thumb/4/45/Orleans-cathedral-2004.jpg/300px-Orleans-cathedral-2004.jpg"", ""mapillary"": ""374514620612908"", ""mhs:inscription_date"": ""1862"", ""name"": ""Cathédrale Sainte-Croix"", ""name:br"": ""Iliz-veur ar Groaz Santel"", ""name:de"": ""Kathedrale von Orléans"", ""name:en"": ""Cathedral of the Holy Cross of Orléans"", ""name:pl"": ""Katedra św. Krzyża w Orleanie"", ""name:ru"": ""Собор Святого Креста в Орлеане"", ""phone"": ""+33 2 38 77 87 50"", ""ref:FR:CEF"": ""45234_01"", ""ref:mhs"": ""PA00098836"", ""religion"": ""christian"", ""short_name"": ""Cathédrale d'Orléans"", ""source"": ""cadastre-dgi-fr source : Direction Générale des Impôts - Cadastre;mise à jour : 2010"", ""tourism"": ""attraction"", ""website"": ""http://www.orleans.catholique.fr/cathedrale/"", ""wheelchair"": ""yes"", ""wikidata"": ""Q1366553"", ""wikipedia"": ""fr:Cathédrale Sainte-Croix d'Orléans""}",osm_polygon_area_used_as_mapped_footprint_or_precinct_estimate,6623.6961611265215,osm_polygon_area,8.798408825617912,False,True,True
231,Cathédrale_Saint-Front,Perigueux (Périgueux),fr,45.18359614,0.722660211723202,700,1337,637.0,700–899,,,,True,True,1.0,True,False,False,False,False,845.0,845.0,1,1,0,0,845,st frond (700),vikings (845),Romanesque architecture,wikidata_p149,,,,,,,,,False,,,,700,1337,False,False,original_kept,original_kept,,missing,,missing,Romanesque architecture (c. 1000–1200),111.0,1463.6408282327757,1089847200.0,125.66294609586049,5.493370539041395,0.25,medium,École primaire Saint Front,way,"{""amenity"": ""school"", ""denomination"": ""catholic"", ""name"": ""École primaire Saint Front"", ""operator"": ""Ensemble scolaire Notre Dame de la Miséricorde - Saint Front"", ""religion"": ""christian""}",osm_polygon_area_used_as_mapped_footprint_or_precinct_estimate,1463.6408282327757,osm_polygon_area,7.2886823285149065,False,True,True
232,Cathédrale métropolitaine et primatiale Saint-Étienne,Sens,fr,48.19802616,3.28401444,700,1532,832.0,700–899,,,,True,False,1.0,False,False,False,False,True,1268.0,1268.0,1,0,0,0,1268,st stephen (1135),collapse of façade (1268),Early Gothic architecture,wikidata_p149,,,,,,,,,False,,,,700,1532,False,False,original_kept,original_kept,,missing,,missing,Early Gothic architecture (c. 1140–1200),74.0,4706.431700203102,51845053.0,2.086546027073558,13.979134539729264,0.42857142857142855,high,Cathédrale Saint-Étienne,way,"{""amenity"": ""place_of_worship"", ""building"": ""cathedral"", ""building:architecture"": ""gothic"", ""building:colour"": ""#F5DD92"", ""building:parts"": ""yes"", ""check_date"": ""2026-02-21"", ""denomination"": ""catholic"", ""heritage"": ""2"", ""heritage:operator"": ""mhs"", ""mhs:inscription_date"": ""1840"", ""name"": ""Cathédrale Saint-Étienne"", ""name:de"": ""Kathedrale von Sens"", ""name:en"": ""Sens Cathedral"", ""name:es"": ""Catedral de Sens"", ""name:fr"": ""Cathédrale Saint-Étienne"", ""name:he"": ""קתדרלת סנס"", ""name:it"": ""Cattedrale di Santo Stefano"", ""name:ja"": ""サンテティエンヌ大聖堂"", ""name:nl"": ""Kathedraal van Sens"", ""name:zh"": ""桑斯主教座堂"", ""official_name"": ""Cathédrale métropolitaine et primatiale Saint-Étienne"", ""panoramax"": ""e4534bb9-6984-4f53-adc1-fd5d3dfc1650"", ""ref:FR:CEF"": ""89387_01"", ""ref:mhs"": ""PA00113853"", ""religion"": ""christian"", ""source"": ""cadastre-dgi-fr source : Direction Générale des Impôts - Cadastre. Mise à jour : 2010"", ""source:heritage"": ""data.gouv.fr:Ministère de la Culture - 04/2015"", ""source:name"": ""clochers.org"", ""tourism"": ""attraction"", ""wikidata"": ""Q489014"", ""wikimedia_commons"": ""Category:Cathédrale Saint-Étienne de Sens"", ""wikipedia"": ""fr:Cathédrale Saint-Étienne de Sens""}",osm_polygon_area_used_as_mapped_footprint_or_precinct_estimate,4706.431700203102,osm_polygon_area,8.456685299079812,False,True,True
233,Cathédrale Saint-Vincent,Macon (Mâcon),fr,46.30721066,4.831224323,700,1280,580.0,700–899,,,,True,True,1.0,False,True,False,False,False,960.0,960.0,1,0,1,0,960,st vincent (700),fire (960),Romanesque architecture,wikidata_p149,,,,,,,,,False,,,,700,1280,False,False,original_kept,original_kept,,missing,,missing,Romanesque architecture (c. 1000–1200),190.0,1083.9552215920703,52405010.0,2.8756504684816995,17.971243495315182,1.0,high,Cathédrale Saint-Vincent,way,"{""amenity"": ""place_of_worship"", ""building"": ""cathedral"", ""denomination"": ""catholic"", ""heritage"": ""2"", ""heritage:operator"": ""mhs"", ""mhs:inscription_date"": ""1994-09-02"", ""name"": ""Cathédrale Saint-Vincent"", ""ref:FR:CEF"": ""71270_01"", ""ref:mhs"": ""PA00113557"", ""religion"": ""christian"", ""source"": ""cadastre-dgi-fr source : Direction Générale des Impôts - Cadastre. Mise à jour : 2010"", ""source:heritage"": ""data.gouv.fr, Ministère de la Culture - 2016"", ""source:name"": ""clochers.org"", ""start_date"": ""C19"", ""wikidata"": ""Q15954062"", ""wikipedia"": ""fr:Église cathédrale Saint-Vincent de Mâcon""}",osm_polygon_area_used_as_mapped_footprint_or_precinct_estimate,1083.9552215920703,osm_polygon_area,6.988371872651972,False,True,True
234,chiesa dell'Addolorata,Acqui Terme,it,44.67603384,8.468062579,500,1018,518.0,700–899,,,,True,True,,,,,,,,,0,0,0,0,,,,,missing,,,,,,,,,False,,,,500,1018,False,False,original_kept,original_kept,,missing,,missing,,164.0,1030.823707630916,527060031.0,16.89691959621433,12.331030804037857,0.5,high,Basilica dell'Addolorata,way,"{""alt_name"": ""San Pietro"", ""amenity"": ""place_of_worship"", ""basilica"": ""minor"", ""building"": ""church"", ""denomination"": ""catholic"", ""name"": ""Basilica dell'Addolorata"", ""religion"": ""christian"", ""wheelchair"": ""no"", ""wikidata"": ""Q25052446""}",osm_polygon_area_used_as_mapped_footprint_or_precinct_estimate,1030.823707630916,osm_polygon_area,6.938113477767628,False,True,True
235,Cattedrale di Santa Maria Assunta,Siena,it,43.31780852,11.32900811,1220,1370,570.0,700–899,,77.0,,True,False,1.0,False,False,False,False,True,1357.0,1357.0,1,0,0,0,1357,,,Gothic architecture,wikidata_p149,,1220.0,1370.0,inizio costruzione,completamento,1891.0,,1926.0,False,1220.0,1370.0,earliest:risale al 1891 | earliest:risale al 1891 | current_end:completata nel 1926 e fu posta in loco l'anno successivo,800,1370,True,False,wikipedia_final_replaced,original_kept,77.0,wikidata_p2048_filled_missing,,missing,Gothic architecture (c. 1140–1600),346.0,3381.4098042676924,418912842.0,36.79221393539446,15.29874452731272,0.6666666666666666,high,Cattedrale di Santa Maria Assunta,way,"{""alt_name"": ""Duomo di Siena"", ""amenity"": ""place_of_worship"", ""building"": ""church"", ""building:colour"": ""#EBDEAB"", ""contact:website"": ""https://operaduomo.siena.it/"", ""denomination"": ""roman_catholic"", ""historic"": ""church"", ""name"": ""Cattedrale di Santa Maria Assunta"", ""name:en"": ""Cathedral of Santa Maria Assunta"", ""name:ru"": ""Кафедральный Собор of Santa Maria Assunta"", ""opening_hours"": ""Mo-Sa 10:30-17:00; Su 13:30-17:00"", ""religion"": ""christian"", ""roof:colour"": ""#d3dade"", ""start_date"": ""1370"", ""tourism"": ""attraction"", ""wheelchair"": ""limited"", ""wikidata"": ""Q282554"", ""wikimedia_commons"": ""Category:Cathedral (Siena)"", ""wikipedia"": ""it:Duomo di Siena""}",osm_polygon_area_used_as_mapped_footprint_or_precinct_estimate,3381.4098042676924,osm_polygon_area,8.126048003368613,False,True,True
236,Duomo di Savona,Savona,it,44.30750384,8.482241219,1589,1605,100.0,700–899,4660.0,,,True,True,,,,,,,,,0,0,0,0,,,,baroque architecture,wikidata_p149,,1589.0,1605.0,inizio costruzione,completamento,,,,False,1589.0,1605.0,,800,900,True,True,wikipedia_final_replaced,wikipedia_final_replaced,,missing,4660.0,wikidata_p2046_filled_missing,baroque architecture (c. 1600–1750),10.0,,,,,,,,,,,4660.0,original_surface_m2,8.446770727119691,True,False,True
237,Cathédrale Notre-Dame,Tournai (Doornik),be,50.60646393,3.388894142,1066,1255,189.0,900–1099,5120.755598,36.0,184347.201528,True,True,2.0,False,True,False,False,False,881.0,1066.0,1,0,1,0,881;1066,mary (700),"fire (881), fire (1066)","Gothic architecture, Romanesque architecture",wikidata_p149,,,,,,,,,False,,,,1066,1255,False,False,original_kept,original_kept,83.0,original_kept,4963.0,original_kept,"Gothic architecture (c. 1140–1600), Romanesque architecture (c. 1000–1200)",26.0,,,,,,,,,,,5120.755598,original_surface_m2,8.541057284879406,True,False,True
238,St Mungo's Cathedral,Glasgow,uk,55.86298981,-4.234531429,1100,1197,270.0,1100–1299,,,,True,True,,,,,,,,,0,0,0,0,,"st kentigem (1180), st mungo (1180)",no (N/A),Gothic architecture,wikidata_p149,,1100.0,1197.0,founded,consecrated,,,1500.0,False,1100.0,1197.0,current_end:completed in the 15th century | current_end:consecrated in 1136 in the presence of david and his court during the episcopate of john capellanus  | current_end:consecrated in 1197 | current_end:dedicated in 1136 | current_end:dedicated in 1197,1180,1450,True,True,wikipedia_final_replaced,wikipedia_final_replaced,,missing,,missing,Gothic architecture (c. 1140–1600),38.0,1236.2749849259853,78405428.0,374.3962024942013,12.256037975057987,1.0,low,Saint Mungo's,way,"{""addr:city"": ""Glasgow"", ""addr:housenumber"": ""58"", ""addr:postcode"": ""G4 0RX"", ""addr:street"": ""Parson Street"", ""amenity"": ""place_of_worship"", ""building"": ""church"", ""building:material"": ""brick"", ""check_date"": ""2025-10-18"", ""contact:website"": ""https://www.passionistsglasgow.com/"", ""denomination"": ""roman_catholic"", ""description"": ""Architect: George Goldie, 1869. B Listed"", ""name"": ""Saint Mungo's"", ""phone"": ""+44 141 552 1823"", ""religion"": ""christian"", ""source"": ""OS OpenData StreetView"", ""wikidata"": ""Q17795269"", ""wikipedia"": ""en:St Mungo's Church, Glasgow""}",osm_polygon_area_used_as_mapped_footprint_or_precinct_estimate,,missing,,False,True,False
239,Cattedrale di Sant'Agata,Catania,it,37.5024721,15.08826927,1086,1200,130.0,900–1099,,,,True,True,1.0,False,False,True,False,False,1169.0,1169.0,1,0,0,1,1169,,,,missing,,,,,,1086.0,,,False,1086.0,,earliest: risale al periodo 1086-1094; targeted source-checked,1070,1200,True,False,targeted_source_checked,original_kept,,missing,,missing,,21.0,4830.189273275362,58102740.0,26.01157106501924,13.539884289349807,0.4,high,Cattedrale di Sant'Agata,way,"{""amenity"": ""place_of_worship"", ""basilica"": ""minor"", ""building"": ""cathedral"", ""check_date"": ""2026-01-27"", ""denomination"": ""roman_catholic"", ""loc_name"": ""Duomo di Catania"", ""name"": ""Cattedrale di Sant'Agata"", ""name:de"": ""Kathedrale von Catania"", ""name:en"": ""Catania Cathedral"", ""name:fr"": ""Cathédrale Sant'Agata de Catane"", ""name:ru"": ""Кафедральный собор святой Агаты"", ""religion"": ""christian"", ""wikidata"": ""Q1499188"", ""wikimedia_commons"": ""Category:Cathedral (Catania)"", ""wikipedia"": ""it:Cattedrale di Sant'Agata""}",osm_polygon_area_used_as_mapped_footprint_or_precinct_estimate,4830.189273275362,osm_polygon_area,8.48264093289236,False,True,True
240,Lichfield Cathedral,Lichfield,uk,52.68553705,-1.830427157,1330,2015,630.0,700–899,,76.8,,True,True,,,,,,,,,0,0,0,0,,"mary (700), st chad (700)",no (N/A),"Decorated Gothic, English Gothic architecture",wikidata_p149,sandstone,1330.0,,years built,,,,2015.0,False,1330.0,2015.0,current_end:completed in 1249 and is one of the most beautiful parts of the cathedral with some charming stone carvings | current_end:dedicated in 2015 after a five-year renovation,700,1330,True,True,wikipedia_final_replaced,wikipedia_final_replaced,76.8,wikidata_p2048_filled_missing,,missing,"Decorated Gothic (c. 1290–1350), English Gothic architecture (c. 1180–1520)",94.0,3387.189538367791,58528625.0,9.228551945049032,14.30771448054951,0.2,high,Lichfield Cathedral,way,"{""addr:city"": ""Lichfield"", ""addr:country"": ""GB"", ""addr:street"": ""The Close"", ""amenity"": ""place_of_worship"", ""building"": ""cathedral"", ""building:architecture"": ""gothic"", ""denomination"": ""anglican"", ""diocese"": ""Diocese of Lichfield"", ""heritage"": ""2"", ""heritage:operator"": ""Historic England"", ""heritage:website"": ""https://historicengland.org.uk/listing/the-list/list-entry/1298431"", ""historic"": ""cathedral"", ""listed_status"": ""Grade I"", ""name"": ""Lichfield Cathedral"", ""name:de"": ""Kathedrale von Lichfield"", ""name:fr"": ""Cathédrale de Lichfield"", ""name:la"": ""Ecclesia cathedralis Lichfeldensis"", ""note:history"": ""one of the oldest places of Christian worship in Britain and the burial place of the great Anglo-Saxon missionary Bishop, St Chad"", ""note:material"": ""built from different types of red sandstone"", ""ref:GB:nhle"": ""1298431"", ""religion"": ""christian"", ""source"": ""OS_OpenData_StreetView"", ""website"": ""https://www.lichfield-cathedral.org/"", ""wheelchair"": ""yes"", ""wikidata"": ""Q510389"", ""wikipedia"": ""en:Lichfield Cathedral""}",osm_polygon_area_used_as_mapped_footprint_or_precinct_estimate,3387.189538367791,osm_polygon_area,8.127755811797593,False,True,True
241,Duomo abbaziale di Santa Tecla,Este,it,45.22999491,11.6536102,400,1200,800.0,700–899,,,,True,True,,,,,,,,,0,0,0,0,,,,,missing,,,,,,,,,False,,,,400,1200,False,False,original_kept,original_kept,,missing,,missing,,14.0,1022.8442529814201,59203296.0,7.840939007927808,17.92159060992072,1.0,high,Duomo abbaziale di Santa Tecla,way,"{""addr:city"": ""Este"", ""addr:housenumber"": ""6"", ""addr:postcode"": ""35042"", ""addr:street"": ""Piazza Santa Tecla"", ""amenity"": ""place_of_worship"", ""building"": ""church"", ""check_date"": ""2023-04-08"", ""denomination"": ""catholic"", ""historic"": ""church"", ""name"": ""Duomo abbaziale di Santa Tecla"", ""phone"": ""+39 0429 2009"", ""religion"": ""christian"", ""tourism"": ""attraction"", ""wikidata"": ""Q60609069""}",osm_polygon_area_used_as_mapped_footprint_or_precinct_estimate,1022.8442529814201,osm_polygon_area,6.930342508986167,False,True,True
242,Chichester Cathedral,Chichester,uk,50.83624818,-0.780741069096489,1300,1108,550.0,700–899,,84.42960000000001,,True,False,2.0,False,True,False,False,True,1187.0,1210.0,2,0,1,0,1187;1210,,"fire (1187), tower collapsed (1210)",Norman architecture,wikidata_p149,,,1108.0,,consecrated,1300.0,,1849.0,False,1300.0,1108.0,earliest:built in the 14th century and was repaired in the 17th century by christopher wren  | earliest:built in the late 14th century | current_end:completed by walter hook who took over as dean in 1849 | current_end:consecrated in 1108 under bishop ralph de luffa  | current_end:consecrated in 1199,700,1250,True,True,wikipedia_final_replaced,wikipedia_final_replaced,84.42960000000001,wikidata_p2048_filled_missing,,missing,Norman architecture (c. 1066–1200),20.0,3247.524012643844,59317197.0,4.125573063779804,11.958744269362203,0.14285714285714285,high,Chichester Cathedral,way,"{""addr:city"": ""Chichester"", ""alt_name"": ""Cathedral Church of the Holy Trinity"", ""amenity"": ""place_of_worship"", ""building"": ""cathedral"", ""building:architecture"": ""norman;gothic"", ""check_date"": ""2025-10-27"", ""denomination"": ""anglican"", ""diocese"": ""Diocese of Chichester"", ""heritage"": ""2"", ""heritage:operator"": ""Historic England"", ""heritage:website"": ""https://historicengland.org.uk/listing/the-list/list-entry/1354261"", ""listed_status"": ""Grade I"", ""name"": ""Chichester Cathedral"", ""name:de"": ""Kathedrale von Chichester"", ""name:en"": ""Chichester Cathedral"", ""name:la"": ""Ecclesia cathedralis Cicestrensis"", ""name:uk"": ""Чічестерський собор"", ""ref:GB:nhle"": ""1354261"", ""religion"": ""christian"", ""tourism"": ""attraction"", ""website"": ""https://www.chichestercathedral.org.uk/"", ""wheelchair"": ""yes"", ""wikidata"": ""Q1736182"", ""wikipedia"": ""en:Chichester Cathedral""}",osm_polygon_area_used_as_mapped_footprint_or_precinct_estimate,3247.524012643844,osm_polygon_area,8.085648142711056,False,True,True
243,Concattedrale di San Leopardo,Osimo,it,43.48636582,13.48042466,600,1320,720.0,700–899,,,,True,True,,,,,,,,,0,0,0,0,,,,Romanesque architecture,wikidata_p149,,,,,,,,,False,,,,600,1320,False,False,original_kept,original_kept,,missing,,missing,Romanesque architecture (c. 1000–1200),261.0,1380.4894957840152,595945173.0,3.57984666397732,15.964201533360226,1.0,high,Concattedrale di San Leopardo,way,"{""addr:city"": ""Osimo"", ""addr:postcode"": ""60027"", ""addr:street"": ""Piazza Duomo"", ""amenity"": ""place_of_worship"", ""basilica"": ""minor"", ""building"": ""church"", ""denomination"": ""roman_catholic"", ""name"": ""Concattedrale di San Leopardo"", ""religion"": ""christian"", ""wikidata"": ""Q2942566"", ""wikipedia"": ""it:Concattedrale di San Leopardo""}",osm_polygon_area_used_as_mapped_footprint_or_precinct_estimate,1380.4894957840152,osm_polygon_area,7.230193422347429,False,True,True
244,Kathedrale St. Mariä Himmelfahrt,Chur,ch,46.84765625,9.535513651,700,1272,572.0,700–899,,,,True,True,,,,,,,,,0,0,0,0,,mary (1272),no (N/A),"Romanesque architecture, Romanesque art",wikidata_p149,,,,,,,,,False,,,,700,1272,False,False,original_kept,original_kept,,missing,,missing,"Romanesque architecture (c. 1000–1200), Romanesque art (c. 1000–1200)",608.0,1434.1604742339114,401918643.0,6.5234180510683455,17.934765819489314,1.0,high,Kathedrale Sankt Mariä Himmelfahrt,way,"{""addr:city"": ""Chur"", ""addr:housenumber"": ""18"", ""addr:postcode"": ""7000"", ""addr:street"": ""Hof"", ""amenity"": ""place_of_worship"", ""building"": ""cathedral"", ""denomination"": ""catholic"", ""name"": ""Kathedrale Sankt Mariä Himmelfahrt"", ""religion"": ""christian"", ""wheelchair"": ""yes"", ""wikidata"": ""Q684506"", ""wikimedia_commons"": ""Category:Kathedrale St. Maria Himmelfahrt (Chur)"", ""wikipedia"": ""de:Kathedrale St. Mariä Himmelfahrt (Chur)""}",osm_polygon_area_used_as_mapped_footprint_or_precinct_estimate,1434.1604742339114,osm_polygon_area,7.268334921616685,False,True,True
245,Cattedrale di San Massimo,Penne,it,42.45621834,13.92683398,900,2000,900.0,700–899,,,,True,True,,,,,,,,,0,0,0,0,,,,"Gothic architecture, Renaissance architecture, Romanesque architecture",wikidata_p149,,900.0,2000.0,inizio costruzione,completamento,,1100.0,,True,900.0,2000.0,current_start:ricostruita nel 1955) | current_start:ricostruita in stile romanico nel xii secolo ,400,1300,True,True,wikipedia_final_replaced,wikipedia_final_replaced,,missing,,missing,"Gothic architecture (c. 1140–1600), Renaissance architecture (c. 1400–1600), Romanesque architecture (c. 1000–1200)",425.0,977.8548089880496,6059152.0,1.748877810375672,14.482511221896242,0.5,high,Cattedrale di San Massimo,way,"{""alt_name"": ""Duomo di Penne"", ""amenity"": ""place_of_worship"", ""building"": ""cathedral"", ""denomination"": ""catholic"", ""name"": ""Cattedrale di San Massimo"", ""religion"": ""christian"", ""wikidata"": ""Q2942746"", ""wikipedia"": ""it:Duomo di Penne""}",osm_polygon_area_used_as_mapped_footprint_or_precinct_estimate,977.8548089880496,osm_polygon_area,6.885361201946542,False,True,True
246,Cattedrale San Lorenzo Maiorano,Manfredonia,it,41.62961017,15.91709589,1270,1274,4.0,1100–1299,,,,True,True,,,,,,,,,0,0,0,0,,,,,missing,,1270.0,,inizio costruzione,,,,,False,1270.0,,,1270,1274,False,False,original_kept,original_kept,,missing,,missing,,21.0,906.8530903533101,406312464.0,39.22220722774112,8.607777927722589,0.0,medium,Chiesa di San Benedetto,way,"{""amenity"": ""place_of_worship"", ""building"": ""church"", ""description"": ""Siglos XIII a XVIII"", ""name"": ""Chiesa di San Benedetto"", ""name:es"": ""Iglesia de San Benito"", ""religion"": ""christian""}",osm_polygon_area_used_as_mapped_footprint_or_precinct_estimate,906.8530903533101,osm_polygon_area,6.8099804638464665,False,True,True
247,Basilica di Santa Maria Maggiore,Santa Maria Capua Vetere (Santa Maria Capua Vetere),it,41.07576705,14.25581092,432,820,388.0,700–899,,,,True,True,,,,,,,,,0,0,0,0,,,,Baroque,wikidata_p149,,432.0,,inizio costruzione,,1800.0,,,False,432.0,,earliest:risale alla prima metà del xix secolo e nella foggia,432,820,False,False,original_kept,original_kept,,missing,,missing,Baroque (c. 1600–1750),40.0,4099.323328360217,610581356.0,5.2720495487287895,15.947279504512712,1.0,high,Basilica di Santa Maria Maggiore,way,"{""addr:city"": ""Santa Maria Capua Vetere"", ""addr:postcode"": ""81055"", ""addr:street"": ""Piazza Giacomo Matteotti"", ""amenity"": ""place_of_worship"", ""building"": ""church"", ""name"": ""Basilica di Santa Maria Maggiore"", ""religion"": ""christian"", ""wikidata"": ""Q3635755"", ""wikipedia"": ""it:Basilica di Santa Maria Maggiore (Santa Maria Capua Vetere)""}",osm_polygon_area_used_as_mapped_footprint_or_precinct_estimate,4099.323328360217,osm_polygon_area,8.31857719720813,False,True,True
248,cattedrale di santa maria assunto,Reggio nell Emilia,it,44.69763,10.63103,1599,1623,900.0,700–899,,,,True,False,1.0,False,False,False,False,True,1228.0,1228.0,1,0,0,0,1228,,,"Renaissance architecture, Romanesque architecture",wikidata_p149,,1599.0,1623.0,inizio costruzione,completamento,,,,False,1599.0,1623.0,,400,1300,True,True,wikipedia_final_replaced,wikipedia_final_replaced,,missing,,missing,"Renaissance architecture (c. 1400–1600), Romanesque architecture (c. 1000–1200)",67.0,197.70650497544557,168156057.0,38.93360508242717,6.610663949175729,0.0,medium,Battistero,way,"{""amenity"": ""place_of_worship"", ""building"": ""baptistery"", ""check_date"": ""2026-01-01"", ""denomination"": ""catholic"", ""name"": ""Battistero"", ""religion"": ""christian"", ""source"": ""Regione Emilia Romagna"", ""wheelchair"": ""yes"", ""wikidata"": ""Q63457574""}",osm_polygon_area_used_as_mapped_footprint_or_precinct_estimate,197.70650497544557,osm_polygon_area,5.286783632900043,False,True,True
249,Cattedrale di San Zeno,Pistoia,it,43.93335003,10.91792968,900,2000,1040.0,700–899,,,,True,True,2.0,False,True,True,False,False,1108.0,1298.0,2,0,1,1,1108;1298,,,Romanesque architecture,wikidata_p149,,900.0,2000.0,inizio costruzione,completamento,923.0,,,False,900.0,2000.0,earliest:risale al 923 | earliest:risale al 1145 infatti la consacrazione dell'altare dedicato a san jacopo da parte del vescovo atto  | earliest:risale al 923 | earliest:risale al 1145 infatti la consacrazione dell'altare dedicato a san jacopo da parte del vescovo atto  | earliest:risale alla fine del xviii secolo,400,1440,True,True,wikipedia_final_replaced,wikipedia_final_replaced,,missing,,missing,Romanesque architecture (c. 1000–1200),76.0,1811.3542756028473,61682813.0,7.123003723514283,17.928769962764857,1.0,high,Cattedrale di San Zeno,way,"{""access"": ""yes"", ""addr:city"": ""Pistoia"", ""addr:postcode"": ""51100"", ""addr:street"": ""Piazza Duomo"", ""amenity"": ""place_of_worship"", ""basilica"": ""minor"", ""building"": ""cathedral"", ""check_date"": ""2024-08-28"", ""denomination"": ""catholic"", ""historic"": ""yes"", ""name"": ""Cattedrale di San Zeno"", ""nohousenumber"": ""yes"", ""opening_hours"": ""Mo-Sa 08:30-12:30,15:30-19:00; Su 09:00-12:30,15:30-19:00"", ""phone"": ""+39 0573 25095"", ""religion"": ""christian"", ""start_date"": ""0923"", ""tourism"": ""attraction"", ""website"": ""https://www.diocesipistoia.it/cattedrale-san-zeno"", ""wheelchair"": ""limited"", ""wikidata"": ""Q2557858"", ""wikimedia_commons"": ""File:Pistoia,_cattedrale_di_San_Zeno_(03).jpg"", ""wikipedia"": ""it:Cattedrale di San Zeno""}",osm_polygon_area_used_as_mapped_footprint_or_precinct_estimate,1811.3542756028473,osm_polygon_area,7.501830063049017,False,True,True
250,Cathédrale Saint-Étienne,Auxerre,fr,47.79787111,3.572876818,1220,1500,280.0,1100–1299,3562.0,30.0,106860.0,True,True,2.0,False,True,False,False,False,880.0,1023.0,0,0,0,0,880;1023,st stephen (700),"fire (880), fire (1023)",Gothic architecture,wikidata_p149,,,,,,,,,False,,,,1220,1500,False,False,original_kept,original_kept,68.0,original_kept,,original_kept,Gothic architecture (c. 1140–1600),126.0,,,,,,,,,,,3562.0,original_surface_m2,8.178077463849608,True,False,True
251,Cathédrale Notre-Dame,Rouen,fr,49.44021436,1.095007307,1120,1478,358.0,1100–1299,5807.0,28.0,162596.0,True,True,2.0,True,False,False,True,False,841.0,1110.0,0,0,0,0,841;1110,mary (700),"vikings (841), lightning (1110)",Gothic architecture,wikidata_p149,,,,,,,,,False,,,,1120,1478,False,False,original_kept,original_kept,151.0,original_kept,,original_kept,Gothic architecture (c. 1140–1600),24.0,,,,,,,,,,,5807.0,original_surface_m2,8.66681936537205,True,False,True
252,Cattedrale di Santa Maria Assunta,Montepulciano,it,43.09233763,11.78077277,1512,1680,670.0,900–1099,,,,True,True,,,,,,,,,0,0,0,0,,,,Renaissance architecture,wikidata_p149,,1594.0,1680.0,inizio costruzione,completamento,1512.0,,,False,1512.0,1680.0,earliest:risale al 1512 circa ed è posto tra due statue di autore ignoto raffiguranti san pietro (a sinistra) e san giovanni battista (a destra) | earliest:risale al 1512 circa ed è posto tra due statue di autore ignoto raffiguranti san pietro (a sinistra) e san giovanni battista (a destra),980,1650,True,True,wikipedia_final_replaced,wikipedia_final_replaced,,missing,,missing,Renaissance architecture (c. 1400–1600),606.0,2222.0150110851973,63572791.0,8.269152966423492,13.583975137002431,0.6666666666666666,high,Cattedrale di Santa Maria Assunta,way,"{""addr:city"": ""Montepulciano"", ""addr:postcode"": ""53045"", ""alt_name"": ""Cattedrale"", ""amenity"": ""place_of_worship"", ""building"": ""church"", ""denomination"": ""catholic"", ""name"": ""Cattedrale di Santa Maria Assunta"", ""name:en"": ""Cathedral"", ""name:fr"": ""Cathédrale de Montepulciano"", ""religion"": ""christian"", ""wikidata"": ""Q2942726"", ""wikipedia"": ""it:Duomo di Montepulciano""}",osm_polygon_area_used_as_mapped_footprint_or_precinct_estimate,2222.0150110851973,osm_polygon_area,7.706169725840661,False,True,True
253,Cathédrale Saint-Mammès,Langres,fr,47.86423769,5.335179133,1150,1366,216.0,1100–1299,2951.0,23.0,67873.0,True,True,1.0,False,True,False,False,False,1314.0,1314.0,1,0,1,0,1314,st mammes (1150),partly damaged by fire (1314),Romanesque architecture,wikidata_p149,,,,,,,,,False,,,,1150,1366,False,False,original_kept,original_kept,,original_kept,,original_kept,Romanesque architecture (c. 1000–1200),472.0,,,,,,,,,,,2951.0,original_surface_m2,7.989899374942939,True,False,True
254,Cathédrale Sainte-Marie,Oloron Ste Marie (Oloron-Sainte-Marie),fr,43.18785765,-0.615942311280495,700,1400,700.0,700–899,,,,True,True,2.0,True,True,False,False,False,848.0,1250.0,2,1,1,0,848;1250,mary (700),"vikings (848), fire (1250)","Gothic architecture, Romanesque architecture",wikidata_p149,,,,,,,,,False,,,,700,1400,False,False,original_kept,original_kept,,missing,,missing,"Gothic architecture (c. 1140–1600), Romanesque architecture (c. 1000–1200)",237.0,1610.4028375554772,63850927.0,3.019557001581046,16.46980442998419,0.5,high,Cathédrale Sainte-Marie d'Oloron,way,"{""amenity"": ""place_of_worship"", ""building"": ""cathedral"", ""denomination"": ""catholic"", ""heritage"": ""2"", ""heritage:operator"": ""mhs"", ""historic"": ""church"", ""mhs:inscription_date"": ""1939-03-07"", ""name"": ""Cathédrale Sainte-Marie d'Oloron"", ""note"": ""in practice the cathedral may stay open after 19:30"", ""opening_hours"": ""8:30-19:30"", ""ref:mhs"": ""PA00084466"", ""ref:whc"": ""868-019"", ""religion"": ""christian"", ""source"": ""cadastre-dgi-fr source : Direction Générale des Impôts - Cadastre. Mise à jour : 2010"", ""source:heritage"": ""data.gouv.fr, Ministère de la Culture - 2016"", ""start_date"": ""C14"", ""whc:inscription_date"": ""1998"", ""wikidata"": ""Q2310816"", ""wikipedia"": ""fr:Cathédrale Sainte-Marie d'Oloron""}",osm_polygon_area_used_as_mapped_footprint_or_precinct_estimate,1610.4028375554772,osm_polygon_area,7.384239636343079,False,True,True
255,Cathédrale Notre-Dame,Tulle,fr,45.26787715,1.771243036,700,1300,600.0,700–899,,,,True,True,,,,,,,,,0,0,0,0,,mary (1103),no (N/A),Gothic architecture,wikidata_p149,,,,,,,,,False,,,,700,1300,False,False,original_kept,original_kept,,missing,,missing,Gothic architecture (c. 1140–1600),217.0,1010.9903219374974,64242494.0,13.415866135900712,17.865841338640994,1.0,high,Cathédrale Notre-Dame,way,"{""amenity"": ""place_of_worship"", ""building"": ""cathedral"", ""check_date"": ""2024-08-07"", ""denomination"": ""catholic"", ""heritage"": ""2"", ""heritage:operator"": ""mhs"", ""mhs:inscription_date"": ""1862"", ""name"": ""Cathédrale Notre-Dame"", ""name:ko"": ""노트르담 드 튈 성당"", ""ref:FR:CEF"": ""19272_01"", ""ref:mhs"": ""PA00099912"", ""religion"": ""christian"", ""source:heritage"": ""Ministère de la Culture - 07/2018"", ""wikidata"": ""Q613060"", ""wikipedia"": ""fr:Cathédrale Notre-Dame de Tulle""}",osm_polygon_area_used_as_mapped_footprint_or_precinct_estimate,1010.9903219374974,osm_polygon_area,6.918685646212533,False,True,True
256,Cathédrale_Saint-Étienne,Bourges,fr,47.08219883,2.39919084,1195,1480,285.0,1100–1299,6407.0,37.0,237059.0,True,True,,,,,,,,,0,0,0,0,,st stephen (700),no (N/A),classic gothic,wikidata_p149,,,,,,,,,False,,,,1195,1480,False,False,original_kept,original_kept,,original_kept,105.0,original_kept,classic gothic (c. 1140–1600),158.0,,,,,,,,,,,6407.0,original_surface_m2,8.765146421639022,True,False,True
257,Cathédrale Saint-Caprais,Agen,fr,44.20678289,0.619253284761589,700,1500,800.0,700–899,,,,True,True,1.0,True,False,False,False,False,853.0,853.0,1,1,0,0,853,st caprasius (700),ravaged by vikings (853),Romanesque architecture,wikidata_p149,,,,,,,,,False,,,,700,1500,False,False,original_kept,original_kept,,missing,,missing,Romanesque architecture (c. 1000–1200),51.0,1645.4993035098814,65309666.0,11.170403188312017,15.221629301450212,0.3333333333333333,high,Cathédrale Saint-Caprais,way,"{""amenity"": ""place_of_worship"", ""building"": ""cathedral"", ""denomination"": ""catholic"", ""fee"": ""no"", ""heritage"": ""1"", ""heritage:operator"": ""whc;mhs"", ""historic"": ""church"", ""mhs:inscription_date"": ""1862"", ""name"": ""Cathédrale Saint-Caprais"", ""name:en"": ""Agen Cathedral"", ""name:es"": ""Catedral de San Caprasio (Agen)"", ""name:it"": ""Cattedrale di Agen"", ""name:ru"": ""Собор Святого Капрасия"", ""ref:FR:CEF"": ""47001_01"", ""ref:mhs"": ""PA00084035"", ""ref:whc"": ""868-015"", ""religion"": ""christian"", ""source"": ""cadastre-dgi-fr source : Direction Générale des Impôts - Cadastre;mise à jour : 2006"", ""source:heritage"": ""Ministère de la Culture - 2024-11"", ""tourism"": ""museum"", ""wikidata"": ""Q2942319"", ""wikipedia"": ""fr:Cathédrale Saint-Caprais d'Agen""}",osm_polygon_area_used_as_mapped_footprint_or_precinct_estimate,1645.4993035098814,osm_polygon_area,7.40579914511371,False,True,True
258,Cathédrale Sainte-Marie,Auch,fr,43.64628063,0.585992963755894,1489,1520,31.0,1300–1500,3807.0,27.0,102789.0,True,True,2.0,True,True,False,False,False,850.0,1171.0,0,0,0,0,850;1171,st austinde (1175),"destroyed by saracens (850), fire (1171)",Gothic architecture,wikidata_p149,stone,,,,,,,,False,,,,1489,1520,False,False,original_kept,original_kept,44.0,original_kept,,original_kept,Gothic architecture (c. 1140–1600),171.0,,,,,,,,,,,3807.0,original_surface_m2,8.244596756382498,True,False,True
259,Cattedrale di Belluno,Belluno,it,46.13771083,12.21706678,1400,1624,360.0,700–899,,,,True,True,,,,,,,,,0,0,0,0,,,,Renaissance,wikidata_p149,,1517.0,1624.0,inizio costruzione,completamento,1400.0,,,False,1400.0,1624.0,earliest:risale al xv secolo | earliest:risale al xv secolo,500,860,True,True,wikipedia_final_replaced,wikipedia_final_replaced,,missing,,missing,Renaissance (c. 1400–1600),396.0,1517.8840672502993,66058556.0,13.808469485254165,14.361915305147459,1.0,high,Cattedrale di Belluno,way,"{""amenity"": ""place_of_worship"", ""basilica"": ""minor"", ""building"": ""yes"", ""denomination"": ""roman_catholic"", ""name"": ""Cattedrale di Belluno"", ""name:en"": ""Belluno Cathedral"", ""religion"": ""christian"", ""wheelchair"": ""yes"", ""wikidata"": ""Q2886890"", ""wikipedia"": ""it:Basilica cattedrale di San Martino""}",osm_polygon_area_used_as_mapped_footprint_or_precinct_estimate,1517.8840672502993,osm_polygon_area,7.325072583003707,False,True,True
260,Église Saint-Pierre,Condom,fr,43.95791318,0.372762710816567,1400,1507,107.0,1300–1500,2304.0,25.0,57600.0,True,True,1.0,False,False,False,False,True,1368.0,1368.0,0,0,0,0,1368,st peter (700),destroyed (1368),Gothic architecture,wikidata_p149,,,,,,,,,False,,,,1400,1507,False,False,original_kept,original_kept,,original_kept,,original_kept,Gothic architecture (c. 1140–1600),95.0,,,,,,,,,,,2304.0,original_surface_m2,7.742402021815782,True,False,True
261,cathédrale Notre-Dame-du-Puy de Grasse ,Grasse,fr,43.65789,6.924792,1200,1300,100.0,1100–1299,,,,True,True,,,,,,,,,0,0,0,0,,,,Romanesque architecture,wikidata_p149,,,,,,,,,False,,,,1200,1300,False,False,original_kept,original_kept,,missing,,missing,Romanesque architecture (c. 1000–1200),304.0,870.6207202389487,67332918.0,9.420262070695458,16.155797379293045,0.75,high,Cathédrale Notre-Dame-du-Puy,way,"{""addr:city"": ""Grasse"", ""addr:postcode"": ""06130"", ""amenity"": ""place_of_worship"", ""building"": ""cathedral"", ""heritage"": ""2"", ""heritage:operator"": ""mhs"", ""mhs:inscription_date"": ""1920-06-30"", ""name"": ""Cathédrale Notre-Dame-du-Puy"", ""name:oc"": ""Catedrala Nòstra Senhora dau Pueg"", ""ref:FR:CEF"": ""06069_01"", ""ref:mhs"": ""PA00080727"", ""religion"": ""christian"", ""source:heritage"": ""Ministère de la Culture - 2023-01"", ""source:name:oc"": ""ieo-bdtopoc"", ""wheelchair"": ""yes"", ""wikidata"": ""Q1329745""}",osm_polygon_area_used_as_mapped_footprint_or_precinct_estimate,870.6207202389487,osm_polygon_area,6.76920642878783,False,True,True
262,Cathédrale Notre-Dame-de-l'Assomption,Clermont-Ferrand,fr,45.77872227,3.085780006,700,1345,645.0,700–899,,96.1,,True,True,2.0,True,False,False,False,True,760.0,915.0,2,1,0,0,760;915,"st vitalis (700), st agricola (700), mary (1248)","destroyed (760), damaged by vikings (915)",Romanesque architecture,wikidata_p149,volcanic rock,,,,,,,,False,,,,700,1345,False,False,original_kept,original_kept,96.1,wikidata_p2048_filled_missing,,missing,Romanesque architecture (c. 1000–1200),417.0,3238.3579044878497,67517840.0,0.6191910922526686,17.993808089077476,1.0,high,Cathédrale Notre-Dame-de-l'Assomption,way,"{""addr:city"": ""Clermont-Ferrand"", ""addr:postcode"": ""63000"", ""addr:street"": ""Place de la Victoire"", ""amenity"": ""place_of_worship"", ""building"": ""cathedral"", ""building:architecture"": ""gothic"", ""building:levels"": ""8"", ""check_date"": ""2024-10-22"", ""denomination"": ""catholic"", ""heritage"": ""2"", ""heritage:operator"": ""mhs"", ""mhs:inscription_date"": ""1862"", ""name"": ""Cathédrale Notre-Dame-de-l'Assomption"", ""name:oc"": ""Catedrala Nòstra Dama de l'Assompcion"", ""opening_hours"": ""Mo-Sa 07:30-12:00,14:00-18:00; Su 09:30-12:00,15:00-19:30"", ""ref:FR:CEF"": ""63113_01"", ""ref:mhs"": ""PA00091979"", ""religion"": ""christian"", ""source"": ""cadastre-dgi-fr source : Direction Générale des Impôts - Cadastre. Mise à jour : 2010"", ""tourism"": ""attraction"", ""wheelchair"": ""limited"", ""wikidata"": ""Q1032205"", ""wikipedia"": ""fr:Cathédrale Notre-Dame-de-l'Assomption de Clermont""}",osm_polygon_area_used_as_mapped_footprint_or_precinct_estimate,3238.3579044878497,osm_polygon_area,8.082821660707394,False,True,True
263,Sankt-Petri-Dom zu Schleswig,Schleswig (hedeby),de,54.51362887,9.569274999,1134,1600,466.0,1100–1299,,112.0,,True,True,,,,,,,,,0,0,0,0,,st peter (1134),no (N/A),Brick Gothic,wikidata_p149,brick,,,,,,,,False,,,,1134,1600,False,False,original_kept,original_kept,112.0,targeted_source_checked,,missing,Brick Gothic (c. 1140–1600),10.0,127.05598010122776,215065123.0,50.476910789487775,3.9952308921051225,0.0,medium,,way,"{""addr:city"": ""Schleswig"", ""addr:country"": ""DE"", ""addr:housenumber"": ""9"", ""addr:postcode"": ""24837"", ""addr:street"": ""Süderdomstraße"", ""building"": ""yes"", ""wikidata"": ""Q58402335""}",osm_polygon_area_used_as_mapped_footprint_or_precinct_estimate,127.05598010122776,osm_polygon_area,4.844627777538655,False,True,True
264,Cathédrale de l'Immaculée-Conception,Antibes,fr,43.58116914,7.128542605,700,1746,1046.0,700–899,,,,True,True,1.0,True,False,False,False,False,1124.0,1124.0,1,1,0,0,1124,mary (442),destroyed by saracens (1124),| classement =,wikipedia_infobox,,,,,,,,,False,,,,700,1746,False,False,original_kept,original_kept,,missing,,missing,| classement =,16.0,1272.7403032549191,68062611.0,6.887495615737155,8.931125043842629,0.0,high,Cathédrale Notre-Dame-de-la-Platea,way,"{""amenity"": ""place_of_worship"", ""building"": ""church"", ""denomination"": ""catholic"", ""heritage"": ""2"", ""heritage:operator"": ""mhs"", ""mhs:inscription_date"": ""1945-10-16"", ""name"": ""Cathédrale Notre-Dame-de-la-Platea"", ""ref:FR:CEF"": ""06004_01"", ""ref:mhs"": ""PA00080653"", ""religion"": ""christian"", ""source"": ""cadastre-dgi-fr source : Direction Générale des Impôts - Cadastre. Mise à jour : 2010"", ""source:heritage"": ""data.gouv.fr, Ministère de la Culture - 2016"", ""start_date"": ""C12"", ""wikidata"": ""Q2942253"", ""wikipedia"": ""fr:Cathédrale Notre-Dame-de-l'Immaculée-Conception d'Antibes""}",osm_polygon_area_used_as_mapped_footprint_or_precinct_estimate,1272.7403032549191,osm_polygon_area,7.1489275740183365,False,True,True
265,Cathédrale Saint-Michel,Carcassonne,fr,43.21097867,2.351126391,800,1370,570.0,700–899,,,,True,True,1.0,False,False,False,False,True,1240.0,1240.0,1,0,0,0,1240,st michael (800),damaged in: (1240),"Gothic architecture, Meridional Gothic",wikidata_p149,,,,,,,,,False,,,,800,1370,False,False,original_kept,original_kept,,missing,,missing,"Gothic architecture (c. 1140–1600), Meridional Gothic (c. 1140–1600)",115.0,1793.0156723926993,68341804.0,11.347079699995533,17.886529203000045,1.0,high,Cathédrale Saint-Michel,way,"{""addr:city"": ""Carcassonne"", ""addr:housenumber"": ""52"", ""addr:postcode"": ""11000"", ""addr:street"": ""Rue Voltaire"", ""amenity"": ""place_of_worship"", ""building"": ""cathedral"", ""denomination"": ""catholic"", ""heritage"": ""2"", ""heritage:operator"": ""mhs"", ""mhs:inscription_date"": ""1886-07-12"", ""name"": ""Cathédrale Saint-Michel"", ""ref:FR:CEF"": ""11069_01"", ""ref:mhs"": ""PA00102584"", ""religion"": ""christian"", ""source"": ""cadastre-dgi-fr source : Direction Générale des Impôts - Cadastre. Mise à jour : 2010"", ""source:heritage"": ""Ministère de la Culture - 06/2019"", ""start_date"": ""1247"", ""tourism"": ""attraction"", ""website"": ""https://pop.culture.gouv.fr/notice/merimee/PA00102584"", ""wikidata"": ""Q1736175"", ""wikimedia_commons"": ""Category:Cathédrale_Saint-Michel_de_Carcassonne"", ""wikipedia"": ""fr:Cathédrale Saint-Michel de Carcassonne""}",osm_polygon_area_used_as_mapped_footprint_or_precinct_estimate,1793.0156723926993,osm_polygon_area,7.491654214444065,False,True,True
266,Cathédrale Notre-Dame,Coutances,fr,49.04762601,-1.444206253,1220,1270,50.0,1100–1299,3270.0,22.0,71940.0,True,True,,,,,,,,,0,0,0,0,,mary (700),no (N/A),French Gothic architecture,wikidata_p149,,,,,,,,,False,,,,1220,1270,False,False,original_kept,original_kept,,original_kept,,original_kept,French Gothic architecture (c. 1140–1600),92.0,,,,,,,,,,,3270.0,original_surface_m2,8.0925452638913,True,False,True
267,cathedrale saint-etienne,Toul,fr,48.67523251,5.89440215,1220,1497,277.0,1100–1299,5831.0,32.0,186592.0,True,True,,,,,,,,,0,0,0,0,,st stephen (700),no (N/A),Gothic architecture,wikidata_p149,Euville stone,,,,,,,,False,,,,1220,1497,False,False,original_kept,original_kept,,original_kept,,original_kept,Gothic architecture (c. 1140–1600),212.0,,,,,,,,,,,5831.0,original_surface_m2,8.670943791222156,True,False,True
268,Cathédrale Saint-Gervais et Saint-Protais,Soissons,fr,49.38087975,3.325395399,810,1479,669.0,700–899,,66.0,,True,True,1.0,False,True,False,False,False,948.0,948.0,1,0,1,0,948,"st gervais (815), st protais (815)",fire (948),classic gothic,wikidata_p149,,,,,,,,,False,,,,810,1479,False,False,original_kept,original_kept,66.0,wikidata_p2048_filled_missing,,missing,classic gothic (c. 1140–1600),50.0,4690.689660965443,69839724.0,0.8277560215656616,19.991722439784343,1.0,high,Cathédrale Saint-Gervais et Saint-Protais,way,"{""alt_name"": ""Basilique-Cathédrale Saint-Gervais et Saint-Protais"", ""amenity"": ""place_of_worship"", ""basilica"": ""minor"", ""building"": ""cathedral"", ""building:architecture"": ""gothic"", ""denomination"": ""catholic"", ""heritage"": ""2"", ""heritage:operator"": ""mhs"", ""heritage:website"": ""http://www.culture.gouv.fr/public/mistral/merimee_fr?ACTION=CHERCHER&FIELD_98=REF&VALUE_98=PA00115941"", ""historic"": ""church"", ""mhs:inscription_date"": ""1862"", ""name"": ""Cathédrale Saint-Gervais et Saint-Protais"", ""opening_hours"": ""Nov-Mar Mo,Tu-Th,Fr,Su 09:30-12:00,14:00-16:00; Nov-Mar Sa 09:30-16:00; Apr-Oct Mo,Tu,Th,Fr 09:30-12:00,14:00-18:00; Apr-Oct We,Sa,Su 09:30-18:00"", ""ref:FR:CEF"": ""02722_01"", ""ref:mhs"": ""PA00115941"", ""religion"": ""christian"", ""source"": ""cadastre-dgi-fr source : Direction Générale des Impôts - Cadastre. Mise à jour : 2010"", ""source:heritage"": ""data.gouv.fr:Ministère de la Culture - 08/2011"", ""source:name"": ""clochers.org"", ""tourism"": ""attraction"", ""wikidata"": ""Q1736223"", ""wikipedia"": ""fr:Cathédrale Saint-Gervais-et-Saint-Protais de Soissons""}",osm_polygon_area_used_as_mapped_footprint_or_precinct_estimate,4690.689660965443,osm_polygon_area,8.453334899876008,False,True,True
269,Dom Unserer Lieben Frau,Augsburg,de,48.37274852,10.89657464,700,1441,741.0,700–899,,62.0,,True,False,1.0,False,False,False,False,True,994.0,994.0,1,0,0,0,994,mary (820),collapse of west (994),Romanesque architecture,wikidata_p149,,,,,,,,,False,,,,700,1441,False,False,original_kept,original_kept,62.0,wikidata_p2048_filled_missing,,missing,Romanesque architecture (c. 1000–1200),491.0,5069.988852164708,70193982.0,10.500343372771072,10.89499656627229,0.0,high,Dom Mariä Heimsuchung,way,"{""BLfD:criteria"": ""Baudenkmal"", ""addr:city"": ""Augsburg"", ""addr:country"": ""DE"", ""addr:housenumber"": ""1"", ""addr:postcode"": ""86152"", ""addr:street"": ""Frauentorstraße"", ""alt_name"": ""Augsburger Dom;Hoher Dom;Dom St. Maria"", ""amenity"": ""place_of_worship"", ""building"": ""cathedral"", ""building:architecture"": ""romanesque;gothic"", ""denomination"": ""roman_catholic"", ""height"": ""62"", ""heritage"": ""4"", ""heritage:operator"": ""BLfD"", ""name"": ""Dom Mariä Heimsuchung"", ""name:de"": ""Dom Mariä Heimsuchung"", ""name:en"": ""Augsburg Cathedral"", ""official_name"": ""Hohe Domkirche Mariae Heimsuchung"", ""ref:BLfD"": ""D-7-61-000-238"", ""religion"": ""christian"", ""roof:colour"": ""red"", ""source:url"": ""http://wiki.openstreetmap.org/wiki/Augsburg/Datenspende_%C3%B6ffentliche_Geb%C3%A4ude_der_Stadt_mit_Publikumsverkehr"", ""start_date"": ""994"", ""website"": ""https://bistum-augsburg.de/Pfarreien/Hlgst.-Herz-Jesu_Augsburg-Dom/Der-Dom"", ""wheelchair"": ""yes"", ""wikidata"": ""Q279089"", ""wikimedia_commons"": ""Category:Augsburg Cathedral"", ""wikipedia"": ""de:Augsburger Dom""}",osm_polygon_area_used_as_mapped_footprint_or_precinct_estimate,5069.988852164708,osm_polygon_area,8.53109389779873,False,True,True
270,Cathédrale Saint-Étienne,Limoges,fr,45.82891546,1.26667503,700,1499,799.0,700–899,,,,True,True,,,,,,,,,0,0,0,0,,st stephen (700),no (N/A),Gothic architecture,wikidata_p149,,,,,,,,,False,,,,700,1499,False,False,original_kept,original_kept,,missing,,missing,Gothic architecture (c. 1140–1600),251.0,3444.070780976501,70413238.0,6.59254666713545,17.934074533328648,1.0,high,Cathédrale Saint-Étienne,way,"{""amenity"": ""place_of_worship"", ""building"": ""cathedral"", ""denomination"": ""catholic"", ""heritage"": ""2"", ""heritage:operator"": ""mhs"", ""mhs:inscription_date"": ""1862"", ""name"": ""Cathédrale Saint-Étienne"", ""ref:FR:CEF"": ""87085_01"", ""ref:mhs"": ""PA00100333"", ""religion"": ""christian"", ""source"": ""extraction vectorielle: cadastre-dgi-fr source : Direction Générale des Impôts - Cadastre. Mise à jour : 2010"", ""source:heritage"": ""Ministère de la Culture - 06/2019"", ""wikidata"": ""Q2189282"", ""wikipedia"": ""fr:Cathédrale Saint-Étienne de Limoges""}",osm_polygon_area_used_as_mapped_footprint_or_precinct_estimate,3444.070780976501,osm_polygon_area,8.144409417304058,False,True,True
271,Cathédrale Saint-Fulcran,Lodeve (Lodève),fr,43.73190342,3.317392931,1265,1320,55.0,1100–1299,2024.0,25.0,50600.0,True,True,,,,,,,,,0,0,0,0,,st fulcran (1265),no (N/A),Meridional Gothic,wikidata_p149,,,,,,,,,False,,,,1265,1320,False,False,original_kept,original_kept,,original_kept,,original_kept,Meridional Gothic (c. 1140–1600),178.0,,,,,,,,,,,2024.0,original_surface_m2,7.6128310304073565,True,False,True
272,Cathédrale Saint-Étienne,Agde,fr,43.31399915,3.469077792,700,1200,500.0,700–899,,,,True,True,,,,,,,,,0,0,0,0,,st stephen (700),no (N/A),Romanesque architecture,wikidata_p149,,,,,,,,,False,,,,700,1200,False,False,original_kept,original_kept,,missing,,missing,Romanesque architecture (c. 1000–1200),17.0,1051.2611759433057,72092769.0,6.603625118523326,19.93396374881477,1.0,high,Cathédrale Saint-Étienne,way,"{""addr:city"": ""Agde"", ""addr:housenumber"": ""3"", ""addr:postcode"": ""34300"", ""addr:street"": ""Rue Hôtel du Cheval Blanc"", ""amenity"": ""place_of_worship"", ""building"": ""cathedral"", ""building:part"": ""no"", ""contact:facebook"": ""https://www.facebook.com/paroisse.agde.3"", ""contact:youtube"": ""https://www.youtube.com/channel/UCsTtiRwRqD2TWEPtwql8NJg"", ""denomination"": ""catholic"", ""heritage"": ""2"", ""heritage:operator"": ""mhs"", ""historic"": ""church"", ""image"": ""File:Agde Cathédrale St-Etienne.JPG"", ""mhs:inscription_date"": ""1840"", ""name"": ""Cathédrale Saint-Étienne"", ""phone"": ""+33 4 67 94 12 79"", ""ref:FR:CEF"": ""34003_01"", ""ref:mhs"": ""PA00103340"", ""religion"": ""christian"", ""source"": ""cadastre-dgi-fr source : Direction Générale des Impôts - Cadastre. Mise à jour : 2010;data.gouv.fr:Ministère de la Culture - 08/2011"", ""tourism"": ""attraction"", ""website"": ""https://eglisedagde.jimdo.com"", ""wheelchair"": ""no"", ""wikidata"": ""Q2561189"", ""wikimedia_commons"": ""Category:Cathédrale_Saint-Étienne_d'Agde"", ""wikipedia"": ""fr:Cathédrale Saint-Étienne d'Agde""}",osm_polygon_area_used_as_mapped_footprint_or_precinct_estimate,1051.2611759433057,osm_polygon_area,6.957745842330106,False,True,True
273,Cathédrale Saint-Paul-Aurélien,St Pol  (Saint-Pol-de-Léon),fr,48.68494468,-3.986164233,780,1500,720.0,700–899,,,,True,True,2.0,True,True,False,False,False,875.0,1365.0,2,1,1,0,875;1365,"st paul (780), st pol (780)","vikings (875), partly damaged by fire (1365)",Gothic architecture,wikidata_p149,,,,,,,,,False,,,,780,1500,False,False,original_kept,original_kept,,missing,,missing,Gothic architecture (c. 1140–1600),40.0,2367.081402092823,72096102.0,4.07289004484163,15.62593776621825,0.6666666666666666,high,Cathédrale Saint-Paul-Aurélien,way,"{""alt_name"": ""Basilique de l'Annonciation"", ""amenity"": ""place_of_worship"", ""basilica"": ""minor"", ""building"": ""cathedral"", ""check_date"": ""2023-10-10"", ""denomination"": ""catholic"", ""heritage"": ""2"", ""heritage:operator"": ""mhs"", ""mhs:inscription_date"": ""1840"", ""name"": ""Cathédrale Saint-Paul-Aurélien"", ""name:br"": ""Iliz-veur Paol Aorelian"", ""name:fr"": ""Cathédrale Saint-Paul-Aurélien"", ""ref:FR:CEF"": ""29259_01"", ""ref:mhs"": ""PA00090425"", ""religion"": ""christian"", ""source"": ""cadastre-dgi-fr source : Direction Générale des Impôts - Cadastre ; mise à jour : 2009"", ""source:heritage"": ""Ministère de la Culture - 07/2018"", ""source:name:br"": ""ofis publik ar brezhoneg"", ""wikidata"": ""Q739028"", ""wikipedia"": ""fr:Cathédrale Saint-Paul-Aurélien de Saint-Pol-de-Léon""}",osm_polygon_area_used_as_mapped_footprint_or_precinct_estimate,2367.081402092823,osm_polygon_area,7.7694129993294165,False,True,True
274,Cathédrale Sainte-Marie,Bayonne,fr,43.49052477,-1.477297531,700,1600,900.0,700–899,,,,True,True,3.0,False,True,False,False,False,1199.0,1258.0,3,0,3,0,1199;1224;1258,mary (700),"partly damaged by fire (1199), 1224 (1258)",Gothic architecture,wikidata_p149,,,,,,,,,False,,,,700,1600,False,False,original_kept,original_kept,,missing,,missing,Gothic architecture (c. 1140–1600),22.0,3488.3646310449476,1176280766.0,2.6052567812628245,13.973947432187371,1.0,high,Cathédrale Sainte-Marie,way,"{""amenity"": ""place_of_worship"", ""check_date"": ""2025-08-06"", ""heritage"": ""1"", ""heritage:operator"": ""whc"", ""name"": ""Cathédrale Sainte-Marie"", ""name:eu"": ""Baionako Santa Maria katedrala"", ""name:oc"": ""Catedrau Senta Maria"", ""ref:FR:CEF"": ""64102_01"", ""ref:mhs"": ""PA00084329"", ""ref:whc"": ""868-016"", ""religion"": ""christian"", ""source"": ""cadastre-dgi-fr source : Direction Générale des Impôts - Cadastre. Mise à jour : 2009"", ""source:name:oc"": ""Lo Congrès"", ""wikidata"": ""Q1736171"", ""wikipedia"": ""fr:Cathédrale Sainte-Marie de Bayonne""}",osm_polygon_area_used_as_mapped_footprint_or_precinct_estimate,3488.3646310449476,osm_polygon_area,8.157188318282094,False,True,True
275,Cattedrale di San Feliciano,Foligno,it,42.95645756,12.70370036,1100,2000,301.0,900–1099,,,,True,True,,,,,,,,,0,0,0,0,,,,Romanesque architecture,wikidata_p149,,1100.0,2000.0,inizio costruzione,completamento,1200.0,,,False,1100.0,2000.0,earliest:risale al xiii secolo | earliest:risale al xiii secolo,900,1201,True,True,wikipedia_final_replaced,wikipedia_final_replaced,,missing,,missing,Romanesque architecture (c. 1000–1200),239.0,2296.28599108709,72878113.0,4.093842990672684,17.959061570093272,1.0,high,Cattedrale di San Feliciano,way,"{""amenity"": ""place_of_worship"", ""building"": ""church"", ""check_date"": ""2024-05-04"", ""denomination"": ""roman_catholic"", ""disused:amenity"": ""place_of_worship"", ""historic"": ""church"", ""name"": ""Cattedrale di San Feliciano"", ""note"": ""chiuso per lavori dal terremoto del 2016"", ""religion"": ""christian"", ""wheelchair"": ""limited"", ""wikidata"": ""Q2942669"", ""wikipedia"": ""it:Cattedrale di San Feliciano""}",osm_polygon_area_used_as_mapped_footprint_or_precinct_estimate,2296.28599108709,osm_polygon_area,7.739048310260434,False,True,True
276,Cathédrale Saint-Pierre et Saint-Paul,Troyes,fr,48.30037659,4.081514841,700,1500,800.0,700–899,,,,True,True,2.0,True,True,False,False,False,890.0,1188.0,2,1,1,0,890;1188,"christ (700), st peter (850), st paul (850)","vikings (890), partly destroyed by fire (1188)",Gothic architecture,wikidata_p149,,,,,,,,,False,,,,700,1500,False,False,original_kept,original_kept,,missing,,missing,Gothic architecture (c. 1140–1600),108.0,5573.500719144533,73122051.0,7.504842719268324,17.924951572807316,1.0,high,Cathédrale Saint-Pierre et Saint-Paul,way,"{""amenity"": ""place_of_worship"", ""building"": ""cathedral"", ""denomination"": ""roman_catholic"", ""heritage"": ""2"", ""heritage:operator"": ""mhs"", ""mhs:inscription_date"": ""1862"", ""name"": ""Cathédrale Saint-Pierre et Saint-Paul"", ""ref:FR:CEF"": ""10387_01"", ""ref:mhs"": ""PA00078250"", ""religion"": ""christian"", ""source"": ""cadastre"", ""wikidata"": ""Q2443243"", ""wikipedia"": ""fr:Cathédrale Saint-Pierre-et-Saint-Paul de Troyes""}",osm_polygon_area_used_as_mapped_footprint_or_precinct_estimate,5573.500719144533,osm_polygon_area,8.625778630858921,False,True,True
277,Cathédrale Saint-Gatien,Tours,fr,47.39557713,0.694464088,1170,1400,230.0,1100–1299,3675.0,29.0,106575.0,True,True,1.0,False,True,False,False,False,1166.0,1166.0,0,0,0,0,1166,"st maurice (500), st gatien (700)",fire (1166),Gothic architecture,wikidata_p149,,,,,,,,,False,,,,1170,1400,False,False,original_kept,original_kept,69.0,original_kept,,original_kept,Gothic architecture (c. 1140–1600),58.0,,,,,,,,,,,3675.0,original_surface_m2,8.209308411646937,True,False,True
278,Cattedrale di Santa Maria Assunta,Cremona,it,45.13355164,10.02560838,1107,1491,700.0,700–899,,,,True,True,1.0,False,False,True,False,False,1117.0,1117.0,1,0,0,1,1117,,,Romanesque architecture,wikidata_p149,,1107.0,1491.0,inizio costruzione,completamento,,,,False,1107.0,1491.0,,700,1400,True,True,wikipedia_final_replaced,wikipedia_final_replaced,,missing,,missing,Romanesque architecture (c. 1000–1200),54.0,3525.8013172335923,73881812.0,21.644280134337187,17.783557198656627,1.0,high,Cattedrale di Santa Maria Assunta,way,"{""amenity"": ""place_of_worship"", ""building"": ""cathedral"", ""check_date"": ""2023-11-01"", ""denomination"": ""catholic"", ""layer"": ""1"", ""name"": ""Cattedrale di Santa Maria Assunta"", ""religion"": ""christian"", ""tourism"": ""attraction"", ""wheelchair"": ""yes"", ""wikidata"": ""Q913182"", ""wikipedia"": ""it:Duomo di Cremona""}",osm_polygon_area_used_as_mapped_footprint_or_precinct_estimate,3525.8013172335923,osm_polygon_area,8.167863013450074,False,True,True
279,Église Saint-Étienne de la Cité,Perigueux (Périgueux),fr,45.1817435,0.714820320251761,700,1200,500.0,700–899,,,,True,True,,,,,,,,,0,0,0,0,,st stephen (700),no (N/A),Romanesque architecture,wikidata_p149,,,,,,,,,False,,,,700,1200,False,False,original_kept,original_kept,,missing,,missing,Romanesque architecture (c. 1000–1200),97.0,918.8345305111579,75334833.0,6.472261110235745,17.935277388897642,1.0,high,Église Saint-Étienne de la Cité,way,"{""amenity"": ""place_of_worship"", ""building"": ""cathedral"", ""denomination"": ""catholic"", ""heritage"": ""2"", ""heritage:operator"": ""mhs"", ""mhs:inscription_date"": ""1840"", ""name"": ""Église Saint-Étienne de la Cité"", ""ref:FR:CEF"": ""24322_04"", ""ref:mhs"": ""PA00082729"", ""religion"": ""christian"", ""source"": ""cadastre-dgi-fr source : Direction Générale des Impôts - Cadastre. Mise à jour : 2010"", ""source:heritage"": ""data.gouv.fr:Ministère de la Culture - 04/2015"", ""source:name"": ""clochers.org"", ""wikidata"": ""Q3584727"", ""wikipedia"": ""fr:Église Saint-Étienne-de-la-Cité""}",osm_polygon_area_used_as_mapped_footprint_or_precinct_estimate,918.8345305111579,osm_polygon_area,6.823106052293293,False,True,True
280,Cathédrale Saint-Étienne,St Brieuc (Saint-Brieuc),fr,48.51418675,-2.763891519,700,1500,800.0,700–899,,,,True,True,,,,,,,,,0,0,0,0,,st stephen (700),no (N/A),Gothic architecture,wikidata_p149,,,,,,,,,False,,,,700,1500,False,False,original_kept,original_kept,,missing,,missing,Gothic architecture (c. 1140–1600),80.0,1965.3113902641344,78123714.0,3.5196278067174345,17.964803721932824,1.0,high,Cathédrale Saint-Étienne,way,"{""amenity"": ""place_of_worship"", ""building"": ""cathedral"", ""check_date"": ""2023-12-27"", ""contact:city"": ""Saint-Brieuc"", ""contact:housenumber"": ""20"", ""contact:postcode"": ""22000"", ""contact:street"": ""Place du Martray"", ""denomination"": ""catholic"", ""heritage"": ""2"", ""heritage:operator"": ""mhs"", ""mhs:inscription_date"": ""1906-10-30"", ""name"": ""Cathédrale Saint-Étienne"", ""name:br"": ""Iliz-veur Sant Stefan"", ""name:fr"": ""Cathédrale Saint-Étienne"", ""ref:FR:CEF"": ""22278_01"", ""ref:mhs"": ""PA00089582"", ""religion"": ""christian"", ""source"": ""cadastre-dgi-fr source : Direction Générale des Impôts - Cadastre. Mise à jour : 2010"", ""source:heritage"": ""Ministère de la Culture - 07/2018"", ""source:name"": ""clochers.org,2011"", ""source:name:br"": ""ofis publik ar brezhoneg"", ""wikidata"": ""Q787927"", ""wikipedia"": ""fr:Cathédrale Saint-Étienne de Saint-Brieuc""}",osm_polygon_area_used_as_mapped_footprint_or_precinct_estimate,1965.3113902641344,osm_polygon_area,7.583405980076386,False,True,True
281,Cathédrale Notre-Dame,Orange,fr,44.13804247,4.807403121,700,1208,508.0,700–899,,,,True,True,,,,,,,,,0,0,0,0,,mary (700),no (N/A),Romanesque architecture,wikidata_p149,,,,,,,,,False,,,,700,1208,False,False,original_kept,original_kept,,missing,,missing,Romanesque architecture (c. 1000–1200),50.0,1211.6211407971277,78359846.0,11.514581772804142,15.551520848938624,0.6666666666666666,high,Cathédrale Notre-Dame,way,"{""FR:ERP"": ""V - 3"", ""amenity"": ""place_of_worship"", ""building"": ""cathedral"", ""building:levels"": ""4"", ""building:material"": ""stone"", ""building:part"": ""yes"", ""description"": ""Eglise Notre-Dame-de-Nazareth (ancienne cathédrale)"", ""fee"": ""no"", ""heritage"": ""2"", ""historic"": ""heritage"", ""mapillary"": ""151342273596429"", ""mhs:inscription_date"": ""1921/01/04"", ""name"": ""Cathédrale Notre-Dame"", ""name:de"": ""Kathedrale Notre-Dame-de-Nazareth"", ""operator"": ""Mairie d'Orange"", ""pictogram"": ""no"", ""ref:mhs"": ""PA00082100"", ""religion"": ""christian"", ""roof:material"": ""roof_tiles"", ""roof:orientation"": ""along"", ""roof:shape"": ""gabled"", ""source"": ""survey"", ""survey:date"": ""2016-03-20"", ""tourism"": ""attraction"", ""wheelchair"": ""no"", ""wikidata"": ""Q2297114"", ""wikipedia"": ""fr:Cathédrale Notre-Dame-de-Nazareth d'Orange""}",osm_polygon_area_used_as_mapped_footprint_or_precinct_estimate,1211.6211407971277,osm_polygon_area,7.09971452766141,False,True,True
282,Duomo di Bergamo,Bergamo,it,45.70327954,9.66291957,1400,1900,1000.0,700–899,,,,True,True,,,,,,,,,0,0,0,0,,,,"Italian Baroque architecture, Italian Neoclassical architecture",wikidata_p149,,1400.0,1900.0,inizio costruzione,completamento,,,,False,1400.0,1900.0,,500,1500,True,True,wikipedia_final_replaced,wikipedia_final_replaced,,missing,,missing,"Italian Baroque architecture (c. 1600–1750), Italian Neoclassical architecture (c. 1750–1850)",378.0,1495.1118811848573,79808365.0,5.080463076171755,15.949195369238282,1.0,high,Duomo di Bergamo,way,"{""amenity"": ""place_of_worship"", ""basilica"": ""minor"", ""building"": ""church"", ""check_date"": ""2026-05-25"", ""denomination"": ""catholic"", ""fee"": ""no"", ""name"": ""Duomo di Bergamo"", ""name:pl"": ""Katedra świętego Aleksandra"", ""name:ru"": ""Кафедральный собор святого Александра"", ""religion"": ""christian"", ""toilets:wheelchair"": ""no"", ""tourism"": ""attraction"", ""wheelchair"": ""yes"", ""wikidata"": ""Q1081902"", ""wikipedia"": ""it:Duomo di Bergamo""}",osm_polygon_area_used_as_mapped_footprint_or_precinct_estimate,1495.1118811848573,osm_polygon_area,7.3099563199375925,False,True,True
283,Cathédrale Saint-Pierre,Vannes,fr,47.65789884,-2.75679225,700,1520,820.0,700–899,,,,True,True,2.0,True,False,False,False,True,919.0,1150.0,2,1,0,0,919;1150,st peter (700),"normans (919), ruined (1150)",Gothic architecture,wikidata_p149,,,,,,,,,False,,,,700,1520,False,False,original_kept,original_kept,,missing,,missing,Gothic architecture (c. 1140–1600),27.0,2668.0516337032313,79901345.0,0.541924832578532,17.994580751674214,1.0,high,Cathédrale Saint-Pierre,way,"{""amenity"": ""place_of_worship"", ""basilica"": ""minor"", ""building"": ""cathedral"", ""check_date"": ""2023-08-22"", ""denomination"": ""catholic"", ""heritage"": ""2"", ""heritage:operator"": ""mhs"", ""mhs:inscription_date"": ""1906-10-30"", ""name"": ""Cathédrale Saint-Pierre"", ""name:br"": ""Iliz-veur Sant-Pêr"", ""ref:FR:CEF"": ""56260_01"", ""ref:mhs"": ""PA00091772"", ""religion"": ""christian"", ""source"": ""cadastre-dgi-fr source : Direction Générale des Impôts - Cadastre. Mise à jour : 2010"", ""source:heritage"": ""Ministère de la Culture - 06/2019"", ""source:name:br"": ""ofis publik ar brezhoneg"", ""wheelchair"": ""yes"", ""wikidata"": ""Q919028"", ""wikipedia"": ""fr:Cathédrale Saint-Pierre de Vannes""}",osm_polygon_area_used_as_mapped_footprint_or_precinct_estimate,2668.0516337032313,osm_polygon_area,7.889103759810479,False,True,True
284,Cathédrale Saint-André,Bordeaux,fr,44.83765666,-0.577757666087606,700,1350,650.0,700–899,,,,True,True,3.0,True,False,False,False,False,725.0,864.0,3,3,0,0,725;848;864,st andrew (700),"damaged in: (725), 848 (864)",Gothic architecture,wikidata_p149,,,,,,,,,False,,,,700,1350,False,False,original_kept,original_kept,,missing,,missing,Gothic architecture (c. 1140–1600),16.0,5238.250432191489,80181137.0,7.446514895688392,17.925534851043118,1.0,high,Cathédrale Saint-André,way,"{""amenity"": ""place_of_worship"", ""building"": ""cathedral"", ""building:architecture"": ""gothic"", ""building:levels"": ""5"", ""building:material"": ""sandstone"", ""check_date"": ""2026-06-10"", ""denomination"": ""catholic"", ""fee"": ""no"", ""heritage"": ""1"", ""heritage:operator"": ""whc"", ""name"": ""Cathédrale Saint-André"", ""ref:FR:CEF"": ""33063_01"", ""ref:FR:NAF"": ""94.91Z"", ""ref:FR:SIREN"": ""781841671"", ""ref:FR:SIRET"": ""78184167100014"", ""ref:mhs"": ""PA00083160"", ""ref:whc"": ""868-007"", ""religion"": ""christian"", ""roof:colour"": ""#d9bc9a"", ""source"": ""cadastre-dgi-fr source : Direction Générale des Impôts - Cadastre. Mise à jour : 2010"", ""tourism"": ""attraction"", ""whc:inscription_date"": ""1998"", ""wheelchair"": ""yes"", ""wikidata"": ""Q656738"", ""wikipedia"": ""fr:Cathédrale Saint-André de Bordeaux""}",osm_polygon_area_used_as_mapped_footprint_or_precinct_estimate,5238.250432191489,osm_polygon_area,8.563742834576061,False,True,True
285,Cattedrale di Sant'Evasio,Casale (Casale Monferrato),it,45.13723347,8.452657922,1000,1900,450.0,700–899,,,,True,True,1.0,False,True,False,False,False,1215.0,1215.0,1,0,1,0,1215,,,Romanesque architecture,wikidata_p149,,1000.0,1900.0,inizio costruzione,completamento,,,,False,1000.0,1900.0,,800,1250,True,True,wikipedia_final_replaced,wikipedia_final_replaced,,missing,,missing,Romanesque architecture (c. 1000–1200),121.0,2200.6203527036123,80414060.0,12.371961764216591,17.876280382357834,1.0,high,Cattedrale di Sant'Evasio,way,"{""amenity"": ""place_of_worship"", ""building"": ""cathedral"", ""denomination"": ""catholic"", ""name"": ""Cattedrale di Sant'Evasio"", ""religion"": ""christian"", ""tourism"": ""attraction"", ""wikidata"": ""Q2942617"", ""wikipedia"": ""it:Duomo di Casale Monferrato""}",osm_polygon_area_used_as_mapped_footprint_or_precinct_estimate,2200.6203527036123,osm_polygon_area,7.696494578099584,False,True,True
286,Cathédrale Saint-Jean-Baptiste,Perpignan,fr,42.70061587,2.897092208,1324,1453,129.0,1300–1500,4562.0,26.0,118612.0,True,True,,,,,,,,,0,0,0,0,,st john baptist (1025),no (N/A),Gothic architecture,wikidata_p149,,,,,,,,,False,,,,1324,1453,False,False,original_kept,original_kept,,original_kept,,original_kept,Gothic architecture (c. 1140–1600),38.0,,,,,,,,,,,4562.0,original_surface_m2,8.425516402844334,True,False,True
287,Cathédrale Notre-Dame,Evreux (Évreux),fr,49.02421337,1.150952616,700,1455,755.0,700–899,,78.15,,True,True,3.0,True,True,False,False,False,950.0,1356.0,3,2,1,0,950;1119;1356,mary (700),"vikings (950), fire (1119), war damage (1356)",Gothic architecture,wikidata_p149,,,,,,,,,False,,,,700,1455,False,False,original_kept,original_kept,78.15,wikidata_p2048_filled_missing,,missing,Gothic architecture (c. 1140–1600),71.0,4071.2847775599585,82048362.0,7.836601253667636,17.921633987463323,1.0,high,Cathédrale Notre-Dame,way,"{""addr:city"": ""Évreux"", ""amenity"": ""place_of_worship"", ""building"": ""cathedral"", ""building:architecture"": ""gothic"", ""check_date"": ""2024-01-07"", ""denomination"": ""catholic"", ""heritage"": ""2"", ""heritage:operator"": ""mhs"", ""mhs:inscription_date"": ""1862"", ""name"": ""Cathédrale Notre-Dame"", ""ref:FR:CEF"": ""27229_01"", ""ref:mhs"": ""PA00099400"", ""religion"": ""christian"", ""source"": ""extraction vectorielle v1 cadastre-dgi-fr source : Direction Générale des Impôts - Cadas. Mise à jour : 2010"", ""source:heritage"": ""data.gouv.fr:Ministère de la Culture - 04/2015"", ""tourism"": ""attraction"", ""wikidata"": ""Q2918846"", ""wikipedia"": ""fr:Ancien Évêché""}",osm_polygon_area_used_as_mapped_footprint_or_precinct_estimate,4071.2847775599585,osm_polygon_area,8.31171389878545,False,True,True
288,Cattedrale di Sant'Eusebio,Vercelli,it,45.33019486,8.422559498,300,1900,800.0,700–899,,,,True,True,1.0,False,True,False,False,False,997.0,997.0,1,0,1,0,997,,,Mannerism,wikidata_p149,,300.0,1900.0,inizio costruzione,completamento,,,1805.0,False,300.0,1900.0,current_end:consacrata nel 1805,300,1100,False,True,original_kept,wikipedia_final_replaced,,missing,,missing,Mannerism,137.0,4713.397307156352,996119156.0,5.868985383608422,17.607976812830582,0.6666666666666666,high,Cattedrale di Sant'Eusebio,way,"{""alt_name"": ""Duomo di Vercelli"", ""amenity"": ""place_of_worship"", ""architect"": ""Pellegrino Tibaldi;Benedetto Alfieri"", ""architect:wikidata"": ""Q861385;Q381625"", ""basilica"": ""minor"", ""building"": ""cathedral"", ""building:colour"": ""#D7BCA8"", ""check_date"": ""2025-01-26"", ""denomination"": ""catholic"", ""height"": ""25"", ""historic"": ""church"", ""name"": ""Cattedrale di Sant'Eusebio"", ""name:etymology:wikidata"": ""Q181489"", ""organ"": ""yes"", ""organ:builder"": ""Vincenzo Mascioni"", ""organ:wikidata"": ""Q131617497"", ""patron_saint:it"": ""Sant'Eusebio"", ""photography"": ""no"", ""religion"": ""christian"", ""roof:colour"": ""#9f8985"", ""start_date"": ""C16"", ""tourism"": ""attraction"", ""wheelchair"": ""yes"", ""wheelchair:description:it"": ""L'entrata per i disabili si trova sul lato destra rispetto all'entrata, di fianco al campanile."", ""wikidata"": ""Q2942854"", ""wikipedia"": ""it:Duomo di Vercelli""}",osm_polygon_area_used_as_mapped_footprint_or_precinct_estimate,4713.397307156352,osm_polygon_area,8.458164223637235,False,True,True
289,Duomo di Monreale,Monreale,it,38.08203426,13.29229182,1172,1267,8.0,1100–1299,16690.0,,,True,True,,,,,,,,,0,0,0,0,,,,Romanesque architecture,wikidata_p149,,1172.0,1267.0,inizio costruzione,completamento,1176.0,,,False,1172.0,1267.0,earliest:risale al 15 agosto del 1176 la prima e più antica festa mariana nella città di monreale | earliest:risale al 15 agosto del 1176 la prima e più antica festa mariana nella città di monreale,1174,1182,True,True,wikipedia_final_replaced,wikipedia_final_replaced,,missing,16690.0,wikidata_p2046_filled_missing,Romanesque architecture (c. 1000–1200),309.0,,,,,,,,,,,16690.0,original_surface_m2,9.722565016655881,True,False,True
290,Cathédrale Saint-Benoît,Castres,fr,43.60423781,2.241669366,700,1200,500.0,700–899,,,,True,True,,,,,,,,,0,0,0,0,,st benedict (700),no (N/A),Romanesque architecture,wikidata_p149,,,,,,,,,False,,,,700,1200,False,False,original_kept,original_kept,,missing,,missing,Romanesque architecture (c. 1000–1200),172.0,1581.396796080211,83180781.0,5.6913287817103395,12.443086712182897,0.5,high,Cathédrale Saint-Benoît de Castres,way,"{""amenity"": ""place_of_worship"", ""building"": ""church"", ""check_date"": ""2026-04-20"", ""denomination"": ""catholic"", ""heritage"": ""2"", ""heritage:operator"": ""mhs"", ""mhs:inscription_date"": ""1953-06-24"", ""name"": ""Cathédrale Saint-Benoît de Castres"", ""ref:mhs"": ""PA00095507"", ""religion"": ""christian"", ""source"": ""cadastre-dgi-fr source : Direction Générale des Impôts - Cadastre. Mise à jour : 2010"", ""source:heritage"": ""data.gouv.fr, Ministère de la Culture - 2016"", ""start_date"": ""C17"", ""wikidata"": ""Q2942316"", ""wikipedia"": ""fr:Cathédrale Saint-Benoît de Castres""}",osm_polygon_area_used_as_mapped_footprint_or_precinct_estimate,1581.396796080211,osm_polygon_area,7.366063783632631,False,True,True
291,Cathédrale Sainte-Anne,Apt,fr,43.87613762,5.397174995,700,1320,620.0,700–899,,,,True,True,1.0,True,False,False,False,False,975.0,975.0,1,1,0,0,975,st anna (700),destroyed by saracens (975),Romanesque architecture,wikidata_p149,,,,,,,,,False,,,,700,1320,False,False,original_kept,original_kept,,missing,,missing,Romanesque architecture (c. 1000–1200),234.0,1635.6557698155375,83440270.0,6.8221725683341035,17.93177827431666,1.0,high,Cathédrale Sainte-Anne,way,"{""amenity"": ""place_of_worship"", ""basilica"": ""minor"", ""building"": ""cathedral"", ""denomination"": ""catholic"", ""heritage"": ""2"", ""heritage:operator"": ""mhs"", ""mhs:inscription_date"": ""1846"", ""name"": ""Cathédrale Sainte-Anne"", ""ref:FR:CEF"": ""84003_01"", ""ref:mhs"": ""PA00081800"", ""religion"": ""christian"", ""source"": ""cadastre-dgi-fr source : Direction Générale des Impôts - Cadastre. Mise à jour : 2010"", ""source:heritage"": ""Ministère de la Culture - 06/2019"", ""wikidata"": ""Q2942470"", ""wikipedia"": ""fr:Cathédrale Sainte-Anne d'Apt""}",osm_polygon_area_used_as_mapped_footprint_or_precinct_estimate,1635.6557698155375,osm_polygon_area,7.399799085375272,False,True,True
292,Cathédrale Notre-Dame-des-Doms,Avignon,fr,43.95158425,4.807690988,700,1160,460.0,700–899,,,,True,True,,,,,,,,,0,0,0,0,,mary (1150),no (N/A),Romanesque architecture,wikidata_p149,,,,,,,,,False,,,,700,1160,False,False,original_kept,original_kept,,missing,,missing,Romanesque architecture (c. 1000–1200),45.0,1949.5628059708688,83772268.0,4.457087877410625,17.955429121225894,1.0,high,Cathédrale Notre-Dame-des-Doms,way,"{""addr:housenumber"": ""1"", ""addr:street"": ""Place du Palais"", ""alt_name"": ""Cathédrale Notre-Dame-des-Doms"", ""amenity"": ""place_of_worship"", ""basilica"": ""minor"", ""building"": ""cathedral"", ""building:part"": ""minor"", ""denomination"": ""catholic"", ""heritage"": ""2"", ""heritage:operator"": ""mhs"", ""mapillary"": ""214446013445621"", ""mhs:inscription_date"": ""1840"", ""name"": ""Cathédrale Notre-Dame-des-Doms"", ""name:oc"": ""Catedrala de Nòstra Dòna dei Dòms"", ""name:pl"": ""Katedra Notre-Dame des Doms w Awinionie"", ""ref:FR:CEF"": ""84007_04"", ""ref:mhs"": ""PA00081814"", ""religion"": ""christian"", ""source"": ""cadastre-dgi-fr source : Direction Générale des Impôts - Cadastre. Mise à jour : 2010"", ""wheelchair"": ""no"", ""wikidata"": ""Q1200500"", ""wikipedia"": ""fr:Cathédrale Notre-Dame-des-Doms d'Avignon""}",osm_polygon_area_used_as_mapped_footprint_or_precinct_estimate,1949.5628059708688,osm_polygon_area,7.575360424354531,False,True,True
293,Cathédrale Saint-Pierre,"St Flour (Saint-Flour, Cantal)",fr,45.03334882,3.095314971,700,1466,766.0,700–899,,,,True,False,1.0,False,False,False,False,True,1396.0,1396.0,1,0,0,0,1396,"st peter (700), st flour (700)",partially collapsed (1396),Gothic architecture,wikidata_p149,,,,,,,,,False,,,,700,1466,False,False,original_kept,original_kept,,missing,,missing,Gothic architecture (c. 1140–1600),880.0,1971.0915077730315,84387233.0,3.2317081208292504,19.96768291879171,1.0,high,Cathédrale Saint-Pierre,way,"{""amenity"": ""place_of_worship"", ""building"": ""cathedral"", ""denomination"": ""catholic"", ""heritage"": ""2"", ""heritage:operator"": ""mhs"", ""historic"": ""church"", ""mhs:inscription_date"": ""1906-10-30"", ""name"": ""Cathédrale Saint-Pierre"", ""ref:FR:CEF"": ""15187_01"", ""ref:mhs"": ""PA00093609"", ""religion"": ""christian"", ""source"": ""extraction vectorielle v1 cadastre-dgi-fr source : Direction Générale des Impôts - Cadas. Mise à jour : 2010"", ""source:heritage"": ""Ministère de la Culture - 07/2018"", ""wheelchair"": ""yes"", ""wikidata"": ""Q2942436"", ""wikipedia"": ""fr:Cathédrale Saint-Pierre de Saint-Flour""}",osm_polygon_area_used_as_mapped_footprint_or_precinct_estimate,1971.0915077730315,osm_polygon_area,7.58634273315418,False,True,True
294,Duomo,Terni,it,42.56047915,12.64335881,500,1700,1100.0,700–899,,,,True,True,,,,,,,,,0,0,0,0,,,,"Pre-Romanesque architecture, baroque architecture",wikidata_p149,,500.0,1700.0,inizio costruzione,completamento,,1743.0,,True,500.0,1700.0,current_start:riedificata nel 1743,100,1200,True,True,wikipedia_final_replaced,wikipedia_final_replaced,,missing,,missing,"Pre-Romanesque architecture (c. 1000–1200), baroque architecture (c. 1600–1750)",130.0,2116.6697755369823,86257075.0,7.7829094194031905,8.922170905805968,0.0,high,Duomo,way,"{""amenity"": ""place_of_worship"", ""building"": ""church"", ""denomination"": ""catholic"", ""name"": ""Duomo"", ""religion"": ""christian"", ""wikidata"": ""Q2942831"", ""wikipedia"": ""it:Duomo di Terni""}",osm_polygon_area_used_as_mapped_footprint_or_precinct_estimate,2116.6697755369823,osm_polygon_area,7.657599271975179,False,True,True
295,Cathédrale Notre-Dame-de-l'Annonciation,Le Puy (Le Puy-en-Velay),fr,45.04558389,3.884830328,750,1300,550.0,700–899,,,,True,True,,,,,,,,,0,0,0,0,,mary (750),no (N/A),Romanesque architecture,wikidata_p149,,,,,,,,,False,,,,750,1300,False,False,original_kept,original_kept,,missing,,missing,Romanesque architecture (c. 1000–1200),668.0,,,,,,none,,,,"overpass_error_429: <?xml version=""1.0"" encoding=""UTF-8""?>
<!DOCTYPE html PUBLIC ""-//W3C//DTD XHTML 1.0 Strict//EN""
    ""http://www.w3.org/TR/xhtml1/DTD/xhtml1-strict.dtd"">
<html xmlns=""http://www.w3.org/1999/xhtml"" xml:lang=""en"" lang=""en"">
<head>
  <meta http-equiv=""content-type"" content=""text/html; charset=utf-8"" lang=""en""/>
  <title>OSM3S Response</title>
</head>
<body>

<p>The data included in this document is from www.openstreetmap.org. The data is made available under ODbL.</p>
<p><strong style=""color:#FF0000"">Error</strong>: runtime error: open64: 0 Success /osm3s_osm_base Dispatcher_Client::request_read_and_idx::rate_limited. Please check /api/status for the quota of your IP address. </p>

</body>
</htm",,missing,,False,False,False
296,Dom Mariä Himmelfahrt,Hildesheim,de,52.14900052,9.946982552,852,1300,448.0,700–899,5800.0,,,True,True,1.0,False,True,False,False,False,1046.0,1046.0,1,0,1,0,1046,mary (852),fire (1046),Romanesque architecture,wikidata_p149,,,,,,,,,False,,,,852,1300,False,False,original_kept,original_kept,,missing,5800.0,targeted_source_checked,Romanesque architecture (c. 1000–1200),89.0,,,,,,,,,,,5800.0,original_surface_m2,8.66561319653451,True,False,True
297,Carlisle Cathedral,Carlisle,uk,54.8947267,-2.938529437,1122,1420,178.0,1100–1299,2144.501447,22.0,47179.031834,True,True,,,,,,,,,0,0,0,0,,,no (N/A),"English Gothic architecture, Norman architecture",wikidata_p149,,,,,,1122.0,,1420.0,False,1122.0,1420.0,earliest:was founded in 1122 | current_end:completed in about 1420,1122,1300,False,True,original_kept,wikipedia_final_replaced,,original_kept,,original_kept,"English Gothic architecture (c. 1180–1520), Norman architecture (c. 1066–1200)",29.0,,,,,,,,,,,2144.501447,original_surface_m2,7.670662378706067,True,False,True
298,Cathédrale Saint-Sauveur,Aix (Aix-en-Provence),fr,43.53187485,5.447310973,700,1513,813.0,700–899,,,,True,True,2.0,True,False,False,False,False,800.0,900.0,2,2,0,0,800;900,christ (700),"destroyed by saracens (800), destroyed by saracens (900)","Gothic architecture, Romanesque architecture",wikidata_p149,,,,,,,,,False,,,,700,1513,False,False,original_kept,original_kept,,missing,,missing,"Gothic architecture (c. 1140–1600), Romanesque architecture (c. 1000–1200)",216.0,2738.718941518513,88613054.0,6.931491117922375,17.930685088820777,1.0,high,Cathédrale Saint-Sauveur,way,"{""addr:postcode"": ""13100"", ""amenity"": ""place_of_worship"", ""building"": ""cathedral"", ""building:levels"": ""5"", ""denomination"": ""catholic"", ""heritage:operator"": ""mhs"", ""name"": ""Cathédrale Saint-Sauveur"", ""ref:FR:CEF"": ""13001_01"", ""ref:mhs"": ""PA00080981"", ""religion"": ""christian"", ""source"": ""cadastre-dgi-fr source : Direction Générale des Impôts - Cadastre. Mise à jour : 2010"", ""source:heritage"": ""data.gouv.fr, Ministère de la Culture - 2016"", ""wikidata"": ""Q1539168"", ""wikipedia"": ""fr:Cathédrale Saint-Sauveur d'Aix-en-Provence""}",osm_polygon_area_used_as_mapped_footprint_or_precinct_estimate,2738.718941518513,osm_polygon_area,7.915245550459619,False,True,True
299,cathedrale saint arnoux,Gap,fr,44.5582,6.078113,500,1100,600.0,700–899,,,,True,True,,,,,,,,,0,0,0,0,,,,Gothic Revival,wikidata_p149,,,,,,,,,False,,,,500,1100,False,False,original_kept,original_kept,,missing,,missing,Gothic Revival (c. 1140–1600),737.0,2176.3466812074184,90885376.0,6.446553410429717,14.435534465895703,0.5,high,Cathédrale Saint-Arnoux,way,"{""addr:city"": ""Gap"", ""addr:postcode"": ""05000"", ""addr:street"": ""Place Saint-Arnoux"", ""amenity"": ""place_of_worship"", ""building"": ""cathedral"", ""denomination"": ""catholic"", ""heritage"": ""2"", ""heritage:operator"": ""mhs"", ""mhs:inscription_date"": ""1906-08-09"", ""name"": ""Cathédrale Saint-Arnoux"", ""name:en"": ""Saint Arnoux Cathedral"", ""name:fr"": ""Cathédrale Saint-Arnoux"", ""ref:FR:CEF"": ""05061_01"", ""ref:mhs"": ""PA00080566"", ""religion"": ""christian"", ""source"": ""cadastre-dgi-fr source : Direction Générale des Impôts - Cadastre. Mise à jour : 2010"", ""source:heritage"": ""Ministère de la Culture - 06/2019"", ""source:name"": ""clochers.org,2011"", ""wheelchair"": ""limited"", ""wikidata"": ""Q2942274"", ""wikipedia"": ""fr:Cathédrale Notre-Dame-et-Saint-Arnoux de Gap""}",osm_polygon_area_used_as_mapped_footprint_or_precinct_estimate,2176.3466812074184,osm_polygon_area,7.685402915693506,False,True,True
300,Paroisse Saint-Siffrein,Carpentras,fr,44.05419143,5.047746891,700,1538,838.0,700–899,,,,True,True,,,,,,,,,0,0,0,0,,st siffrein (700),no (N/A),Gothic architecture,wikidata_p149,,,,,,,,,False,,,,700,1538,False,False,original_kept,original_kept,,missing,,missing,Gothic architecture (c. 1140–1600),109.0,1976.433768324554,90923933.0,8.043047615495347,12.419569523845047,0.5,high,Cathédrale Saint-Siffrein,way,"{""amenity"": ""place_of_worship"", ""building"": ""church"", ""heritage"": ""2"", ""heritage:operator"": ""mhs"", ""mhs:inscription_date"": ""1840"", ""name"": ""Cathédrale Saint-Siffrein"", ""name:de"": ""Kathedrale St-Siffrein"", ""ref:mhs"": ""PA00082003"", ""religion"": ""christian"", ""source"": ""cadastre-dgi-fr source : Direction Générale des Impôts - Cadastre. Mise à jour : 2010"", ""source:heritage"": ""data.gouv.fr, Ministère de la Culture - 2016"", ""start_date"": ""C15"", ""toilets:wheelchair"": ""no"", ""wheelchair"": ""yes"", ""wikidata"": ""Q1763848"", ""wikipedia"": ""fr:Cathédrale Saint-Siffrein de Carpentras""}",osm_polygon_area_used_as_mapped_footprint_or_precinct_estimate,1976.433768324554,osm_polygon_area,7.58904937260005,False,True,True
301,Cathédrale Notre-Dame et Saint-Thyrse,Sisteron,fr,44.19571482,5.943597348,1160,1220,60.0,1100–1299,,,,True,True,,,,,,,,,0,0,0,0,,mary (1160),no (N/A),Romanesque architecture,wikidata_p149,,,,,,,,,False,,,,1160,1220,False,False,original_kept,original_kept,,missing,,missing,Romanesque architecture (c. 1000–1200),495.0,1214.7117361639393,90946957.0,2.5290289421490173,17.97470971057851,1.0,high,Cathédrale Notre-Dame et Saint-Thyrse,way,"{""amenity"": ""place_of_worship"", ""building"": ""cathedral"", ""check_date"": ""2024-08-28"", ""denomination"": ""catholic"", ""heritage"": ""2"", ""heritage:operator"": ""mhs"", ""mhs:inscription_date"": ""1840"", ""name"": ""Cathédrale Notre-Dame et Saint-Thyrse"", ""phone"": ""+33 4 92 61 58 40"", ""ref:FR:CEF"": ""04209_01"", ""ref:mhs"": ""PA00080491"", ""religion"": ""christian"", ""source"": ""cadastre-dgi-fr source : Direction Générale des Impôts - Cadastre. Mise à jour : 2009"", ""source:heritage"": ""data.gouv.fr:Ministère de la Culture - 04/2015"", ""source:name"": ""clochers.org"", ""website"": ""https://www.sisteron.com/mes-loisirs/culture-patrimoine/equipements-culturels/cathedrale"", ""wheelchair"": ""yes"", ""wikidata"": ""Q2942260"", ""wikipedia"": ""fr:Cathédrale Notre-Dame-des-Pommiers de Sisteron""}",osm_polygon_area_used_as_mapped_footprint_or_precinct_estimate,1214.7117361639393,osm_polygon_area,7.1022620734393636,False,True,True
302,Cathédrale Saint-Antonin,Pamiers,fr,43.11425821,1.609046598,1000,1400,400.0,900–1099,,,,True,True,,,,,,,,,0,0,0,0,,st antonin (1000),no (N/A),Meridional Gothic,wikidata_p149,,,,,,,,,False,,,,1000,1400,False,False,original_kept,original_kept,,missing,,missing,Meridional Gothic (c. 1140–1600),296.0,1425.1628099512309,91412460.0,6.773985206404763,17.932260147935953,1.0,high,Cathédrale Saint-Antonin,way,"{""amenity"": ""place_of_worship"", ""building"": ""cathedral"", ""building:material"": ""brick"", ""check_date"": ""2024-05-04"", ""denomination"": ""catholic"", ""heritage"": ""2"", ""heritage:operator"": ""mhs"", ""image"": ""File:Cathédrale Pamiers vue des coteaux.jpg"", ""mhs:inscription_date"": ""1906-08-09"", ""name"": ""Cathédrale Saint-Antonin"", ""ref:FR:CEF"": ""09225_01"", ""ref:mhs"": ""PA00093896"", ""religion"": ""christian"", ""source"": ""cadastre-dgi-fr source : Direction Générale des Impôts - Cadastre. Mise à jour : 2010"", ""source:heritage"": ""data.gouv.fr:Ministère de la Culture - 04/2015"", ""source:name"": ""clochers.org"", ""wheelchair"": ""yes"", ""wikidata"": ""Q2942307"", ""wikipedia"": ""fr:Cathédrale Saint-Antonin de Pamiers""}",osm_polygon_area_used_as_mapped_footprint_or_precinct_estimate,1425.1628099512309,osm_polygon_area,7.262041338773775,False,True,True
303,Cathédrale Saint-Gervais-Saint-Protais,Lectoure,fr,43.93386035,0.623927133892386,1473,1600,127.0,1300–1500,2305.0,21.0,48405.0,True,True,1.0,False,False,False,False,True,1473.0,1473.0,1,0,0,0,1473,"st gervais (1120), st protais (1120)",partially damaged (1473),Gothic architecture,wikidata_p149,,,,,,,,,False,,,,1473,1600,False,False,original_kept,original_kept,,original_kept,,original_kept,Gothic architecture (c. 1140–1600),183.0,,,,,,,,,,,2305.0,original_surface_m2,7.742835955430749,True,False,True
304,Cathédrale Saint-Just et Saint-Pasteur,Narbonne,fr,43.18481735,3.003904579,700,1354,654.0,700–899,,,,True,True,,,,,,,,,0,0,0,0,,"st just (782), st pasteur (782)",no (N/A),Gothic architecture,wikidata_p149,,,,,,,,,False,,,,700,1354,False,False,original_kept,original_kept,,missing,,missing,Gothic architecture (c. 1140–1600),11.0,2973.419186354702,92100896.0,27.829311717345806,17.721706882826542,1.0,high,Cathédrale Saint-Just et Saint-Pasteur,way,"{""amenity"": ""place_of_worship"", ""building"": ""cathedral"", ""check_date"": ""2026-02-21"", ""denomination"": ""catholic"", ""heritage"": ""2"", ""heritage:operator"": ""mhs"", ""mhs:inscription_date"": ""1840"", ""name"": ""Cathédrale Saint-Just et Saint-Pasteur"", ""name:ru"": ""Собор святых Юста и Пастора"", ""ref:FR:CEF"": ""11262_04"", ""ref:mhs"": ""PA00102790"", ""religion"": ""christian"", ""source"": ""cadastre-dgi-fr source : Direction Générale des Impôts - Cadastre. Mise à jour : 2010"", ""source:heritage"": ""Ministère de la Culture - 06/2019"", ""wheelchair"": ""no"", ""wikidata"": ""Q473121"", ""wikipedia"": ""fr:Cathédrale Saint-Just-et-Saint-Pasteur de Narbonne""}",osm_polygon_area_used_as_mapped_footprint_or_precinct_estimate,2973.419186354702,osm_polygon_area,7.997467810823631,False,True,True
305,Cathédrale Notre-Dame,Reims,fr,49.25379447,4.033910046,1211,1275,64.0,1100–1299,7276.0,38.0,276488.0,True,True,2.0,False,True,False,False,False,1210.0,1481.0,0,0,0,0,1210;1481,mary (700),"fire (1210), partially destroyed by fire (1481)",classic gothic,wikidata_p149,,,,,,,,,False,,,,1211,1275,False,False,original_kept,original_kept,81.0,original_kept,,original_kept,classic gothic (c. 1140–1600),95.0,,,,,,,,,,,7276.0,original_surface_m2,8.892336539638013,True,False,True
306,Cattedrale di Salerno,Salerno,it,40.68008601,14.76011656,1080,1085,585.0,700–899,,,,True,True,,,,,,,,,0,0,0,0,,,,Romanesque architecture,wikidata_p149,,1080.0,1085.0,inizio costruzione,completamento,,,1084.0,False,1080.0,1085.0,current_end:consacrata nel giugno del 1084 dal papa gregorio vii ,500,1085,True,False,wikipedia_final_replaced,original_kept,,missing,,missing,Romanesque architecture (c. 1000–1200),32.0,356.7225548767019,317551741.0,174.3299551901928,4.506700448098072,0.25,low,TAR Campania - Sede Salerno,way,"{""addr:city"": ""Salerno"", ""addr:street"": ""Largo San Tommaso d'Aquino"", ""amenity"": ""courthouse"", ""building"": ""yes"", ""name"": ""TAR Campania - Sede Salerno""}",osm_polygon_area_used_as_mapped_footprint_or_precinct_estimate,,missing,,False,True,False
307,Dom St. Peter,Worms,de,49.63004441,8.359893585,1130,1300,170.0,1100–1299,3316.336899,26.0,86224.759374,True,True,,,,,,,,,0,0,0,0,,st peter (700),no (N/A),Romanesque architecture,wikidata_p149,,,,,,,,,False,,,,1130,1300,False,False,original_kept,original_kept,,original_kept,,original_kept,Romanesque architecture (c. 1000–1200),107.0,,,,,,,,,,,3316.336899,original_surface_m2,8.106616109104108,True,False,True
308,Cathédrale Saint-Corentin,Quimper,fr,47.99562125,-4.102178775,1239,1493,254.0,1100–1299,3060.0,20.0,61200.0,True,True,,,,,,,,,0,0,0,0,,st corintin (700),no (N/A),Gothic architecture,wikidata_p149,,,,,,,,,False,,,,1239,1493,False,False,original_kept,original_kept,,original_kept,,original_kept,Gothic architecture (c. 1140–1600),11.0,,,,,,,,,,,3060.0,original_surface_m2,8.026170194946426,True,False,True
309,Cathédrale Notre-Dame,Verdun,fr,49.15951076,5.382326302,847,1528,681.0,700–899,,,,True,True,2.0,True,True,False,False,False,1047.0,1135.0,2,1,1,0,1047;1135,mary (847),"fire (1047), ravaged (1135)",Romanesque architecture,wikidata_p149,,,,,,,,,False,,,,847,1528,False,False,original_kept,original_kept,,missing,,missing,Romanesque architecture (c. 1000–1200),222.0,3404.8786541470326,94434589.0,12.906764020680537,17.870932359793194,1.0,high,Cathédrale Notre-Dame,way,"{""amenity"": ""place_of_worship"", ""basilica"": ""minor"", ""building"": ""cathedral"", ""denomination"": ""catholic"", ""heritage"": ""2"", ""heritage:operator"": ""mhs"", ""mhs:inscription_date"": ""1906"", ""name"": ""Cathédrale Notre-Dame"", ""ref:clochers.org"": ""55545_1"", ""ref:mhs"": ""PA00106656"", ""religion"": ""christian"", ""source"": ""cadastre-dgi-fr source : Direction Générale des Impôts - Cadastre;mise à jour :2006"", ""source:name"": ""clochers.org"", ""website"": ""http://www.cathedrale-verdun.com.fr/"", ""wikidata"": ""Q2942293"", ""wikipedia"": ""fr:Cathédrale Notre-Dame de Verdun""}",osm_polygon_area_used_as_mapped_footprint_or_precinct_estimate,3404.8786541470326,osm_polygon_area,8.132964580399985,False,True,True
310,Dom zu Merseburg,Merseburg,de,51.35858824,12.00112342,1015,1042,27.0,900–1099,,,,True,False,1.0,False,False,False,False,True,1025.0,1025.0,1,0,0,0,1025,"st laurence (1012), st john baptist (1015)",partly collapsed (1025),Gothic architecture,wikidata_p149,,,,,,,,,False,,,,1015,1042,False,False,original_kept,original_kept,,missing,,missing,Gothic architecture (c. 1140–1600),100.0,1908.296647980591,94521804.0,14.12493669231234,11.025417299743543,0.16666666666666666,high,Dom zu Merseburg,way,"{""addr:city"": ""Merseburg"", ""addr:country"": ""DE"", ""addr:housenumber"": ""7"", ""addr:postcode"": ""06217"", ""addr:street"": ""Domplatz"", ""alt_name"": ""Dom St. Johannes Baptista und Laurentius"", ""alt_name:de"": ""Dom St. Johannes Baptista und Laurentius"", ""alt_name:es"": ""Catedral de San Juan y San Lorenzo de Merseburgo"", ""alt_name:fr"": ""Cathédrale Saint-Jean-et-Saint-Laurent de Mersebourg"", ""building"": ""cathedral"", ""deanery"": ""Kirchenkreis Merseburg"", ""denomination"": ""lutheran"", ""description"": ""Im Jahr 1021 von Kaiser Heinrich II geweiht (letzter Herrscher der Ottonen-Dynastie)"", ""diocese"": ""Evangelische Kirche in Mitteldeutschland"", ""heritage"": ""4"", ""heritage:ref"": ""094 20295"", ""historic"": ""cathedral"", ""image"": ""https://commons.wikimedia.org/wiki/File:Merseburger_Dom.jpg"", ""name"": ""Dom zu Merseburg"", ""name:de"": ""Dom zu Merseburg"", ""name:en"": ""Merseburg Cathedral"", ""name:es"": ""Catedral de Merseburgo"", ""name:fr"": ""Cathédrale de Mersebourg"", ""name:nl"": ""Dom van Merseburg"", ""opening_hours"": ""Apr-Oct: Mo-Sa 09:00-18:00; Apr-Oct: Su 11:00-18:00; Nov-Mar: Mo-Sa 09:00-16:00; Nov-Mar: Su 11:00-16:00"", ""source:opening_hours"": ""https://www.kirche-merseburg.de/kirchen/merseburg/dom-st-johannes-und-st-laurentius/"", ""website"": ""https://www.merseburger-dom.de/"", ""wheelchair"": ""yes"", ""wikidata"": ""Q878372"", ""wikimedia_commons"": ""Category:Merseburg Cathedral"", ""wikipedia"": ""de:Merseburger Dom""}",osm_polygon_area_used_as_mapped_footprint_or_precinct_estimate,1908.296647980591,osm_polygon_area,7.5539663158039225,False,True,True
311,Rochester Cathedral,Rochester,uk,51.3889841,0.503266617038518,604,604,263.0,900–1099,,,,True,True,,,,,,,,,0,0,0,0,,"christ (1080), mary (1080)",no (N/A),Norman architecture,wikidata_p149,,604.0,604.0,founded,consecrated,604.0,,1724.0,False,604.0,604.0,earliest:was founded in 604 | current_end:completed by thomas de mepeham who became sacrist in 1255 | current_end:completed by 1724 | current_end:dedicated in 1130 (or possibly 1133) by the archbishop of canterbury  | current_end:dedicated in 1240 by richard wendene (also known as richard de wendover) who had been translated from bangor ,1080,1343,True,True,wikipedia_final_replaced,wikipedia_final_replaced,,missing,,missing,Norman architecture (c. 1066–1200),17.0,2992.880962686613,94653456.0,23.97741451902181,13.635225854809782,0.125,high,Rochester Cathedral,way,"{""addr:city"": ""Rochester"", ""addr:country"": ""GB"", ""alt_name"": ""Cathedral Church of Christ and the Blessed Virgin Mary"", ""amenity"": ""place_of_worship"", ""building"": ""cathedral"", ""building:architecture"": ""norman;gothic"", ""church"": ""Church of England"", ""denomination"": ""anglican"", ""diocese"": ""Diocese of Rochester"", ""heritage"": ""2"", ""heritage:operator"": ""Historic England"", ""heritage:website"": ""https://historicengland.org.uk/listing/the-list/list-entry/1086423"", ""historic"": ""cathedral"", ""listed_status"": ""Grade I"", ""name"": ""Rochester Cathedral"", ""name:fr"": ""Cathédrale de Rochester"", ""name:la"": ""Ecclesia cathedralis Roffensis"", ""ref:GB:nhle"": ""1086423"", ""religion"": ""christian"", ""source"": ""local_knowledge, Wikipedia"", ""source:shape"": ""Bing"", ""website"": ""https://www.rochestercathedral.org/"", ""wheelchair"": ""limited"", ""wikidata"": ""Q2635720"", ""wikipedia"": ""en:Rochester Cathedral"", ""year_of_construction"": ""1079–1238""}",osm_polygon_area_used_as_mapped_footprint_or_precinct_estimate,2992.880962686613,osm_polygon_area,8.0039917351562,False,True,True
312,Cathédrale Saint-Apollinaire,Valence (Valence (Drôme)),fr,44.93161647,4.889543292,1063,1150,87.0,900–1099,,,,True,True,1.0,False,False,False,True,False,1281.0,1281.0,0,0,0,0,1281,st apollinaire (1063),lightening in tower (1281),Romanesque architecture,wikidata_p149,,,,,,,,,False,,,,1063,1150,False,False,original_kept,original_kept,,missing,,missing,Romanesque architecture (c. 1000–1200),117.0,1674.7637904551812,97407668.0,0.8859150240628412,17.991140849759372,1.0,high,Cathédrale Saint-Apollinaire,way,"{""alt_name"": ""Basilique-Cathédrale Saint-Apollinaire"", ""amenity"": ""place_of_worship"", ""basilica"": ""minor"", ""building"": ""cathedral"", ""check_date"": ""2024-03-16"", ""denomination"": ""catholic"", ""heritage"": ""2"", ""heritage:operator"": ""mhs"", ""mhs:inscription_date"": ""1862"", ""name"": ""Cathédrale Saint-Apollinaire"", ""ref:FR:CEF"": ""26362_01"", ""ref:mhs"": ""PA00117085"", ""religion"": ""christian"", ""source"": ""cadastre-dgi-fr source : Direction Générale des Finances Publiques - Cadastre. Mise à jour : 2017"", ""wheelchair"": ""no"", ""wikidata"": ""Q2942311"", ""wikimedia_commons"": ""Category:Cathédrale Saint-Apollinaire de Valence"", ""wikipedia"": ""fr:Cathédrale Saint-Apollinaire de Valence""}",osm_polygon_area_used_as_mapped_footprint_or_precinct_estimate,1674.7637904551812,osm_polygon_area,7.423427413691051,False,True,True
313,Duomo di Ravello,Amalfi,it,40.64933695,14.61208834,1086,1100,14.0,900–1099,,,,True,True,,,,,,,,,0,0,0,0,,,,"Romanesque architecture, baroque architecture",wikidata_p149,,1086.0,,inizio costruzione,,,,,False,1086.0,,,1086,1100,False,False,original_kept,original_kept,,missing,,missing,"Romanesque architecture (c. 1000–1200), baroque architecture (c. 1600–1750)",363.0,1175.9197881398723,99684738.0,7.445377662834896,10.67554622337165,0.25,high,Duomo di Ravello,way,"{""alt_name"": ""Duomo di Santa Maria Assunta e San Pantaleone"", ""amenity"": ""place_of_worship"", ""basilica"": ""minor"", ""building"": ""church"", ""denomination"": ""roman_catholic"", ""name"": ""Duomo di Ravello"", ""religion"": ""christian"", ""wikidata"": ""Q1246201"", ""wikipedia"": ""it: Duomo di Ravello""}",osm_polygon_area_used_as_mapped_footprint_or_precinct_estimate,1175.9197881398723,osm_polygon_area,7.06980591876829,False,True,True
