study_id,cathedral_name,city,country,lat,lon,start_year,end_year,duration_years,period_bucket,surface_m2,height_m,volume_proxy,completed,not_collapsed,n_disasters,any_war,any_fire,any_earthquake,any_other_natural,any_other,first_disaster_year,last_disaster_year,disasters_during_construction,war_during_construction,fire_during_construction,earthquake_during_construction,disaster_years,saints,destroyed,style_wikidata,style_source,material_final,start_year_wikipedia_infobox,end_year_wikipedia_infobox,start_year_wikipedia_infobox_label,end_year_wikipedia_infobox_label,start_year_wikipedia_earliest,start_year_wikipedia_current,end_year_wikipedia_current,has_major_reconstruction_wikipedia,start_year_wikipedia_final,end_year_wikipedia_final,wikipedia_date_notes,start_year_original,end_year_original,start_year_mismatch_wikipedia,end_year_mismatch_wikipedia,start_year_source,end_year_source,height_m_wikidata,height_source,surface_m2_wikidata,surface_source,style_wikidata_with_periods,elevation_m
1,Johanniskirche,Mainz,de,49.99841389,8.272385862,700,1100,400.0,700–899,,,,True,True,,,,,,,,,0,0,0,0,,"st martin (700), st john baptist (936)",no (N/A),Carolingian architecture,wikidata_p149,,,,,,,,,False,,,,700,1100,False,False,original_kept,original_kept,,missing,,missing,Carolingian architecture,92.0
2,Erfurter Dom,Erfurt,de,50.97566739,11.02316913,752,1465,713.0,700–899,,,,True,True,,,,,,,,,0,0,0,0,,mary (1180),no (N/A),Gothic architecture,wikidata_p149,sandstone,,,,,,,,False,,,,752,1465,False,False,original_kept,original_kept,,missing,,missing,Gothic architecture (c. 1140–1600),204.0
3,Primatiale Saint-Trophime,Arles,fr,43.67664165,4.628236868,700,1500,800.0,700–899,,,,True,True,,,,,,,,,0,0,0,0,,"st stephen (700), st trophime (1152)",no (N/A),"Gothic architecture, Romanesque architecture",wikidata_p149,,,,,,,,,False,,,,700,1500,False,False,original_kept,original_kept,,missing,,missing,"Gothic architecture (c. 1140–1600), Romanesque architecture (c. 1000–1200)",23.0
4,Cathédrale Notre-Dame,Chartres,fr,48.44783667,1.487859158,1134,1260,126.0,1100–1299,7307.69506,37.0,270384.71722,True,True,3.0,True,True,False,False,False,858.0,1134.0,1,0,1,0,858;1020;1134,mary (700),"damaged by vikings (858), conflagration (1020), fire (1134)",classic gothic,wikidata_p149,,,,,,,,,False,,,,1134,1260,False,False,original_kept,original_kept,113.0,original_kept,62.43,original_kept,classic gothic (c. 1140–1600),162.0
5,Cattedrale di San Lorenzo,Trapani,it,38.01599489,12.50786488,1421,1801,395.0,900–1099,,,,True,True,,,,,,,,,0,0,0,0,,,,baroque architecture,wikidata_p149,,1421.0,1801.0,inizio costruzione,completamento,,,,False,1421.0,1801.0,,1080,1475,True,True,wikipedia_final_replaced,wikipedia_final_replaced,,missing,,missing,baroque architecture (c. 1600–1750),18.0
6,Cathédrale Saint-Pierre,Beauvais,fr,49.43257685,2.081518586,1225,1347,122.0,1100–1299,4072.0,67.2,273638.4,True,True,1.0,False,True,False,False,False,1225.0,1225.0,1,0,1,0,1225,st peter (900),fire (1225),Rayonnant,wikidata_p149,limestone,,,,,,,,False,,,,1225,1347,False,False,original_kept,original_kept,67.2,wikidata_p2048_filled_missing,,original_kept,Rayonnant,73.0
7,Cattedrale di San Giovanni Battista,Torino,it,45.07333118,7.685426184,1491,1498,908.0,700–899,,,,True,True,,,,,,,,,0,0,0,0,,,,"Renaissance architecture, baroque architecture",wikidata_p149,,1491.0,1498.0,inizio costruzione,completamento,1649.0,,,False,1491.0,1498.0,earliest:risale al 1649  | earliest:risale al 1649 ,590,1498,True,False,wikipedia_final_replaced,original_kept,,missing,,missing,"Renaissance architecture (c. 1400–1600), baroque architecture (c. 1600–1750)",250.0
8,Cattedrale di San Ciriaco,Ancona,it,43.62535006,13.51018181,500,1300,750.0,700–899,,,,True,True,,,,,,,,,0,0,0,0,,,,Romanesque architecture,wikidata_p149,,996.0,1300.0,inizio costruzione,completamento,500.0,1920.0,,True,500.0,1300.0,earliest:risale al vi secolo  | earliest:risale al vi secolo  | current_start:ricostruita nel 1920,500,1250,False,True,original_kept,wikipedia_final_replaced,,missing,,missing,Romanesque architecture (c. 1000–1200),29.0
9,Basilique-Cathédrale Saint-Étienne,Meaux,fr,48.96021212,2.878918744,1175,1540,365.0,1100–1299,3938.0,31.0,122078.0,True,True,,,,,,,,,0,0,0,0,,st stephen (1000),no (N/A),Gothic architecture,wikidata_p149,,,,,,,,,False,,,,1175,1540,False,False,original_kept,original_kept,68.0,original_kept,,original_kept,Gothic architecture (c. 1140–1600),56.0
10,Cathédrale Saint-Étienne,Chalons-sur-Marne (Châlons-en-Champagne),fr,48.95509966,4.357675389,1240,1500,260.0,1100–1299,3065.0,27.0,82755.0,True,True,2.0,True,True,False,False,False,880.0,1138.0,0,0,0,0,880;1138,st stephen (700),"damaged by vikings (880), fire (1138)",Gothic architecture,wikidata_p149,,,,,,,,,False,,,,1240,1500,False,False,original_kept,original_kept,,original_kept,,original_kept,Gothic architecture (c. 1140–1600),86.0
11,Cattedrale di Santa Maria Assunta,Rieti,it,42.40214351,12.85894997,200,1300,725.0,700–899,,,,True,True,,,,,,,,,0,0,0,0,,,,Romanesque architecture,wikidata_p149,,1109.0,1300.0,inizio costruzione,completamento,200.0,,,False,200.0,1300.0,earliest:risale al ii / iii secolo  | earliest:risale al 1458 il portico che collega il battistero al duomo | earliest:risale al ii / iii secolo  | earliest:risale al 1458 il portico che collega il battistero al duomo,500,1225,True,True,wikipedia_final_replaced,wikipedia_final_replaced,,missing,,missing,Romanesque architecture (c. 1000–1200),407.0
12,Cathédrale Saint-Maurice,Vienne (Vienne (Isère)),fr,45.5241978,4.873262272,700,1527,827.0,700–899,,,,True,True,,,,,,,,,0,0,0,0,,st maurice (700),no (N/A),Romanesque architecture,wikidata_p149,,,,,,,,,False,,,,700,1527,False,False,original_kept,original_kept,,missing,,missing,Romanesque architecture (c. 1000–1200),168.0
13,Cathédrale Saint-Théodorit,Uzes (Uzès),fr,44.01214948,4.42239479,1090,1120,30.0,900–1099,,,,True,True,,,,,,,,,0,0,0,0,,st theodorit (1090),no (N/A),classical architecture,wikidata_p149,,,,,,,,,False,,,,1090,1120,False,False,original_kept,original_kept,,missing,,missing,classical architecture,124.0
14,Duomo,Cosenza,it,39.28886231,16.26018714,1000,1200,622.0,700–899,,,,True,True,1.0,False,False,True,False,False,1184.0,1184.0,1,0,0,1,1184,,,Romanesque architecture,wikidata_p149,,1000.0,1200.0,inizio costruzione,completamento,,,,False,1000.0,1200.0,,600,1222,True,True,wikipedia_final_replaced,wikipedia_final_replaced,,missing,,missing,Romanesque architecture (c. 1000–1200),281.0
15,Cathédrale Saint-Vincent,Chalon-sur-saone (Chalon-sur-Saône),fr,46.78249843,4.859067628,1090,1520,430.0,900–1099,2334.0,24.0,56016.0,True,True,1.0,True,False,False,False,False,790.0,790.0,0,0,0,0,790,st vincent (700),destroyed by saracens (790),Gothic architecture,wikidata_p149,,,,,,,,,False,,,,1090,1520,False,False,original_kept,original_kept,,original_kept,,original_kept,Gothic architecture (c. 1140–1600),181.0
16,Cathédrale Notre-Dame-de-la-Sède,Tarbes,fr,43.233818,0.0689254662362214,1100,1400,300.0,1100–1299,,,,True,True,,,,,,,,,0,0,0,0,,mary (1100),no (N/A),Gothic architecture,wikidata_p149,,,,,,,,,False,,,,1100,1400,False,False,original_kept,original_kept,,missing,,missing,Gothic architecture (c. 1140–1600),313.0
17,Bamberger Dom,Bamberg,de,49.89070633,10.88250357,950,1237,287.0,900–1099,,,,True,True,1.0,False,True,False,False,False,1081.0,1081.0,1,0,1,0,1081,"st peter (950), st george (950)",partly damaged by fire (1081),Romanesque architecture,wikidata_p149,,,,,,,,,False,,,,950,1237,False,False,original_kept,original_kept,,missing,,missing,Romanesque architecture (c. 1000–1200),270.0
18,Cattedrale di San Lorenzo,Perugia,it,43.1124587,12.38895703,1345,1490,690.0,700–899,,,,True,True,,,,,,,,,0,0,0,0,,,,Gothic architecture,wikidata_p149,,1345.0,1490.0,inizio costruzione,completamento,,,1800.0,False,1345.0,1490.0,current_end:completata nel 1490 | current_end:completata nel diciottesimo secolo con l'aggiunta di pitture,800,1490,True,False,wikipedia_final_replaced,original_kept,,missing,,missing,Gothic architecture (c. 1140–1600),485.0
19,Cattedrale di Santa Maria Assunta (Duomo),Napoli,it,40.85264368,14.25983409,1200,2000,975.0,700–899,,,,True,False,2.0,False,False,True,False,True,1349.0,1450.0,2,0,0,1,1349;1450,,,Gothic architecture,wikidata_p149,,1200.0,2000.0,inizio costruzione,completamento,2009.0,,,False,1200.0,2000.0,earliest:risale al radicale intervento di restauro del 2009 condotto da ponziano bevilacqua) | earliest:risale al radicale intervento di restauro del 2009 condotto da ponziano bevilacqua),500,1475,True,True,wikipedia_final_replaced,wikipedia_final_replaced,,missing,,missing,Gothic architecture (c. 1140–1600),46.0
20,Cathédrale Saint-Lazare,Autun,fr,46.94502232,4.299053925,700,1469,769.0,700–899,,,,True,True,,,,,,,,,0,0,0,0,,"st nazaire (700), st lazarus (1120)",no (N/A),Romanesque architecture,wikidata_p149,,,,,,,,,False,,,,700,1469,False,False,original_kept,original_kept,,missing,,missing,Romanesque architecture (c. 1000–1200),370.0
21,Cattedrale di Santa Maria Assunta,Asti,it,44.90071075,8.197932951,1266,1470,820.0,700–899,,,,True,True,1.0,False,True,False,False,False,1070.0,1070.0,1,0,1,0,1070,,,Gothic architecture,wikidata_p149,,1266.0,1470.0,inizio costruzione,completamento,1266.0,,,False,1266.0,1470.0,earliest:risale al 1266 ed è stato ritoccato nel xviii secolo  | earliest:risale al 1266 ed è stato ritoccato nel xviii secolo ,500,1320,True,True,wikipedia_final_replaced,wikipedia_final_replaced,,missing,,missing,Gothic architecture (c. 1140–1600),138.0
22,Cathédrale Saint-Maurice,Angers,fr,47.47055695,-0.554948309025218,1143,1240,97.0,1100–1299,3217.0,25.0,80425.0,True,True,1.0,False,True,False,False,False,1032.0,1032.0,0,0,0,0,1032,st maurice (700),fire (1032),Romanesque architecture,wikidata_p149,,,,,,,,,False,,,,1143,1240,False,False,original_kept,original_kept,90.47,original_kept,,original_kept,Romanesque architecture (c. 1000–1200),52.0
23,Cathédrale Saint-Véran,Cavaillon,fr,43.83619958,5.036320518,1000,1400,400.0,900–1099,,,,True,True,,,,,,,,,0,0,0,0,,"mary (1000), st peter (1000), st veran (128)",no (N/A),Romanesque architecture,wikidata_p149,,,,,,,,,False,,,,1000,1400,False,False,original_kept,original_kept,,missing,,missing,Romanesque architecture (c. 1000–1200),78.0
24,Cathédrale-Basilique Saint-Cyr et Sainte-Julitte,Nevers,fr,46.98716934,3.157253339,700,1331,631.0,700–899,,,,True,True,,,,,,,,,0,0,0,0,,"st cyr (700), st julitte (700)",no (N/A),Gothic architecture,wikidata_p149,,,,,,,,,False,,,,700,1331,False,False,original_kept,original_kept,,missing,,missing,Gothic architecture (c. 1140–1600),197.0
25,Cathedral Church of St Machar,Aberdeen,uk,57.16982044,-2.102380828,1130,1530,400.0,1100–1299,,,,True,True,,,,,,,,,0,0,0,0,,st machar (1130),no (N/A),Gothic art,wikidata_p149,,,,,,,,,False,,,,1130,1530,False,False,original_kept,original_kept,,missing,,missing,Gothic art (c. 1140–1600),28.0
26,Cattedrale di Santa Maria Assunta,Pesaro,it,43.9109391,12.91468331,1100,2000,712.0,700–899,,,,True,True,,,,,,,,,0,0,0,0,,,,Romanesque architecture,wikidata_p149,,1100.0,2000.0,inizio costruzione,completamento,1282.0,,,False,1100.0,2000.0,earliest:risale al 1282 - 1312  | earliest:risale al 1282 - 1312 ,600,1312,True,True,wikipedia_final_replaced,wikipedia_final_replaced,,missing,,missing,Romanesque architecture (c. 1000–1200),7.0
27,Église Saint-Pierre,Lisieux,fr,49.14654584,0.226886638440973,700,1230,530.0,700–899,,,,True,True,,,,,,,,,0,0,0,0,,st peter (700),no (N/A),Gothic architecture,wikidata_p149,,,,,,,,,False,,,,700,1230,False,False,original_kept,original_kept,,missing,,missing,Gothic architecture (c. 1140–1600),50.0
28,Cathédrale Saint-Jean-Baptiste,Ales (Alès),fr,44.12355984,4.076632304,1100,1500,400.0,1100–1299,,,,True,True,,,,,,,,,0,0,0,0,,st john baptist (1100),no (N/A),| classement =,wikipedia_infobox,,,,,,,,,False,,,,1100,1500,False,False,original_kept,original_kept,,missing,,missing,| classement =,137.0
29,Duomo di Padova,Padova (Padua),it,45.40652559,11.87127537,300,1754,880.0,700–899,,,,True,True,2.0,True,False,True,False,False,900.0,1117.0,2,1,0,1,900;1117,,,"Renaissance architecture, baroque architecture",wikidata_p149,,300.0,1754.0,inizio costruzione,completamento,1100.0,,,False,300.0,1754.0,earliest:risale al xvi secolo e alla sua costruzione intervenne michelangelo buonarroti  | earliest:risale al xii secolo | earliest:risale al xvi secolo e alla sua costruzione intervenne michelangelo buonarroti  | earliest:risale al xii secolo,300,1180,False,True,original_kept,wikipedia_final_replaced,,missing,,missing,"Renaissance architecture (c. 1400–1600), baroque architecture (c. 1600–1750)",24.0
30,Cattedrale dei Santi Pietro e Marco,Alessandria,it,44.91196901,8.618487006,1807,1810,127.0,1100–1299,,,,True,True,,,,,,,,,0,0,0,0,,,,Neoclassical architecture,wikidata_p149,,1807.0,1810.0,inizio costruzione,completamento,,,,False,1807.0,1810.0,,1170,1297,True,True,wikipedia_final_replaced,wikipedia_final_replaced,,missing,,missing,Neoclassical architecture (c. 1750–1850),97.0
31,Cathédrale Notre-Dame-de-l'Assomption,Bayeux,fr,49.27554097,-0.703521388853762,1040,1420,380.0,900–1099,3725.0,23.0,85675.0,True,True,2.0,False,True,False,False,False,1015.0,1105.0,1,0,1,0,1015;1105,mary (700),"fire (1015), fire (1105)",Gothic architecture,wikidata_p149,,,,,,,,,False,,,,1040,1420,False,False,original_kept,original_kept,76.6,original_kept,,original_kept,Gothic architecture (c. 1140–1600),48.0
32,Cathédrale Saint-Nazaire,Beziers (Béziers),fr,43.34138524,3.209962599,1250,1450,200.0,1100–1299,3135.0,32.0,100320.0,True,True,1.0,False,True,False,False,False,1209.0,1209.0,0,0,0,0,1209,st nazaire (700),fire (1209),Gothic architecture,wikidata_p149,,,,,,,,,False,,,,1250,1450,False,False,original_kept,original_kept,,original_kept,,original_kept,Gothic architecture (c. 1140–1600),37.0
33,Duomo di Santa Maria Assunta,Urbino,it,43.72494534,12.63640483,1021,1700,583.0,900–1099,,,,True,True,,,,,,,,,0,0,0,0,,,,Neoclassical architecture,wikidata_p149,,1400.0,1700.0,inizio costruzione,completamento,1021.0,,,False,1021.0,1700.0,earliest:fondata nel 1021 ,1021,1604,False,True,original_kept,wikipedia_final_replaced,,missing,,missing,Neoclassical architecture (c. 1750–1850),456.0
34,Cattedrale di San Florido,Citta di Castello (Città di Castello),it,43.45669598,12.23811913,600,1600,929.0,700–899,,,,True,True,1.0,False,False,True,False,False,1493.0,1493.0,1,0,0,1,1493,,,Renaissance architecture,wikidata_p149,,600.0,1600.0,inizio costruzione,completamento,,,1032.0,False,600.0,1600.0,current_end:consacrata nel 1032 e dedicata a san florido,600,1529,False,True,original_kept,wikipedia_final_replaced,,missing,,missing,Renaissance architecture (c. 1400–1600),293.0
35,Primatiale Saint-Jean,Lyon,fr,45.7607184,4.827431529,1165,1332,167.0,1100–1299,3432.0,33.0,113256.0,True,True,,,,,,,,,0,0,0,0,,"st john baptist (700), st stephen (700)",no (N/A),"Gothic architecture, Romanesque architecture",wikidata_p149,,,,,,,,,False,,,,1165,1332,False,False,original_kept,original_kept,44.0,original_kept,,original_kept,"Gothic architecture (c. 1140–1600), Romanesque architecture (c. 1000–1200)",174.0
36,Cathédrale Saint-Pierre,Saintes,fr,45.74452141,-0.632007430930527,700,1700,1000.0,700–899,,,,True,False,2.0,False,True,False,False,True,990.0,1420.0,2,0,1,0,990;1420,st peter (700),"fire (990), partial collapse (1420)",Gothic architecture,wikidata_p149,,,,,,,,,False,,,,700,1700,False,False,original_kept,original_kept,,missing,,missing,Gothic architecture (c. 1140–1600),12.0
37,Basler Münster,Basel,ch,47.5564303,7.592304144,1180,1420,240.0,1100–1299,2683.431696,20.0,53668.63392,True,True,1.0,False,False,True,False,False,1356.0,1356.0,1,0,0,1,1356,mary (1000),partly damaged by earthquake (1356),Gothic architecture,wikidata_p149,,,,,,,,,False,,,,1180,1420,False,False,original_kept,original_kept,67.3,original_kept,,original_kept,Gothic architecture (c. 1140–1600),249.0
38,Cattedrale di Santa Maria Assunta,Ivrea,it,45.46809336,7.87527621,800,1854,1150.0,700–899,,,,True,True,1.0,False,False,True,False,False,1117.0,1117.0,1,0,0,1,1117,,,Romanesque art,wikidata_p149,,800.0,1854.0,inizio costruzione,completamento,,,,False,800.0,1854.0,,400,1550,True,True,wikipedia_final_replaced,wikipedia_final_replaced,,missing,,missing,Romanesque art (c. 1000–1200),267.0
39,Duomo Antico,Milazzo,it,38.23066198,15.24220669,1607,350,19.0,700–899,,,,True,True,,,,,,,,,0,0,0,0,,,,Mannerism,wikidata_p149,,1607.0,,inizio costruzione,,,,,False,1607.0,,,331,350,True,False,wikipedia_final_replaced,original_kept,,missing,,missing,Mannerism,65.0
40,Basilica di San Marco,Venezia,it,45.4345513,12.33981336,1063,1617,279.0,700–899,,,,True,True,1.0,False,True,False,False,False,976.0,976.0,1,0,1,0,976,,,"Byzantine architecture, Romanesque architecture",wikidata_p149,,1063.0,1617.0,inizio costruzione,completamento,1312.0,,1430.0,False,1063.0,1617.0,earliest:risale al doge giovanni soranzo (in carica dal 1312 al 1328) | earliest:risale al doge giovanni soranzo (in carica dal 1312 al 1328) | current_end:dedicata nel 1430,828,1107,True,True,wikipedia_final_replaced,wikipedia_final_replaced,,missing,,missing,"Byzantine architecture (c. 330–1453), Romanesque architecture (c. 1000–1200)",14.0
41,Duomo di Rovigo,Rovigo,it,45.06941753,11.78923272,964,1791,541.0,900–1099,,,,True,True,,,,,,,,,0,0,0,0,,,,Palladian architecture,wikidata_p149,,1696.0,1791.0,inizio costruzione,completamento,964.0,,,False,964.0,1791.0,earliest:risale al 964  | earliest:risale al 964 ,920,1461,True,True,wikipedia_final_replaced,wikipedia_final_replaced,,missing,,missing,Palladian architecture,9.0
42,Cattedrale di Santa Maria Matricolare,Verona,it,45.44723792,10.99701725,800,1140,687.0,700–899,,,,True,True,1.0,False,False,True,False,False,1117.0,1117.0,1,0,0,1,1117,,,"Renaissance architecture, Romanesque architecture",wikidata_p149,,800.0,,inizio costruzione,,1200.0,,1140.0,False,800.0,1140.0,earliest:risale al xiii secolo | earliest:risale al xiii secolo | current_end:consacrata nel 1140 dal patriarca di aquileia,500,1187,True,True,wikipedia_final_replaced,wikipedia_final_replaced,,missing,,missing,"Renaissance architecture (c. 1400–1600), Romanesque architecture (c. 1000–1200)",64.0
43,Cattedrale di Santa Maria Annunciata,Vicenza,it,45.54632606,11.54391655,700,2000,1152.0,700–899,,,,True,True,2.0,True,False,True,False,False,1117.0,1236.0,2,1,0,1,1117;1236,,,Gothic architecture,wikidata_p149,,700.0,2000.0,inizio costruzione,completamento,,,,False,700.0,2000.0,,315,1467,True,True,wikipedia_final_replaced,wikipedia_final_replaced,,missing,,missing,Gothic architecture (c. 1140–1600),50.0
44,Cattedrale di San Romolo,Firenze,it,43.80722559,11.29256965,1028,1260,232.0,900–1099,,,,True,True,,,,,,,,,0,0,0,0,,,,Romanesque architecture,wikidata_p149,,,,,,1028.0,,,False,1028.0,,earliest:risale al 1028 | earliest:risale al 1213 | earliest:risale al 1028 | earliest:risale al 1213,1028,1260,False,False,original_kept,original_kept,,missing,,missing,Romanesque architecture (c. 1000–1200),297.0
45,Cathédrale de l'Assomption de Notre-Dame,Senlis,fr,49.20682164,2.586034683,1151,1191,40.0,1100–1299,2297.64809,24.0,55143.55416,True,True,,,,,,,,,0,0,0,0,,mary (1151),no (N/A),Early Gothic architecture,wikidata_p149,,,,,,,,,False,,,,1151,1191,False,False,original_kept,original_kept,26.5,original_kept,,original_kept,Early Gothic architecture (c. 1140–1200),80.0
46,Cathédrale Notre-Dame et Saint-Vaast,Arras (Atrecht),fr,50.29295344,2.77484334,700,1435,735.0,700–899,,,,True,True,,,,,,,,,0,0,0,0,,mary (1160),no (N/A),Neoclassical architecture,wikidata_p149,,,,,,,,,False,,,,700,1435,False,False,original_kept,original_kept,,missing,,missing,Neoclassical architecture (c. 1750–1850),68.0
47,Mindener Dom,Minden,de,52.28884919,8.919206296,820,1290,470.0,700–899,,,,True,True,2.0,False,True,False,False,False,947.0,1062.0,2,0,2,0,947;1062,"st gorgonius (800), st peter (800)","fire (947), fire (1062)",Gothic architecture,wikidata_p149,,,,,,,,,False,,,,820,1290,False,False,original_kept,original_kept,,missing,,missing,Gothic architecture (c. 1140–1600),48.0
48,Cathédrale Notre-Dame,Laon,fr,49.56436229,3.625017193,1135,1235,100.0,1100–1299,5016.823922,25.0,125420.59805,True,True,1.0,False,True,False,False,False,1112.0,1112.0,0,0,0,0,1112,"christ (800), mary (800)",fire (1112),Gothic architecture,wikidata_p149,,,,,,,,,False,,,,1135,1235,False,False,original_kept,original_kept,26.0,original_kept,,original_kept,Gothic architecture (c. 1140–1600),184.0
49,Cathédrale Notre-Dame,Dax,fr,43.70846093,-1.052983623,1000,1300,300.0,900–1099,,,,True,True,,,,,,,,,0,0,0,0,,mary (1280),no (N/A),classical architecture,wikidata_p149,,,,,,,,,False,,,,1000,1300,False,False,original_kept,original_kept,,missing,,missing,classical architecture,18.0
50,Salisbury Cathedral,Salisbury,uk,51.06474973,-1.797496434,1092,1934,138.0,1100–1299,5000.0,26.0,130000.0,True,True,,,,,,,,,0,0,0,0,,mary (1220),no (N/A),Gothic architecture,wikidata_p149,limestone,1220.0,,groundbreaking,,1092.0,,1934.0,False,1092.0,1934.0,earliest:built in the years after and was consecrated in 1092 | current_end:completed in 1934 | current_end:completed by 1330 | current_end:consecrated in 1092,1120,1258,True,True,wikipedia_final_replaced,wikipedia_final_replaced,123.0,original_kept,,original_kept,Gothic architecture (c. 1140–1600),48.0
51,Cattedrale di Santa Maria Assunta,Spoleto,it,42.73526978,12.74037102,800,1800,400.0,700–899,,,,True,True,,,,,,,,,0,0,0,0,,,,"Gothic architecture, Neoclassical architecture, Romanesque architecture",wikidata_p149,,1067.0,1800.0,inizio costruzione,completamento,800.0,,,False,800.0,1800.0,earliest:risale al ix secolo ed è l'unico elemento rimasto dell'antico edificio altomedievale | earliest:risale al ix secolo ed è l'unico elemento rimasto dell'antico edificio altomedievale,800,1200,False,True,original_kept,wikipedia_final_replaced,,missing,,missing,"Gothic architecture (c. 1140–1600), Neoclassical architecture (c. 1750–1850), Romanesque architecture (c. 1000–1200)",429.0
52,Cattedrale di San Cassiano Martire,Imola,it,44.35349623,11.7110915,1765,1781,83.0,1100–1299,,,,True,True,,,,,,,,,0,0,0,0,,,,baroque architecture,wikidata_p149,,1765.0,1781.0,inizio costruzione,completamento,1800.0,,1850.0,False,1765.0,1781.0,earliest:risale al xix secolo e fu eseguita dalla bottega del camuccino | earliest:risale al xix secolo e fu eseguita dalla bottega del camuccino | current_end:ultimata nel 1850,1188,1271,True,True,wikipedia_final_replaced,wikipedia_final_replaced,,missing,,missing,baroque architecture (c. 1600–1750),53.0
53,Cattedrale di San Pietro Apostolo,Faenza,it,44.28582573,11.88447447,1474,1515,525.0,900–1099,,,,True,True,,,,,,,,,0,0,0,0,,,,Renaissance architecture,wikidata_p149,,1474.0,1515.0,inizio costruzione,completamento,,,,False,1474.0,1515.0,,1000,1525,True,True,wikipedia_final_replaced,wikipedia_final_replaced,,missing,,missing,Renaissance architecture (c. 1400–1600),43.0
54,Cathédrale Saint-Jean-Baptiste,Aire (Aire-sur-l'Adour),fr,43.70037984,-0.262054284491455,1060,1300,240.0,900–1099,1586.366592,15.0,23795.498880000003,True,True,,,,,,,,,0,0,0,0,,st john baptist (700),no (N/A),Romanesque architecture,wikidata_p149,,,,,,,,,False,,,,1060,1300,False,False,original_kept,original_kept,,original_kept,,original_kept,Romanesque architecture (c. 1000–1200),86.0
55,Chiesa Cattedrale di Cesena,Cesena,it,44.1374291,12.24544288,1385,2000,506.0,900–1099,,,,True,True,,,,,,,,,0,0,0,0,,,,Romanesque architecture,wikidata_p149,,1385.0,2000.0,inizio costruzione,completamento,,,,False,1385.0,2000.0,,900,1406,True,True,wikipedia_final_replaced,wikipedia_final_replaced,,missing,,missing,Romanesque architecture (c. 1000–1200),48.0
56,Hoher Dom St. Martin,Mainz,de,49.99889863,8.273938864,1085,1400,315.0,900–1099,4830.067093,29.0,140071.945697,True,True,1.0,False,True,False,False,False,1009.0,1009.0,0,0,0,0,1009,"st martin (975), st stephen (975)",damaged by fire (1009),Romanesque architecture,wikidata_p149,,,,,,,,,False,,,,1085,1400,False,False,original_kept,original_kept,,original_kept,,original_kept,Romanesque architecture (c. 1000–1200),97.0
57,Concattedrale di San Nicola,Palmi,it,38.35952203,15.8488582,1300,1932,50.0,1100–1299,,,,True,True,,,,,,,,,0,0,0,0,,,,Romanesque Revival architecture,wikidata_p149,,1300.0,1932.0,inizio costruzione,completamento,,1932.0,,True,1300.0,1932.0,current_start:attuale chiesa collegiata fu aperta al culto nel 1932 ,1250,1300,True,True,wikipedia_final_replaced,wikipedia_final_replaced,,missing,,missing,Romanesque Revival architecture (c. 1000–1200),234.0
58,Duomo di Santa Maria Assunta,Montagnana,it,45.23297821,11.46783625,1000,1502,502.0,900–1099,,,,True,True,,,,,,,,,0,0,0,0,,,,International Gothic,wikidata_p149,,,1502.0,,completamento,,,,False,,1502.0,,1000,1502,False,False,original_kept,original_kept,,missing,,missing,International Gothic (c. 1140–1600),17.0
59,Cattedrale di Santa Maria Assunta,Aosta,it,45.7381387,7.318056813,300,1848,1220.0,700–899,,,,True,True,,,,,,,,,0,0,0,0,,,,Romanesque architecture,wikidata_p149,,300.0,1848.0,inizio costruzione,completamento,,,,False,300.0,1848.0,,300,1520,False,True,original_kept,wikipedia_final_replaced,,missing,,missing,Romanesque architecture (c. 1000–1200),586.0
60,Basilica di Santa Trofimena,Amalfi,it,40.65038418,14.62794078,1747,1900,33.0,900–1099,,,,True,True,,,,,,,,,0,0,0,0,,,,Neoclassicism,wikidata_p149,,1747.0,1900.0,inizio costruzione,completamento,,,,False,1747.0,1900.0,,987,1020,True,True,wikipedia_final_replaced,wikipedia_final_replaced,,missing,,missing,Neoclassicism,18.0
61,Duomo,Enna (Kasr Yannik),it,37.56702211,14.28295728,1307,1311,168.0,1300–1500,,,,True,True,,,,,,,,,0,0,0,0,,,,Gothic architecture,wikidata_p149,,1307.0,1311.0,inizio costruzione,completamento,,,,False,1307.0,1311.0,,1307,1475,False,True,original_kept,wikipedia_final_replaced,,missing,,missing,Gothic architecture (c. 1140–1600),930.0
62,Basilica di San Giorgio fuori le mura,Ferrara,it,44.82173636,11.62806793,600,1800,600.0,700–899,,,,True,True,,,,,,,,,0,0,0,0,,,,Renaissance architecture,wikidata_p149,,600.0,1800.0,inizio costruzione,completamento,,,,False,600.0,1800.0,,700,1300,True,True,wikipedia_final_replaced,wikipedia_final_replaced,,missing,,missing,Renaissance architecture (c. 1400–1600),11.0
63,Basilica Maria Santissima Assunta,Reggio di Calabria,it,38.10536324,15.64221349,1917,1928,90.0,900–1099,,,,True,True,,,,,,,,,0,0,0,0,,,,Romanesque Revival architecture,wikidata_p149,,1917.0,1928.0,inizio costruzione,completamento,,1930.0,,True,1917.0,1928.0,current_start:l'attuale cattedrale di reggio calabria fu costruito nel 1930 dalla ditta balbiani  | current_start:attuale cattedrale di reggio calabria fu costruito nel 1930 dalla ditta balbiani ,1060,1150,True,True,wikipedia_final_replaced,wikipedia_final_replaced,,missing,,missing,Romanesque Revival architecture (c. 1000–1200),25.0
64,Cattedrale di Santa Maria Assunta,Como,it,45.81178183,9.083683148,1396,1740,719.0,700–899,,,,True,True,,,,,,,,,0,0,0,0,,,,Gothic architecture,wikidata_p149,,1396.0,1740.0,inizio costruzione,completamento,1500.0,1927.0,1497.0,True,1396.0,1740.0,earliest:risale al xvi secolo | earliest:risale al xvi secolo | current_start:ricostruita nel 1927 | current_end:completata nel 1497 ,800,1519,True,True,wikipedia_final_replaced,wikipedia_final_replaced,,missing,,missing,Gothic architecture (c. 1140–1600),215.0
65,Cattedrale di Santa Maria e San Giovenale,Fossano,it,44.54919291,7.725682848,1200,1300,100.0,1100–1299,,,,True,True,,,,,,,,,0,0,0,0,,,,Neoclassicism,wikidata_p149,,,,,,,,,False,,,,1200,1300,False,False,original_kept,original_kept,,missing,,missing,Neoclassicism,385.0
66,Cattedrale di Santa Maria Assunta,Parma,it,44.80322148,10.33129222,700,1178,894.0,700–899,,,,True,True,2.0,False,True,False,False,False,780.0,1055.0,2,0,2,0,780;1055,,,"Renaissance architecture, Romanesque architecture",wikidata_p149,,1074.0,1178.0,inizio costruzione,completamento,700.0,,1106.0,False,700.0,1178.0,earliest:risale al 1668 | earliest:risale al '700 [ 19 ] già esistente nel 1420 | earliest:risale al 1668 | earliest:risale al '700 [ 19 ] già esistente nel 1420 | current_end:consacrata nel 1106 | current_end:consacrata nel 1106 da pasquale ii ,400,1294,True,True,wikipedia_final_replaced,wikipedia_final_replaced,,missing,,missing,"Renaissance architecture (c. 1400–1600), Romanesque architecture (c. 1000–1200)",60.0
67,Cattedrale di Santo Stefano,Prato,it,43.88184141,11.09809303,1100,1400,450.0,900–1099,,,,True,True,,,,,,,,,0,0,0,0,,,,Romanesque architecture,wikidata_p149,,1100.0,1400.0,inizio costruzione,completamento,1160.0,,,False,1100.0,1400.0,earliest:risale al 1160 e si inserisce nel prospetto simmetrico del fianco meridionale della chiesa | earliest:risale al 1160 e si inserisce nel prospetto simmetrico del fianco meridionale della chiesa,900,1350,True,True,wikipedia_final_replaced,wikipedia_final_replaced,,missing,,missing,Romanesque architecture (c. 1000–1200),64.0
68,Cattedrale di San Martino,Lucca,it,43.84064992,10.50607897,1000,1200,700.0,700–899,,,,True,True,,,,,,,,,0,0,0,0,,,,Romanesque architecture,wikidata_p149,,1000.0,1200.0,inizio costruzione,completamento,1389.0,,1479.0,False,1000.0,1200.0,earliest:fondata nel 1389 [ 27 ]  | current_end:completata nel 1479 | current_end:consacrata nel 1070 [ 3 ] ,700,1400,True,True,wikipedia_final_replaced,wikipedia_final_replaced,,missing,,missing,Romanesque architecture (c. 1000–1200),20.0
69,Münster Unserer Lieben Frau,Konstanz (Drusomagus),de,47.66335263,9.175947721,590,1500,910.0,700–899,,,,True,True,,,,,,,,,0,0,0,0,,,,Romanesque architecture,wikidata_p149,,,,,,,,,False,,,,590,1500,False,False,original_kept,original_kept,,missing,,missing,Romanesque architecture (c. 1000–1200),410.0
70,Norwich Cathedral,Norwich,uk,52.63161192,1.300962599,1096,1101,434.0,900–1099,,96.0,,True,False,3.0,True,False,False,True,True,1272.0,1463.0,3,1,0,0,1272;1362;1463,,"damaged by riots (1272), spire collapsed (1362), lightening in spire (1463)",Norman architecture,wikidata_p149,,1096.0,1101.0,years built,consecrated,1300.0,,1485.0,False,1096.0,1101.0,earliest:built in the early 14th century | current_end:completed in 1278 | current_end:completed in 1297 but was blown down during a storm in 1362 | current_end:completed in 1278 | current_end:finished in 1485 which is still in place today | current_end:finished in 1430 after the black death had plagued the city | current_end:completed by around 1120 | current_end:completed by 1145,1096,1530,False,True,original_kept,wikipedia_final_replaced,96.0,wikidata_p2048_filled_missing,,missing,Norman architecture (c. 1066–1200),12.0
71,Duomo di Massa,Massa,it,44.03783885,10.14405014,1400,1936,123.0,1300–1500,,,,True,True,,,,,,,,,0,0,0,0,,,,baroque architecture,wikidata_p149,,1400.0,1936.0,inizio costruzione,completamento,,,,False,1400.0,1936.0,,1477,1600,True,True,wikipedia_final_replaced,wikipedia_final_replaced,,missing,,missing,baroque architecture (c. 1600–1750),74.0
72,Cattedrale di Santa Maria Assunta,Frosinone,it,41.63967986,13.35243705,700,1200,500.0,700–899,,,,True,True,,,,,,,,,0,0,0,0,,,,Romanesque architecture,wikidata_p149,,,,,,,,,False,,,,700,1200,False,False,original_kept,original_kept,,missing,,missing,Romanesque architecture (c. 1000–1200),274.0
73,Cattedrale di Avellino,Avellino,it,40.91528043,14.79715059,1132,1166,34.0,1100–1299,,,,True,True,,,,,,,,,0,0,0,0,,,,Romanesque architecture,wikidata_p149,,1132.0,1166.0,inizio costruzione,completamento,,,,False,1132.0,1166.0,,1132,1166,False,False,original_kept,original_kept,,missing,,missing,Romanesque architecture (c. 1000–1200),352.0
74,Cattedrale di San Nicolò,Nicosia,it,37.74772442,14.39830386,1280,1300,60.0,1100–1299,,,,True,True,,,,,,,,,0,0,0,0,,,,Norman architecture,wikidata_p149,,,1300.0,,completamento,,,,False,,1300.0,,1280,1340,False,True,original_kept,wikipedia_final_replaced,,missing,,missing,Norman architecture (c. 1066–1200),719.0
75,Dom Peter und Paul,Zeitz,de,51.05064567,12.12626193,900,1250,350.0,900–1099,,,,True,True,,,,,,,,,0,0,0,0,,"st peter (900), st paul (900)",no (N/A),Gothic architecture,wikidata_p149,,,,,,,,,False,,,,900,1250,False,False,original_kept,original_kept,,missing,,missing,Gothic architecture (c. 1140–1600),168.0
76,Santa Maria Assunta nella Cattedrale,Catanzaro,it,38.9048436,16.59198874,1121,1121,30.0,1100–1299,,42.0,,True,True,,,,,,,,,0,0,0,0,,,,rationalism,wikidata_p149,,,1121.0,,completamento,1121.0,,,False,1121.0,1121.0,"earliest:la prima cattedrale , eretta nel 1121 in epoca normanna e dedicata da callisto ii a santa maria assunta e agli apostoli pietro e paolo ",1120,1150,True,True,wikipedia_final_replaced,wikipedia_final_replaced,42.0,wikidata_p2048_filled_missing,,missing,rationalism,346.0
77,Cathédrale Notre-Dame de Grâce,Cambrai,fr,50.17213683,3.233409841,1054,1703,649.0,900–1099,,,,True,True,1.0,False,True,False,False,False,1145.0,1145.0,1,0,1,0,1145,mary (1200),fire (1145),baroque architecture,wikidata_p149,,,,,,,,,False,,,,1054,1703,False,False,original_kept,original_kept,,missing,,missing,baroque architecture (c. 1600–1750),60.0
78,Cathédrale Notre-Dame de Paris,Paris,fr,48.85297272,2.349910456,1160,1345,185.0,1100–1299,6878.0,35.0,240730.0,True,True,,,,,,,,,0,0,0,0,,mary (700),no (N/A),"French Gothic architecture, Early Gothic architecture, classic gothic, Rayonnant",wikidata_p149,dimension stone,,,,,,,,False,,,,1160,1345,False,False,original_kept,original_kept,90.0,original_kept,5500.0,original_kept,"French Gothic architecture (c. 1140–1600), Early Gothic architecture (c. 1140–1200), classic gothic (c. 1140–1600), Rayonnant",38.0
79,Cattedrale di San Michele Arcangelo,Caserta,it,41.07376512,14.33365077,1113,1153,187.0,1100–1299,,,,True,True,,,,,,,,,0,0,0,0,,,,Romanesque architecture,wikidata_p149,,1113.0,1153.0,inizio costruzione,completamento,,,,False,1113.0,1153.0,,1113,1300,False,True,original_kept,wikipedia_final_replaced,,missing,,missing,Romanesque architecture (c. 1000–1200),76.0
80,Aachener Dom,Aachen,de,50.77474896,6.083917582,796,1355,559.0,700–899,,,,True,True,1.0,True,False,False,False,False,881.0,881.0,1,1,0,0,881,mary (805),damaged by vikings (881),"Gothic architecture, Pre-Romanesque architecture",wikidata_p149,,,,,,,,,False,,,,796,1355,False,False,original_kept,original_kept,,missing,,missing,"Gothic architecture (c. 1140–1600), Pre-Romanesque architecture (c. 1000–1200)",173.0
81,Duomo di Crema,Crema,it,45.36316892,9.687249002,1284,1341,890.0,700–899,,,,True,True,1.0,True,False,False,False,False,1159.0,1159.0,1,1,0,0,1159,,,Romanesque architecture,wikidata_p149,,1284.0,1341.0,inizio costruzione,completamento,1300.0,,,False,1284.0,1341.0,earliest:risale al 1520 l'allestimento dell'altare della madonna della misericordia | earliest:risale al periodo a cavallo tra xiii e xiv secolo e pur essendo parte integrante della chiesa | earliest:risale al 1448 nel pieno delle contese tra guelfi e ghibellini  | earliest:risale al 1520 l'allestimento dell'altare della madonna della misericordia | earliest:risale al periodo a cavallo tra xiii e xiv secolo e pur essendo parte integrante della chiesa | earliest:risale al 1448 nel pieno delle contese tra guelfi e ghibellini ,500,1390,True,True,wikipedia_final_replaced,wikipedia_final_replaced,,missing,,missing,Romanesque architecture (c. 1000–1200),86.0
82,Dom St. Stephanus und St. Sixtus,Halberstadt,de,51.89606919,11.04893633,1236,1491,255.0,1100–1299,2800.0,27.0,75600.0,True,False,1.0,False,False,False,False,True,965.0,965.0,0,0,0,0,965,"st stephen (850), st sixtus (850)",collapsed (965),Romanesque architecture,wikidata_p149,,,,,,,,,False,,,,1236,1491,False,False,original_kept,original_kept,91.5,original_kept,,original_kept,Romanesque architecture (c. 1000–1200),121.0
83,Cattedrale di San Lorenzo,Tivoli,it,41.96565391,12.79710268,1000,1700,830.0,700–899,,,,True,True,,,,,,,,,0,0,0,0,,,,Baroque,wikidata_p149,,1000.0,1700.0,inizio costruzione,completamento,1800.0,1100.0,,True,1000.0,1700.0,earliest:risale alla prima metà del xix secolo  | current_start:ricostruita in forme romaniche a tre navate tra l' xi e il xii secolo ,470,1300,True,True,wikipedia_final_replaced,wikipedia_final_replaced,,missing,,missing,Baroque (c. 1600–1750),217.0
84,Cattedrale di San Clemente,Velletri,it,41.68298558,12.77680841,400,1300,900.0,700–899,,,,True,True,,,,,,,,,0,0,0,0,,,,Renaissance,wikidata_p149,,400.0,,inizio costruzione,,,,,False,400.0,,,400,1300,False,False,original_kept,original_kept,,missing,,missing,Renaissance (c. 1400–1600),323.0
85,Cattedrale di San Lorenzo,Amalfi,it,40.65351097,14.60820539,987,1900,275.0,900–1099,,,,True,True,,,,,,,,,0,0,0,0,,,,Romanesque architecture,wikidata_p149,,987.0,1900.0,inizio costruzione,completamento,,,,False,987.0,1900.0,,950,1225,True,True,wikipedia_final_replaced,wikipedia_final_replaced,,missing,,missing,Romanesque architecture (c. 1000–1200),390.0
86,Cattedrale di Santa Maria Assunta,Melfi,it,40.99679819,15.65857072,1076,1770,77.0,900–1099,,,,True,True,,,,,,,,,0,0,0,0,,,,Romanesque architecture,wikidata_p149,,1076.0,1770.0,inizio costruzione,completamento,1770.0,,,False,1076.0,1770.0,earliest:risale al 1770  | earliest:risale al 1770 ,1076,1153,False,True,original_kept,wikipedia_final_replaced,,missing,,missing,Romanesque architecture (c. 1000–1200),545.0
87,Cathédrale de Sion,Sion,ch,46.23401379,7.3592436,700,1520,820.0,700–899,,,,True,True,3.0,False,True,False,False,True,1010.0,1418.0,3,0,2,0,1010;1352;1418,mary (1010),"fire (1010), fire (1352), damaged (1418)",Romanesque architecture,wikidata_p149,brick,,,,,,,,False,,,,700,1520,False,False,original_kept,original_kept,,missing,,missing,Romanesque architecture (c. 1000–1200),525.0
88,Cattedrale dei Santi Erasmo e Marciano e di Santa Maria Assunta,Gaeta,it,41.20886192,13.58689047,1100,1950,556.0,700–899,,,,True,True,1.0,False,False,True,False,False,1213.0,1213.0,1,0,0,1,1213,,,Norman architecture,wikidata_p149,,1100.0,1950.0,inizio costruzione,completamento,1300.0,,1950.0,False,1100.0,1950.0,earliest:risale alla metà del xviii secolo ed è attribuibile all'artista napoletano ferdinando sanfelice o al suo collaboratore giuseppe astarita  | earliest:risale alla fine del xiv secolo -inizi del xv e si presenta in cattive condizioni di conservazione | current_end:completata nel 1950 con la realizzazione del rosone cieco marmoreo | current_end:completata nel 1689  | current_end:consacrata nel 1597 ,700,1256,True,True,wikipedia_final_replaced,wikipedia_final_replaced,,missing,,missing,Norman architecture (c. 1066–1200),9.0
89,St. Petri-Dom,Bremen,de,53.07548416,8.809108788,785,1102,317.0,700–899,,98.0,,True,True,,,,,,,,,0,0,0,0,,st peter (1041),no (N/A),"Romanesque architecture, Gothic architecture",wikidata_p149,dimension stone,,,,,,,,False,,,,785,1102,False,False,original_kept,original_kept,98.0,targeted_source_checked,,missing,"Romanesque architecture (c. 1000–1200), Gothic architecture (c. 1140–1600)",21.0
90,The Cathedral Church of Christ and the Blessed Mary the Virgin of Worcester,Worcester,uk,52.18864387,-2.220864791,680,2008,674.0,700–899,,,,True,True,,,,,,,,,0,0,0,0,,"st peter (700), st paul (700), christ (1000)","no (N/A), mary (1000)","Norman architecture, Gothic architecture, English Gothic architecture",wikidata_p149,,1084.0,,years built,,680.0,,2008.0,False,680.0,2008.0,earliest:was founded in 680 | earliest:was founded in 680 | current_end:completed in 1374 | current_end:completed in the summer of 2008,700,1374,True,True,wikipedia_final_replaced,wikipedia_final_replaced,,missing,,missing,"Norman architecture (c. 1066–1200), Gothic architecture (c. 1140–1600), English Gothic architecture (c. 1180–1520)",25.0
91,Cattedrale San Giuseppe,Vasto,it,42.11188548,14.71011162,1200,2000,100.0,1100–1299,,,,True,True,,,,,,,,,0,0,0,0,,,,Gothic architecture,wikidata_p149,,1200.0,2000.0,inizio costruzione,completamento,1200.0,1700.0,,True,1200.0,2000.0,earliest:risale al xiii secolo  | earliest:risale al xiii secolo ed è la parte originale della vecchia chiesa | earliest:risale al xiii secolo  | earliest:risale al xiii secolo ed è la parte originale della vecchia chiesa | current_start:ricostruita nel xviii secolo ,1200,1300,False,True,original_kept,wikipedia_final_replaced,,missing,,missing,Gothic architecture (c. 1140–1600),151.0
92,Duomo di Arezzo,Arezzo,it,43.46705209,11.8834402,1200,1511,233.0,1100–1299,,,,True,True,,,,,,,,,0,0,0,0,,,,"Gothic architecture, Gothic art, Romanesque architecture",wikidata_p149,,,,,,1200.0,,,False,1200.0,,earliest:dates to the 13th century,1278,1511,True,False,wikipedia_final_replaced,original_kept,,missing,,missing,"Gothic architecture (c. 1140–1600), Gothic art (c. 1140–1600), Romanesque architecture (c. 1000–1200)",298.0
93,Dom zu Meißen,Meissen,de,51.16621207,13.47146001,970,1410,440.0,900–1099,,81.0,,True,True,,,,,,,,,0,0,0,0,,"st john baptist (970), st donatus (970)",no (N/A),Gothic architecture,wikidata_p149,,,,,,,,,False,,,,970,1410,False,False,original_kept,original_kept,81.0,wikidata_p2048_filled_missing,,missing,Gothic architecture (c. 1140–1600),131.0
94,Cattedrale di San Panfilo,Sulmona,it,42.05395989,13.9204292,1100,1800,420.0,700–899,,,,True,True,1.0,False,False,True,False,False,1456.0,1456.0,0,0,0,0,1456,,,Romanesque architecture,wikidata_p149,,1100.0,1800.0,inizio costruzione,completamento,,,,False,1100.0,1800.0,,700,1120,True,True,wikipedia_final_replaced,wikipedia_final_replaced,,missing,,missing,Romanesque architecture (c. 1000–1200),397.0
95,Cattedrale di Sancta Maria de Episcopio,"Benevento (Benevent, Bénévent)",it,41.13151604,14.77434375,600,2000,873.0,700–899,,,,True,True,1.0,False,False,True,False,False,1456.0,1456.0,1,0,0,1,1456,,,Romanesque architecture,wikidata_p149,,600.0,2000.0,inizio costruzione,completamento,1200.0,,,False,600.0,2000.0,earliest:risale alla fine del xiii secolo ,600,1473,False,True,original_kept,wikipedia_final_replaced,,missing,,missing,Romanesque architecture (c. 1000–1200),144.0
96,Cattedrale San Giuliano,Caltagirone,it,37.2371811,14.51258165,1090,1282,192.0,900–1099,,,,True,True,,,,,,,,,0,0,0,0,,,,"Norman architecture, baroque architecture",wikidata_p149,,,1282.0,,completamento,,,,False,,1282.0,,1090,1282,False,False,original_kept,original_kept,,missing,,missing,"Norman architecture (c. 1066–1200), baroque architecture (c. 1600–1750)",546.0
97,Cattedrale di Santa Maria Assunta,Pisa,it,43.72328668,10.39573267,1064,1092,120.0,900–1099,4057.0,,,True,True,,,,,,,,,0,0,0,0,,,,Romanesque architecture,wikidata_p149,stone,1064.0,1092.0,inizio costruzione,completamento,,,1118.0,False,1064.0,1092.0,current_end:consacrata nel 1118 dal papa gelasio ii ,1020,1140,True,True,wikipedia_final_replaced,wikipedia_final_replaced,,missing,4057.0,wikidata_p2046_filled_missing,Romanesque architecture (c. 1000–1200),8.0
98,Magdeburger Dom,Magdeburg,de,52.12464594,11.63471199,1209,1520,311.0,1100–1299,4629.64038,32.0,148148.49216,True,True,1.0,False,True,False,False,False,1207.0,1207.0,0,0,0,0,1207,st maurice (937),fire (1207),Gothic architecture,wikidata_p149,"dimension stone, sandstone",,,,,,,,False,,,,1209,1520,False,False,original_kept,original_kept,104.0,original_kept,,original_kept,Gothic architecture (c. 1140–1600),61.0
99,Cattedrale di San Gerlando,Agrigento,it,37.31400549,13.57641155,1100,1700,173.0,900–1099,,,,True,False,1.0,False,False,False,False,True,1198.0,1198.0,1,0,0,0,1198,,,"Chiaramonte style, Norman-Arab-Byzantine culture, Renaissance architecture, Sicilian Baroque",wikidata_p149,,1100.0,1700.0,inizio costruzione,completamento,1591.0,,,False,1100.0,1700.0,earliest:fondata nel 1591 ,1087,1260,True,True,wikipedia_final_replaced,wikipedia_final_replaced,,missing,,missing,"Chiaramonte style, Norman-Arab-Byzantine culture (c. 330–1453), Renaissance architecture (c. 1400–1600), Sicilian Baroque (c. 1600–1750)",325.0
100,Cattedrale dei Santi Mariano e Giacomo,Gubbio,it,43.35367967,12.58008728,1194,1350,640.0,700–899,,,,True,True,,,,,,,,,0,0,0,0,,,,"Gothic architecture, Italian Gothic architecture",wikidata_p149,,1194.0,1350.0,inizio costruzione,completamento,,,,False,1194.0,1350.0,,700,1340,True,True,wikipedia_final_replaced,wikipedia_final_replaced,,missing,,missing,"Gothic architecture (c. 1140–1600), Italian Gothic architecture (c. 1140–1600)",549.0
101,Basilica Cattedrale di Santa Maria Assunta e San Berardo,Teramo,it,42.65861938,13.70335049,1158,1493,177.0,1100–1299,,,,True,True,,,,,,,,,0,0,0,0,,,,Romanesque architecture,wikidata_p149,,1158.0,1493.0,inizio costruzione,completamento,1734.0,,1176.0,False,1158.0,1493.0,earliest:risale al ad un restauro del 1734  | earliest:risale al ad un restauro del 1734  | current_end:consacrata nel 1176 ,1158,1335,False,True,original_kept,wikipedia_final_replaced,,missing,,missing,Romanesque architecture (c. 1000–1200),277.0
102,Duomo di Treviso,Treviso,it,45.66636078,12.24309244,500,1900,700.0,700–899,,,,True,True,,,,,,,,,0,0,0,0,,,,Neoclassical architecture,wikidata_p149,,500.0,1900.0,inizio costruzione,completamento,1500.0,,1836.0,False,500.0,1900.0,earliest:risale al 1836  | earliest:risale al 1520 e fu commissionata da broccardo malchiostro  | earliest:risale al 1836  | earliest:risale al 1520 e fu commissionata da broccardo malchiostro  | earliest:risale alla metà del xvi secolo  | current_end:completata nel 1836 da francesco bomben e dall'ingegnere comunale gaspare petrovich,500,1200,False,True,original_kept,wikipedia_final_replaced,,missing,,missing,Neoclassical architecture (c. 1750–1850),16.0
103,Dom,"Luebeck (Lübeck), see also Old-Luebeck",de,53.86089854,10.68572755,1173,1400,227.0,1100–1299,,115.0,,True,True,,,,,,,,,0,0,0,0,,"st john baptist (1173), st blasius (1173), mary (1173)",no (N/A),Brick Romanesque Style,wikidata_p149,brick,,,,,,,,False,,,,1173,1400,False,False,original_kept,original_kept,115.0,wikidata_p2048_filled_missing,,missing,Brick Romanesque Style (c. 1000–1200),13.0
104,Lincoln Cathedral,Lincoln,uk,53.23440945,-0.536172646502425,1072,1092,138.0,1100–1299,6000.0,25.0,150000.0,True,True,2.0,False,True,True,False,False,1124.0,1185.0,0,0,0,0,1124;1185,mary (1072),"roof in fire (1124), earthquake (1185)",English Gothic architecture,wikidata_p149,,1072.0,1092.0,groundbreaking,consecrated,,,2005.0,False,1072.0,1092.0,current_end:completed in 1092 | current_end:completed in 1235 | current_end:completed by the end of august 2005,1192,1330,True,True,wikipedia_final_replaced,wikipedia_final_replaced,83.0,original_kept,,original_kept,English Gothic architecture (c. 1180–1520),78.0
105,Duomo - Cattedrale di Santa Croce,Forli,it,44.22371996,12.0382533,1800,1841,550.0,1100–1299,,,,True,True,,,,,,,,,0,0,0,0,,,,Romanesque architecture,wikidata_p149,,1800.0,1841.0,inizio costruzione,completamento,1865.0,,,False,1800.0,1841.0,earliest:risale al 1865 | earliest:risale al 1865,1100,1650,True,True,wikipedia_final_replaced,wikipedia_final_replaced,,missing,,missing,Romanesque architecture (c. 1000–1200),35.0
106,Dom St. Stephan,Passau,de,48.57422224,13.46542622,720,1598,878.0,700–899,,,,True,True,1.0,True,False,False,False,False,978.0,978.0,1,1,0,0,978,st stephen (720),war 978 (N/A),,missing,,,,,,,,,False,,,,720,1598,False,False,original_kept,original_kept,,missing,,missing,,315.0
107,Basilica di San Lorenzo,Firenze,it,43.77487741,11.25403059,1059,1461,1140.0,700–899,,,,True,True,,,,,,,,,0,0,0,0,,,,Renaissance architecture,wikidata_p149,,1059.0,1461.0,inizio costruzione,completamento,1860.0,,,False,1059.0,1461.0,earliest:risale alla sistemazione che ne fece gaetano baccani nel 1860 dopo la parziale demolizione settecentesca,350,1490,True,True,wikipedia_final_replaced,wikipedia_final_replaced,,missing,,missing,Renaissance architecture (c. 1400–1600),63.0
108,Cathédrale Saint-Julien,Le Mans,fr,48.00923064,0.198739359727441,1139,1423,284.0,1100–1299,5118.50101,33.0,168910.53333,True,True,1.0,False,True,False,False,False,1134.0,1134.0,0,0,0,0,1134,st julian (700),fire (1134),Romanesque architecture,wikidata_p149,,,,,,,,,False,,,,1139,1423,False,False,original_kept,original_kept,,original_kept,,original_kept,Romanesque architecture (c. 1000–1200),84.0
109,Duomo,Ravenna,it,44.41535017,12.19701801,350,1745,5.0,700–899,,35.17,,True,True,,,,,,,,,0,0,0,0,,,,baroque architecture,wikidata_p149,,1734.0,1745.0,inizio costruzione,completamento,350.0,,,False,350.0,1745.0,earliest:risale al 1701 ed è sormontato da un crocifisso ligneo policromo | earliest:risale al 1701 ed è sormontato da un crocifisso ligneo policromo | earliest:fondata nel 350 circa) e della basilica c di nicopoli ,402,407,True,True,wikipedia_final_replaced,wikipedia_final_replaced,35.17,wikidata_p2048_filled_missing,,missing,baroque architecture (c. 1600–1750),4.0
110,Concattedrale dell'Immacolata Concezione,Bosa,it,40.29509398,8.503984774,1700,1809,400.0,1100–1299,,,,True,True,,,,,,,,,0,0,0,0,,,,baroque architecture,wikidata_p149,,,,,,1700.0,,1809.0,False,1700.0,1809.0,earliest:risale alla seconda metà del 1700 | current_end:consacrata nel luglio 1809 ,1100,1500,True,True,wikipedia_final_replaced,wikipedia_final_replaced,,missing,,missing,baroque architecture (c. 1600–1750),6.0
111,Schweriner Dom St. Maria und St. Johannes,Schwerin,de,53.62969693,11.41455673,1171,1246,75.0,1100–1299,3200.0,27.0,86400.0,True,True,,,,,,,,,0,0,0,0,,"mary (1171), st john baptist (1171)",no (N/A),Brick Gothic,wikidata_p149,brick,,,,,,,,False,,,,1171,1246,False,False,original_kept,original_kept,117.5,original_kept,,original_kept,Brick Gothic (c. 1140–1600),47.0
112,Dom,Paderborn,de,51.7189637,8.755867056,800,1250,450.0,700–899,,93.0,,True,True,2.0,False,True,False,False,False,1000.0,1133.0,2,0,2,0,1000;1133,"mary (800), st kilian (800), st ulrich (1000)","fire (1000), fire (1133)",Romanesque architecture,wikidata_p149,,,,,,,,,False,,,,800,1250,False,False,original_kept,original_kept,93.0,targeted_source_checked,,missing,Romanesque architecture (c. 1000–1200),115.0
113,Cathédrale Notre-Dame de Lausanne,Lausanne,ch,46.52257834,6.635352703,600,1268,668.0,700–899,,79.6,,True,True,,,,,,,,,0,0,0,0,,mary (1275),no (N/A),Gothic architecture,wikidata_p149,,,,,,,,,False,,,,600,1268,False,False,original_kept,original_kept,79.6,wikidata_p2048_filled_missing,,missing,Gothic architecture (c. 1140–1600),510.0
114,Cathédrale Sainte-Cécile d'Albi,Albi,fr,43.92847901,2.142615086,850,1397,547.0,700–899,,78.0,,True,True,,,,,,,,,0,0,0,0,,st cecilia (850),no (N/A),"Brick Gothic, Gothic architecture",wikidata_p149,brick,,,,,,,,False,,,,850,1397,False,False,original_kept,original_kept,78.0,targeted_source_checked,,missing,"Brick Gothic (c. 1140–1600), Gothic architecture (c. 1140–1600)",179.0
115,Kiliansdom,Wuerzburg(Würzburg),de,49.79340745,9.932402137,750,1075,325.0,700–899,,,,True,True,2.0,False,True,False,False,False,854.0,1039.0,2,0,2,0,854;1039,"christ (750), st kilian (855), st andreas (1040)","fire (854), fire (1039)",Romanesque architecture,wikidata_p149,brick,,,,,,,,False,,,,750,1075,False,False,original_kept,original_kept,,missing,,missing,Romanesque architecture (c. 1000–1200),181.0
116,Dom zu Speyer,Speyer,de,49.31722054,8.442451828,1030,1106,76.0,900–1099,6017.28005,33.0,198570.24165,True,True,,,,,,,,,0,0,0,0,,"mary (1030), st stephen (1030)",no (N/A),Romanesque architecture,wikidata_p149,,,,,,,,,False,,,,1030,1106,False,False,original_kept,original_kept,,original_kept,,original_kept,Romanesque architecture (c. 1000–1200),107.0
117,Cathédrale de la Major,Marseille,fr,43.29981417,5.364907138,700,1200,500.0,700–899,,,,True,True,,,,,,,,,0,0,0,0,,mary (700),no (N/A),"Byzantine Revival architecture, Islamic architecture, Renaissance Revival architecture, Romanesque Revival architecture",wikidata_p149,,,,,,,,,False,,,,700,1200,False,False,original_kept,original_kept,,missing,,missing,"Byzantine Revival architecture (c. 330–1453), Islamic architecture, Renaissance Revival architecture (c. 1400–1600), Romanesque Revival architecture (c. 1000–1200)",23.0
118,Basilique Saint-Nazaire,Carcassonne,fr,43.2052531,2.362885391,700,1329,629.0,700–899,,,,True,True,,,,,,,,,0,0,0,0,,st nazaire (700),no (N/A),Gothic architecture,wikidata_p149,,,,,,,,,False,,,,700,1329,False,False,original_kept,original_kept,,missing,,missing,Gothic architecture (c. 1140–1600),151.0
119,Dom Sankt Peter,Osnabrueck (Osnabrück),de,52.27741082,8.044916761,770,1500,730.0,700–899,,,,True,True,2.0,True,True,False,False,False,880.0,1254.0,2,1,1,0,880;1254,st peter (800),"damaged by vikings (880), partly damaged by fire (1254)",Romanesque architecture,wikidata_p149,sandstone,,,,,,,,False,,,,770,1500,False,False,original_kept,original_kept,,missing,,missing,Romanesque architecture (c. 1000–1200),69.0
120,Cathédrale Saint-Dié,St Die (Saint-Dié-des-Vosges),fr,48.28903153,6.950773793,700,1800,1100.0,700–899,,,,True,True,,,,,,,,,0,0,0,0,,st die (700),no (N/A),Romanesque architecture,wikidata_p149,sandstone,,,,,,,,False,,,,700,1800,False,False,original_kept,original_kept,,missing,,missing,Romanesque architecture (c. 1000–1200),344.0
121,Cathédrale Saint-Pierre,Montpellier,fr,43.61332756,3.874032697,1364,1368,4.0,1300–1500,,,,True,True,,,,,,,,,0,0,0,0,,st peter (1364),no (N/A),"French Romanesque architecture, Gothic architecture",wikidata_p149,,,,,,,,,False,,,,1364,1368,False,False,original_kept,original_kept,,missing,,missing,"French Romanesque architecture (c. 1000–1200), Gothic architecture (c. 1140–1600)",43.0
122,Dom zu Eichstätt,Eichstaett (Eichstätt),de,48.89185084,11.18349665,740,1400,660.0,700–899,,,,True,True,1.0,True,False,False,False,False,980.0,980.0,1,1,0,0,980,"mary (800), st willibald (980)",damaged by mayars (980),Gothic architecture,wikidata_p149,brick,,,,,,,,False,,,,740,1400,False,False,original_kept,original_kept,,missing,,missing,Gothic architecture (c. 1140–1600),397.0
123,Cattedrale di Santa Maria Assunta,Saluzzo,it,44.64486196,7.493203537,1491,1501,10.0,1300–1500,,,,True,True,,,,,,,,,0,0,0,0,,,,Gothic architecture,wikidata_p149,,1491.0,1501.0,inizio costruzione,completamento,,,,False,1491.0,1501.0,,1491,1501,False,False,original_kept,original_kept,,missing,,missing,Gothic architecture (c. 1140–1600),355.0
124,Basilica Sancti Petri,Roma,it,41.90215364,12.45374037,300,1626,35.0,700–899,,136.6,,True,True,,,,,,,,,0,0,0,0,,,,"Renaissance architecture, baroque architecture",wikidata_p149,"cement, marble",1506.0,1626.0,groundbreaking,completed,300.0,,1615.0,False,300.0,1626.0,earliest:built in the fourth century by roman emperor constantine the great  | current_end:completed in 537 | current_end:finished in 1615,319,354,True,True,wikipedia_final_replaced,wikipedia_final_replaced,136.6,wikidata_p2048_filled_missing,,missing,"Renaissance architecture (c. 1400–1600), baroque architecture (c. 1600–1750)",52.0
125,"Duomo di Bolzano - Pfarrkirche Bozen (\Dom\"""")""""",Bolzano,it,46.49753141,11.35399284,1400,1517,1219.0,700–899,,,,True,True,,,,,,,,,0,0,0,0,,,,Gothic architecture,wikidata_p149,,1400.0,1517.0,inizio costruzione,completamento,,,1519.0,False,1400.0,1517.0,current_end:completata nel 1519 con l'erezione del campanile tardo-gotico di 65 metri [ 7 ] ,300,1519,True,True,wikipedia_final_replaced,wikipedia_final_replaced,,missing,,missing,Gothic architecture (c. 1140–1600),268.0
126,Duomo di Milano,Milano,it,45.46418266,9.191602528,1386,1932,1645.0,700–899,,108.5,,True,True,1.0,False,True,False,False,False,1075.0,1075.0,1,0,1,0,1075,,,"Flamboyant, Italian Gothic architecture",wikidata_p149,marble,1386.0,1932.0,inizio costruzione,completamento,1397.0,1489.0,1769.0,True,1386.0,1932.0,earliest:risale al 1948 ed è opera di arrigo minerbi  | earliest:risale al 1988 | earliest:risale al 1397-1404 e fu costruita grazie al lascito di marco carelli  | earliest:risale al 1948 ed è opera di arrigo minerbi  | earliest:risale al 1988 | earliest:risale al 1397-1404 e fu costruita grazie al lascito di marco carelli  | current_start:ricostruita nel 1489 e definitivamente abbattuta nel 1548) [ 11 ]  | current_end:ultimata nel 1769 con una struttura marmorea,320,1965,True,True,wikipedia_final_replaced,wikipedia_final_replaced,108.5,wikidata_p2048_filled_missing,,missing,"Flamboyant, Italian Gothic architecture (c. 1140–1600)",131.0
127,Canterbury Cathedral,Canterbury,uk,51.27990168,1.082770845,597,1834,350.0,900–1099,6402.355287,27.0,172863.592749,True,True,1.0,False,True,False,False,False,1174.0,1174.0,1,0,1,0,1174,christ (700),fire (1174),"English Gothic architecture, Gothic art, Norman architecture, Romanesque architecture",wikidata_p149,stone,1070.0,1834.0,groundbreaking,completed,597.0,1174.0,1184.0,True,597.0,1834.0,earliest:was founded in 597 but was completely rebuilt between 1070 and 1077 | earliest:was founded in 2014 and their first performance was at evensong that january | earliest:built in the gothic style following a fire in 1174 | current_start:rebuilt in the gothic style following a fire in 1174 | current_end:completed in 1184 | current_end:dedicated in 1077,1070,1420,True,True,wikipedia_final_replaced,wikipedia_final_replaced,72.0,original_kept,91500.0,original_kept,"English Gothic architecture (c. 1180–1520), Gothic art (c. 1140–1600), Norman architecture (c. 1066–1200), Romanesque architecture (c. 1000–1200)",20.0
128,Exeter Cathedral,Exeter,uk,50.72249727,-3.529816828,1112,1133,247.0,1100–1299,3810.278425,21.0,80015.846925,True,True,,,,,,,,,0,0,0,0,,st peter (1000),no (N/A),"Gothic architecture, Norman architecture",wikidata_p149,,1112.0,,years built,,,,1133.0,False,1112.0,1133.0,current_end:consecrated in 1133,1133,1380,True,True,wikipedia_final_replaced,wikipedia_final_replaced,,original_kept,,original_kept,"Gothic architecture (c. 1140–1600), Norman architecture (c. 1066–1200)",41.0
129,Duomo di Messina,Messina,it,38.19223509,15.55529949,1906,1947,780.0,700–899,,,,True,True,1.0,False,True,False,False,False,1254.0,1254.0,1,0,1,0,1254,,,Gothic architecture,wikidata_p149,,,1947.0,,completamento,,1906.0,,True,1906.0,1947.0,current_start:ricostruita in maniera momentanea nel 1906 in attesa dei lavori di ristrutturazione atti a riportare il tempio alle sue linee originarie),500,1280,True,True,wikipedia_final_replaced,wikipedia_final_replaced,,missing,,missing,Gothic architecture (c. 1140–1600),13.0
130,Cathédrale Saint-Pierre-et-Saint-Paul,Nantes,fr,47.21837708,-1.550192363,1430,1536,106.0,1300–1500,4435.139866,38.0,168535.31490800003,True,True,1.0,False,True,False,False,False,919.0,919.0,0,0,0,0,919,"st peter (700), st paul (700)",fire (919),Gothic architecture,wikidata_p149,,,,,,,,,False,,,,1430,1536,False,False,original_kept,original_kept,63.0,original_kept,,original_kept,Gothic architecture (c. 1140–1600),25.0
131,Cattedrale Madonna del Ponte,Lanciano,it,42.23060753,14.39117524,1300,1819,100.0,1300–1500,,,,True,True,,,,,,,,,0,0,0,0,,,,Neoclassicism,wikidata_p149,,1785.0,1819.0,inizio costruzione,completamento,1300.0,,,False,1300.0,1819.0,earliest:risale al xiv secolo circa | earliest:risale al xiv secolo circa,1300,1400,False,True,original_kept,wikipedia_final_replaced,,missing,,missing,Neoclassicism,274.0
132,Cattedrale di San Nicola,Sassari,it,40.72672463,8.558452198,1100,1800,700.0,700–899,,,,True,True,,,,,,,,,0,0,0,0,,,,Romanesque architecture,wikidata_p149,,1100.0,1800.0,inizio costruzione,completamento,,1200.0,,True,1100.0,1800.0,current_start:ricostruita nel xiii secolo in stile romanico pisano ,500,1200,True,True,wikipedia_final_replaced,wikipedia_final_replaced,,missing,,missing,Romanesque architecture (c. 1000–1200),209.0
133,Duomo Di Modena,Modena,it,44.64631015,10.92554413,1099,1389,1055.0,700–899,12000.0,,,True,True,,,,,,,,,0,0,0,0,,,,Romanesque architecture,wikidata_p149,,1099.0,1389.0,inizio costruzione,completamento,,,,False,1099.0,1389.0,,400,1455,True,True,wikipedia_final_replaced,wikipedia_final_replaced,,missing,12000.0,wikidata_p2046_filled_missing,Romanesque architecture (c. 1000–1200),43.0
134,York Minster,York,uk,53.9622666,-1.08205172,627,1472,252.0,1100–1299,7000.0,30.0,210000.0,True,True,1.0,True,False,False,False,False,1075.0,1075.0,0,0,0,0,1075,st peter (700),danes (1075),English Gothic architecture,wikidata_p149,limestone,673.0,1472.0,groundbreaking,completed,627.0,,2018.0,False,627.0,1472.0,earliest:dates back to the 12th century and much of the glass (white or coloured) came from germany | earliest:was founded in 627 by paulinus of york  | current_end:completed in 637 by oswald and was dedicated to saint peter  | current_end:completed in 1988 for £2 | current_end:completed in 2018 | current_end:completed in 1472 | current_end:completed in 1880 | current_end:completed in 1988 | current_end:completed in 2018 | current_end:completed in september 2017 and they were re-installed between november 2017 and january 2018 | current_end:consecrated in 1472,1220,1472,True,False,wikipedia_final_replaced,original_kept,,original_kept,,original_kept,English Gothic architecture (c. 1180–1520),25.0
135,Dom Sankt Peter und Paul,Naumburg (Naumburg (Saale)),de,51.1545909,11.80387905,1029,1242,213.0,900–1099,,,,True,True,,,,,,,,,0,0,0,0,,"st peter (1029), st paul (1029)",no (N/A),"Romanesque architecture, Gothic architecture",wikidata_p149,dimension stone,,,,,,,,False,,,,1029,1242,False,False,original_kept,original_kept,,missing,,missing,"Romanesque architecture (c. 1000–1200), Gothic architecture (c. 1140–1600)",128.0
136,Basilica Cattedrale di Santa Maria Assunta,Lodi,it,45.31433191,9.503226044,1158,1284,126.0,1100–1299,,,,True,True,,,,,,,,,0,0,0,0,,,,Romanesque architecture,wikidata_p149,,1158.0,1284.0,inizio costruzione,completamento,1158.0,,,False,1158.0,1284.0,earliest:risale al periodo compreso tra il 1158 ed il 1163  | earliest:risale al periodo compreso tra il 1158 ed il 1163 ,1158,1284,False,False,original_kept,original_kept,,missing,,missing,Romanesque architecture (c. 1000–1200),86.0
137,San Tommaso Apostolo,Ortona a Mare,it,42.35725209,14.40446789,1127,1127,427.0,700–899,,,,True,True,,,,,,,,,0,0,0,0,,,,early Christian art,wikidata_p149,,1127.0,1127.0,inizio costruzione,completamento,1300.0,1947.0,,True,1127.0,1127.0,earliest:risale al xiv secolo  | earliest:risale al xiv secolo  | current_start:ricostruita nel 1947 dopo la distruzione da parte dei tedeschi della facciata settecentesca con mezza cupola e il porticato a nove colonne del trecento,700,1127,True,False,wikipedia_final_replaced,original_kept,,missing,,missing,early Christian art,67.0
138,Cattedrale di Maria Santissima Achiropita,Rossano,it,39.57503507,16.63555386,800,1100,100.0,900–1099,,,,True,True,,,,,,,,,0,0,0,0,,,,Baroque,wikidata_p149,,800.0,,inizio costruzione,,,,,False,800.0,,,1000,1100,True,False,wikipedia_final_replaced,original_kept,,missing,,missing,Baroque (c. 1600–1750),240.0
139,Cattedrale San Pietro Apostolo,Isernia,it,41.58992632,14.22669063,1349,1900,1000.0,700–899,,,,True,True,,,,,,,,,0,0,0,0,,,,baroque architecture,wikidata_p149,,1349.0,1900.0,inizio costruzione,completamento,2002.0,,,False,1349.0,1900.0,earliest:risale al 2002 e mette in evidenza gli scavi ritrovati sotto l'edificio | earliest:risale al 2002 e mette in evidenza gli scavi ritrovati sotto l'edificio,700,1700,True,True,wikipedia_final_replaced,wikipedia_final_replaced,,missing,,missing,baroque architecture (c. 1600–1750),430.0
140,Cathédrale Saint-Pierre,Rennes,fr,48.11157595,-1.683382087,700,1200,500.0,700–899,,,,True,False,1.0,False,False,False,False,True,1490.0,1490.0,0,0,0,0,1490,st peter (700),collapsed largely (1490),classical architecture,wikidata_p149,,,,,,,,,False,,,,700,1200,False,False,original_kept,original_kept,,missing,,missing,classical architecture,39.0
141,Cattedrale di Maria Santissima delle Vittorie,Piazza Armerina,it,37.38480567,14.36427847,1400,1719,420.0,900–1099,,,,True,True,,,,,,,,,0,0,0,0,,,,baroque architecture,wikidata_p149,,1600.0,,inizio costruzione,,1400.0,,1719.0,False,1400.0,1719.0,earliest:risale al xv secolo ed è quello di una precedente chiesa  | earliest:risale al xv secolo ed è quello di una precedente chiesa  | current_end:completata nel 1719 ,1080,1500,True,True,wikipedia_final_replaced,wikipedia_final_replaced,,missing,,missing,baroque architecture (c. 1600–1750),721.0
142,Cattedrale di Santa Maria Assunta,Novara,it,45.44566096,8.619879249,1400,1869,970.0,700–899,,,,True,True,,,,,,,,,0,0,0,0,,,,Neoclassical architecture,wikidata_p149,,1857.0,1869.0,inizio costruzione,completamento,1400.0,,,False,1400.0,1869.0,earliest:risale alla fine del xv secolo ed è composto da un quadriportico con eleganti archi ogivali,350,1320,True,True,wikipedia_final_replaced,wikipedia_final_replaced,,missing,,missing,Neoclassical architecture (c. 1750–1850),166.0
143,Cattedrale di San Vigilio,Trento,it,46.06691042,11.12154559,1212,1687,821.0,700–899,,,,True,True,,,,,,,,,0,0,0,0,,,,Romanesque architecture,wikidata_p149,,1212.0,,inizio costruzione,,,,1687.0,False,1212.0,1687.0,current_end:ultimata nel 1687 | current_end:completata nel 1515,500,1321,True,True,wikipedia_final_replaced,wikipedia_final_replaced,,missing,,missing,Romanesque architecture (c. 1000–1200),203.0
144,Cathédrale Notre-Dame,Amiens,fr,49.89458592,2.302071201,1220,1499,279.0,1100–1299,7215.0,42.0,303030.0,True,True,3.0,False,True,False,False,False,1019.0,1218.0,0,0,0,0,1019;1107;1218,"st peter (700), st paul (700), mary (1019)","fire (1019), fire (1107), fire (1218)","Gothic architecture, classic gothic",wikidata_p149,,,,,,,,,False,,,,1220,1499,False,False,original_kept,original_kept,112.7,original_kept,115.0,original_kept,"Gothic architecture (c. 1140–1600), classic gothic (c. 1140–1600)",42.0
145,Cattedrale di San Bartolomeo,Patti,it,38.13817308,14.96401396,1094,1094,12.0,900–1099,,,,True,True,,,,,,,,,0,0,0,0,,,,,missing,,1094.0,,inizio costruzione,,1094.0,,,False,1094.0,,earliest:risale al 1094 per volontà del conte ruggero del casato d' altavilla  | earliest:risale al 1094 per volontà del conte ruggero del casato d' altavilla ,1082,1094,True,False,wikipedia_final_replaced,original_kept,,missing,,missing,,135.0
146,Duomo vecchio,Brescia,it,45.5382136,10.22172832,900,1200,599.0,700–899,,,,True,True,,,,,,,,,0,0,0,0,,,,Romanesque architecture,wikidata_p149,,900.0,,inizio costruzione,,1572.0,,,False,900.0,,earliest:risale al 1572 e | earliest:risale al 1572 e,601,1200,True,False,wikipedia_final_replaced,original_kept,,missing,,missing,Romanesque architecture (c. 1000–1200),164.0
147,Chiesa di Santa Maria Maggiore e San Leoluca,Vibo Valentia,it,38.6773114,16.10704695,800,1723,923.0,700–899,,,,True,True,,,,,,,,,0,0,0,0,,,,baroque architecture,wikidata_p149,,1680.0,1723.0,inizio costruzione,completamento,,800.0,,True,800.0,1723.0,current_start:l'attuale chiesa principale di vibo valentia sorge dove esisteva anticamente una cattedrale bizantina probabilmente del ix secolo  | current_start:attuale chiesa principale di vibo valentia sorge dove esisteva anticamente una cattedrale bizantina probabilmente del ix secolo ,800,1723,False,False,original_kept,original_kept,,missing,,missing,baroque architecture (c. 1600–1750),485.0
148,Cathédrale Saint-Jean,Besancon,fr,47.23368199,6.030399791,700,1250,550.0,700–899,,,,True,True,1.0,False,True,False,False,False,1212.0,1212.0,1,0,1,0,1212,st john apostle (700),partly damaged by fire (1212),Romanesque architecture,wikidata_p149,,,,,,,,,False,,,,700,1250,False,False,original_kept,original_kept,,missing,,missing,Romanesque architecture (c. 1000–1200),260.0
149,Cattedrale di San Pietro,Bologna,it,44.49573761,11.34339695,910,1800,278.0,900–1099,,,,True,True,2.0,False,True,True,False,False,1122.0,1141.0,2,0,1,1,1122;1141,,,Baroque,wikidata_p149,,910.0,1800.0,inizio costruzione,completamento,,,,False,910.0,1800.0,,906,1184,True,True,wikipedia_final_replaced,wikipedia_final_replaced,,missing,,missing,Baroque (c. 1600–1750),73.0
150,Cathédrale Saint-Étienne,Metz,fr,49.12021609,6.175645601,1200,1359,159.0,1100–1299,4950.0,42.0,207900.0,True,True,,,,,,,,,0,0,0,0,,st stephen (700),no (N/A),"Gothic Revival, classic gothic",wikidata_p149,,,,,,,,,False,,,,1200,1359,False,False,original_kept,original_kept,88.0,original_kept,,original_kept,"Gothic Revival (c. 1140–1600), classic gothic (c. 1140–1600)",193.0
151,Cattedrale di Santo Stefano e Santa Maria Assunta,Pavia,it,45.1846025,9.153372093,1400,1933,985.0,900–1099,,,,True,True,,,,,,,,,0,0,0,0,,,,Renaissance architecture,wikidata_p149,,1488.0,1933.0,inizio costruzione,completamento,1400.0,,1676.0,False,1400.0,1933.0,earliest:risale al xv secolo  | earliest:risale al xv secolo  | current_end:completata nel 1676),900,1885,True,True,wikipedia_final_replaced,wikipedia_final_replaced,,missing,,missing,Renaissance architecture (c. 1400–1600),88.0
152,Domkerk,Utrecht,nl,52.09085531,5.122413459,1254,1517,263.0,1100–1299,4000.0,32.0,128000.0,True,True,3.0,True,True,False,False,False,857.0,1253.0,0,0,0,0,857;1017;1253,st martin (700),"vikings (857), fire (1017), fire (1253)",Gothic architecture,wikidata_p149,,,,,,,,,False,,,,1254,1517,False,False,original_kept,original_kept,112.3,original_kept,,original_kept,Gothic architecture (c. 1140–1600),15.0
153,Cathédrale Notre-Dame,Grenoble,fr,45.19260608,5.732080174,1000,1500,500.0,900–1099,,,,True,True,,,,,,,,,0,0,0,0,,mary (1000),no (N/A),Romanesque architecture,wikidata_p149,,,,,,,,,False,,,,1000,1500,False,False,original_kept,original_kept,,missing,,missing,Romanesque architecture (c. 1000–1200),223.0
154,Cattedrale di San Giorgio Martire,Ferrara,it,44.83558892,11.62031499,1135,1700,380.0,1100–1299,,,,True,True,,,,,,,,,0,0,0,0,,,,Romanesque architecture,wikidata_p149,,1135.0,1700.0,inizio costruzione,completamento,,,,False,1135.0,1700.0,,1113,1493,True,True,wikipedia_final_replaced,wikipedia_final_replaced,,missing,,missing,Romanesque architecture (c. 1000–1200),17.0
155,Basilica Cattedrale del Santissimo Salvatore,Mazzara (Mazara del Vallo),it,37.65112346,12.59044858,1086,1093,7.0,900–1099,,,,True,True,,,,,,,,,0,0,0,0,,,,Sicilian Baroque,wikidata_p149,,1086.0,1093.0,inizio costruzione,completamento,,,,False,1086.0,1093.0,,1086,1093,False,False,original_kept,original_kept,,missing,,missing,Sicilian Baroque (c. 1600–1750),14.0
156,Cathédrale Saint-Vincent,St Malo (Saint-Malo),fr,48.64948738,-2.025576664,800,1631,831.0,700–899,,,,True,True,,,,,,,,,0,0,0,0,,st vincent (800),no (N/A),"Romanesque architecture, eclectic architecture",wikidata_p149,,,,,,,,,False,,,,800,1631,False,False,original_kept,original_kept,,missing,,missing,"Romanesque architecture (c. 1000–1200), eclectic architecture",26.0
157,Cathédrale Saint-Étienne,Toulouse,fr,43.59989147,1.450485947,1120,1600,480.0,1100–1299,4530.0,28.0,126840.0,True,True,,,,,,,,,0,0,0,0,,st stephen (1071),no (N/A),"Romanesque architecture, Gothic architecture, Meridional Gothic",wikidata_p149,,,,,,,,,False,,,,1120,1600,False,False,original_kept,original_kept,,original_kept,,original_kept,"Romanesque architecture (c. 1000–1200), Gothic architecture (c. 1140–1600), Meridional Gothic (c. 1140–1600)",152.0
158,Cathédrale Saint-Étienne,Toulouse,fr,43.59989147,1.450485947,1071,1100,29.0,900–1099,1600.0,20.0,32000.0,True,True,,,,,,,,,0,0,0,0,,st stephen (1071),no (N/A),,missing,,,,,,,,,False,,,,1071,1100,False,False,original_kept,original_kept,,original_kept,,original_kept,,152.0
159,Cathédrale Notre-Dame,Strasbourg (Strassburg),fr,48.58184001,7.750923358,1176,1439,263.0,1100–1299,5986.050552,31.0,185567.567112,True,True,,,,,,,,,0,0,0,0,,,,"Gothic architecture, Romanesque architecture",wikidata_p149,,,,,,,,,False,,,,1176,1439,False,False,original_kept,original_kept,142.0,original_kept,,original_kept,"Gothic architecture (c. 1140–1600), Romanesque architecture (c. 1000–1200)",152.0
160,Cattedrale di San Lorenzo,Genova,it,44.4076216,8.931460515,1098,1400,1000.0,700–899,,,,True,True,1.0,False,True,False,False,False,1296.0,1296.0,1,0,1,0,1296,,,"Gothic architecture, Romanesque architecture",wikidata_p149,,1098.0,1400.0,inizio costruzione,completamento,1391.0,,1700.0,False,1098.0,1400.0,earliest:risale al 1391  | earliest:risale al 1391  | current_end:completata nel xvii secolo con una profusione di marmi,500,1500,True,True,wikipedia_final_replaced,wikipedia_final_replaced,,missing,,missing,"Gothic architecture (c. 1140–1600), Romanesque architecture (c. 1000–1200)",36.0
161,Durham Cathedral,Durham,uk,54.77327372,-1.576696345,1093,2017,242.0,900–1099,,66.0,,True,True,,,,,,,,,0,0,0,0,,"mary (998), st cuthbert (998)",no (N/A),Norman architecture,wikidata_p149,,1093.0,,years built,,1100.0,,2017.0,False,1093.0,2017.0,earliest:built in the île-de-france region in the 12th century is not obvious) | current_end:completed by 1096 | current_end:dedicated in 2004 | current_end:dedicated in 2017,998,1240,True,True,wikipedia_final_replaced,wikipedia_final_replaced,66.0,wikidata_p2048_filled_missing,,missing,Norman architecture (c. 1066–1200),70.0
162,Cattedrale di San Lorenzo,Alba,it,44.70073491,8.03662175,1400,1900,1017.0,700–899,,,,True,True,,,,,,,,,0,0,0,0,,,,Romanesque architecture,wikidata_p149,,1400.0,1900.0,inizio costruzione,completamento,,1486.0,,True,1400.0,1900.0,current_start:l'attuale cattedrale di san lorenzo fu costruita tra il 1486 e il 1517 per volere del vescovo di alba andrea novelli  | current_start:attuale cattedrale di san lorenzo fu costruita tra il 1486 e il 1517 per volere del vescovo di alba andrea novelli ,500,1517,True,True,wikipedia_final_replaced,wikipedia_final_replaced,,missing,,missing,Romanesque architecture (c. 1000–1200),177.0
163,Hereford Cathedral,Hereford,uk,52.05428849,-2.71603231,1079,1400,700.0,700–899,,,,True,True,1.0,True,False,False,False,False,1056.0,1056.0,1,1,0,0,1056,"mary (700), st ethelbert (700)",pludered (1056),Gothic architecture,wikidata_p149,,1079.0,,years built,,1200.0,,,False,1079.0,,earliest:dates back to the 13th century,700,1400,True,False,wikipedia_final_replaced,original_kept,,missing,,missing,Gothic architecture (c. 1140–1600),62.0
164,Basilica di San Giovanni in Laterano,Roma,it,41.8854806,12.50566819,300,1735,920.0,700–899,,,,True,True,,,,,,,,,0,0,0,0,,,,"Neoclassical architecture, baroque architecture",wikidata_p149,"cement, granite, marble",300.0,1735.0,inizio costruzione,completamento,,,1734.0,False,300.0,1735.0,current_end:completata nel 1734 rimuovendo completamente le vestigia del tradizionale impianto dell'antica basilica,400,1320,True,True,wikipedia_final_replaced,wikipedia_final_replaced,,missing,,missing,"Neoclassical architecture (c. 1750–1850), baroque architecture (c. 1600–1750)",62.0
165,Cattedrale di San Donato,Mondovi (Mondovì),it,44.38970769,7.829299329,1100,1753,100.0,1100–1299,,,,True,True,,,,,,,,,0,0,0,0,,,,baroque architecture,wikidata_p149,,1743.0,1753.0,inizio costruzione,completamento,1100.0,,,False,1100.0,1753.0,earliest:la prima cattedrale fu la pieve di san donato ( xii secolo ),1100,1200,False,True,original_kept,wikipedia_final_replaced,,missing,,missing,baroque architecture (c. 1600–1750),531.0
166,Cattedrale dei Santi Stefano ed Agata,Capua,it,41.10909344,14.21074408,500,1500,1000.0,700–899,,,,True,True,,,,,,,,,0,0,0,0,,,,,missing,,,,,,,,,False,,,,500,1500,False,False,original_kept,original_kept,,missing,,missing,,31.0
167,San Giustino,Chieti,it,42.3513855,14.166842,900,1936,569.0,700–899,,,,True,True,,,,,,,,,0,0,0,0,,,,Romanesque architecture,wikidata_p149,,900.0,1936.0,inizio costruzione,completamento,1738.0,1930.0,,True,900.0,1936.0,earliest:risale al 1738  | earliest:risale al 1759  | earliest:risale al 1738  | earliest:risale al 1759  | current_start:ricostruita in stile dall'architetto guido cirilli sono negli anni 1930 [ 12 ] per volere del monsignor giuseppe venturi [ 13 ] ,500,1069,True,True,wikipedia_final_replaced,wikipedia_final_replaced,,missing,,missing,Romanesque architecture (c. 1000–1200),339.0
168,Cattedrale di San Giusto,Trieste,it,45.64653754,13.77249589,1302,1320,920.0,700–899,,,,True,True,,,,,,,,,0,0,0,0,,,,Romanesque architecture,wikidata_p149,,1302.0,1320.0,inizio costruzione,completamento,,,,False,1302.0,1320.0,,400,1320,True,False,wikipedia_final_replaced,original_kept,,missing,,missing,Romanesque architecture (c. 1000–1200),63.0
169,Duomo Cattedrale Santa Maria Maggiore,Udine,it,46.06251167,13.2372618,1236,1600,184.0,1100–1299,,,,True,True,1.0,False,False,True,False,False,1348.0,1348.0,1,0,0,1,1348,,,Romanesque architecture,wikidata_p149,,1236.0,1600.0,inizio costruzione,completamento,,,,False,1236.0,1600.0,,1236,1420,False,True,original_kept,wikipedia_final_replaced,,missing,,missing,Romanesque architecture (c. 1000–1200),122.0
170,Cathédrale Saint-Louis,Blois,fr,47.58847443,1.336467039,1100,1200,100.0,1100–1299,,,,True,True,,,,,,,,,0,0,0,0,,"st solenne (1100), st louis (1544)",no (N/A),Gothic architecture,wikidata_p149,,,,,,,,,False,,,,1100,1200,False,False,original_kept,original_kept,,missing,,missing,Gothic architecture (c. 1140–1600),103.0
171,Santi Giovanni e Reparata,Lucca,it,43.84114343,10.50458548,1100,1200,400.0,700–899,,,,True,True,,,,,,,,,0,0,0,0,,,,,missing,,,,,,,1100.0,,True,1100.0,,"current_start:l'attuale basilica , che nel xii secolo si sostituì al vecchio impianto | current_start:attuale basilica , che nel xii secolo si sostituì al vecchio impianto",800,1200,True,False,wikipedia_final_replaced,original_kept,,missing,,missing,,20.0
172,St Paul's Cathedral,London,uk,51.51377375,-0.098479049764056,100,1710,614.0,700–899,,111.0,,True,True,1.0,False,True,False,False,False,1087.0,1087.0,1,0,1,0,1087,st paul (700),fire (1087),English Baroque,wikidata_p149,Portland limestone,1675.0,1710.0,groundbreaking,completed,100.0,,2005.0,False,100.0,1710.0,earliest:was founded in the second century under the legendary king lucius and his missionary saints fagan  | earliest:founded in the second century under the legendary king lucius and his missionary saints fagan  | current_end:completed in 1710 | current_end:completed in 1958 | current_end:completed in 1967 and the building of a new choir school building in 1967 | current_end:completed in 1872 | current_end:completed in 1710 | current_end:completed in 2005 | current_end:finished in 1710 have included the funerals of admiral lord nelson  | current_end:consecrated in 1300 but was not complete until 1314 | current_end:dedicated in 1958 as the american memorial chapel,700,1314,True,True,wikipedia_final_replaced,wikipedia_final_replaced,111.0,wikidata_p2048_filled_missing,,missing,English Baroque (c. 1600–1750),34.0
173,Cattedrale di San Rufino,Assisi,it,43.07039437,12.61780313,1100,1571,553.0,700–899,,,,True,True,,,,,,,,,0,0,0,0,,,,Romanesque architecture,wikidata_p149,,1140.0,1571.0,inizio costruzione,completamento,1100.0,,,False,1100.0,1571.0,earliest:risale al xii secolo | earliest:risale al rinnovo del 1571 ad opera di galeazzo alessi  | earliest:risale al xii secolo | earliest:risale alla fine del xiii secolo ed è composta da una coronazione triangolare a capanna con all'interno un arco gotico | earliest:risale al rinnovo del 1571 ad opera di galeazzo alessi ,700,1253,True,True,wikipedia_final_replaced,wikipedia_final_replaced,,missing,,missing,Romanesque architecture (c. 1000–1200),429.0
174,San Lorenzo,Viterbo,it,42.41525556,12.10093451,1100,1600,381.0,700–899,,,,True,True,,,,,,,,,0,0,0,0,,,,Romanesque architecture,wikidata_p149,,1100.0,1600.0,inizio costruzione,completamento,,1266.0,,True,1100.0,1600.0,current_start:ricostruita nel 1266 con l'erezione di viterbo a sede papale,800,1181,True,True,wikipedia_final_replaced,wikipedia_final_replaced,,missing,,missing,Romanesque architecture (c. 1000–1200),330.0
175,Duomo di San Cataldo,Taranto,it,40.47605638,17.22859257,900,1300,340.0,900–1099,,,,True,True,,,,,,,,,0,0,0,0,,,,Romanesque architecture,wikidata_p149,,900.0,,inizio costruzione,,,,,False,900.0,,,960,1300,True,False,wikipedia_final_replaced,original_kept,,missing,,missing,Romanesque architecture (c. 1000–1200),16.0
176,Duomo,Mantua,it,45.1608325,10.79755988,1300,1761,801.0,700–899,,,,True,True,,,,,,,,,0,0,0,0,,,,Mannerist architecture,wikidata_p149,,1300.0,1761.0,inizio costruzione,completamento,,,,False,1300.0,1761.0,,600,1401,True,True,wikipedia_final_replaced,wikipedia_final_replaced,,missing,,missing,Mannerist architecture,27.0
177,Cathédrale Saint-Étienne,Cahors,fr,44.44729842,1.442987556,700,1320,620.0,700–899,,,,True,True,,,,,,,,,0,0,0,0,,st stephen (700),no (N/A),Romanesque architecture,wikidata_p149,,,,,,,,,False,,,,700,1320,False,False,original_kept,original_kept,,missing,,missing,Romanesque architecture (c. 1000–1200),133.0
178,Llandaff Cathedral,Cardiff,uk,51.49574639,-3.217849141,1120,1843,300.0,900–1099,,,,True,True,1.0,True,False,False,False,False,1400.0,1400.0,0,0,0,0,1400,"st peter (900), st paul (900)",damage during rebellion (1400),Gothic architecture,wikidata_p149,| parish =,1120.0,,founded,,1200.0,,1843.0,False,1120.0,1843.0,earliest:dates to the mid 13th century [ 99 ] and is made from chipping campden and bath limestone | current_end:completed by local architect john prichard between 1843 and 1869,900,1200,True,True,wikipedia_final_replaced,wikipedia_final_replaced,,missing,,missing,Gothic architecture (c. 1140–1600),28.0
179,Catedrale,Caltabellotta,it,37.5789709,13.21913279,1090,1110,20.0,900–1099,,,,True,True,,,,,,,,,0,0,0,0,,,,,missing,,,,,,,,,False,,,,1090,1110,False,False,original_kept,original_kept,,missing,,missing,,821.0
180,Cathédrale de la Nativité de Notre-Dame,Noyon,fr,49.5821649,3.000727581,1145,1295,150.0,1100–1299,5898.0,23.0,135654.0,True,True,2.0,True,True,False,False,False,859.0,1131.0,0,0,0,0,859;1131,mary (700),"vikings (859), fire (1131)",Early Gothic architecture,wikidata_p149,,,,,,,,,False,,,,1145,1295,False,False,original_kept,original_kept,,original_kept,,original_kept,Early Gothic architecture (c. 1140–1200),56.0
181,Cathédrale Notre-Dame et Saint-Castor,Nimes (Nîmes),fr,43.83834723,4.360420553,700,1096,396.0,700–899,,,,True,True,,,,,,,,,0,0,0,0,,"mary (700), st castor (700)",no (N/A),classical architecture,wikidata_p149,,,,,,,,,False,,,,700,1096,False,False,original_kept,original_kept,,missing,,missing,classical architecture,52.0
182,Cathédrale Saint-Pierre,"Geneve (Geneva, Genf)",ch,46.20110486,6.148508233,600,1225,625.0,700–899,,,,True,True,1.0,False,True,False,False,False,1350.0,1350.0,0,0,0,0,1350,st peter (600),damaged by fires (14th c.),"Romanesque architecture, Neoclassical architecture, Gothic architecture",wikidata_p149,,,,,,,,,False,,,,600,1225,False,False,original_kept,original_kept,,missing,,missing,"Romanesque architecture (c. 1000–1200), Neoclassical architecture (c. 1750–1850), Gothic architecture (c. 1140–1600)",406.0
183,Cattedrale di Santa Maria Assunta,Acerra,it,40.94336863,14.3727919,800,1874,500.0,700–899,,,,True,True,,,,,,,,,0,0,0,0,,,,Neoclassical architecture,wikidata_p149,,,1874.0,,completamento,,,,False,,1874.0,,800,1300,False,True,original_kept,wikipedia_final_replaced,,missing,,missing,Neoclassical architecture (c. 1750–1850),32.0
184,Duomo di lecce,Lecce,it,40.351667,18.169444,1100,1689,56.0,1100–1299,,,,True,True,,,,,,,,,0,0,0,0,,,,barocco leccese,wikidata_p149,,1100.0,1689.0,inizio costruzione,completamento,,,,False,1100.0,1689.0,,1194,1250,True,True,wikipedia_final_replaced,wikipedia_final_replaced,,missing,,missing,barocco leccese,59.0
185,Concattedrale di Santa Maria Assunta+,Matelica,it,43.25757302,13.00835795,1350,1500,100.0,1300–1500,,,,True,True,,,,,,,,,0,0,0,0,,,,Renaissance,wikidata_p149,,,1500.0,,completamento,,,,False,,1500.0,,1350,1450,False,True,original_kept,wikipedia_final_replaced,,missing,,missing,Renaissance (c. 1400–1600),357.0
186,Dom Sankt Peter,Regensburg,de,49.01947413,12.09831063,1200,1221,21.0,1100–1299,3306.282838,32.0,105801.050816,True,True,1.0,False,True,False,False,False,1273.0,1273.0,0,0,0,0,1273,st peter (700),fire (1273),Gothic architecture,wikidata_p149,,,,,,,,,False,,,,1200,1221,False,False,original_kept,original_kept,105.0,original_kept,,original_kept,Gothic architecture (c. 1140–1600),345.0
187,Cattedrale di Santa Maria Assunta,San Severo,it,41.68512626,15.38079197,1000,1800,20.0,1100–1299,,,,True,True,,,,,,,,,0,0,0,0,,,,baroque architecture,wikidata_p149,,1000.0,1800.0,inizio costruzione,completamento,,,,False,1000.0,1800.0,,1180,1200,True,True,wikipedia_final_replaced,wikipedia_final_replaced,,missing,,missing,baroque architecture (c. 1600–1750),89.0
188,Basilica cattedrale di Santa Maria Assunta,Lucera,it,41.50807175,15.335066,1302,1317,417.0,900–1099,,,,True,True,1.0,True,False,False,False,False,1250.0,1250.0,1,1,0,0,1250,,,Gothic architecture,wikidata_p149,,1302.0,1317.0,inizio costruzione,completamento,,,1302.0,False,1302.0,1317.0,current_end:consacrata nel 1302 ,900,1317,True,False,wikipedia_final_replaced,original_kept,,missing,,missing,Gothic architecture (c. 1140–1600),225.0
189,Cattedrale di Foggia,Foggia,it,41.4635073,15.54386126,1172,1223,134.0,900–1099,,,,True,True,,,,,,,,,0,0,0,0,,,,Romanesque architecture,wikidata_p149,,1172.0,,inizio costruzione,,,,,False,1172.0,,,1089,1223,True,False,wikipedia_final_replaced,original_kept,,missing,,missing,Romanesque architecture (c. 1000–1200),80.0
190,Cathédrale Saint-Pierre et Saint-Paul,Poitiers,fr,46.58033672,0.349359291642663,700,1379,679.0,700–899,,34.0,,True,True,1.0,False,True,False,False,False,1018.0,1018.0,1,0,1,0,1018,st peter (700),fire (1018),Gothic architecture,wikidata_p149,,,,,,,,,False,,,,700,1379,False,False,original_kept,original_kept,34.0,wikidata_p2048_filled_missing,,missing,Gothic architecture (c. 1140–1600),94.0
191,Cattedrale di Santa Maria Maggiore,Barletta,it,41.32050509,16.28621951,1126,1400,767.0,700–899,,,,True,True,1.0,True,False,False,False,False,862.0,862.0,1,1,0,0,862,,,Romanesque architecture,wikidata_p149,,1126.0,1400.0,inizio costruzione,completamento,,,,False,1126.0,1400.0,,500,1267,True,True,wikipedia_final_replaced,wikipedia_final_replaced,,missing,,missing,Romanesque architecture (c. 1000–1200),20.0
192,Cattedrale di San Nicola Pellegrino,Trani,it,41.28223537,16.41848388,1099,1143,785.0,700–899,,59.0,,True,True,,,,,,,,,0,0,0,0,,,,Romanesque architecture,wikidata_p149,calcium oxide,1099.0,,inizio costruzione,,,,1143.0,False,1099.0,1143.0,current_end:consacrata nel 1143 prima ancora del completamento,400,1185,True,True,wikipedia_final_replaced,wikipedia_final_replaced,59.0,wikidata_p2048_filled_missing,,missing,Romanesque architecture (c. 1000–1200),5.0
193,Concattedrale di Bitonto,Bitonto,it,41.10633022,16.68976575,1089,1300,514.0,700–899,,,,True,True,,,,,,,,,0,0,0,0,,,,Romanesque architecture,wikidata_p149,,1100.0,1300.0,inizio costruzione,completamento,1089.0,,,False,1089.0,1300.0,earliest:risale al 1089  | earliest:risale al 1089 ,600,1114,True,True,wikipedia_final_replaced,wikipedia_final_replaced,,missing,,missing,Romanesque architecture (c. 1000–1200),125.0
194,St.-Paulus-Dom,Muenster (Münster (Westfalen)),de,51.96306604,7.625786612,1225,1264,39.0,1100–1299,4331.349654,23.0,99621.042042,True,True,,,,,,,,,0,0,0,0,,"st ludger (800), st paulus (900)",no (N/A),Gothic architecture,wikidata_p149,,,,,,,,,False,,,,1225,1264,False,False,original_kept,original_kept,58.0,original_kept,,original_kept,Gothic architecture (c. 1140–1600),64.0
195,Cattedrale di Santa Maria Assunta,Conversano,it,40.96841224,17.1147544,1100,1379,873.0,700–899,,,,True,True,,,,,,,,,0,0,0,0,,,,Romanesque art in Apulia,wikidata_p149,,1100.0,1379.0,inizio costruzione,completamento,,,1926.0,False,1100.0,1379.0,current_end:completata nel 1926 quando la cattedrale venne riaperta al culto,500,1373,True,True,wikipedia_final_replaced,wikipedia_final_replaced,,missing,,missing,Romanesque art in Apulia (c. 1000–1200),222.0
196,Cattedrale Santa Maria Assunta,Altamura,it,40.82741421,16.55280039,1232,1254,88.0,1100–1299,,,,True,False,1.0,False,False,False,False,True,1316.0,1316.0,1,0,0,0,1316,,,Romanesque art in Apulia,wikidata_p149,,1232.0,1254.0,inizio costruzione,completamento,,,,False,1232.0,1254.0,,1232,1320,False,True,original_kept,wikipedia_final_replaced,,missing,,missing,Romanesque art in Apulia (c. 1000–1200),472.0
197,Cattedrale,Gravina (Gravina in Puglia),it,40.81744106,16.41356473,1000,1600,440.0,900–1099,,,,True,True,2.0,False,True,True,False,False,1447.0,1456.0,2,0,1,1,1447;1456,,,Romanesque architecture,wikidata_p149,,1000.0,1600.0,inizio costruzione,completamento,,1065.0,,True,1000.0,1600.0,current_start:l'attuale cattedrale fu costruita nel 1065 «come si ricava da antichi documenti di gravina e dalla iscrizione posta nel frontespizio alla fascia superiore | current_start:attuale cattedrale fu costruita nel 1065 «come si ricava da antichi documenti di gravina e dalla iscrizione posta nel frontespizio alla fascia superiore,1080,1520,True,True,wikipedia_final_replaced,wikipedia_final_replaced,,missing,,missing,Romanesque architecture (c. 1000–1200),352.0
198,Cathédrale Saint-Bénigne,Dijon,fr,47.32149274,5.03442645,700,1325,625.0,700–899,,,,True,True,,,,,,,,,0,0,0,0,,st benignus (700),no (N/A),Gothic architecture,wikidata_p149,,,,,,,,,False,,,,700,1325,False,False,original_kept,original_kept,,missing,,missing,Gothic architecture (c. 1140–1600),250.0
199,Cattedrale di Santa Maria Assunta,Chioggia,it,45.21691515,12.27725435,1624,1802,410.0,700–899,,,,True,True,,,,,,,,,0,0,0,0,,,,baroque architecture,wikidata_p149,brick,1624.0,1802.0,inizio costruzione,completamento,,,,False,1624.0,1802.0,,700,1110,True,True,wikipedia_final_replaced,wikipedia_final_replaced,,missing,,missing,baroque architecture (c. 1600–1750),3.0
200,Basilica cattedrale di Santa Maria Assunta,Nardo (Nardò),it,40.18000181,18.03045876,1000,1899,800.0,700–899,,,,True,True,,,,,,,,,0,0,0,0,,,,Romanesque architecture,wikidata_p149,,1000.0,1899.0,inizio costruzione,completamento,,,,False,1000.0,1899.0,,600,1400,True,True,wikipedia_final_replaced,wikipedia_final_replaced,,missing,,missing,Romanesque architecture (c. 1000–1200),45.0
201,Winchester Cathedral,Winchester,uk,51.06071794,-1.313285528,1079,2016,800.0,700–899,,,,True,True,,,,,,,,,0,0,0,0,,"st peter (700), st paul (700), st swithin (700)",no (N/A),Norman architecture,wikidata_p149,,1079.0,,groundbreaking,,1107.0,1107.0,2016.0,True,1079.0,2016.0,earliest:was founded in 1999 and is made up of 20 girls between the ages of 12 and 17 | earliest:built in the norman style following its collapse in 1107 | earliest:built in the perpendicular gothic style from 1458 to 1520 | current_start:rebuilt in the norman style following its collapse in 1107 | current_end:completed in 901 by his son edward the elder  | current_end:completed in may 2016 with the removal of the external scaffolding and the completion of the lead replacement | current_end:completed in 1532 | current_end:dedicated in 993,700,1500,True,True,wikipedia_final_replaced,wikipedia_final_replaced,,missing,,missing,Norman architecture (c. 1066–1200),42.0
202,Cattedrale di San Sabino,Bari,it,41.12853896,16.86907751,1100,1292,792.0,700–899,,,,True,True,1.0,False,False,False,False,True,1156.0,1156.0,1,0,0,0,1156,,,Romanesque art in Apulia,wikidata_p149,,1100.0,1292.0,inizio costruzione,completamento,,,,False,1100.0,1292.0,,500,1292,True,False,wikipedia_final_replaced,original_kept,,missing,,missing,Romanesque art in Apulia (c. 1000–1200),13.0
203,San Settimio,Iesi,it,43.52489589,13.24632916,1741,1889,580.0,900–1099,,,,True,True,,,,,,,,,0,0,0,0,,,,baroque architecture,wikidata_p149,,1741.0,1889.0,inizio costruzione,completamento,,,1889.0,False,1741.0,1889.0,current_end:completata nel 1238 [ 3 ]  | current_end:completata nel 1889 ,900,1480,True,True,wikipedia_final_replaced,wikipedia_final_replaced,,missing,,missing,baroque architecture (c. 1600–1750),80.0
204,Cattedrale di Santa Maria Assunta,Acqui Terme,it,44.67416919,8.471231738,1000,1900,470.0,900–1099,,,,True,True,,,,,,,,,0,0,0,0,,,,Romanesque architecture,wikidata_p149,,1000.0,1900.0,inizio costruzione,completamento,,,,False,1000.0,1900.0,,1020,1490,True,True,wikipedia_final_replaced,wikipedia_final_replaced,,missing,,missing,Romanesque architecture (c. 1000–1200),181.0
205,Duomo,Brindisi,it,40.64036413,17.94568312,1100,1143,93.0,900–1099,,,,True,True,,,,,,,,,0,0,0,0,,,,Romanesque art in Apulia,wikidata_p149,,1100.0,,inizio costruzione,,,,1143.0,False,1100.0,1143.0,current_end:completata nel 1143 ,1050,1143,True,False,wikipedia_final_replaced,original_kept,,missing,,missing,Romanesque art in Apulia (c. 1000–1200),17.0
206,Basilica Cattedrale di Santa Maria Assunta,Volterra,it,43.40177778,10.85900506,800,1800,320.0,700–899,,,,True,True,1.0,False,False,True,False,False,1117.0,1117.0,1,0,0,1,1117,,,Romanesque architecture,wikidata_p149,,1100.0,1800.0,inizio costruzione,completamento,800.0,,,False,800.0,1800.0,earliest:la prima cattedrale cittadina; in ogni caso a partire dal ix secolo esisteva una chiesa dedicata a santa maria ,800,1120,False,True,original_kept,wikipedia_final_replaced,,missing,,missing,Romanesque architecture (c. 1000–1200),534.0
207,Duomo di Cefalù,Cefalu (Cefalù),it,38.03984099,14.02356728,1131,1148,136.0,1100–1299,13939.999999999998,,,True,True,,,,,,,,,0,0,0,0,,,,Byzantine architecture,wikidata_p149,,1131.0,1148.0,inizio costruzione,completamento,,,,False,1131.0,1148.0,,1131,1267,False,True,original_kept,wikipedia_final_replaced,,missing,13939.999999999998,wikidata_p2046_filled_missing,Byzantine architecture (c. 330–1453),18.0
208,Cattedrale S Giorgio Martire,Caccamo,it,37.93090355,13.66047244,1616,1480,390.0,900–1099,,,,True,True,,,,,,,,,0,0,0,0,,,,Renaissance architecture,wikidata_p149,,1616.0,,inizio costruzione,,,,,False,1616.0,,,1090,1480,True,False,wikipedia_final_replaced,original_kept,,missing,,missing,Renaissance architecture (c. 1400–1600),448.0
209,Cattedrale di Santo Stefano,Biella,it,45.56609355,8.053756768,1402,1900,803.0,900–1099,,,,True,True,,,,,,,,,0,0,0,0,,,,Gothic Revival,wikidata_p149,brick,1402.0,1900.0,inizio costruzione,completamento,,,,False,1402.0,1900.0,,1000,1803,True,True,wikipedia_final_replaced,wikipedia_final_replaced,,missing,,missing,Gothic Revival (c. 1140–1600),428.0
210,Cattedrale di Sant'Emidio,Ascoli Piceno,it,42.85352207,13.5787555,400,1539,829.0,700–899,,,,True,True,,,,,,,,,0,0,0,0,,,,"Renaissance architecture, Romanesque architecture",wikidata_p149,,400.0,1539.0,inizio costruzione,completamento,1485.0,1592.0,,True,400.0,1539.0,earliest:risale al 1485  | earliest:risale al 1485  | current_start:ricostruita nel 1592 sul disegno dell'ascolano silvestro galeotti,750,1579,True,True,wikipedia_final_replaced,wikipedia_final_replaced,,missing,,missing,"Renaissance architecture (c. 1400–1600), Romanesque architecture (c. 1000–1200)",156.0
211,Ely Cathedral,Ely,uk,52.39867229,0.263710280841286,672,1500,800.0,700–899,,,,True,True,1.0,True,False,False,False,False,900.0,900.0,1,1,0,0,900,"st etheldreda (700), st peter (700)",vikings (900),"English Gothic architecture, Norman architecture, Romanesque architecture",wikidata_p149,,1083.0,,years built,,672.0,,,False,672.0,,earliest:was founded in 672,700,1500,True,False,wikipedia_final_replaced,original_kept,,missing,,missing,"English Gothic architecture (c. 1180–1520), Norman architecture (c. 1066–1200), Romanesque architecture (c. 1000–1200)",30.0
212,Cattedrale di Santa Maria del Fiore,Firenze,it,43.77312816,11.25662729,1296,1471,1031.0,700–899,8600.0,114.5,984700.0,True,True,,,,,,,,,0,0,0,0,,,,"Italian Gothic architecture, Renaissance architecture",wikidata_p149,"brick, marble",1296.0,1471.0,inizio costruzione,completamento,1477.0,,1442.0,False,1296.0,1471.0,earliest:risale al 1477 | earliest:risale al 1477 | current_end:completata nel 1442),405,1436,True,True,wikipedia_final_replaced,wikipedia_final_replaced,114.5,wikidata_p2048_filled_missing,8600.0,wikidata_p2046_filled_missing,"Italian Gothic architecture (c. 1140–1600), Renaissance architecture (c. 1400–1600)",63.0
213,Chiesa di San Siro,Genova,it,44.41159665,8.930194071,500,1700,850.0,700–899,,,,True,True,,,,,,,,,0,0,0,0,,,,baroque architecture,wikidata_p149,,500.0,1700.0,inizio costruzione,completamento,,,,False,500.0,1700.0,,300,1150,True,True,wikipedia_final_replaced,wikipedia_final_replaced,,missing,,missing,baroque architecture (c. 1600–1750),31.0
214,Duomo San Giuliano,Macerata,it,43.30081049,13.45690283,1771,1790,5.0,1300–1500,,,,True,True,,,,,,,,,0,0,0,0,,,,Neoclassicism,wikidata_p149,,1771.0,1790.0,inizio costruzione,completamento,,,,False,1771.0,1790.0,,1459,1464,True,True,wikipedia_final_replaced,wikipedia_final_replaced,,missing,,missing,Neoclassicism,294.0
215,Duomo di Orvieto,Orvieto,it,42.71700824,12.11363324,1290,1591,317.0,1100–1299,,,,True,True,,,,,,,,,0,0,0,0,,,,"Gothic architecture, Italian Gothic architecture",wikidata_p149,,1290.0,1591.0,inizio costruzione,completamento,1300.0,,,False,1290.0,1591.0,earliest:risale al xiii e xiv secolo ed è a pianta basilicale  | earliest:risale al 1961 | earliest:risale al xiii e xiv secolo ed è a pianta basilicale  | earliest:risale al 1961,1290,1607,False,True,original_kept,wikipedia_final_replaced,,missing,,missing,"Gothic architecture (c. 1140–1600), Italian Gothic architecture (c. 1140–1600)",320.0
216,Dom St. Peter und Paul,Brandenburg (Brandenburg an der Havel),de,52.41524916,12.56743776,1170,1370,200.0,1100–1299,,,,True,True,,,,,,,,,0,0,0,0,,"st peter (1100), st paul (1100)",no (N/A),Romanesque architecture,wikidata_p149,,,,,,,,,False,,,,1170,1370,False,False,original_kept,original_kept,,missing,,missing,Romanesque architecture (c. 1000–1200),36.0
217,Cattedrale Natività di Maria Santissima,Siracusa (Sirkusa),it,37.05959415,15.29380763,1444,1753,420.0,700–899,,,,True,True,,,,,,,,,0,0,0,0,,,,baroque architecture,wikidata_p149,,1753.0,,inizio costruzione,,1444.0,1910.0,1753.0,True,1444.0,1753.0,earliest:risale al xv secolo e nel 1518 la navata centrale fu coperta con il soffitto ligneo tuttora conservato | earliest:risale al 1528  | earliest:risale al 1444 ) | earliest:risale al 1885 ed è caratterizzata da marmo bianco e nero che vanno a formare una figura di scacchiera | earliest:risale al xv secolo e nel 1518 la navata centrale fu coperta con il soffitto ligneo tuttora conservato | earliest:risale al 1528  | earliest:risale al 1444 ) | earliest:risale al 1885 ed è caratterizzata da marmo bianco e nero che vanno a formare una figura di scacchiera | current_start:ricostruita nel 1910  | current_end:completata nel 1753,700,1120,True,True,wikipedia_final_replaced,wikipedia_final_replaced,,missing,,missing,baroque architecture (c. 1600–1750),31.0
218,Ex cattedrale di Maria Santissima Assunta,Troina,it,37.78550122,14.60151307,1067,1078,30.0,900–1099,,,,True,True,,,,,,,,,0,0,0,0,,,,Norman architecture,wikidata_p149,,1067.0,1078.0,inizio costruzione,completamento,,,,False,1067.0,1078.0,,1060,1090,True,True,wikipedia_final_replaced,wikipedia_final_replaced,,missing,,missing,Norman architecture (c. 1066–1200),1064.0
219,Cathédrale Saint-Pierre,Angouleme (Angoulême),fr,45.64899906,0.151639766,700,1128,428.0,700–899,,,,True,True,,,,,,,,,0,0,0,0,,st peter (700),no (N/A),Romanesque architecture,wikidata_p149,,,,,,,,,False,,,,700,1128,False,False,original_kept,original_kept,,missing,,missing,Romanesque architecture (c. 1000–1200),95.0
220,Duomo di Aversa,Aversa,it,40.97659757,14.20320264,1053,1090,647.0,900–1099,,,,True,False,2.0,False,False,True,False,True,1349.0,1456.0,2,0,0,1,1349;1456,,,Romanesque architecture,wikidata_p149,,1053.0,1090.0,inizio costruzione,completamento,,,,False,1053.0,1090.0,,1053,1700,False,True,original_kept,wikipedia_final_replaced,,missing,,missing,Romanesque architecture (c. 1000–1200),47.0
221,Kölner Dom,"Koeln (Köln, Cologne)",de,50.94133376,6.958121825,1248,1480,232.0,1100–1299,6000.0,43.0,258000.0,True,True,1.0,False,True,False,False,False,1248.0,1248.0,1,0,1,0,1248,st peter (700),fire (1248),Gothic architecture,wikidata_p149,,,,,,,,,False,,,,1248,1480,False,False,original_kept,original_kept,157.0,original_kept,,original_kept,Gothic architecture (c. 1140–1600),61.0
222,Cattedrale di Sant'Ambrogio,Vigevano,it,45.31694821,8.859273834,900,1606,50.0,900–1099,,,,True,True,,,,,,,,,0,0,0,0,,,,Mannerist architecture,wikidata_p149,,,1606.0,,completamento,,,,False,,1606.0,,900,950,False,True,original_kept,wikipedia_final_replaced,,missing,,missing,Mannerist architecture,110.0
223,Cathédrale Notre-Dame-de-l'Assomption,Rodez,fr,44.35077143,2.574158702,1277,1542,265.0,1100–1299,4321.0,30.0,129630.0,True,True,1.0,True,False,False,False,False,725.0,725.0,0,0,0,0,725,mary (700),saracens (725),"Gothic architecture, Renaissance architecture",wikidata_p149,,,,,,,,,False,,,,1277,1542,False,False,original_kept,original_kept,,original_kept,,original_kept,"Gothic architecture (c. 1140–1600), Renaissance architecture (c. 1400–1600)",644.0
224,Duomo,Piacenza,it,45.0501248,9.697831376,1122,1233,110.0,1100–1299,3600.0,32.0,115200.0,True,True,1.0,False,False,True,False,False,1117.0,1117.0,0,0,0,0,1117,,,Romanesque architecture,wikidata_p149,,1122.0,1233.0,inizio costruzione,completamento,,,1333.0,False,1122.0,1233.0,current_end:ultimata nel 1333,1123,1233,True,False,wikipedia_final_replaced,original_kept,,original_kept,,original_kept,Romanesque architecture (c. 1000–1200),64.0
225,Santa Maria Assunta,Fano,it,43.8434485,13.01563031,1100,2000,340.0,700–899,,,,True,True,1.0,False,True,False,False,False,1124.0,1124.0,1,0,1,0,1124,,,Romanesque architecture,wikidata_p149,,1100.0,2000.0,inizio costruzione,completamento,,1100.0,,True,1100.0,2000.0,current_start:l'attuale cattedrale venne costruita nel xii secolo in stile romanico  | current_start:attuale cattedrale venne costruita nel xii secolo in stile romanico ,800,1140,True,True,wikipedia_final_replaced,wikipedia_final_replaced,,missing,,missing,Romanesque architecture (c. 1000–1200),19.0
226,Cattedrale Santa Vergine Maria Assunta,Palermo (Balarm),it,38.1143261,13.35599057,1185,1800,320.0,1100–1299,11000.0,,,True,True,,,,,,,,,0,0,0,0,,,,"Classicism, Gothic art, Norman-Arab-Byzantine culture",wikidata_p149,,1185.0,1800.0,inizio costruzione,completamento,,,1184.0,False,1185.0,1800.0,current_end:completata nel 1184 - 1185 ,1180,1500,True,True,wikipedia_final_replaced,wikipedia_final_replaced,,missing,11000.0,wikidata_p2046_filled_missing,"Classicism, Gothic art (c. 1140–1600), Norman-Arab-Byzantine culture (c. 330–1453)",40.0
227,Duomo di Monza,Monza,it,45.58360438,9.275797619,1300,1681,920.0,700–899,,,,True,True,,,,,,,,,0,0,0,0,,,,Italian Gothic architecture,wikidata_p149,,1300.0,1681.0,inizio costruzione,completamento,,,1620.0,False,1300.0,1681.0,,500,1420,True,True,wikipedia_final_replaced,targeted_source_checked,,missing,,missing,Italian Gothic architecture (c. 1140–1600),171.0
228,Dom St. Peter zu Trier,Trier,de,49.75620869,6.643596879,1040,1196,156.0,900–1099,3937.040244,29.0,114174.167076,True,True,1.0,True,False,False,False,False,882.0,882.0,0,0,0,0,882,mary (1196),damaged by vikings (882),Romanesque architecture,wikidata_p149,,,,,,,,,False,,,,1040,1196,False,False,original_kept,original_kept,,original_kept,,original_kept,Romanesque architecture (c. 1000–1200),146.0
229,Duomo San Massimo,Aquila (L'Aquila),it,42.34921938,13.39697443,1200,2000,221.0,1100–1299,,,,True,True,2.0,False,False,True,False,False,1315.0,1461.0,2,0,0,2,1315;1461,,,baroque architecture,wikidata_p149,,1200.0,2000.0,inizio costruzione,completamento,,,,False,1200.0,2000.0,,1259,1480,True,True,wikipedia_final_replaced,wikipedia_final_replaced,,missing,,missing,baroque architecture (c. 1600–1750),724.0
230,Cathédrale Sainte-Croix,Orleans (Orléans),fr,47.90189107,1.910367491,700,1320,620.0,700–899,,114.0,,True,False,3.0,True,True,False,False,True,877.0,1277.0,3,1,1,0,877;989;1277,,"vikings (877), fire (989), collapse (1277)",Gothic architecture,wikidata_p149,,,,,,,,,False,,,,700,1320,False,False,original_kept,original_kept,114.0,wikidata_p2048_filled_missing,,missing,Gothic architecture (c. 1140–1600),117.0
231,Cathédrale_Saint-Front,Perigueux (Périgueux),fr,45.18359614,0.722660211723202,700,1337,637.0,700–899,,,,True,True,1.0,True,False,False,False,False,845.0,845.0,1,1,0,0,845,st frond (700),vikings (845),Romanesque architecture,wikidata_p149,,,,,,,,,False,,,,700,1337,False,False,original_kept,original_kept,,missing,,missing,Romanesque architecture (c. 1000–1200),111.0
232,Cathédrale métropolitaine et primatiale Saint-Étienne,Sens,fr,48.19802616,3.28401444,700,1532,832.0,700–899,,,,True,False,1.0,False,False,False,False,True,1268.0,1268.0,1,0,0,0,1268,st stephen (1135),collapse of façade (1268),Early Gothic architecture,wikidata_p149,,,,,,,,,False,,,,700,1532,False,False,original_kept,original_kept,,missing,,missing,Early Gothic architecture (c. 1140–1200),74.0
233,Cathédrale Saint-Vincent,Macon (Mâcon),fr,46.30721066,4.831224323,700,1280,580.0,700–899,,,,True,True,1.0,False,True,False,False,False,960.0,960.0,1,0,1,0,960,st vincent (700),fire (960),Romanesque architecture,wikidata_p149,,,,,,,,,False,,,,700,1280,False,False,original_kept,original_kept,,missing,,missing,Romanesque architecture (c. 1000–1200),190.0
234,chiesa dell'Addolorata,Acqui Terme,it,44.67603384,8.468062579,500,1018,518.0,700–899,,,,True,True,,,,,,,,,0,0,0,0,,,,,missing,,,,,,,,,False,,,,500,1018,False,False,original_kept,original_kept,,missing,,missing,,164.0
235,Cattedrale di Santa Maria Assunta,Siena,it,43.31780852,11.32900811,1220,1370,570.0,700–899,,77.0,,True,False,1.0,False,False,False,False,True,1357.0,1357.0,1,0,0,0,1357,,,Gothic architecture,wikidata_p149,,1220.0,1370.0,inizio costruzione,completamento,1891.0,,1926.0,False,1220.0,1370.0,earliest:risale al 1891 | earliest:risale al 1891 | current_end:completata nel 1926 e fu posta in loco l'anno successivo,800,1370,True,False,wikipedia_final_replaced,original_kept,77.0,wikidata_p2048_filled_missing,,missing,Gothic architecture (c. 1140–1600),346.0
236,Duomo di Savona,Savona,it,44.30750384,8.482241219,1589,1605,100.0,700–899,4660.0,,,True,True,,,,,,,,,0,0,0,0,,,,baroque architecture,wikidata_p149,,1589.0,1605.0,inizio costruzione,completamento,,,,False,1589.0,1605.0,,800,900,True,True,wikipedia_final_replaced,wikipedia_final_replaced,,missing,4660.0,wikidata_p2046_filled_missing,baroque architecture (c. 1600–1750),10.0
237,Cathédrale Notre-Dame,Tournai (Doornik),be,50.60646393,3.388894142,1066,1255,189.0,900–1099,5120.755598,36.0,184347.201528,True,True,2.0,False,True,False,False,False,881.0,1066.0,1,0,1,0,881;1066,mary (700),"fire (881), fire (1066)","Gothic architecture, Romanesque architecture",wikidata_p149,,,,,,,,,False,,,,1066,1255,False,False,original_kept,original_kept,83.0,original_kept,4963.0,original_kept,"Gothic architecture (c. 1140–1600), Romanesque architecture (c. 1000–1200)",26.0
238,St Mungo's Cathedral,Glasgow,uk,55.86298981,-4.234531429,1100,1197,270.0,1100–1299,,,,True,True,,,,,,,,,0,0,0,0,,"st kentigem (1180), st mungo (1180)",no (N/A),Gothic architecture,wikidata_p149,,1100.0,1197.0,founded,consecrated,,,1500.0,False,1100.0,1197.0,current_end:completed in the 15th century | current_end:consecrated in 1136 in the presence of david and his court during the episcopate of john capellanus  | current_end:consecrated in 1197 | current_end:dedicated in 1136 | current_end:dedicated in 1197,1180,1450,True,True,wikipedia_final_replaced,wikipedia_final_replaced,,missing,,missing,Gothic architecture (c. 1140–1600),38.0
239,Cattedrale di Sant'Agata,Catania,it,37.5024721,15.08826927,1086,1200,130.0,900–1099,,,,True,True,1.0,False,False,True,False,False,1169.0,1169.0,1,0,0,1,1169,,,,missing,,,,,,1086.0,,,False,1086.0,,earliest: risale al periodo 1086-1094; targeted source-checked,1070,1200,True,False,targeted_source_checked,original_kept,,missing,,missing,,21.0
240,Lichfield Cathedral,Lichfield,uk,52.68553705,-1.830427157,1330,2015,630.0,700–899,,76.8,,True,True,,,,,,,,,0,0,0,0,,"mary (700), st chad (700)",no (N/A),"Decorated Gothic, English Gothic architecture",wikidata_p149,sandstone,1330.0,,years built,,,,2015.0,False,1330.0,2015.0,current_end:completed in 1249 and is one of the most beautiful parts of the cathedral with some charming stone carvings | current_end:dedicated in 2015 after a five-year renovation,700,1330,True,True,wikipedia_final_replaced,wikipedia_final_replaced,76.8,wikidata_p2048_filled_missing,,missing,"Decorated Gothic (c. 1290–1350), English Gothic architecture (c. 1180–1520)",94.0
241,Duomo abbaziale di Santa Tecla,Este,it,45.22999491,11.6536102,400,1200,800.0,700–899,,,,True,True,,,,,,,,,0,0,0,0,,,,,missing,,,,,,,,,False,,,,400,1200,False,False,original_kept,original_kept,,missing,,missing,,14.0
242,Chichester Cathedral,Chichester,uk,50.83624818,-0.780741069096489,1300,1108,550.0,700–899,,84.42960000000001,,True,False,2.0,False,True,False,False,True,1187.0,1210.0,2,0,1,0,1187;1210,,"fire (1187), tower collapsed (1210)",Norman architecture,wikidata_p149,,,1108.0,,consecrated,1300.0,,1849.0,False,1300.0,1108.0,earliest:built in the 14th century and was repaired in the 17th century by christopher wren  | earliest:built in the late 14th century | current_end:completed by walter hook who took over as dean in 1849 | current_end:consecrated in 1108 under bishop ralph de luffa  | current_end:consecrated in 1199,700,1250,True,True,wikipedia_final_replaced,wikipedia_final_replaced,84.42960000000001,wikidata_p2048_filled_missing,,missing,Norman architecture (c. 1066–1200),20.0
243,Concattedrale di San Leopardo,Osimo,it,43.48636582,13.48042466,600,1320,720.0,700–899,,,,True,True,,,,,,,,,0,0,0,0,,,,Romanesque architecture,wikidata_p149,,,,,,,,,False,,,,600,1320,False,False,original_kept,original_kept,,missing,,missing,Romanesque architecture (c. 1000–1200),261.0
244,Kathedrale St. Mariä Himmelfahrt,Chur,ch,46.84765625,9.535513651,700,1272,572.0,700–899,,,,True,True,,,,,,,,,0,0,0,0,,mary (1272),no (N/A),"Romanesque architecture, Romanesque art",wikidata_p149,,,,,,,,,False,,,,700,1272,False,False,original_kept,original_kept,,missing,,missing,"Romanesque architecture (c. 1000–1200), Romanesque art (c. 1000–1200)",608.0
245,Cattedrale di San Massimo,Penne,it,42.45621834,13.92683398,900,2000,900.0,700–899,,,,True,True,,,,,,,,,0,0,0,0,,,,"Gothic architecture, Renaissance architecture, Romanesque architecture",wikidata_p149,,900.0,2000.0,inizio costruzione,completamento,,1100.0,,True,900.0,2000.0,current_start:ricostruita nel 1955) | current_start:ricostruita in stile romanico nel xii secolo ,400,1300,True,True,wikipedia_final_replaced,wikipedia_final_replaced,,missing,,missing,"Gothic architecture (c. 1140–1600), Renaissance architecture (c. 1400–1600), Romanesque architecture (c. 1000–1200)",425.0
246,Cattedrale San Lorenzo Maiorano,Manfredonia,it,41.62961017,15.91709589,1270,1274,4.0,1100–1299,,,,True,True,,,,,,,,,0,0,0,0,,,,,missing,,1270.0,,inizio costruzione,,,,,False,1270.0,,,1270,1274,False,False,original_kept,original_kept,,missing,,missing,,21.0
247,Basilica di Santa Maria Maggiore,Santa Maria Capua Vetere (Santa Maria Capua Vetere),it,41.07576705,14.25581092,432,820,388.0,700–899,,,,True,True,,,,,,,,,0,0,0,0,,,,Baroque,wikidata_p149,,432.0,,inizio costruzione,,1800.0,,,False,432.0,,earliest:risale alla prima metà del xix secolo e nella foggia,432,820,False,False,original_kept,original_kept,,missing,,missing,Baroque (c. 1600–1750),40.0
248,cattedrale di santa maria assunto,Reggio nell Emilia,it,44.69763,10.63103,1599,1623,900.0,700–899,,,,True,False,1.0,False,False,False,False,True,1228.0,1228.0,1,0,0,0,1228,,,"Renaissance architecture, Romanesque architecture",wikidata_p149,,1599.0,1623.0,inizio costruzione,completamento,,,,False,1599.0,1623.0,,400,1300,True,True,wikipedia_final_replaced,wikipedia_final_replaced,,missing,,missing,"Renaissance architecture (c. 1400–1600), Romanesque architecture (c. 1000–1200)",67.0
249,Cattedrale di San Zeno,Pistoia,it,43.93335003,10.91792968,900,2000,1040.0,700–899,,,,True,True,2.0,False,True,True,False,False,1108.0,1298.0,2,0,1,1,1108;1298,,,Romanesque architecture,wikidata_p149,,900.0,2000.0,inizio costruzione,completamento,923.0,,,False,900.0,2000.0,earliest:risale al 923 | earliest:risale al 1145 infatti la consacrazione dell'altare dedicato a san jacopo da parte del vescovo atto  | earliest:risale al 923 | earliest:risale al 1145 infatti la consacrazione dell'altare dedicato a san jacopo da parte del vescovo atto  | earliest:risale alla fine del xviii secolo,400,1440,True,True,wikipedia_final_replaced,wikipedia_final_replaced,,missing,,missing,Romanesque architecture (c. 1000–1200),76.0
250,Cathédrale Saint-Étienne,Auxerre,fr,47.79787111,3.572876818,1220,1500,280.0,1100–1299,3562.0,30.0,106860.0,True,True,2.0,False,True,False,False,False,880.0,1023.0,0,0,0,0,880;1023,st stephen (700),"fire (880), fire (1023)",Gothic architecture,wikidata_p149,,,,,,,,,False,,,,1220,1500,False,False,original_kept,original_kept,68.0,original_kept,,original_kept,Gothic architecture (c. 1140–1600),126.0
251,Cathédrale Notre-Dame,Rouen,fr,49.44021436,1.095007307,1120,1478,358.0,1100–1299,5807.0,28.0,162596.0,True,True,2.0,True,False,False,True,False,841.0,1110.0,0,0,0,0,841;1110,mary (700),"vikings (841), lightning (1110)",Gothic architecture,wikidata_p149,,,,,,,,,False,,,,1120,1478,False,False,original_kept,original_kept,151.0,original_kept,,original_kept,Gothic architecture (c. 1140–1600),24.0
252,Cattedrale di Santa Maria Assunta,Montepulciano,it,43.09233763,11.78077277,1512,1680,670.0,900–1099,,,,True,True,,,,,,,,,0,0,0,0,,,,Renaissance architecture,wikidata_p149,,1594.0,1680.0,inizio costruzione,completamento,1512.0,,,False,1512.0,1680.0,earliest:risale al 1512 circa ed è posto tra due statue di autore ignoto raffiguranti san pietro (a sinistra) e san giovanni battista (a destra) | earliest:risale al 1512 circa ed è posto tra due statue di autore ignoto raffiguranti san pietro (a sinistra) e san giovanni battista (a destra),980,1650,True,True,wikipedia_final_replaced,wikipedia_final_replaced,,missing,,missing,Renaissance architecture (c. 1400–1600),606.0
253,Cathédrale Saint-Mammès,Langres,fr,47.86423769,5.335179133,1150,1366,216.0,1100–1299,2951.0,23.0,67873.0,True,True,1.0,False,True,False,False,False,1314.0,1314.0,1,0,1,0,1314,st mammes (1150),partly damaged by fire (1314),Romanesque architecture,wikidata_p149,,,,,,,,,False,,,,1150,1366,False,False,original_kept,original_kept,,original_kept,,original_kept,Romanesque architecture (c. 1000–1200),472.0
254,Cathédrale Sainte-Marie,Oloron Ste Marie (Oloron-Sainte-Marie),fr,43.18785765,-0.615942311280495,700,1400,700.0,700–899,,,,True,True,2.0,True,True,False,False,False,848.0,1250.0,2,1,1,0,848;1250,mary (700),"vikings (848), fire (1250)","Gothic architecture, Romanesque architecture",wikidata_p149,,,,,,,,,False,,,,700,1400,False,False,original_kept,original_kept,,missing,,missing,"Gothic architecture (c. 1140–1600), Romanesque architecture (c. 1000–1200)",237.0
255,Cathédrale Notre-Dame,Tulle,fr,45.26787715,1.771243036,700,1300,600.0,700–899,,,,True,True,,,,,,,,,0,0,0,0,,mary (1103),no (N/A),Gothic architecture,wikidata_p149,,,,,,,,,False,,,,700,1300,False,False,original_kept,original_kept,,missing,,missing,Gothic architecture (c. 1140–1600),217.0
256,Cathédrale_Saint-Étienne,Bourges,fr,47.08219883,2.39919084,1195,1480,285.0,1100–1299,6407.0,37.0,237059.0,True,True,,,,,,,,,0,0,0,0,,st stephen (700),no (N/A),classic gothic,wikidata_p149,,,,,,,,,False,,,,1195,1480,False,False,original_kept,original_kept,,original_kept,105.0,original_kept,classic gothic (c. 1140–1600),158.0
257,Cathédrale Saint-Caprais,Agen,fr,44.20678289,0.619253284761589,700,1500,800.0,700–899,,,,True,True,1.0,True,False,False,False,False,853.0,853.0,1,1,0,0,853,st caprasius (700),ravaged by vikings (853),Romanesque architecture,wikidata_p149,,,,,,,,,False,,,,700,1500,False,False,original_kept,original_kept,,missing,,missing,Romanesque architecture (c. 1000–1200),51.0
258,Cathédrale Sainte-Marie,Auch,fr,43.64628063,0.585992963755894,1489,1520,31.0,1300–1500,3807.0,27.0,102789.0,True,True,2.0,True,True,False,False,False,850.0,1171.0,0,0,0,0,850;1171,st austinde (1175),"destroyed by saracens (850), fire (1171)",Gothic architecture,wikidata_p149,stone,,,,,,,,False,,,,1489,1520,False,False,original_kept,original_kept,44.0,original_kept,,original_kept,Gothic architecture (c. 1140–1600),171.0
259,Cattedrale di Belluno,Belluno,it,46.13771083,12.21706678,1400,1624,360.0,700–899,,,,True,True,,,,,,,,,0,0,0,0,,,,Renaissance,wikidata_p149,,1517.0,1624.0,inizio costruzione,completamento,1400.0,,,False,1400.0,1624.0,earliest:risale al xv secolo | earliest:risale al xv secolo,500,860,True,True,wikipedia_final_replaced,wikipedia_final_replaced,,missing,,missing,Renaissance (c. 1400–1600),396.0
260,Église Saint-Pierre,Condom,fr,43.95791318,0.372762710816567,1400,1507,107.0,1300–1500,2304.0,25.0,57600.0,True,True,1.0,False,False,False,False,True,1368.0,1368.0,0,0,0,0,1368,st peter (700),destroyed (1368),Gothic architecture,wikidata_p149,,,,,,,,,False,,,,1400,1507,False,False,original_kept,original_kept,,original_kept,,original_kept,Gothic architecture (c. 1140–1600),95.0
261,cathédrale Notre-Dame-du-Puy de Grasse ,Grasse,fr,43.65789,6.924792,1200,1300,100.0,1100–1299,,,,True,True,,,,,,,,,0,0,0,0,,,,Romanesque architecture,wikidata_p149,,,,,,,,,False,,,,1200,1300,False,False,original_kept,original_kept,,missing,,missing,Romanesque architecture (c. 1000–1200),304.0
262,Cathédrale Notre-Dame-de-l'Assomption,Clermont-Ferrand,fr,45.77872227,3.085780006,700,1345,645.0,700–899,,96.1,,True,True,2.0,True,False,False,False,True,760.0,915.0,2,1,0,0,760;915,"st vitalis (700), st agricola (700), mary (1248)","destroyed (760), damaged by vikings (915)",Romanesque architecture,wikidata_p149,volcanic rock,,,,,,,,False,,,,700,1345,False,False,original_kept,original_kept,96.1,wikidata_p2048_filled_missing,,missing,Romanesque architecture (c. 1000–1200),417.0
263,Sankt-Petri-Dom zu Schleswig,Schleswig (hedeby),de,54.51362887,9.569274999,1134,1600,466.0,1100–1299,,112.0,,True,True,,,,,,,,,0,0,0,0,,st peter (1134),no (N/A),Brick Gothic,wikidata_p149,brick,,,,,,,,False,,,,1134,1600,False,False,original_kept,original_kept,112.0,targeted_source_checked,,missing,Brick Gothic (c. 1140–1600),10.0
264,Cathédrale de l'Immaculée-Conception,Antibes,fr,43.58116914,7.128542605,700,1746,1046.0,700–899,,,,True,True,1.0,True,False,False,False,False,1124.0,1124.0,1,1,0,0,1124,mary (442),destroyed by saracens (1124),| classement =,wikipedia_infobox,,,,,,,,,False,,,,700,1746,False,False,original_kept,original_kept,,missing,,missing,| classement =,16.0
265,Cathédrale Saint-Michel,Carcassonne,fr,43.21097867,2.351126391,800,1370,570.0,700–899,,,,True,True,1.0,False,False,False,False,True,1240.0,1240.0,1,0,0,0,1240,st michael (800),damaged in: (1240),"Gothic architecture, Meridional Gothic",wikidata_p149,,,,,,,,,False,,,,800,1370,False,False,original_kept,original_kept,,missing,,missing,"Gothic architecture (c. 1140–1600), Meridional Gothic (c. 1140–1600)",115.0
266,Cathédrale Notre-Dame,Coutances,fr,49.04762601,-1.444206253,1220,1270,50.0,1100–1299,3270.0,22.0,71940.0,True,True,,,,,,,,,0,0,0,0,,mary (700),no (N/A),French Gothic architecture,wikidata_p149,,,,,,,,,False,,,,1220,1270,False,False,original_kept,original_kept,,original_kept,,original_kept,French Gothic architecture (c. 1140–1600),92.0
267,cathedrale saint-etienne,Toul,fr,48.67523251,5.89440215,1220,1497,277.0,1100–1299,5831.0,32.0,186592.0,True,True,,,,,,,,,0,0,0,0,,st stephen (700),no (N/A),Gothic architecture,wikidata_p149,Euville stone,,,,,,,,False,,,,1220,1497,False,False,original_kept,original_kept,,original_kept,,original_kept,Gothic architecture (c. 1140–1600),212.0
268,Cathédrale Saint-Gervais et Saint-Protais,Soissons,fr,49.38087975,3.325395399,810,1479,669.0,700–899,,66.0,,True,True,1.0,False,True,False,False,False,948.0,948.0,1,0,1,0,948,"st gervais (815), st protais (815)",fire (948),classic gothic,wikidata_p149,,,,,,,,,False,,,,810,1479,False,False,original_kept,original_kept,66.0,wikidata_p2048_filled_missing,,missing,classic gothic (c. 1140–1600),50.0
269,Dom Unserer Lieben Frau,Augsburg,de,48.37274852,10.89657464,700,1441,741.0,700–899,,62.0,,True,False,1.0,False,False,False,False,True,994.0,994.0,1,0,0,0,994,mary (820),collapse of west (994),Romanesque architecture,wikidata_p149,,,,,,,,,False,,,,700,1441,False,False,original_kept,original_kept,62.0,wikidata_p2048_filled_missing,,missing,Romanesque architecture (c. 1000–1200),491.0
270,Cathédrale Saint-Étienne,Limoges,fr,45.82891546,1.26667503,700,1499,799.0,700–899,,,,True,True,,,,,,,,,0,0,0,0,,st stephen (700),no (N/A),Gothic architecture,wikidata_p149,,,,,,,,,False,,,,700,1499,False,False,original_kept,original_kept,,missing,,missing,Gothic architecture (c. 1140–1600),251.0
271,Cathédrale Saint-Fulcran,Lodeve (Lodève),fr,43.73190342,3.317392931,1265,1320,55.0,1100–1299,2024.0,25.0,50600.0,True,True,,,,,,,,,0,0,0,0,,st fulcran (1265),no (N/A),Meridional Gothic,wikidata_p149,,,,,,,,,False,,,,1265,1320,False,False,original_kept,original_kept,,original_kept,,original_kept,Meridional Gothic (c. 1140–1600),178.0
272,Cathédrale Saint-Étienne,Agde,fr,43.31399915,3.469077792,700,1200,500.0,700–899,,,,True,True,,,,,,,,,0,0,0,0,,st stephen (700),no (N/A),Romanesque architecture,wikidata_p149,,,,,,,,,False,,,,700,1200,False,False,original_kept,original_kept,,missing,,missing,Romanesque architecture (c. 1000–1200),17.0
273,Cathédrale Saint-Paul-Aurélien,St Pol  (Saint-Pol-de-Léon),fr,48.68494468,-3.986164233,780,1500,720.0,700–899,,,,True,True,2.0,True,True,False,False,False,875.0,1365.0,2,1,1,0,875;1365,"st paul (780), st pol (780)","vikings (875), partly damaged by fire (1365)",Gothic architecture,wikidata_p149,,,,,,,,,False,,,,780,1500,False,False,original_kept,original_kept,,missing,,missing,Gothic architecture (c. 1140–1600),40.0
274,Cathédrale Sainte-Marie,Bayonne,fr,43.49052477,-1.477297531,700,1600,900.0,700–899,,,,True,True,3.0,False,True,False,False,False,1199.0,1258.0,3,0,3,0,1199;1224;1258,mary (700),"partly damaged by fire (1199), 1224 (1258)",Gothic architecture,wikidata_p149,,,,,,,,,False,,,,700,1600,False,False,original_kept,original_kept,,missing,,missing,Gothic architecture (c. 1140–1600),22.0
275,Cattedrale di San Feliciano,Foligno,it,42.95645756,12.70370036,1100,2000,301.0,900–1099,,,,True,True,,,,,,,,,0,0,0,0,,,,Romanesque architecture,wikidata_p149,,1100.0,2000.0,inizio costruzione,completamento,1200.0,,,False,1100.0,2000.0,earliest:risale al xiii secolo | earliest:risale al xiii secolo,900,1201,True,True,wikipedia_final_replaced,wikipedia_final_replaced,,missing,,missing,Romanesque architecture (c. 1000–1200),239.0
276,Cathédrale Saint-Pierre et Saint-Paul,Troyes,fr,48.30037659,4.081514841,700,1500,800.0,700–899,,,,True,True,2.0,True,True,False,False,False,890.0,1188.0,2,1,1,0,890;1188,"christ (700), st peter (850), st paul (850)","vikings (890), partly destroyed by fire (1188)",Gothic architecture,wikidata_p149,,,,,,,,,False,,,,700,1500,False,False,original_kept,original_kept,,missing,,missing,Gothic architecture (c. 1140–1600),108.0
277,Cathédrale Saint-Gatien,Tours,fr,47.39557713,0.694464088,1170,1400,230.0,1100–1299,3675.0,29.0,106575.0,True,True,1.0,False,True,False,False,False,1166.0,1166.0,0,0,0,0,1166,"st maurice (500), st gatien (700)",fire (1166),Gothic architecture,wikidata_p149,,,,,,,,,False,,,,1170,1400,False,False,original_kept,original_kept,69.0,original_kept,,original_kept,Gothic architecture (c. 1140–1600),58.0
278,Cattedrale di Santa Maria Assunta,Cremona,it,45.13355164,10.02560838,1107,1491,700.0,700–899,,,,True,True,1.0,False,False,True,False,False,1117.0,1117.0,1,0,0,1,1117,,,Romanesque architecture,wikidata_p149,,1107.0,1491.0,inizio costruzione,completamento,,,,False,1107.0,1491.0,,700,1400,True,True,wikipedia_final_replaced,wikipedia_final_replaced,,missing,,missing,Romanesque architecture (c. 1000–1200),54.0
279,Église Saint-Étienne de la Cité,Perigueux (Périgueux),fr,45.1817435,0.714820320251761,700,1200,500.0,700–899,,,,True,True,,,,,,,,,0,0,0,0,,st stephen (700),no (N/A),Romanesque architecture,wikidata_p149,,,,,,,,,False,,,,700,1200,False,False,original_kept,original_kept,,missing,,missing,Romanesque architecture (c. 1000–1200),97.0
280,Cathédrale Saint-Étienne,St Brieuc (Saint-Brieuc),fr,48.51418675,-2.763891519,700,1500,800.0,700–899,,,,True,True,,,,,,,,,0,0,0,0,,st stephen (700),no (N/A),Gothic architecture,wikidata_p149,,,,,,,,,False,,,,700,1500,False,False,original_kept,original_kept,,missing,,missing,Gothic architecture (c. 1140–1600),80.0
281,Cathédrale Notre-Dame,Orange,fr,44.13804247,4.807403121,700,1208,508.0,700–899,,,,True,True,,,,,,,,,0,0,0,0,,mary (700),no (N/A),Romanesque architecture,wikidata_p149,,,,,,,,,False,,,,700,1208,False,False,original_kept,original_kept,,missing,,missing,Romanesque architecture (c. 1000–1200),50.0
282,Duomo di Bergamo,Bergamo,it,45.70327954,9.66291957,1400,1900,1000.0,700–899,,,,True,True,,,,,,,,,0,0,0,0,,,,"Italian Baroque architecture, Italian Neoclassical architecture",wikidata_p149,,1400.0,1900.0,inizio costruzione,completamento,,,,False,1400.0,1900.0,,500,1500,True,True,wikipedia_final_replaced,wikipedia_final_replaced,,missing,,missing,"Italian Baroque architecture (c. 1600–1750), Italian Neoclassical architecture (c. 1750–1850)",378.0
283,Cathédrale Saint-Pierre,Vannes,fr,47.65789884,-2.75679225,700,1520,820.0,700–899,,,,True,True,2.0,True,False,False,False,True,919.0,1150.0,2,1,0,0,919;1150,st peter (700),"normans (919), ruined (1150)",Gothic architecture,wikidata_p149,,,,,,,,,False,,,,700,1520,False,False,original_kept,original_kept,,missing,,missing,Gothic architecture (c. 1140–1600),27.0
284,Cathédrale Saint-André,Bordeaux,fr,44.83765666,-0.577757666087606,700,1350,650.0,700–899,,,,True,True,3.0,True,False,False,False,False,725.0,864.0,3,3,0,0,725;848;864,st andrew (700),"damaged in: (725), 848 (864)",Gothic architecture,wikidata_p149,,,,,,,,,False,,,,700,1350,False,False,original_kept,original_kept,,missing,,missing,Gothic architecture (c. 1140–1600),16.0
285,Cattedrale di Sant'Evasio,Casale (Casale Monferrato),it,45.13723347,8.452657922,1000,1900,450.0,700–899,,,,True,True,1.0,False,True,False,False,False,1215.0,1215.0,1,0,1,0,1215,,,Romanesque architecture,wikidata_p149,,1000.0,1900.0,inizio costruzione,completamento,,,,False,1000.0,1900.0,,800,1250,True,True,wikipedia_final_replaced,wikipedia_final_replaced,,missing,,missing,Romanesque architecture (c. 1000–1200),121.0
286,Cathédrale Saint-Jean-Baptiste,Perpignan,fr,42.70061587,2.897092208,1324,1453,129.0,1300–1500,4562.0,26.0,118612.0,True,True,,,,,,,,,0,0,0,0,,st john baptist (1025),no (N/A),Gothic architecture,wikidata_p149,,,,,,,,,False,,,,1324,1453,False,False,original_kept,original_kept,,original_kept,,original_kept,Gothic architecture (c. 1140–1600),38.0
287,Cathédrale Notre-Dame,Evreux (Évreux),fr,49.02421337,1.150952616,700,1455,755.0,700–899,,78.15,,True,True,3.0,True,True,False,False,False,950.0,1356.0,3,2,1,0,950;1119;1356,mary (700),"vikings (950), fire (1119), war damage (1356)",Gothic architecture,wikidata_p149,,,,,,,,,False,,,,700,1455,False,False,original_kept,original_kept,78.15,wikidata_p2048_filled_missing,,missing,Gothic architecture (c. 1140–1600),71.0
288,Cattedrale di Sant'Eusebio,Vercelli,it,45.33019486,8.422559498,300,1900,800.0,700–899,,,,True,True,1.0,False,True,False,False,False,997.0,997.0,1,0,1,0,997,,,Mannerism,wikidata_p149,,300.0,1900.0,inizio costruzione,completamento,,,1805.0,False,300.0,1900.0,current_end:consacrata nel 1805,300,1100,False,True,original_kept,wikipedia_final_replaced,,missing,,missing,Mannerism,137.0
289,Duomo di Monreale,Monreale,it,38.08203426,13.29229182,1172,1267,8.0,1100–1299,16690.0,,,True,True,,,,,,,,,0,0,0,0,,,,Romanesque architecture,wikidata_p149,,1172.0,1267.0,inizio costruzione,completamento,1176.0,,,False,1172.0,1267.0,earliest:risale al 15 agosto del 1176 la prima e più antica festa mariana nella città di monreale | earliest:risale al 15 agosto del 1176 la prima e più antica festa mariana nella città di monreale,1174,1182,True,True,wikipedia_final_replaced,wikipedia_final_replaced,,missing,16690.0,wikidata_p2046_filled_missing,Romanesque architecture (c. 1000–1200),309.0
290,Cathédrale Saint-Benoît,Castres,fr,43.60423781,2.241669366,700,1200,500.0,700–899,,,,True,True,,,,,,,,,0,0,0,0,,st benedict (700),no (N/A),Romanesque architecture,wikidata_p149,,,,,,,,,False,,,,700,1200,False,False,original_kept,original_kept,,missing,,missing,Romanesque architecture (c. 1000–1200),172.0
291,Cathédrale Sainte-Anne,Apt,fr,43.87613762,5.397174995,700,1320,620.0,700–899,,,,True,True,1.0,True,False,False,False,False,975.0,975.0,1,1,0,0,975,st anna (700),destroyed by saracens (975),Romanesque architecture,wikidata_p149,,,,,,,,,False,,,,700,1320,False,False,original_kept,original_kept,,missing,,missing,Romanesque architecture (c. 1000–1200),234.0
292,Cathédrale Notre-Dame-des-Doms,Avignon,fr,43.95158425,4.807690988,700,1160,460.0,700–899,,,,True,True,,,,,,,,,0,0,0,0,,mary (1150),no (N/A),Romanesque architecture,wikidata_p149,,,,,,,,,False,,,,700,1160,False,False,original_kept,original_kept,,missing,,missing,Romanesque architecture (c. 1000–1200),45.0
293,Cathédrale Saint-Pierre,"St Flour (Saint-Flour, Cantal)",fr,45.03334882,3.095314971,700,1466,766.0,700–899,,,,True,False,1.0,False,False,False,False,True,1396.0,1396.0,1,0,0,0,1396,"st peter (700), st flour (700)",partially collapsed (1396),Gothic architecture,wikidata_p149,,,,,,,,,False,,,,700,1466,False,False,original_kept,original_kept,,missing,,missing,Gothic architecture (c. 1140–1600),880.0
294,Duomo,Terni,it,42.56047915,12.64335881,500,1700,1100.0,700–899,,,,True,True,,,,,,,,,0,0,0,0,,,,"Pre-Romanesque architecture, baroque architecture",wikidata_p149,,500.0,1700.0,inizio costruzione,completamento,,1743.0,,True,500.0,1700.0,current_start:riedificata nel 1743,100,1200,True,True,wikipedia_final_replaced,wikipedia_final_replaced,,missing,,missing,"Pre-Romanesque architecture (c. 1000–1200), baroque architecture (c. 1600–1750)",130.0
295,Cathédrale Notre-Dame-de-l'Annonciation,Le Puy (Le Puy-en-Velay),fr,45.04558389,3.884830328,750,1300,550.0,700–899,,,,True,True,,,,,,,,,0,0,0,0,,mary (750),no (N/A),Romanesque architecture,wikidata_p149,,,,,,,,,False,,,,750,1300,False,False,original_kept,original_kept,,missing,,missing,Romanesque architecture (c. 1000–1200),668.0
296,Dom Mariä Himmelfahrt,Hildesheim,de,52.14900052,9.946982552,852,1300,448.0,700–899,5800.0,,,True,True,1.0,False,True,False,False,False,1046.0,1046.0,1,0,1,0,1046,mary (852),fire (1046),Romanesque architecture,wikidata_p149,,,,,,,,,False,,,,852,1300,False,False,original_kept,original_kept,,missing,5800.0,targeted_source_checked,Romanesque architecture (c. 1000–1200),89.0
297,Carlisle Cathedral,Carlisle,uk,54.8947267,-2.938529437,1122,1420,178.0,1100–1299,2144.501447,22.0,47179.031834,True,True,,,,,,,,,0,0,0,0,,,no (N/A),"English Gothic architecture, Norman architecture",wikidata_p149,,,,,,1122.0,,1420.0,False,1122.0,1420.0,earliest:was founded in 1122 | current_end:completed in about 1420,1122,1300,False,True,original_kept,wikipedia_final_replaced,,original_kept,,original_kept,"English Gothic architecture (c. 1180–1520), Norman architecture (c. 1066–1200)",29.0
298,Cathédrale Saint-Sauveur,Aix (Aix-en-Provence),fr,43.53187485,5.447310973,700,1513,813.0,700–899,,,,True,True,2.0,True,False,False,False,False,800.0,900.0,2,2,0,0,800;900,christ (700),"destroyed by saracens (800), destroyed by saracens (900)","Gothic architecture, Romanesque architecture",wikidata_p149,,,,,,,,,False,,,,700,1513,False,False,original_kept,original_kept,,missing,,missing,"Gothic architecture (c. 1140–1600), Romanesque architecture (c. 1000–1200)",216.0
299,cathedrale saint arnoux,Gap,fr,44.5582,6.078113,500,1100,600.0,700–899,,,,True,True,,,,,,,,,0,0,0,0,,,,Gothic Revival,wikidata_p149,,,,,,,,,False,,,,500,1100,False,False,original_kept,original_kept,,missing,,missing,Gothic Revival (c. 1140–1600),737.0
300,Paroisse Saint-Siffrein,Carpentras,fr,44.05419143,5.047746891,700,1538,838.0,700–899,,,,True,True,,,,,,,,,0,0,0,0,,st siffrein (700),no (N/A),Gothic architecture,wikidata_p149,,,,,,,,,False,,,,700,1538,False,False,original_kept,original_kept,,missing,,missing,Gothic architecture (c. 1140–1600),109.0
301,Cathédrale Notre-Dame et Saint-Thyrse,Sisteron,fr,44.19571482,5.943597348,1160,1220,60.0,1100–1299,,,,True,True,,,,,,,,,0,0,0,0,,mary (1160),no (N/A),Romanesque architecture,wikidata_p149,,,,,,,,,False,,,,1160,1220,False,False,original_kept,original_kept,,missing,,missing,Romanesque architecture (c. 1000–1200),495.0
302,Cathédrale Saint-Antonin,Pamiers,fr,43.11425821,1.609046598,1000,1400,400.0,900–1099,,,,True,True,,,,,,,,,0,0,0,0,,st antonin (1000),no (N/A),Meridional Gothic,wikidata_p149,,,,,,,,,False,,,,1000,1400,False,False,original_kept,original_kept,,missing,,missing,Meridional Gothic (c. 1140–1600),296.0
303,Cathédrale Saint-Gervais-Saint-Protais,Lectoure,fr,43.93386035,0.623927133892386,1473,1600,127.0,1300–1500,2305.0,21.0,48405.0,True,True,1.0,False,False,False,False,True,1473.0,1473.0,1,0,0,0,1473,"st gervais (1120), st protais (1120)",partially damaged (1473),Gothic architecture,wikidata_p149,,,,,,,,,False,,,,1473,1600,False,False,original_kept,original_kept,,original_kept,,original_kept,Gothic architecture (c. 1140–1600),183.0
304,Cathédrale Saint-Just et Saint-Pasteur,Narbonne,fr,43.18481735,3.003904579,700,1354,654.0,700–899,,,,True,True,,,,,,,,,0,0,0,0,,"st just (782), st pasteur (782)",no (N/A),Gothic architecture,wikidata_p149,,,,,,,,,False,,,,700,1354,False,False,original_kept,original_kept,,missing,,missing,Gothic architecture (c. 1140–1600),11.0
305,Cathédrale Notre-Dame,Reims,fr,49.25379447,4.033910046,1211,1275,64.0,1100–1299,7276.0,38.0,276488.0,True,True,2.0,False,True,False,False,False,1210.0,1481.0,0,0,0,0,1210;1481,mary (700),"fire (1210), partially destroyed by fire (1481)",classic gothic,wikidata_p149,,,,,,,,,False,,,,1211,1275,False,False,original_kept,original_kept,81.0,original_kept,,original_kept,classic gothic (c. 1140–1600),95.0
306,Cattedrale di Salerno,Salerno,it,40.68008601,14.76011656,1080,1085,585.0,700–899,,,,True,True,,,,,,,,,0,0,0,0,,,,Romanesque architecture,wikidata_p149,,1080.0,1085.0,inizio costruzione,completamento,,,1084.0,False,1080.0,1085.0,current_end:consacrata nel giugno del 1084 dal papa gregorio vii ,500,1085,True,False,wikipedia_final_replaced,original_kept,,missing,,missing,Romanesque architecture (c. 1000–1200),32.0
307,Dom St. Peter,Worms,de,49.63004441,8.359893585,1130,1300,170.0,1100–1299,3316.336899,26.0,86224.759374,True,True,,,,,,,,,0,0,0,0,,st peter (700),no (N/A),Romanesque architecture,wikidata_p149,,,,,,,,,False,,,,1130,1300,False,False,original_kept,original_kept,,original_kept,,original_kept,Romanesque architecture (c. 1000–1200),107.0
308,Cathédrale Saint-Corentin,Quimper,fr,47.99562125,-4.102178775,1239,1493,254.0,1100–1299,3060.0,20.0,61200.0,True,True,,,,,,,,,0,0,0,0,,st corintin (700),no (N/A),Gothic architecture,wikidata_p149,,,,,,,,,False,,,,1239,1493,False,False,original_kept,original_kept,,original_kept,,original_kept,Gothic architecture (c. 1140–1600),11.0
309,Cathédrale Notre-Dame,Verdun,fr,49.15951076,5.382326302,847,1528,681.0,700–899,,,,True,True,2.0,True,True,False,False,False,1047.0,1135.0,2,1,1,0,1047;1135,mary (847),"fire (1047), ravaged (1135)",Romanesque architecture,wikidata_p149,,,,,,,,,False,,,,847,1528,False,False,original_kept,original_kept,,missing,,missing,Romanesque architecture (c. 1000–1200),222.0
310,Dom zu Merseburg,Merseburg,de,51.35858824,12.00112342,1015,1042,27.0,900–1099,,,,True,False,1.0,False,False,False,False,True,1025.0,1025.0,1,0,0,0,1025,"st laurence (1012), st john baptist (1015)",partly collapsed (1025),Gothic architecture,wikidata_p149,,,,,,,,,False,,,,1015,1042,False,False,original_kept,original_kept,,missing,,missing,Gothic architecture (c. 1140–1600),100.0
311,Rochester Cathedral,Rochester,uk,51.3889841,0.503266617038518,604,604,263.0,900–1099,,,,True,True,,,,,,,,,0,0,0,0,,"christ (1080), mary (1080)",no (N/A),Norman architecture,wikidata_p149,,604.0,604.0,founded,consecrated,604.0,,1724.0,False,604.0,604.0,earliest:was founded in 604 | current_end:completed by thomas de mepeham who became sacrist in 1255 | current_end:completed by 1724 | current_end:dedicated in 1130 (or possibly 1133) by the archbishop of canterbury  | current_end:dedicated in 1240 by richard wendene (also known as richard de wendover) who had been translated from bangor ,1080,1343,True,True,wikipedia_final_replaced,wikipedia_final_replaced,,missing,,missing,Norman architecture (c. 1066–1200),17.0
312,Cathédrale Saint-Apollinaire,Valence (Valence (Drôme)),fr,44.93161647,4.889543292,1063,1150,87.0,900–1099,,,,True,True,1.0,False,False,False,True,False,1281.0,1281.0,0,0,0,0,1281,st apollinaire (1063),lightening in tower (1281),Romanesque architecture,wikidata_p149,,,,,,,,,False,,,,1063,1150,False,False,original_kept,original_kept,,missing,,missing,Romanesque architecture (c. 1000–1200),117.0
313,Duomo di Ravello,Amalfi,it,40.64933695,14.61208834,1086,1100,14.0,900–1099,,,,True,True,,,,,,,,,0,0,0,0,,,,"Romanesque architecture, baroque architecture",wikidata_p149,,1086.0,,inizio costruzione,,,,,False,1086.0,,,1086,1100,False,False,original_kept,original_kept,,missing,,missing,"Romanesque architecture (c. 1000–1200), baroque architecture (c. 1600–1750)",363.0
