osmid,cathedral_name,city,country,lat,lon,start_year,end_year,duration_years,period_bucket,surface_m2,height_m,m3,volume_proxy,completed,not_collapsed,n_disasters,any_war,any_fire,any_earthquake,any_other_natural,any_other,first_disaster_year,last_disaster_year,disasters_during_construction,war_during_construction,fire_during_construction,earthquake_during_construction,disaster_years,osmwikipedia,osmlink,saints,destroyed,osmwikipedia_url_norm,wikidata_qid,style_wikidata,style_source,material_wikidata,material_source,material_wikipedia_infobox,material_final,start_year_wikipedia_infobox,end_year_wikipedia_infobox,start_year_wikipedia_infobox_label,end_year_wikipedia_infobox_label,start_year_wikipedia_earliest,start_year_wikipedia_current,end_year_wikipedia_current,has_major_reconstruction_wikipedia,start_year_wikipedia_final,end_year_wikipedia_final,wiki_date_fields,wikipedia_date_notes,start_year_original,end_year_original,start_year_mismatch_wikipedia,end_year_mismatch_wikipedia,start_year_source,end_year_source,precious_materials_found,has_precious_materials,height_m_wikidata,height_source,surface_m2_wikidata,surface_source,style_wikidata_with_periods
100010435.0,Johanniskirche,Mainz,de,49.99841389,8.272385862,700,1100,400.0,700–899,,,,,True,True,,,,,,,,,0,0,0,0,,de.wikipedia.org/wiki/St._Johannis_(Mainz),http://www.openstreetmap.org/way/100010435,"st martin (700), st john baptist (936)",no (N/A),https://de.wikipedia.org/wiki/St._Johannis_(Mainz),Q1415719,Carolingian architecture,wikidata_p149,,missing,,,,,,,,,,False,,,{},,700,1100,False,False,original_kept,original_kept,,False,,missing,,missing,Carolingian architecture (c. 750–900)
1019671.0,Erfurter Dom,Erfurt,de,50.97566739,11.02316913,752,1465,713.0,700–899,,,,,True,True,,,,,,,,,0,0,0,0,,de.wikipedia.org/wiki/Erfurter_Dom,http://www.openstreetmap.org/relation/1019671,mary (1180),no (N/A),https://de.wikipedia.org/wiki/Erfurter_Dom,Q701567,Gothic architecture,wikidata_p149,sandstone,wikidata_p186,,sandstone,,,,,,,,False,,,{},,752,1465,False,False,original_kept,original_kept,,False,,missing,,missing,Gothic architecture (c. 1140–1600)
102099277.0,Primatiale Saint-Trophime,Arles,fr,43.67664165,4.628236868,700,1500,800.0,700–899,,,,,True,True,,,,,,,,,0,0,0,0,,fr.wikipedia.org/wiki/Ancienne_cathédrale_Saint-Trophime_d'Arles,,"st stephen (700), st trophime (1152)",no (N/A),https://fr.wikipedia.org/wiki/Ancienne_cathédrale_Saint-Trophime_d'Arles,Q1788518,"Gothic architecture, Romanesque architecture",wikidata_p149,,missing,,,,,,,,,,False,,,"{'nom local': 'Basilique primatiale Saint-Trophime', 'culte': 'Catholique', 'dédicataire': ""Saint Trophime d'Arles"", 'type': ""Basilique mineure (depuis 1882) Ancienne cathédrale (jusqu'en 1801)"", 'rattachement': ""Archidiocèse d'Aix-en-Provence"", 'début de la construction': 'XII e siècle', 'fin des travaux': 'XV e siècle', 'style dominant': 'Roman Gothique (chevet du XV e siècle)', 'protection': 'Classée\xa0MH ( 1840 , 1846 , 1943 ) Patrimoine mondial ( 1981 )', 'site web': ""Paroisse catholique d'Arles"", 'pays': 'France', 'région': ""Provence-Alpes-Côte d'Azur"", 'département': 'Bouches-du-Rhône', 'ville': 'Arles', 'coordonnées': '43°\xa040′\xa036″\xa0nord, 4°\xa037′\xa041″\xa0est'}",,700,1500,False,False,original_kept,original_kept,,False,,missing,,missing,"Gothic architecture (c. 1140–1600), Romanesque architecture (c. 1000–1200)"
102809767.0,Cathédrale Notre-Dame,Chartres,fr,48.44783667,1.487859158,1134,1260,126.0,1100–1299,7307.69506,37.0,270384.71722,270384.71722,True,True,3.0,True,True,False,False,False,858.0,1134.0,1,0,1,0,858;1020;1134,fr.wikipedia.org/wiki/Cathédrale_Notre-Dame_de_Chartres,http://www.openstreetmap.org/way/102809767,mary (700),"damaged by vikings (858), conflagration (1020), fire (1134)",https://fr.wikipedia.org/wiki/Cathédrale_Notre-Dame_de_Chartres,Q180274,classic gothic,wikidata_p149,,missing,,,,,,,,,,False,,,"{'culte': 'Catholique', 'dédicataire': 'Vierge Marie', 'type': 'Culturel', 'rattachement': 'Diocèse de Chartres (siège)', 'début de la construction': '1194', 'fin des travaux': '1230', 'architecte': 'Maître de Chartres ( d )', 'style dominant': 'Gothique classique', 'protection': 'Classée\xa0MH ( 1862 )', 'site web': 'www.cathedrale-chartres.org', 'pays': 'France', 'région': 'Centre-Val de Loire', 'province historique': 'Orléanais', 'département': 'Eure-et-Loir', 'ville': 'Chartres', 'coordonnées': '48°\xa026′\xa050″\xa0nord, 1°\xa029′\xa015″\xa0est', 'nom du bien': 'Cathédrale de Chartres', 'numéro d’identification': '81', 'année d’inscription': '1979 ( 3 e session )', 'critères': '(i) ( d ) , (ii) ( d ) et (iv) ( d )', 'superficie': '1,06 ha', 'zone tampon': '62,41 ha'}",,1134,1260,False,False,original_kept,original_kept,,False,113.0,original_kept,10600.0,original_kept,classic gothic (c. 1140–1600)
105137673.0,Cattedrale di San Lorenzo,Trapani,it,38.01599489,12.50786488,1421,1801,395.0,900–1099,,,,,True,True,,,,,,,,,0,0,0,0,,it.wikipedia.org/wiki/Cattedrale_di_San_Lorenzo_(Trapani),http://www.openstreetmap.org/way/105137673,,,https://it.wikipedia.org/wiki/Cattedrale_di_San_Lorenzo_(Trapani),Q1736220,baroque architecture,wikidata_p149,,missing,,,1421,1801,inizio costruzione,completamento,,,,False,1421,1801,"{'stato': 'Italia', 'regione': 'Sicilia', 'località': 'Trapani', 'coordinate': '38°00′57.53″N 12°30′28.37″E 38°00′57.53″N , 12°30′28.37″E', 'religione': 'cattolica di rito romano', 'titolare': 'San Lorenzo', 'diocesi': 'Trapani', 'stile architettonico': 'architettura barocca , neoclassico', 'inizio costruzione': '1421', 'completamento': '1801', 'sito web': 'Sito della parrocchia'}",,1080,1475,True,True,wikipedia_final_replaced,wikipedia_final_replaced,,False,,missing,,missing,baroque architecture (c. 1600–1750)
106241292.0,Cathédrale Saint-Pierre,Beauvais,fr,49.43257685,2.081518586,1225,1347,122.0,1100–1299,4072.0,67.2,,273638.4,True,True,1.0,False,True,False,False,False,1225.0,1225.0,1,0,1,0,1225,fr.wikipedia.org/wiki/Cathédrale_Saint-Pierre_de_Beauvais,http://www.openstreetmap.org/way/106241292,st peter (900),fire (1225),https://fr.wikipedia.org/wiki/Cathédrale_Saint-Pierre_de_Beauvais,Q513300,Rayonnant,wikidata_p149,limestone,wikidata_p186,,limestone,,,,,,,,False,,,"{'culte': 'Catholique romain', 'dédicataire': 'Saint Pierre', 'type': 'Cathédrale', 'rattachement': 'Diocèse de Beauvais, Noyon et Senlis (siège)', 'début de la construction': '1225', 'fin des travaux': '1569', 'architecte': 'Martin Chambiges', 'style dominant': 'Gothique Flamboyant', 'protection': 'Classée\xa0MH ( 1840 )', 'site web': 'Site de la cathédrale', 'pays': 'France', 'province': 'Picardie', 'région': 'Hauts-de-France', 'département': 'Oise', 'ville': 'Beauvais', 'coordonnées': '49°\xa025′\xa057″\xa0nord, 2°\xa004′\xa053″\xa0est'}",,1225,1347,False,False,original_kept,original_kept,,False,67.2,wikidata_p2048_filled_missing,,original_kept,Rayonnant (c. 1230–1350)
110679251.0,Cattedrale di San Giovanni Battista,Torino,it,45.07333118,7.685426184,1491,1498,908.0,700–899,,,,,True,True,,,,,,,,,0,0,0,0,,it.wikipedia.org/wiki/Duomo_di_Torino,http://www.openstreetmap.org/way/110679251,,,https://it.wikipedia.org/wiki/Duomo_di_Torino,Q958699,"Renaissance architecture, baroque architecture",wikidata_p149,,missing,,,1491,1498,inizio costruzione,completamento,1649,,,False,1491,1498,"{'stato': 'Italia', 'regione': 'Piemonte', 'località': 'Torino', 'indirizzo': 'Piazza San Giovanni', 'coordinate': '45°04′24.2″N 7°41′06.8″E 45°04′24.2″N , 7°41′06.8″E', 'religione': 'cattolica di rito romano', 'titolare': 'San Giovanni Battista', 'arcidiocesi': 'Torino', 'consacrazione': '1505', 'architetto': 'Amedeo de Francisco da Settignano , detto anche Meo del Caprino', 'stile architettonico': 'rinascimentale , barocco', 'inizio costruzione': '1491', 'completamento': '1498'}",earliest:risale al 1649  | earliest:risale al 1649 ,590,1498,True,False,wikipedia_final_replaced,original_kept,,False,,missing,,missing,"Renaissance architecture (c. 1400–1600), baroque architecture (c. 1600–1750)"
11120487.0,Cattedrale di San Ciriaco,Ancona,it,43.62535006,13.51018181,500,1300,750.0,700–899,,,,,True,True,,,,,,,,,0,0,0,0,,it.wikipedia.org/wiki/Duomo_di_Ancona,http://www.openstreetmap.org/way/11120487,,,https://it.wikipedia.org/wiki/Duomo_di_Ancona,Q52861,Romanesque architecture,wikidata_p149,,missing,,,996,1300,inizio costruzione,completamento,500,1920,,True,500,1300,"{'stato': 'Italia', 'regione': 'Marche', 'località': 'Ancona', 'indirizzo': 'piazzale del Duomo - Ancona', 'coordinate': '43°37′30.87″N 13°30′35.7″E 43°37′30.87″N , 13°30′35.7″E', 'religione': 'cattolica di rito romano', 'titolare': 'San Ciriaco', 'arcidiocesi': 'Ancona-Osimo', 'consacrazione': 'intorno al 999', 'stile architettonico': 'romanico - bizantino', 'inizio costruzione': '996 (ampliamento della precedente basilica del VI secolo)', 'completamento': 'XIII secolo'}",earliest:risale al vi secolo  | earliest:risale al vi secolo  | current_start:ricostruita nel 1920,500,1250,False,True,original_kept,wikipedia_final_replaced,,False,,missing,,missing,Romanesque architecture (c. 1000–1200)
112060042.0,Basilique-Cathédrale Saint-Étienne,Meaux,fr,48.96021212,2.878918744,1175,1540,365.0,1100–1299,3938.0,31.0,122078.0,122078.0,True,True,,,,,,,,,0,0,0,0,,fr.wikipedia.org/wiki/Cathédrale_Saint-Étienne_de_Meaux,http://www.openstreetmap.org/way/112060042,st stephen (1000),no (N/A),https://fr.wikipedia.org/wiki/Cathédrale_Saint-Étienne_de_Meaux,Q586471,Gothic architecture,wikidata_p149,,missing,,,,,,,,,,False,,,"{'culte': 'Culte catholique', 'dédicataire': 'Étienne (martyr)', 'type': 'Cathédrale et basilique mineure', 'rattachement': 'Diocèse de Meaux', 'début de la construction': '1175', 'fin des travaux': '1540', 'style dominant': 'Architecture gothique', 'protection': 'Classée\xa0MH ( 1840 )', 'site web': 'https://cathomeaux.fr/wordpress/', 'pays': 'France', 'région': 'Île-de-France', 'province historique': 'Champagne', 'département': 'Seine-et-Marne', 'ville': 'Meaux', 'coordonnées': '48°\xa057′\xa036″\xa0nord, 2°\xa052′\xa044″\xa0est'}",,1175,1540,False,False,original_kept,original_kept,,False,68.0,original_kept,,original_kept,Gothic architecture (c. 1140–1600)
113037532.0,Cathédrale Saint-Étienne,Chalons-sur-Marne (Châlons-en-Champagne),fr,48.95509966,4.357675389,1240,1500,260.0,1100–1299,3065.0,27.0,82755.0,82755.0,True,True,2.0,True,True,False,False,False,880.0,1138.0,0,0,0,0,880;1138,fr.wikipedia.org/wiki/Cathédrale_Saint-Étienne_de_Châlons,http://www.openstreetmap.org/way/113037532,st stephen (700),"damaged by vikings (880), fire (1138)",https://fr.wikipedia.org/wiki/Cathédrale_Saint-Étienne_de_Châlons,Q998451,Gothic architecture,wikidata_p149,,missing,,,,,,,,,,False,,,"{'culte': 'Catholique', 'dédicataire': 'Saint Étienne', 'type': 'Cathédrale', 'rattachement': 'Diocèse de Châlons-en-Champagne', 'début de la construction': 'XII e siècle', 'fin des travaux': 'XVII e siècle', 'style dominant': 'Roman - Gothique', 'protection': 'Classée\xa0MH ( 1862 )', 'site web': 'Paroisse saint Étienne de Châlons centre', 'pays': 'France', 'région': 'Grand Est', 'département': 'Marne', 'ville': 'Châlons-en-Champagne', 'coordonnées': '48°\xa057′\xa018″\xa0nord, 4°\xa021′\xa028″\xa0est'}",,1240,1500,False,False,original_kept,original_kept,,False,,original_kept,,original_kept,Gothic architecture (c. 1140–1600)
114671173.0,Cattedrale di Santa Maria Assunta,Rieti,it,42.40214351,12.85894997,200,1300,725.0,700–899,,,,,True,True,,,,,,,,,0,0,0,0,,it.wikipedia.org/wiki/Cattedrale_di_Santa_Maria_Assunta_(Rieti),http://www.openstreetmap.org/way/114671173,,,https://it.wikipedia.org/wiki/Cattedrale_di_Santa_Maria_Assunta_(Rieti),,,missing,,missing,,,1109,1300,inizio costruzione,completamento,200,,,False,200,1300,"{'stato': 'Italia', 'regione': 'Lazio', 'località': 'Rieti', 'indirizzo': 'Piazza Cesare Battisti - Rieti', 'coordinate': '42°24′07.6″N 12°51′32.44″E 42°24′07.6″N , 12°51′32.44″E', 'religione': 'cattolica di rito romano', 'titolare': 'Maria', 'diocesi': 'Rieti', 'consacrazione': 'Basilica inferiore (cripta): 1º settembre 1157 Basilica superiore: 9 settembre 1225 [ 1 ]', 'stile architettonico': 'romanico (esterno e cripta) barocco (interno)', 'inizio costruzione': '1109', 'completamento': 'XIII secolo', 'sito web': 'cattedrale.chiesadirieti.it'}",earliest:risale al ii / iii secolo  | earliest:risale al 1458 il portico che collega il battistero al duomo | earliest:risale al ii / iii secolo  | earliest:risale al 1458 il portico che collega il battistero al duomo,500,1225,True,True,wikipedia_final_replaced,wikipedia_final_replaced,,False,,missing,,missing,
116991409.0,Cathédrale Saint-Maurice,Vienne (Vienne (Isère)),fr,45.5241978,4.873262272,700,1527,827.0,700–899,,,,,True,True,,,,,,,,,0,0,0,0,,fr.wikipedia.org/wiki/Cathédrale_Saint-Maurice_de_Vienne,http://www.openstreetmap.org/way/116991409,st maurice (700),no (N/A),https://fr.wikipedia.org/wiki/Cathédrale_Saint-Maurice_de_Vienne,Q1410336,Romanesque architecture,wikidata_p149,,missing,,,,,,,,,,False,,,"{'culte': 'Culte catholique', 'dédicataire': ""Maurice d'Agaune"", 'type': 'Cocathédrale et église paroissiale (depuis 1801)', 'rattachement': 'Diocèse de Grenoble-Vienne', 'début de la construction': 'XII e siècle', 'fin des travaux': 'XVI e siècle', 'style dominant': 'Architectures romane et gothique', 'protection': 'Classée\xa0MH ( 1840 )', 'site web': 'https://www.cathedraledevienne.fr/', 'pays': 'France', 'région': 'Rhône-Alpes', 'département': 'Isère', 'ville': 'Vienne', 'coordonnées': '45°\xa031′\xa027″\xa0nord, 4°\xa052′\xa023″\xa0est'}",,700,1527,False,False,original_kept,original_kept,,False,,missing,,missing,Romanesque architecture (c. 1000–1200)
120545484.0,Cathédrale Saint-Théodorit,Uzes (Uzès),fr,44.01214948,4.42239479,1090,1120,30.0,900–1099,,,,,True,True,,,,,,,,,0,0,0,0,,fr.wikipedia.org/wiki/Cathédrale_Saint-Théodorit_d'Uzès,http://www.openstreetmap.org/way/120545484,st theodorit (1090),no (N/A),https://fr.wikipedia.org/wiki/Cathédrale_Saint-Théodorit_d'Uzès,Q2315733,classical architecture,wikidata_p149,,missing,,,,,,,,,,False,,,"{'culte': 'Catholique', 'dédicataire': 'Saint Théodorit [ 1 ]', 'type': 'Ancienne cathédrale église paroissiale depuis 1801', 'rattachement': 'Diocèse de Nîmes, Uzès et Alès depuis 1801', 'début de la construction': 'XII e siècle', 'fin des travaux': 'XIX e siècle', 'style dominant': 'Classique Vestiges romans (tour)', 'protection': 'Classée\xa0MH ( 1862 , 1963 )', 'site web': 'Ensemble paroissial d’Uzès – Diocèse de Nîmes', 'pays': 'France', 'région': 'Occitanie', 'département': 'Gard', 'ville': 'Uzès', 'coordonnées': '44°\xa000′\xa043″\xa0nord, 4°\xa025′\xa020″\xa0est [ 2 ]'}",,1090,1120,False,False,original_kept,original_kept,,False,,missing,,missing,classical architecture
120661948.0,Duomo,Cosenza,it,39.28886231,16.26018714,1000,1200,622.0,700–899,,,,,True,True,1.0,False,False,True,False,False,1184.0,1184.0,1,0,0,1,1184,it.wikipedia.org/wiki/Duomo_di_Cosenza,http://www.openstreetmap.org/way/120661948,,,https://it.wikipedia.org/wiki/Duomo_di_Cosenza,Q2942650,Romanesque architecture,wikidata_p149,,missing,,,1000,1200,inizio costruzione,completamento,,,,False,1000,1200,"{'stato': 'Italia', 'regione': 'Calabria', 'località': 'Cosenza', 'coordinate': '39°17′20.22″N 16°15′35.74″E 39°17′20.22″N , 16°15′35.74″E', 'religione': 'cattolica di rito romano', 'titolare': 'Santa Maria Assunta', 'arcidiocesi': 'Cosenza-Bisignano', 'consacrazione': '1222', 'stile architettonico': 'romanico , gotico , barocco', 'inizio costruzione': 'XI secolo', 'completamento': 'XII secolo', 'sito web': 'Sito ufficiale'}",,600,1222,True,True,wikipedia_final_replaced,wikipedia_final_replaced,,False,,missing,,missing,Romanesque architecture (c. 1000–1200)
121570436.0,Cathédrale Saint-Vincent,Chalon-sur-saone (Chalon-sur-Saône),fr,46.78249843,4.859067628,1090,1520,430.0,900–1099,2334.0,24.0,56016.0,56016.0,True,True,1.0,True,False,False,False,False,790.0,790.0,0,0,0,0,790,fr.wikipedia.org/wiki/Cathédrale_Saint-Vincent_de_Chalon-sur-Saône,http://www.openstreetmap.org/way/121570436,st vincent (700),destroyed by saracens (790),https://fr.wikipedia.org/wiki/Cathédrale_Saint-Vincent_de_Chalon-sur-Saône,Q2942458,Gothic architecture,wikidata_p149,,missing,,,,,,,,,,False,,,"{'culte': 'Catholique', 'dédicataire': 'Saint Vincent', 'type': ""Église paroissiale Ancienne cathédrale (jusqu'en 1790)"", 'rattachement': ""Diocèse d'Autun, Chalon et Mâcon"", 'début de la construction': 'XI e siècle', 'fin des travaux': 'XVI e siècle XIX e siècle (façade)', 'style dominant': 'Roman , gothique et néo-gothique', 'protection': 'Classée\xa0MH ( 1903 , 1991 ) [ 1 ]', 'site web': 'Paroisse Saint-Just de Bretenières', 'pays': 'France', 'région': 'Bourgogne-Franche-Comté', 'département': 'Saône-et-Loire', 'ville': 'Chalon-sur-Saône', 'coordonnées': '46°\xa046′\xa057″\xa0nord, 4°\xa051′\xa033″\xa0est'}",,1090,1520,False,False,original_kept,original_kept,,False,,original_kept,,original_kept,Gothic architecture (c. 1140–1600)
122321225.0,Cathédrale Notre-Dame-de-la-Sède,Tarbes,fr,43.233818,0.0689254662362214,1100,1400,300.0,1100–1299,,,,,True,True,,,,,,,,,0,0,0,0,,fr.wikipedia.org/wiki/Cathédrale_Notre-Dame-de-la-Sède_de_Tarbes,http://www.openstreetmap.org/way/122321225,mary (1100),no (N/A),https://fr.wikipedia.org/wiki/Cathédrale_Notre-Dame-de-la-Sède_de_Tarbes,Q1104681,Gothic architecture,wikidata_p149,,missing,,,,,,,,,,False,,,"{'culte': 'Catholique romain', 'dédicataire': 'Notre-Dame', 'type': 'Cathédrale', 'rattachement': 'Diocèse de Tarbes et Lourdes', 'protection': 'Classée\xa0MH ( 1906 )', 'site web': 'Fraternités apostoliques de Jérusalem | Ensemble paroissial de la cathédrale de Tarbes', 'pays': 'France', 'région': 'Occitanie', 'département': 'Hautes-Pyrénées', 'ville': 'Tarbes', 'coordonnées': '43°\xa014′\xa001″\xa0nord, 0°\xa004′\xa008″\xa0est'}",,1100,1400,False,False,original_kept,original_kept,,False,,missing,,missing,Gothic architecture (c. 1140–1600)
122385636.0,Bamberger Dom,Bamberg,de,49.89070633,10.88250357,950,1237,287.0,900–1099,,,,,True,True,1.0,False,True,False,False,False,1081.0,1081.0,1,0,1,0,1081,de.wikipedia.org/wiki/Bamberger_Dom,http://www.openstreetmap.org/way/122385636,"st peter (950), st george (950)",partly damaged by fire (1081),https://de.wikipedia.org/wiki/Bamberger_Dom,Q5924,Romanesque architecture,wikidata_p149,,missing,,,,,,,,,,False,,,{},,950,1237,False,False,original_kept,original_kept,,False,,missing,,missing,Romanesque architecture (c. 1000–1200)
122630414.0,Cattedrale di San Lorenzo,Perugia,it,43.1124587,12.38895703,1345,1490,690.0,700–899,,,,,True,True,,,,,,,,,0,0,0,0,,it.wikipedia.org/wiki/Cattedrale_di_San_Lorenzo_(Perugia),http://www.openstreetmap.org/way/122630414,,,https://it.wikipedia.org/wiki/Cattedrale_di_San_Lorenzo_(Perugia),Q1132503,Gothic architecture,wikidata_p149,,missing,,,1345,1490,inizio costruzione,completamento,,,1800,False,1345,1490,"{'stato': 'Italia', 'regione': 'Umbria', 'località': 'Perugia', 'indirizzo': 'Piazza IV Novembre, 06123, Perugia', 'coordinate': '43°06′45″N 12°23′20″E 43°06′45″N , 12°23′20″E', 'religione': 'cattolica di rito romano', 'titolare': 'Lorenzo martire', 'arcidiocesi': 'Perugia-Città della Pieve', 'consacrazione': '1569', 'architetto': 'Fra Bevignate', 'stile architettonico': 'gotico , rinascimentale , barocco (portale)', 'inizio costruzione': '20 agosto 1345', 'completamento': '1490', 'sito web': 'www.cattedrale.perugia.it/'}",current_end:completata nel 1490 | current_end:completata nel diciottesimo secolo con l'aggiunta di pitture,800,1490,True,False,wikipedia_final_replaced,original_kept,,False,,missing,,missing,Gothic architecture (c. 1140–1600)
122982019.0,Cattedrale di Santa Maria Assunta (Duomo),Napoli,it,40.85264368,14.25983409,1200,2000,975.0,700–899,,,,,True,False,2.0,False,False,True,False,True,1349.0,1450.0,2,0,0,1,1349;1450,it.wikipedia.org/wiki/Duomo_di_Napoli,http://www.openstreetmap.org/way/122982019,,,https://it.wikipedia.org/wiki/Duomo_di_Napoli,Q256486,Gothic architecture,wikidata_p149,,missing,,,1200,2000,inizio costruzione,completamento,2009,,,False,1200,2000,"{'stato': 'Italia', 'regione': 'Campania', 'località': 'Napoli', 'coordinate': '40°51′09.05″N 14°15′34.38″E 40°51′09.05″N , 14°15′34.38″E', 'religione': 'cattolica di rito romano', 'titolare': 'Santa Maria Assunta', 'arcidiocesi': 'Napoli', 'consacrazione': 'XIII secolo', 'fondatore': 'Carlo II di Napoli', 'stile architettonico': 'Gotico , rinascimentale , barocco , neogotico', 'inizio costruzione': 'XIII secolo', 'completamento': 'completata in età medievale (subì successive aggiunte fino al XX secolo)', 'sito web': 'duomonapoli.it/'}",earliest:risale al radicale intervento di restauro del 2009 condotto da ponziano bevilacqua) | earliest:risale al radicale intervento di restauro del 2009 condotto da ponziano bevilacqua),500,1475,True,True,wikipedia_final_replaced,wikipedia_final_replaced,,False,,missing,,missing,Gothic architecture (c. 1140–1600)
124226786.0,Cathédrale Saint-Lazare,Autun,fr,46.94502232,4.299053925,700,1469,769.0,700–899,,,,,True,True,,,,,,,,,0,0,0,0,,fr.wikipedia.org/wiki/Cathédrale_Saint-Lazare_d'Autun,http://www.openstreetmap.org/way/124226786,"st nazaire (700), st lazarus (1120)",no (N/A),https://fr.wikipedia.org/wiki/Cathédrale_Saint-Lazare_d'Autun,Q611944,Romanesque architecture,wikidata_p149,,missing,,,,,,,,,,False,,,"{'culte': 'Catholique', 'dédicataire': 'Saint Lazare', 'type': 'Cathédrale', 'rattachement': ""Diocèse d'Autun (siège)"", 'début de la construction': '1120', 'fin des travaux': '1146 Modifications importantes aux XIII e et XV e siècles', 'style dominant': 'Roman Gothique', 'protection': 'Classée\xa0MH ( 1840 )', 'site web': 'Autun, Art et Histoire', 'pays': 'France', 'région': 'Bourgogne-Franche-Comté', 'département': 'Saône-et-Loire', 'ville': 'Autun', 'coordonnées': '46°\xa056′\xa042″\xa0nord, 4°\xa017′\xa057″\xa0est'}",,700,1469,False,False,original_kept,original_kept,,False,,missing,,missing,Romanesque architecture (c. 1000–1200)
126627387.0,Cattedrale di Santa Maria Assunta,Asti,it,44.90071075,8.197932951,1266,1470,820.0,700–899,,,,,True,True,1.0,False,True,False,False,False,1070.0,1070.0,1,0,1,0,1070,it.wikipedia.org/wiki/Cattedrale_di_Santa_Maria_Assunta_(Asti),http://www.openstreetmap.org/way/126627387,,,https://it.wikipedia.org/wiki/Cattedrale_di_Santa_Maria_Assunta_(Asti),Q2942518,Gothic architecture,wikidata_p149,,missing,,,1266,1470,inizio costruzione,completamento,1266,,,False,1266,1470,"{'stato': 'Italia', 'regione': 'Piemonte', 'località': 'Asti', 'indirizzo': 'Via San Giovanni, 8', 'coordinate': '44°54′02.52″N 8°11′52.51″E 44°54′02.52″N , 8°11′52.51″E', 'religione': 'Cattolica', 'titolare': 'Santa Maria Assunta', 'diocesi': 'Asti', 'consacrazione': '1096', 'architetto': '-', 'stile architettonico': 'gotico', 'inizio costruzione': '1266 (chiesa attuale)', 'completamento': '1470'}",earliest:risale al 1266 ed è stato ritoccato nel xviii secolo  | earliest:risale al 1266 ed è stato ritoccato nel xviii secolo ,500,1320,True,True,wikipedia_final_replaced,wikipedia_final_replaced,,False,,missing,,missing,Gothic architecture (c. 1140–1600)
126915366.0,Cathédrale Saint-Maurice,Angers,fr,47.47055695,-0.554948309025218,1143,1240,97.0,1100–1299,3217.0,25.0,80425.0,80425.0,True,True,1.0,False,True,False,False,False,1032.0,1032.0,0,0,0,0,1032,fr.wikipedia.org/wiki/Cathédrale_Saint-Maurice_d'Angers,http://www.openstreetmap.org/way/126915366,st maurice (700),fire (1032),https://fr.wikipedia.org/wiki/Cathédrale_Saint-Maurice_d'Angers,,,missing,,missing,,,,,,,,,,False,,,"{'culte': 'Catholique', 'dédicataire': ""Maurice d'Agaune"", 'type': 'Cathédrale', 'rattachement': ""Diocèse d'Angers (siège)"", 'début de la construction': 'XII e siècle', 'fin des travaux': 'XIII e siècle', 'style dominant': 'Styles roman et gothique angevin', 'protection': 'Classée\xa0MH ( 1862 )', 'site web': 'https://cathedralestmauricenotredame.diocese49.org/', 'pays': 'France', 'région': 'Pays de la Loire', 'département': 'Maine-et-Loire', 'ville': 'Angers', 'coordonnées': '47°\xa028′\xa014″\xa0nord, 0°\xa033′\xa018″\xa0ouest'}",,1143,1240,False,False,original_kept,original_kept,,False,,original_kept,,original_kept,
1270298.0,Cathédrale Saint-Véran,Cavaillon,fr,43.83619958,5.036320518,1000,1400,400.0,900–1099,,,,,True,True,,,,,,,,,0,0,0,0,,https://fr.wikipedia.org/wiki/Cath%C3%A9drale_Notre-Dame-et-Saint-V%C3%A9ran_de_Cavaillon,http://www.openstreetmap.org/relation/1270298,"mary (1000), st peter (1000), st veran (128)",no (N/A),https://fr.wikipedia.org/wiki/Cath%C3%A9drale_Notre-Dame-et-Saint-V%C3%A9ran_de_Cavaillon,Q2942279,Romanesque architecture,wikidata_p149,,missing,,,,,,,,,,False,,,"{'culte': 'Catholique', 'dédicataire': 'Notre-Dame et Saint Véran de Cavaillon', 'type': ""Église paroissiale Ancienne cathédrale (jusqu'en 1802)"", 'rattachement': ""Archidiocèse d'Avignon"", 'début de la construction': 'XII e siècle', 'fin des travaux': 'XVIII e siècle', 'style dominant': 'Roman', 'protection': 'Classée\xa0MH ( 1840 )', 'site web': 'Paroisses de Cavaillon-Les Vignères et de Cheval-Blanc', 'pays': 'France', 'région': ""Provence-Alpes-Côte d'Azur"", 'département': 'Vaucluse', 'ville': 'Cavaillon', 'coordonnées': '43°\xa050′\xa011″\xa0nord, 5°\xa002′\xa010″\xa0est'}",,1000,1400,False,False,original_kept,original_kept,,False,,missing,,missing,Romanesque architecture (c. 1000–1200)
127522925.0,Cathédrale-Basilique Saint-Cyr et Sainte-Julitte,Nevers,fr,46.98716934,3.157253339,700,1331,631.0,700–899,,,,,True,True,,,,,,,,,0,0,0,0,,fr.wikipedia.org/wiki/Cathédrale_Saint-Cyr-et-Sainte-Julitte_de_Nevers,http://www.openstreetmap.org/way/127522925,"st cyr (700), st julitte (700)",no (N/A),https://fr.wikipedia.org/wiki/Cathédrale_Saint-Cyr-et-Sainte-Julitte_de_Nevers,Q571282,Gothic architecture,wikidata_p149,,missing,,,,,,,,,,False,,,"{'culte': 'Église catholique', 'dédicataire': 'Saint Cyr et Sainte Julitte', 'type': 'Cathédrale Basilique (depuis 1847)', 'rattachement': 'Diocèse de Nevers (siège)', 'début de la construction': 'X e siècle', 'fin des travaux': 'XVI e siècle', 'style dominant': 'Roman (chœur) Gothique (nef)', 'protection': 'Classée\xa0MH ( 1862 )', 'site web': 'Paroisse de la Sainte Famille', 'pays': 'France', 'région': 'Bourgogne-Franche-Comté', 'département': 'Nièvre', 'ville': 'Nevers', 'coordonnées': '46°\xa059′\xa014″\xa0nord, 3°\xa009′\xa026″\xa0est'}",,700,1331,False,False,original_kept,original_kept,,False,,missing,,missing,Gothic architecture (c. 1140–1600)
128914739.0,Cathedral Church of St Machar,Aberdeen,uk,57.16982044,-2.102380828,1130,1530,400.0,1100–1299,,,,,True,True,,,,,,,,,0,0,0,0,,en.wikipedia.org/wiki/St_Machar%27s_Cathedral,http://www.openstreetmap.org/way/128914739,st machar (1130),no (N/A),https://en.wikipedia.org/wiki/St_Machar%27s_Cathedral,Q2380110,Gothic art,wikidata_p149,,missing,,,,,,,,,,False,,,"{'location': 'The Chanonry, Old Aberdeen, Aberdeen AB24 1RQ', 'country': 'Scotland', 'denomination': 'Church of Scotland', 'previous denomination': 'Roman Catholic', 'churchmanship': 'Presbyterian', 'website': '[1]', 'dedication': 'St Machar', 'official name': ""St Machar's Cathedral and graveyard"", 'designated': '31 December 1921', 'reference\xa0no.': 'SM90001', 'type': 'Ecclesiastical: cathedral'}",,1130,1530,False,False,original_kept,original_kept,,False,,missing,,missing,Gothic art (c. 1140–1600)
129510589.0,Cattedrale di Santa Maria Assunta,Pesaro,it,43.9109391,12.91468331,1100,2000,712.0,700–899,,,,,True,True,,,,,,,,,0,0,0,0,,it.wikipedia.org/wiki/Cattedrale_di_Santa_Maria_Assunta_(Pesaro),http://www.openstreetmap.org/way/129510589,,,https://it.wikipedia.org/wiki/Cattedrale_di_Santa_Maria_Assunta_(Pesaro),Q2942750,Romanesque architecture,wikidata_p149,,missing,,,1100,2000,inizio costruzione,completamento,1282,,,False,1100,2000,"{'stato': 'Italia', 'regione': 'Marche', 'località': 'Pesaro', 'coordinate': '43°54′39.49″N 12°54′52.78″E 43°54′39.49″N , 12°54′52.78″E', 'religione': 'cattolica di rito romano', 'titolare': 'Santa Maria Assunta', 'arcidiocesi': 'Pesaro', 'stile architettonico': 'romanico , neoclassico', 'inizio costruzione': 'XII secolo', 'completamento': 'XX secolo', 'sito web': 'www.domuspesaro.it'}",earliest:risale al 1282 - 1312  | earliest:risale al 1282 - 1312 ,600,1312,True,True,wikipedia_final_replaced,wikipedia_final_replaced,,False,,missing,,missing,Romanesque architecture (c. 1000–1200)
130311744.0,Église Saint-Pierre,Lisieux,fr,49.14654584,0.226886638440973,700,1230,530.0,700–899,,,,,True,True,,,,,,,,,0,0,0,0,,fr.wikipedia.org/wiki/Cathédrale_Saint-Pierre_de_Lisieux,http://www.openstreetmap.org/way/130311744,st peter (700),no (N/A),https://fr.wikipedia.org/wiki/Cathédrale_Saint-Pierre_de_Lisieux,Q584590,Gothic architecture,wikidata_p149,,missing,,,,,,,,,,False,,,"{'culte': 'Catholique romain', 'dédicataire': 'Saint Pierre', 'type': 'Cathédrale', 'rattachement': 'Diocèse de Bayeux et Lisieux', 'début de la construction': 'vers 1170', 'fin des travaux': 'vers 1230', 'style dominant': 'gothique', 'protection': 'Classée\xa0MH ( 1840 ) [ 1 ]', 'site web': ""Paroisse de Lisieux | Saint-Paul en Vallée d'Auge"", 'pays': 'France', 'région': 'Normandie', 'département': 'Calvados', 'ville': 'Lisieux', 'coordonnées': '49°\xa008′\xa048″\xa0nord, 0°\xa013′\xa037″\xa0est'}",,700,1230,False,False,original_kept,original_kept,,False,,missing,,missing,Gothic architecture (c. 1140–1600)
130823172.0,Cathédrale Saint-Jean-Baptiste,Ales (Alès),fr,44.12355984,4.076632304,1100,1500,400.0,1100–1299,,,,,True,True,,,,,,,,,0,0,0,0,,fr.wikipedia.org/wiki/Cathédrale_Saint-Jean-Baptiste_d'Alès,http://www.openstreetmap.org/way/130823172,st john baptist (1100),no (N/A),https://fr.wikipedia.org/wiki/Cathédrale_Saint-Jean-Baptiste_d'Alès,Q597088,| classement =,wikipedia_infobox,,missing,,,,,,,,,,False,,,"{'culte': 'Catholique', 'dédicataire': 'Saint Jean Baptiste', 'type': ""Église paroissiale Ancienne cathédrale (jusqu'en 1801)"", 'rattachement': 'Diocèse de Nîmes', 'début de la construction': 'XVII e siècle', 'protection': 'Classée\xa0MH ( 1914 )', 'site web': 'Ensemble paroissial d’Alès Centre-Ville, Ste Bernadette, St Christol', 'pays': 'France', 'région': 'Occitanie', 'département': 'Gard', 'ville': 'Alès', 'coordonnées': '44°\xa007′\xa026″\xa0nord, 4°\xa004′\xa039″\xa0est'}",,1100,1500,False,False,original_kept,original_kept,,False,,missing,,missing,| classement =
131977001.0,Duomo di Padova,Padova (Padua),it,45.40652559,11.87127537,300,1754,880.0,700–899,,,,,True,True,2.0,True,False,True,False,False,900.0,1117.0,2,1,0,1,900;1117,it.wikipedia.org/wiki/Duomo_di_Padova,http://www.openstreetmap.org/way/131977001,,,https://it.wikipedia.org/wiki/Duomo_di_Padova,Q2407092,"Renaissance architecture, baroque architecture",wikidata_p149,,missing,,,300,1754,inizio costruzione,completamento,1100,,,False,300,1754,"{'stato': 'Italia', 'regione': 'Veneto', 'località': 'Padova', 'coordinate': '45°24′23.44″N 11°52′15.31″E 45°24′23.44″N , 11°52′15.31″E', 'religione': 'cattolica di rito romano', 'titolare': 'Maria Assunta', 'diocesi': 'Padova', 'consacrazione': '1754', 'stile architettonico': 'barocco , manierista', 'inizio costruzione': 'IV secolo', 'completamento': '1754 (incompiuta)', 'sito web': 'www.diocesipadova.it/'}",earliest:risale al xvi secolo e alla sua costruzione intervenne michelangelo buonarroti  | earliest:risale al xii secolo | earliest:risale al xvi secolo e alla sua costruzione intervenne michelangelo buonarroti  | earliest:risale al xii secolo,300,1180,False,True,original_kept,wikipedia_final_replaced,,False,,missing,,missing,"Renaissance architecture (c. 1400–1600), baroque architecture (c. 1600–1750)"
132077614.0,Cattedrale dei Santi Pietro e Marco,Alessandria,it,44.91196901,8.618487006,1807,1810,127.0,1100–1299,,,,,True,True,,,,,,,,,0,0,0,0,,it.wikipedia.org/wiki/Duomo_di_Alessandria,http://www.openstreetmap.org/way/132077614,,,https://it.wikipedia.org/wiki/Duomo_di_Alessandria,Q733472,Neoclassical architecture,wikidata_p149,,missing,,,1807,1810,inizio costruzione,completamento,,,,False,1807,1810,"{'stato': 'Italia', 'regione': 'Piemonte', 'località': 'Alessandria', 'coordinate': '44°54′43.5″N 8°37′04.63″E 44°54′43.5″N , 8°37′04.63″E', 'religione': 'Cristiana cattolica di rito romano', 'titolare': 'Pietro e Marco', 'diocesi': 'Alessandria', 'consacrazione': '4 luglio 1879', 'stile architettonico': 'neoclassico', 'inizio costruzione': 'XIII secolo ( chiesa di san Marco ) maggio 1807 ( ricostruzione a cattedrale )', 'completamento': 'novembre 1810', 'sito web': 'scheda informativa'}",,1170,1297,True,True,wikipedia_final_replaced,wikipedia_final_replaced,,False,,missing,,missing,Neoclassical architecture (c. 1750–1850)
132132649.0,Cathédrale Notre-Dame-de-l'Assomption,Bayeux,fr,49.27554097,-0.703521388853762,1040,1420,380.0,900–1099,3725.0,23.0,85675.0,85675.0,True,True,2.0,False,True,False,False,False,1015.0,1105.0,1,0,1,0,1015;1105,fr.wikipedia.org/wiki/Cathédrale_Notre-Dame_de_Bayeux,http://www.openstreetmap.org/way/132132649,mary (700),"fire (1015), fire (1105)",https://fr.wikipedia.org/wiki/Cathédrale_Notre-Dame_de_Bayeux,Q1636244,Gothic architecture,wikidata_p149,,missing,,,,,,,,,,False,,,"{'culte': 'Catholique romain', 'dédicataire': 'Notre-Dame', 'type': 'Cathédrale', 'rattachement': 'Diocèse de Bayeux et Lisieux (siège)', 'début de la construction': 'XI e siècle', 'fin des travaux': 'XV e siècle', 'style dominant': 'roman Gothique', 'protection': 'Classée\xa0MH ( 1862 )', 'site web': 'Cathédrale Notre Dame de l’Assomption - Les catholiques du Calvados', 'pays': 'France', 'région': 'Normandie', 'département': 'Calvados', 'ville': 'Bayeux', 'coordonnées': '49°\xa016′\xa032″\xa0nord, 0°\xa042′\xa012″\xa0ouest'}",,1040,1420,False,False,original_kept,original_kept,,False,76.6,original_kept,,original_kept,Gothic architecture (c. 1140–1600)
133271301.0,Cathédrale Saint-Nazaire,Beziers (Béziers),fr,43.34138524,3.209962599,1250,1450,200.0,1100–1299,3135.0,32.0,100320.0,100320.0,True,True,1.0,False,True,False,False,False,1209.0,1209.0,0,0,0,0,1209,fr.wikipedia.org/wiki/Cathédrale_Saint-Nazaire_de_Béziers,http://www.openstreetmap.org/way/133271301,st nazaire (700),fire (1209),https://fr.wikipedia.org/wiki/Cathédrale_Saint-Nazaire_de_Béziers,Q1736174,Gothic architecture,wikidata_p149,,missing,,,,,,,,,,False,,,"{'culte': 'Catholique', 'dédicataire': 'Saint Nazaire et saint Celse', 'type': ""Église paroissiale Ancienne cathédrale (jusqu'à la Révolution )"", 'rattachement': 'Archidiocèse de Montpellier', 'début de la construction': 'XIII e siècle', 'fin des travaux': 'XV e siècle', 'style dominant': 'Gothique', 'protection': 'Classée\xa0MH ( 1840 )', 'site web': 'Paroisse Cathédrale Saint Nazaire Coeur de Ville', 'pays': 'France', 'région': 'Occitanie', 'département': 'Hérault', 'ville': 'Béziers', 'coordonnées': '43°\xa020′\xa029″\xa0nord, 3°\xa012′\xa036″\xa0est'}",,1250,1450,False,False,original_kept,original_kept,,False,,original_kept,,original_kept,Gothic architecture (c. 1140–1600)
133498284.0,Duomo di Santa Maria Assunta,Urbino,it,43.72494534,12.63640483,1021,1700,583.0,900–1099,,,,,True,True,,,,,,,,,0,0,0,0,,it.wikipedia.org/wiki/Duomo_di_Urbino,http://www.openstreetmap.org/way/133498284,,,https://it.wikipedia.org/wiki/Duomo_di_Urbino,,,missing,,missing,,,1400,1700,inizio costruzione,completamento,1021,,,False,1021,1700,"{'stato': 'Italia', 'regione': 'Marche', 'località': 'Urbino', 'coordinate': '43°43′29.86″N 12°38′11.08″E 43°43′29.86″N , 12°38′11.08″E', 'religione': 'cattolica di rito romano', 'titolare': 'Santa Maria Assunta', 'arcidiocesi': ""Urbino-Urbania-Sant'Angelo in Vado"", 'consacrazione': '1534 [ 1 ]', 'architetto': 'Giuseppe Valadier', 'stile architettonico': 'neoclassico', 'inizio costruzione': 'anni ottanta del XV secolo [ 2 ]', 'completamento': 'Inizio XVII secolo'}",earliest:fondata nel 1021 ,1021,1604,False,True,original_kept,wikipedia_final_replaced,,False,,missing,,missing,
133776910.0,Cattedrale di San Florido,Citta di Castello (Città di Castello),it,43.45669598,12.23811913,600,1600,929.0,700–899,,,,,True,True,1.0,False,False,True,False,False,1493.0,1493.0,1,0,0,1,1493,it.wikipedia.org/wiki/Duomo_di_Città_di_Castello,http://www.openstreetmap.org/way/133776910,,,https://it.wikipedia.org/wiki/Duomo_di_Città_di_Castello,,,missing,,missing,,,600,1600,inizio costruzione,completamento,,,1032,False,600,1600,"{'stato': 'Italia', 'regione': 'Umbria', 'località': 'Città di Castello', 'coordinate': '43°27′24″N 12°14′17″E 43°27′24″N , 12°14′17″E', 'religione': 'Chiesa cattolica', 'titolare': ""San Florido di Città di Castello e sant' Amanzio da Città di Castello"", 'diocesi': 'Città di Castello', 'consacrazione': '22 agosto 1529', 'stile architettonico': 'Rinascimentale', 'inizio costruzione': 'VII secolo', 'completamento': 'XVI secolo'}",current_end:consacrata nel 1032 e dedicata a san florido,600,1529,False,True,original_kept,wikipedia_final_replaced,,False,,missing,,missing,
136200148.0,Primatiale Saint-Jean,Lyon,fr,45.7607184,4.827431529,1165,1332,167.0,1100–1299,3432.0,33.0,113256.0,113256.0,True,True,,,,,,,,,0,0,0,0,,fr.wikipedia.org/wiki/Primatiale_Saint-Jean_de_Lyon,http://www.openstreetmap.org/way/136200148,"st john baptist (700), st stephen (700)",no (N/A),https://fr.wikipedia.org/wiki/Primatiale_Saint-Jean_de_Lyon,Q1521,"Gothic architecture, Romanesque architecture",wikidata_p149,,missing,,,,,,,,,,False,,,"{'nom local': 'Cathédrale Saint-Jean', 'culte': 'Catholique romain ( rite lyonnais )', 'dédicataire': 'Saint Jean Baptiste , Saint Étienne', 'type': 'Cathédrale primatiale', 'rattachement': 'Archidiocèse de Lyon', 'début de la construction': '1175', 'fin des travaux': '1480', 'architecte': '… Jacques de Beaujeu (façade)', 'autres campagnes de travaux': 'Henri de Nivelle (vitraux) … Antoine-Marie Chenavard (rest.) Tony Desjardins (rest.) Paul Desjardins (rest.) Lucien Bégule (vitraux)', 'style dominant': 'roman gothique', 'protection': 'Classée\xa0MH ( 1862 ) [ 1 ] Patrimoine mondial ( 1998 , 2011 , au titre du Site historique de Lyon) [ 2 ]', 'site web': 'Paroisse de la Cathédrale de Lyon', 'pays': 'France', 'région': 'Auvergne-Rhône-Alpes', 'département': 'Métropole de Lyon', 'commune': 'Lyon', 'arrondissement': '5 e', 'coordonnées': '45°\xa045′\xa039″\xa0nord, 4°\xa049′\xa038″\xa0est [ 3 ]'}",,1165,1332,False,False,original_kept,original_kept,,False,44.0,original_kept,,original_kept,"Gothic architecture (c. 1140–1600), Romanesque architecture (c. 1000–1200)"
136636672.0,Cathédrale Saint-Pierre,Saintes,fr,45.74452141,-0.632007430930527,700,1700,1000.0,700–899,,,,,True,False,2.0,False,True,False,False,True,990.0,1420.0,2,0,1,0,990;1420,fr.wikipedia.org/wiki/Cathédrale_Saint-Pierre_de_Saintes,http://www.openstreetmap.org/way/136636672,st peter (700),"fire (990), partial collapse (1420)",https://fr.wikipedia.org/wiki/Cathédrale_Saint-Pierre_de_Saintes,Q2942437,Gothic architecture,wikidata_p149,,missing,,,,,,,,,,False,,,"{'culte': 'Catholique romain', 'dédicataire': 'Saint Pierre', 'type': 'Cathédrale', 'rattachement': 'Diocèse de La Rochelle et Saintes', 'début de la construction': 'XII e siècle', 'fin des travaux': 'XVII e siècle', 'style dominant': 'Gothique flamboyant', 'protection': 'Classée\xa0MH ( 1862 , Cathédrale ) Classé\xa0MH ( 1937 , Cloître )', 'site web': 'Paroisses de Saintes | Église catholique en Charente-Maritime', 'pays': 'France', 'région': 'Nouvelle-Aquitaine', 'département': 'Charente-Maritime', 'ville': 'Saintes', 'coordonnées': '45°\xa044′\xa040″\xa0nord, 0°\xa037′\xa055″\xa0ouest'}",,700,1700,False,False,original_kept,original_kept,,False,,missing,,missing,Gothic architecture (c. 1140–1600)
137472252.0,Basler Münster,Basel,ch,47.5564303,7.592304144,1180,1420,240.0,1100–1299,2683.431696,20.0,53668.63392,53668.63392,True,True,1.0,False,False,True,False,False,1356.0,1356.0,1,0,0,1,1356,de.wikipedia.org/wiki/Basler_Münster,http://www.openstreetmap.org/way/137472252,mary (1000),partly damaged by earthquake (1356),https://de.wikipedia.org/wiki/Basler_Münster,Q666479,Gothic architecture,wikidata_p149,,missing,,,,,,,,,,False,,,{},,1180,1420,False,False,original_kept,original_kept,,False,67.3,original_kept,,original_kept,Gothic architecture (c. 1140–1600)
137804516.0,Cattedrale di Santa Maria Assunta,Ivrea,it,45.46809336,7.87527621,800,1854,1150.0,700–899,,,,,True,True,1.0,False,False,True,False,False,1117.0,1117.0,1,0,0,1,1117,it.wikipedia.org/wiki/Duomo_di_Ivrea,http://www.openstreetmap.org/way/137804516,,,https://it.wikipedia.org/wiki/Duomo_di_Ivrea,Q7882645,Romanesque art,wikidata_p149,,missing,,,800,1854,inizio costruzione,completamento,,,,False,800,1854,"{'stato': 'Italia', 'regione': 'Piemonte', 'località': 'Ivrea', 'coordinate': '45°28′06.24″N 7°52′32.57″E 45°28′06.24″N , 7°52′32.57″E', 'religione': 'cattolica di rito romano', 'titolare': 'Maria Assunta', 'diocesi': 'Ivrea', 'stile architettonico': 'romanico , barocco , neoclassico', 'inizio costruzione': 'IX secolo', 'completamento': '1854'}",,400,1550,True,True,wikipedia_final_replaced,wikipedia_final_replaced,,False,,missing,,missing,Romanesque art (c. 1000–1200)
138753947.0,Duomo Antico,Milazzo,it,38.23066198,15.24220669,1607,350,19.0,700–899,,,,,True,True,,,,,,,,,0,0,0,0,,https://it.wikipedia.org/wiki/Duomo_Antico_di_Santo_Stefano,http://www.openstreetmap.org/way/138753947,,,https://it.wikipedia.org/wiki/Duomo_Antico_di_Santo_Stefano,Q19984438,Mannerism,wikidata_p149,,missing,,,1607,,inizio costruzione,,,,,False,1607,,"{'stato': 'Italia', 'regione': 'Sicilia', 'località': 'Milazzo', 'coordinate': '38°13′50.52″N 15°14′31.92″E 38°13′50.52″N , 15°14′31.92″E', 'religione': 'cattolica di rito romano', 'titolare': 'Santo Stefano Protomartire', 'arcidiocesi': 'Messina-Lipari-Santa Lucia del Mela', 'consacrazione': '1616', 'sconsacrazione': '1860', 'stile architettonico': 'Manierismo , Barocco e Rinascimentale', 'inizio costruzione': '1607 (chiesa attuale)'}",,331,350,True,False,wikipedia_final_replaced,original_kept,,False,,missing,,missing,Mannerism (c. 1520–1600)
138800932.0,Basilica di San Marco,Venezia,it,45.4345513,12.33981336,1063,1617,279.0,700–899,,,,,True,True,1.0,False,True,False,False,False,976.0,976.0,1,0,1,0,976,it.wikipedia.org/wiki/Basilica_di_San_Marco,http://www.openstreetmap.org/way/138800932,,,https://it.wikipedia.org/wiki/Basilica_di_San_Marco,Q172988,"Byzantine architecture, Romanesque architecture",wikidata_p149,,missing,,,1063,1617,inizio costruzione,completamento,1312,,1430,False,1063,1617,"{'stato': 'Italia', 'regione': 'Veneto', 'località': 'Venezia', 'coordinate': '45°26′04.38″N 12°20′22.2″E 45°26′04.38″N , 12°20′22.2″E', 'religione': 'cattolica di rito romano', 'titolare': 'san Marco Evangelista', 'patriarcato': 'Venezia', 'consacrazione': '1094 (basilica attuale)', 'architetto': 'Domenico I Contarini', 'stile architettonico': 'romanico - bizantino e gotico', 'inizio costruzione': '1063 (basilica attuale)', 'completamento': '1617', 'sito web': 'www.basilicasanmarco.it/'}",earliest:risale al doge giovanni soranzo (in carica dal 1312 al 1328) | earliest:risale al doge giovanni soranzo (in carica dal 1312 al 1328) | current_end:dedicata nel 1430,828,1107,True,True,wikipedia_final_replaced,wikipedia_final_replaced,,False,,missing,,missing,"Byzantine architecture (c. 330–1453), Romanesque architecture (c. 1000–1200)"
138806296.0,Duomo di Rovigo,Rovigo,it,45.06941753,11.78923272,964,1791,541.0,900–1099,,,,,True,True,,,,,,,,,0,0,0,0,,it.wikipedia.org/wiki/Duomo_di_Rovigo,http://www.openstreetmap.org/way/138806296,,,https://it.wikipedia.org/wiki/Duomo_di_Rovigo,Q1115230,Palladian architecture,wikidata_p149,,missing,,,1696,1791,inizio costruzione,completamento,964,,,False,964,1791,"{'stato': 'Italia', 'regione': 'Veneto', 'località': 'Rovigo', 'coordinate': '45°04′09.95″N 11°47′21.26″E 45°04′09.95″N , 11°47′21.26″E', 'religione': 'cattolica di rito romano', 'diocesi': 'Adria-Rovigo', 'consacrazione': '1711', 'stile architettonico': 'palladiano', 'inizio costruzione': '1696', 'completamento': '1791', 'sito web': 'www.duomorovigo.it'}",earliest:risale al 964  | earliest:risale al 964 ,920,1461,True,True,wikipedia_final_replaced,wikipedia_final_replaced,,False,,missing,,missing,Palladian architecture
138809135.0,Cattedrale di Santa Maria Matricolare,Verona,it,45.44723792,10.99701725,800,1140,687.0,700–899,,,,,True,True,1.0,False,False,True,False,False,1117.0,1117.0,1,0,0,1,1117,it.wikipedia.org/wiki/Duomo_di_Verona,http://www.openstreetmap.org/way/138809135,,,https://it.wikipedia.org/wiki/Duomo_di_Verona,Q2713844,"Renaissance architecture, Romanesque architecture",wikidata_p149,,missing,,,800,,inizio costruzione,,1200,,1140,False,800,1140,"{'stato': 'Italia', 'regione': 'Veneto', 'località': 'Verona', 'coordinate': '45°26′50″N 10°59′49″E 45°26′50″N , 10°59′49″E', 'religione': 'cattolica di rito romano', 'titolare': 'Santa Maria Assunta', 'diocesi': 'Verona', 'consacrazione': '1187', 'stile architettonico': 'romanico , (esterno) gotico , (interno) e rinascimentale (presbiterio)', 'inizio costruzione': 'VIII - IX secolo (prima edificazione) e XII secolo (ricostruzione)', 'sito web': 'www.cattedralediverona.it'}",earliest:risale al xiii secolo | earliest:risale al xiii secolo | current_end:consacrata nel 1140 dal patriarca di aquileia,500,1187,True,True,wikipedia_final_replaced,wikipedia_final_replaced,,False,,missing,,missing,"Renaissance architecture (c. 1400–1600), Romanesque architecture (c. 1000–1200)"
138894828.0,Cattedrale di Santa Maria Annunciata,Vicenza,it,45.54632606,11.54391655,700,2000,1152.0,700–899,,,,,True,True,2.0,True,False,True,False,False,1117.0,1236.0,2,1,0,1,1117;1236,it.wikipedia.org/wiki/Cattedrale_di_Santa_Maria_Annunciata,http://www.openstreetmap.org/way/138894828,,,https://it.wikipedia.org/wiki/Cattedrale_di_Santa_Maria_Annunciata,Q2019284,Gothic architecture,wikidata_p149,,missing,,,700,2000,inizio costruzione,completamento,,,,False,700,2000,"{'stato': 'Italia', 'regione': 'Veneto', 'località': 'Vicenza', 'indirizzo': 'Piazza Duomo, 8 - 36100 Vicenza', 'coordinate': '45°32′46.49″N 11°32′37.86″E 45°32′46.49″N , 11°32′37.86″E', 'religione': 'cattolica di rito romano', 'titolare': 'Annunciazione di Maria', 'diocesi': 'Vicenza', 'architetto': 'Andrea Palladio', 'stile architettonico': 'gotico , rinascimentale', 'inizio costruzione': 'VIII secolo', 'completamento': 'XX secolo'}",,315,1467,True,True,wikipedia_final_replaced,wikipedia_final_replaced,,False,,missing,,missing,Gothic architecture (c. 1140–1600)
140234638.0,Cattedrale di San Romolo,Firenze,it,43.80722559,11.29256965,1028,1260,232.0,900–1099,,,,,True,True,,,,,,,,,0,0,0,0,,it.wikipedia.org/wiki/Duomo_di_Fiesole,http://www.openstreetmap.org/way/140234638,,,https://it.wikipedia.org/wiki/Duomo_di_Fiesole,Q965018,Romanesque architecture,wikidata_p149,,missing,,,,,,,1028,,,False,1028,,"{'stato': 'Italia', 'regione': 'Toscana', 'località': 'Fiesole', 'coordinate': '43°48′26″N 11°17′33″E 43°48′26″N , 11°17′33″E', 'religione': 'cattolica di rito romano', 'titolare': 'Romolo di Fiesole', 'diocesi': 'Fiesole', 'consacrazione': '1028', 'stile architettonico': 'romanico', 'sito web': 'www.diocesifiesole.it/'}",earliest:risale al 1028 | earliest:risale al 1213 | earliest:risale al 1028 | earliest:risale al 1213,1028,1260,False,False,original_kept,original_kept,,False,,missing,,missing,Romanesque architecture (c. 1000–1200)
142251606.0,Cathédrale de l'Assomption de Notre-Dame,Senlis,fr,49.20682164,2.586034683,1151,1191,40.0,1100–1299,2297.64809,24.0,55143.55416,55143.55416,True,True,,,,,,,,,0,0,0,0,,fr.wikipedia.org/wiki/Cathédrale_Notre-Dame_de_Senlis,http://www.openstreetmap.org/way/142251606,mary (1151),no (N/A),https://fr.wikipedia.org/wiki/Cathédrale_Notre-Dame_de_Senlis,,,missing,,missing,,,,,,,,,,False,,,"{'nom local': 'Cathédrale Notre-Dame de Senlis', 'culte': 'Catholique romain', 'dédicataire': 'Notre-Dame', 'type': 'Ancienne Cathédrale église paroissiale depuis 1801', 'rattachement': 'Diocèse de Beauvais, Noyon et Senlis', 'début de la construction': '1151', 'fin des travaux': '16 juin 1191', 'architecte': 'Martin Chambiges Pierre Chambiges', 'style dominant': 'Gothique', 'protection': 'Classée\xa0MH ( 1840 )', 'site web': 'Paroisse Saint-Rieul à Senlis', 'pays': 'France', 'région': 'Hauts-de-France', 'province': 'Picardie', 'département': 'Oise', 'ville': 'Senlis', 'coordonnées': '49°\xa012′\xa025″\xa0nord, 2°\xa035′\xa010″\xa0est'}",,1151,1191,False,False,original_kept,original_kept,,False,,original_kept,,original_kept,
144278109.0,Cathédrale Notre-Dame et Saint-Vaast,Arras (Atrecht),fr,50.29295344,2.77484334,700,1435,735.0,700–899,,,,,True,True,,,,,,,,,0,0,0,0,,fr.wikipedia.org/wiki/Cathédrale_Notre-Dame-et-Saint-Vaast_d'Arras,http://www.openstreetmap.org/way/144278109,mary (1160),no (N/A),https://fr.wikipedia.org/wiki/Cathédrale_Notre-Dame-et-Saint-Vaast_d'Arras,Q597090,Neoclassical architecture,wikidata_p149,,missing,,,,,,,,,,False,,,"{'culte': 'Catholique romain', 'dédicataire': 'Notre-Dame et saint Vaast', 'type': 'Cathédrale', 'rattachement': ""Diocèse d'Arras"", 'début de la construction': '1778', 'architecte': ""Pierre Contant d'Ivry"", 'style dominant': 'Néo-classique', 'protection': 'Classée\xa0MH ( 1906 ) [ 1 ]', 'site web': 'Paroisse Notre-Dame en Cité', 'pays': 'France', 'région': 'Hauts-de-France', 'province historique': 'Artois', 'département': 'Pas-de-Calais', 'ville': 'Arras', 'coordonnées': '50°\xa017′\xa035″\xa0nord, 2°\xa046′\xa029″\xa0est'}",,700,1435,False,False,original_kept,original_kept,,False,,missing,,missing,Neoclassical architecture (c. 1750–1850)
144832880.0,Mindener Dom,Minden,de,52.28884919,8.919206296,820,1290,470.0,700–899,,,,,True,True,2.0,False,True,False,False,False,947.0,1062.0,2,0,2,0,947;1062,de.wikipedia.org/wiki/Mindener_Dom,http://www.openstreetmap.org/way/144832880,"st gorgonius (800), st peter (800)","fire (947), fire (1062)",https://de.wikipedia.org/wiki/Mindener_Dom,Q1936373,Gothic architecture,wikidata_p149,,missing,,,,,,,,,,False,,,{},,820,1290,False,False,original_kept,original_kept,,False,,missing,,missing,Gothic architecture (c. 1140–1600)
146670643.0,Cathédrale Notre-Dame,Laon,fr,49.56436229,3.625017193,1135,1235,100.0,1100–1299,5016.823922,25.0,125420.59805,125420.59804999999,True,True,1.0,False,True,False,False,False,1112.0,1112.0,0,0,0,0,1112,fr.wikipedia.org/wiki/Cathédrale_Notre-Dame_de_Laon,http://www.openstreetmap.org/way/146670643,"christ (800), mary (800)",fire (1112),https://fr.wikipedia.org/wiki/Cathédrale_Notre-Dame_de_Laon,Q585947,Gothic architecture,wikidata_p149,,missing,,,,,,,,,,False,,,"{'culte': 'Catholique', 'dédicataire': 'Notre Dame', 'type': ""Église paroissiale Ancienne cathédrale (jusqu'en 1790)"", 'rattachement': 'Diocèse de Soissons', 'début de la construction': '1150', 'fin des travaux': '1235 (quelques travaux par la suite)', 'style dominant': 'Gothique', 'protection': 'Classée\xa0MH ( 1840 , 1889 , Cathédrale, cloître)', 'site web': 'Paroisse Sainte-Céline de la Montagne Couronnée', 'pays': 'France', 'région': 'Hauts-de-France', 'province': 'Picardie', 'département': 'Aisne', 'ville': 'Laon', 'coordonnées': '49°\xa033′\xa051″\xa0nord, 3°\xa037′\xa030″\xa0est'}",,1135,1235,False,False,original_kept,original_kept,,False,26.0,original_kept,,original_kept,Gothic architecture (c. 1140–1600)
146763718.0,Cathédrale Notre-Dame,Dax,fr,43.70846093,-1.052983623,1000,1300,300.0,900–1099,,,,,True,True,,,,,,,,,0,0,0,0,,fr.wikipedia.org/wiki/Cathédrale_Notre-Dame_de_Dax,http://www.openstreetmap.org/way/146763718,mary (1280),no (N/A),https://fr.wikipedia.org/wiki/Cathédrale_Notre-Dame_de_Dax,Q1736177,classical architecture,wikidata_p149,,missing,,,,,,,,,,False,,,"{'culte': 'Catholique romain', 'dédicataire': 'Vierge Marie', 'type': 'Cathédrale', 'rattachement': ""Diocèse d'Aire et Dax (siège)"", 'début de la construction': 'XIII e siècle', 'fin des travaux': 'XVIII e siècle', 'style dominant': 'classique Gothique (Portail des Apôtres)', 'protection': 'Classée\xa0MH ( 1946 )', 'site web': 'Paroisse Saint-Paul-Saint-Vincent-de-Dax', 'pays': 'France', 'région': 'Nouvelle-Aquitaine', 'département': 'Landes', 'ville': 'Dax', 'coordonnées': '43°\xa042′\xa030″\xa0nord, 1°\xa003′\xa011″\xa0ouest'}",,1000,1300,False,False,original_kept,original_kept,,False,,missing,,missing,classical architecture
149498084.0,Salisbury Cathedral,Salisbury,uk,51.06474973,-1.797496434,1092,1934,138.0,1100–1299,5000.0,26.0,130000.0,130000.0,True,True,,,,,,,,,0,0,0,0,,en.wikipedia.org/wiki/Salisbury_Cathedral,http://www.openstreetmap.org/way/149498084,mary (1220),no (N/A),https://en.wikipedia.org/wiki/Salisbury_Cathedral,Q390150,Gothic architecture,wikidata_p149,limestone,wikidata_p186,,limestone,1220,,groundbreaking,,1092,,1934,False,1092,1934,"{'location': 'Salisbury , Wiltshire', 'country': 'England', 'denomination': 'Church of England', 'previous denomination': 'Roman Catholic', 'churchmanship': 'Anglo-Catholic [ 1 ]', 'website': 'www .salisburycathedral .org .uk', 'previous cathedrals': '2', 'architect(s)': 'Richard Poore ; Elias of Dereham (possibly)', 'style': 'Early English Gothic', 'years built': '1220–1330', 'groundbreaking': '1220 ; 806\xa0years ago ( 1220 )', 'length': '442 feet (135\xa0m)', 'province': 'Canterbury', 'diocese': 'Salisbury', 'bishop': 'Stephen Lake', 'dean': 'Nicholas Papadopulos'}",earliest:built in the years after and was consecrated in 1092 | current_end:completed in 1934 | current_end:completed by 1330 | current_end:consecrated in 1092,1120,1258,True,True,wikipedia_final_replaced,wikipedia_final_replaced,,False,123.0,original_kept,,original_kept,Gothic architecture (c. 1140–1600)
149675315.0,Cattedrale di Santa Maria Assunta,Spoleto,it,42.73526978,12.74037102,800,1800,400.0,700–899,,,,,True,True,,,,,,,,,0,0,0,0,,it.wikipedia.org/wiki/Duomo_di_Spoleto,http://www.openstreetmap.org/way/149675315,,,https://it.wikipedia.org/wiki/Duomo_di_Spoleto,Q2942818,"Gothic architecture, Neoclassical architecture, Romanesque architecture",wikidata_p149,,missing,,,1067,1800,inizio costruzione,completamento,800,,,False,800,1800,"{'stato': 'Italia', 'regione': 'Umbria', 'località': 'Spoleto', 'indirizzo': 'Piazza Duomo', 'coordinate': '42°44′07″N 12°44′26″E 42°44′07″N , 12°44′26″E', 'religione': 'cattolica di rito romano', 'titolare': 'Maria Assunta', 'arcidiocesi': 'Spoleto-Norcia', 'consacrazione': '1198', 'stile architettonico': 'Architettura longobarda', 'inizio costruzione': '1067', 'completamento': 'fine del XVIII secolo', 'sito web': 'www.duomospoleto.it/'}",earliest:risale al ix secolo ed è l'unico elemento rimasto dell'antico edificio altomedievale | earliest:risale al ix secolo ed è l'unico elemento rimasto dell'antico edificio altomedievale,800,1200,False,True,original_kept,wikipedia_final_replaced,,False,,missing,,missing,"Gothic architecture (c. 1140–1600), Neoclassical architecture (c. 1750–1850), Romanesque architecture (c. 1000–1200)"
149902656.0,Cattedrale di San Cassiano Martire,Imola,it,44.35349623,11.7110915,1765,1781,83.0,1100–1299,,,,,True,True,,,,,,,,,0,0,0,0,,it.wikipedia.org/wiki/Cattedrale_di_San_Cassiano,http://www.openstreetmap.org/way/149902656,,,https://it.wikipedia.org/wiki/Cattedrale_di_San_Cassiano,Q2942555,baroque architecture,wikidata_p149,,missing,,,1765,1781,inizio costruzione,completamento,1800,,1850,False,1765,1781,"{'stato': 'Italia', 'regione': 'Emilia-Romagna', 'località': 'Imola', 'indirizzo': 'piazza Duomo 1 ‒ Imola (BO)', 'coordinate': '44°21′12.08″N 11°42′40.4″E 44°21′12.08″N , 11°42′40.4″E', 'religione': 'cattolica di rito romano', 'titolare': 'Cassiano di Imola', 'diocesi': 'Imola', 'consacrazione': '28 maggio 1782', 'architetto': 'Cosimo Morelli', 'stile architettonico': 'Tardobarocco', 'inizio costruzione': '1765 su edificio precedente', 'completamento': '1781'}",earliest:risale al xix secolo e fu eseguita dalla bottega del camuccino | earliest:risale al xix secolo e fu eseguita dalla bottega del camuccino | current_end:ultimata nel 1850,1188,1271,True,True,wikipedia_final_replaced,wikipedia_final_replaced,,False,,missing,,missing,baroque architecture (c. 1600–1750)
151920334.0,Cattedrale di San Pietro Apostolo,Faenza,it,44.28582573,11.88447447,1474,1515,525.0,900–1099,,,,,True,True,,,,,,,,,0,0,0,0,,it.wikipedia.org/wiki/Duomo_di_Faenza,http://www.openstreetmap.org/way/151920334,,,https://it.wikipedia.org/wiki/Duomo_di_Faenza,Q1439876,Renaissance architecture,wikidata_p149,,missing,,,1474,1515,inizio costruzione,completamento,,,,False,1474,1515,"{'stato': 'Italia', 'regione': 'Emilia-Romagna', 'località': 'Faenza', 'indirizzo': 'piazza della Libertà ‒ Faenza (RA)', 'coordinate': '44°17′09.02″N 11°53′04.09″E 44°17′09.02″N , 11°53′04.09″E', 'religione': 'cattolica di rito romano', 'titolare': 'San Pietro', 'diocesi': 'Faenza-Modigliana', 'consacrazione': '1581', 'architetto': 'Giuliano da Maiano', 'stile architettonico': 'rinascimentale', 'inizio costruzione': '1474', 'completamento': '1515'}",,1000,1525,True,True,wikipedia_final_replaced,wikipedia_final_replaced,,False,,missing,,missing,Renaissance architecture (c. 1400–1600)
151930483.0,Cathédrale Saint-Jean-Baptiste,Aire (Aire-sur-l'Adour),fr,43.70037984,-0.262054284491455,1060,1300,240.0,900–1099,1586.366592,15.0,23795.498880000003,23795.498880000003,True,True,,,,,,,,,0,0,0,0,,fr.wikipedia.org/wiki/Cathédrale_Saint-Jean-Baptiste_d'Aire,http://www.openstreetmap.org/way/151930483,st john baptist (700),no (N/A),https://fr.wikipedia.org/wiki/Cathédrale_Saint-Jean-Baptiste_d'Aire,Q1658766,Romanesque architecture,wikidata_p149,,missing,,,,,,,,,,False,,,"{'culte': 'Culte catholique', 'dédicataire': 'Jean le Baptiste', 'type': 'Cocathédrale', 'rattachement': ""Diocèse d'Aire et Dax"", 'début de la construction': 'XI e siècle', 'fin des travaux': 'XIX e siècle', 'style dominant': 'Architectures romane et gothique', 'protection': 'Classée\xa0MH ( 1906 )', 'site web': 'https://saintequitterie.diocese40.fr/', 'pays': 'France', 'région': 'Nouvelle-Aquitaine', 'département': 'Landes', 'ville': ""Aire-sur-l'Adour"", 'coordonnées': '43°\xa042′\xa002″\xa0nord, 0°\xa015′\xa044″\xa0ouest'}",,1060,1300,False,False,original_kept,original_kept,,False,,original_kept,,original_kept,Romanesque architecture (c. 1000–1200)
153199016.0,Chiesa Cattedrale di Cesena,Cesena,it,44.1374291,12.24544288,1385,2000,506.0,900–1099,,,,,True,True,,,,,,,,,0,0,0,0,,it.wikipedia.org/wiki/Duomo_di_Cesena,http://www.openstreetmap.org/way/153199016,,,https://it.wikipedia.org/wiki/Duomo_di_Cesena,Q1619759,Romanesque architecture,wikidata_p149,,missing,,,1385,2000,inizio costruzione,completamento,,,,False,1385,2000,"{'stato': 'Italia', 'regione': 'Emilia-Romagna', 'località': 'Cesena', 'indirizzo': 'piazza Pia ‒ Cesena (FC)', 'coordinate': '44°08′14.87″N 12°14′43.09″E 44°08′14.87″N , 12°14′43.09″E', 'religione': 'cattolica', 'titolare': 'San Giovanni Battista', 'diocesi': 'Cesena-Sarsina', 'stile architettonico': 'romanico , gotico', 'inizio costruzione': '1385', 'completamento': 'XX secolo'}",,900,1406,True,True,wikipedia_final_replaced,wikipedia_final_replaced,,False,,missing,,missing,Romanesque architecture (c. 1000–1200)
155551498.0,Hoher Dom St. Martin,Mainz,de,49.99889863,8.273938864,1085,1400,315.0,900–1099,4830.067093,29.0,140071.945697,140071.945697,True,True,1.0,False,True,False,False,False,1009.0,1009.0,0,0,0,0,1009,de.wikipedia.org/wiki/Mainzer_Dom,http://www.openstreetmap.org/way/155551498,"st martin (975), st stephen (975)",damaged by fire (1009),https://de.wikipedia.org/wiki/Mainzer_Dom,,,missing,,missing,,,,,,,,,,False,,,{},,1085,1400,False,False,original_kept,original_kept,,False,,original_kept,,original_kept,
156615075.0,Concattedrale di San Nicola,Palmi,it,38.35952203,15.8488582,1300,1932,50.0,1100–1299,,,,,True,True,,,,,,,,,0,0,0,0,,it.wikipedia.org/wiki/Concattedrale_di_San_Nicola_(Palmi),http://www.openstreetmap.org/way/156615075,,,https://it.wikipedia.org/wiki/Concattedrale_di_San_Nicola_(Palmi),Q2942743,Romanesque Revival architecture,wikidata_p149,,missing,,,1300,1932,inizio costruzione,completamento,,1932,,True,1300,1932,"{'stato': 'Italia', 'regione': 'Calabria', 'località': 'Palmi [ 1 ]', 'indirizzo': 'Via Nicola Pizi 36-44 [ 2 ]', 'coordinate': '38°21′33.48″N 15°50′56.33″E 38°21′33.48″N , 15°50′56.33″E', 'religione': 'cattolica di rito romano', 'titolare': 'San Nicola di Bari [ 1 ] Maria Santissima della Sacra Lettera [ 3 ]', 'diocesi': 'Oppido Mamertina-Palmi', 'architetto': 'Mario Pandelli [ 1 ]', 'stile architettonico': 'Neoromanico', 'inizio costruzione': 'XIV secolo (prima chiesa di cui si abbia documentazione) [ 1 ]', 'completamento': '1932 (chiesa attuale) [ 3 ]', 'sito web': 'Sito ufficiale della parrocchia'}",current_start:attuale chiesa collegiata fu aperta al culto nel 1932 ,1250,1300,True,True,wikipedia_final_replaced,wikipedia_final_replaced,,False,,missing,,missing,Romanesque Revival architecture (c. 1000–1200)
158946411.0,Duomo di Santa Maria Assunta,Montagnana,it,45.23297821,11.46783625,1000,1502,502.0,900–1099,,,,,True,True,,,,,,,,,0,0,0,0,,it.wikipedia.org/wiki/Duomo_di_Montagnana,http://www.openstreetmap.org/way/158946411,,,https://it.wikipedia.org/wiki/Duomo_di_Montagnana,Q18397584,International Gothic,wikidata_p149,,missing,,,,1502,,completamento,,,,False,,1502,"{'stato': 'Italia', 'regione': 'Veneto', 'località': 'Montagnana', 'coordinate': '45°13′58.5″N 11°28′03.05″E 45°13′58.5″N , 11°28′03.05″E', 'religione': 'cattolica di rito romano', 'titolare': 'Assunzione di Maria', 'diocesi': 'Padova', 'stile architettonico': 'tardo gotico , rinascimentale', 'completamento': '1502', 'sito web': 'www.parrocchiamontagnana.it'}",,1000,1502,False,False,original_kept,original_kept,,False,,missing,,missing,International Gothic (c. 1140–1600)
162259412.0,Cattedrale di Santa Maria Assunta,Aosta,it,45.7381387,7.318056813,300,1848,1220.0,700–899,,,,,True,True,,,,,,,,,0,0,0,0,,it.wikipedia.org/wiki/Cattedrale_di_Aosta,http://www.openstreetmap.org/way/162259412,,,https://it.wikipedia.org/wiki/Cattedrale_di_Aosta,Q978797,Romanesque architecture,wikidata_p149,,missing,,,300,1848,inizio costruzione,completamento,,,,False,300,1848,"{'stato': 'Italia', 'regione': ""Valle d'Aosta"", 'località': 'Aosta', 'indirizzo': 'Place Jean XXIII - 11100 Aoste', 'coordinate': '45°44′17″N 7°19′05″E 45°44′17″N , 7°19′05″E', 'religione': 'cattolica di rito romano', 'titolare': 'Maria Assunta', 'diocesi': 'Aosta', 'consacrazione': '1025 d. C.', 'stile architettonico': 'romanico , rinascimentale , neoclassico', 'inizio costruzione': ""IV secolo , ricostruito nell' XI secolo"", 'completamento': '1848', 'sito web': 'www.cattedraleaosta.it'}",,300,1520,False,True,original_kept,wikipedia_final_replaced,,False,,missing,,missing,Romanesque architecture (c. 1000–1200)
166002162.0,Basilica di Santa Trofimena,Amalfi,it,40.65038418,14.62794078,1747,1900,33.0,900–1099,,,,,True,True,,,,,,,,,0,0,0,0,,it.wikipedia.org/wiki/Basilica_di_Santa_Trofimena,http://www.openstreetmap.org/way/166002162,,,https://it.wikipedia.org/wiki/Basilica_di_Santa_Trofimena,Q24933352,Neoclassicism,wikidata_p149,,missing,,,1747,1900,inizio costruzione,completamento,,,,False,1747,1900,"{'stato': 'Italia', 'regione': 'Campania', 'località': 'Minori', 'indirizzo': 'via Nazionale, 39 - 84010 Minori (SA)', 'coordinate': '40°39′01.44″N 14°37′41.16″E 40°39′01.44″N , 14°37′41.16″E', 'religione': 'cattolica', 'titolare': 'Santa Trofimena', 'arcidiocesi': ""Amalfi-Cava de' Tirreni"", 'consacrazione': 'XIX secolo', 'stile architettonico': 'neoclassico', 'inizio costruzione': '1747', 'completamento': 'XIX secolo'}",,987,1020,True,True,wikipedia_final_replaced,wikipedia_final_replaced,,False,,missing,,missing,Neoclassicism
166506824.0,Duomo,Enna (Kasr Yannik),it,37.56702211,14.28295728,1307,1311,168.0,1300–1500,,,,,True,True,,,,,,,,,0,0,0,0,,it.wikipedia.org/wiki/Duomo_di_Enna,http://www.openstreetmap.org/way/166506824,,,https://it.wikipedia.org/wiki/Duomo_di_Enna,Q188118,Gothic architecture,wikidata_p149,,missing,,,1307,1311,inizio costruzione,completamento,,,,False,1307,1311,"{'stato': 'Italia', 'regione': 'Sicilia', 'località': 'Enna', 'coordinate': '37°34′02″N 14°16′57″E 37°34′02″N , 14°16′57″E', 'religione': 'cattolica', 'titolare': 'Maria Santissima della Visitazione', 'diocesi': 'Piazza Armerina', 'fondatore': ""Eleonora d'Aragona"", 'stile architettonico': 'Gotico - rinascimentale - barocco', 'inizio costruzione': '1307', 'completamento': '1311'}",,1307,1475,False,True,original_kept,wikipedia_final_replaced,,False,,missing,,missing,Gothic architecture (c. 1140–1600)
167010425.0,Basilica di San Giorgio fuori le mura,Ferrara,it,44.82173636,11.62806793,600,1800,600.0,700–899,,,,,True,True,,,,,,,,,0,0,0,0,,it.wikipedia.org/wiki/Basilica_di_San_Giorgio_fuori_le_mura,http://www.openstreetmap.org/way/167010425,,,https://it.wikipedia.org/wiki/Basilica_di_San_Giorgio_fuori_le_mura,Q3635693,Renaissance architecture,wikidata_p149,,missing,,,600,1800,inizio costruzione,completamento,,,,False,600,1800,"{'stato': 'Italia', 'regione': 'Emilia-Romagna', 'località': 'Ferrara', 'coordinate': '44°49′17.97″N 11°37′40.89″E 44°49′17.97″N , 11°37′40.89″E', 'religione': 'cattolica di rito romano', 'titolare': 'san Giorgio', 'arcidiocesi': 'Ferrara-Comacchio', 'architetto': 'Biagio Rossetti , Alberto Schiatti', 'stile architettonico': 'rinascimentale , barocco', 'inizio costruzione': 'VII secolo', 'completamento': 'XVIII secolo'}",,700,1300,True,True,wikipedia_final_replaced,wikipedia_final_replaced,,False,,missing,,missing,Renaissance architecture (c. 1400–1600)
170272236.0,Basilica Maria Santissima Assunta,Reggio di Calabria,it,38.10536324,15.64221349,1917,1928,90.0,900–1099,,,,,True,True,,,,,,,,,0,0,0,0,,it.wikipedia.org/wiki/Duomo_di_Reggio_Calabria,http://www.openstreetmap.org/way/170272236,,,https://it.wikipedia.org/wiki/Duomo_di_Reggio_Calabria,Q1736209,Romanesque Revival architecture,wikidata_p149,,missing,,,1917,1928,inizio costruzione,completamento,,1930,,True,1917,1928,"{'stato': 'Italia', 'regione': 'Calabria', 'località': 'Reggio Calabria', 'coordinate': '38°06′20.51″N 15°38′30.21″E 38°06′20.51″N , 15°38′30.21″E', 'religione': 'cattolica di rito romano', 'titolare': 'Maria Assunta', 'arcidiocesi': 'Reggio Calabria-Bova', 'consacrazione': '1928', 'architetto': 'Carmelo Angelini', 'stile architettonico': 'neoromanico - eclettico (edificio attuale)', 'inizio costruzione': '1917', 'completamento': '1928', 'sito web': 'www.cattedralereggiocalabria.it'}",current_start:l'attuale cattedrale di reggio calabria fu costruito nel 1930 dalla ditta balbiani  | current_start:attuale cattedrale di reggio calabria fu costruito nel 1930 dalla ditta balbiani ,1060,1150,True,True,wikipedia_final_replaced,wikipedia_final_replaced,,False,,missing,,missing,Romanesque Revival architecture (c. 1000–1200)
171795848.0,Cattedrale di Santa Maria Assunta,Como,it,45.81178183,9.083683148,1396,1740,719.0,700–899,,,,,True,True,,,,,,,,,0,0,0,0,,it.wikipedia.org/wiki/Duomo_di_Como,http://www.openstreetmap.org/way/171795848,,,https://it.wikipedia.org/wiki/Duomo_di_Como,Q1101730,Gothic architecture,wikidata_p149,,missing,,,1396,1740,inizio costruzione,completamento,1500,1927,1497,True,1396,1740,"{'stato': 'Italia', 'regione': 'Lombardia', 'località': 'Como', 'indirizzo': 'Piazza del Duomo, 22100 Como CO', 'coordinate': '45°48′42.46″N 9°05′02.14″E 45°48′42.46″N , 9°05′02.14″E', 'religione': 'cattolica di rito romano ( rito patriarchino fino al 1598)', 'titolare': 'Santa Maria Assunta', 'diocesi': 'Como', 'stile architettonico': 'tardogotico , rinascimentale , rococò', 'inizio costruzione': '1396', 'completamento': '1740', 'sito web': 'Cattedrale di Como'}",earliest:risale al xvi secolo | earliest:risale al xvi secolo | current_start:ricostruita nel 1927 | current_end:completata nel 1497 ,800,1519,True,True,wikipedia_final_replaced,wikipedia_final_replaced,,False,,missing,,missing,Gothic architecture (c. 1140–1600)
179179044.0,Cattedrale di Santa Maria e San Giovenale,Fossano,it,44.54919291,7.725682848,1200,1300,100.0,1100–1299,,,,,True,True,,,,,,,,,0,0,0,0,,it.wikipedia.org/wiki/Duomo_di_Fossano,http://www.openstreetmap.org/way/179179044,,,https://it.wikipedia.org/wiki/Duomo_di_Fossano,Q385157,Neoclassicism,wikidata_p149,,missing,,,,,,,,,,False,,,"{'stato': 'Italia', 'regione': 'Piemonte', 'località': 'Fossano', 'coordinate': '44°32′57.08″N 7°43′32.38″E 44°32′57.08″N , 7°43′32.38″E', 'religione': 'cattolica di rito romano', 'diocesi': 'Cuneo-Fossano', 'stile architettonico': 'neoclassico'}",,1200,1300,False,False,original_kept,original_kept,,False,,missing,,missing,Neoclassicism
179584053.0,Cattedrale di Santa Maria Assunta,Parma,it,44.80322148,10.33129222,700,1178,894.0,700–899,,,,,True,True,2.0,False,True,False,False,False,780.0,1055.0,2,0,2,0,780;1055,it.wikipedia.org/wiki/Duomo_di_Parma,http://www.openstreetmap.org/way/179584053,,,https://it.wikipedia.org/wiki/Duomo_di_Parma,Q1287889,"Renaissance architecture, Romanesque architecture",wikidata_p149,,missing,,,1074,1178,inizio costruzione,completamento,700,,1106,False,700,1178,"{'stato': 'Italia', 'regione': 'Emilia-Romagna', 'località': 'Parma', 'indirizzo': 'piazza Duomo', 'religione': 'cattolica di rito romano', 'titolare': 'santa Maria Assunta', 'diocesi': 'Parma', 'consacrazione': '1106', 'architetto': 'Benedetto Antelami', 'stile architettonico': 'romanico e rinascimentale', 'inizio costruzione': 'ante 1074', 'completamento': '1178', 'sito web': 'www.piazzaduomoparma.com/la-piazza/cattedrale/'}",earliest:risale al 1668 | earliest:risale al '700 [ 19 ] già esistente nel 1420 | earliest:risale al 1668 | earliest:risale al '700 [ 19 ] già esistente nel 1420 | current_end:consacrata nel 1106 | current_end:consacrata nel 1106 da pasquale ii ,400,1294,True,True,wikipedia_final_replaced,wikipedia_final_replaced,,False,,missing,,missing,"Renaissance architecture (c. 1400–1600), Romanesque architecture (c. 1000–1200)"
180242603.0,Cattedrale di Santo Stefano,Prato,it,43.88184141,11.09809303,1100,1400,450.0,900–1099,,,,,True,True,,,,,,,,,0,0,0,0,,it.wikipedia.org/wiki/Duomo_di_Prato,http://www.openstreetmap.org/way/180242603,,,https://it.wikipedia.org/wiki/Duomo_di_Prato,,,missing,,missing,,,1100,1400,inizio costruzione,completamento,1160,,,False,1100,1400,"{'stato': 'Italia', 'regione': 'Toscana', 'località': 'Prato', 'coordinate': '43°52′55″N 11°05′52″E 43°52′55″N , 11°05′52″E', 'religione': 'cattolica di rito romano', 'titolare': 'Stefano protomartire', 'diocesi': 'Prato', 'stile architettonico': 'romanico , gotico , barocco', 'inizio costruzione': 'XII secolo', 'completamento': 'XIV secolo', 'sito web': 'www.diocesiprato.it'}",earliest:risale al 1160 e si inserisce nel prospetto simmetrico del fianco meridionale della chiesa | earliest:risale al 1160 e si inserisce nel prospetto simmetrico del fianco meridionale della chiesa,900,1350,True,True,wikipedia_final_replaced,wikipedia_final_replaced,,False,,missing,,missing,
180366824.0,Cattedrale di San Martino,Lucca,it,43.84064992,10.50607897,1000,1200,700.0,700–899,,,,,True,True,,,,,,,,,0,0,0,0,,it.wikipedia.org/wiki/Cattedrale_di_San_Martino_(Lucca),http://www.openstreetmap.org/way/180366824,,,https://it.wikipedia.org/wiki/Cattedrale_di_San_Martino_(Lucca),Q1282278,Romanesque architecture,wikidata_p149,,missing,,,1000,1200,inizio costruzione,completamento,1389,,1479,False,1000,1200,"{'stato': 'Italia', 'regione': 'Toscana', 'località': 'Lucca', 'indirizzo': 'Piazza Antelminelli, 55100 Lucca LU', 'coordinate': '43°50′26.15″N 10°30′23.22″E 43°50′26.15″N , 10°30′23.22″E', 'religione': 'cattolica di rito romano', 'titolare': 'Martino di Tours', 'arcidiocesi': 'Lucca', 'consacrazione': '1070', 'stile architettonico': 'romanico (esterno), gotico (interno)', 'inizio costruzione': 'XI secolo', 'completamento': 'XII secolo', 'sito web': 'www.museocattedralelucca.it/cattedrale-lucca/'}",earliest:fondata nel 1389 [ 27 ]  | current_end:completata nel 1479 | current_end:consacrata nel 1070 [ 3 ] ,700,1400,True,True,wikipedia_final_replaced,wikipedia_final_replaced,,False,,missing,,missing,Romanesque architecture (c. 1000–1200)
181713021.0,Münster Unserer Lieben Frau,Konstanz (Drusomagus),de,47.66335263,9.175947721,590,1500,910.0,700–899,,,,,True,True,,,,,,,,,0,0,0,0,,de.wikipedia.org/wiki/Konstanzer_Münster,http://www.openstreetmap.org/way/181713021,,,https://de.wikipedia.org/wiki/Konstanzer_Münster,Q427812,Romanesque architecture,wikidata_p149,,missing,,,,,,,,,,False,,,{},,590,1500,False,False,original_kept,original_kept,,False,,missing,,missing,Romanesque architecture (c. 1000–1200)
1821753.0,Norwich Cathedral,Norwich,uk,52.63161192,1.300962599,1096,1101,434.0,900–1099,,96.0,,,True,False,3.0,True,False,False,True,True,1272.0,1463.0,3,1,0,0,1272;1362;1463,en.wikipedia.org/wiki/Norwich_Cathedral,http://www.openstreetmap.org/relation/1821753,,"damaged by riots (1272), spire collapsed (1362), lightening in spire (1463)",https://en.wikipedia.org/wiki/Norwich_Cathedral,Q768692,Norman architecture,wikidata_p149,,missing,,,1096,1101,years built,consecrated,1300,,1485,False,1096,1101,"{'location': 'Norwich , Norfolk', 'country': 'England', 'denomination': 'Church of England', 'previous denomination': 'Roman Catholic', 'website': 'www .cathedral .org .uk', 'consecrated': '24 September 1101 (reconsecrated 1278)', 'style': 'Norman , Gothic', 'years built': '1096–(1121–1145)', 'length': '124\xa0m (407\xa0ft) [ 1 ]', 'width': '54.9\xa0m (180\xa0ft) [ 1 ]', 'province': 'Canterbury', 'diocese': 'Norwich', 'bishop': 'Graham Usher', 'dean': 'Andrew Braddock', 'official name': 'The Cathedral of the Holy and Undivided Trinity', 'designated': '26 February 1954', 'reference\xa0no.': '1051330 [ 2 ]'}",earliest:built in the early 14th century | current_end:completed in 1278 | current_end:completed in 1297 but was blown down during a storm in 1362 | current_end:completed in 1278 | current_end:finished in 1485 which is still in place today | current_end:finished in 1430 after the black death had plagued the city | current_end:completed by around 1120 | current_end:completed by 1145,1096,1530,False,True,original_kept,wikipedia_final_replaced,,False,96.0,wikidata_p2048_filled_missing,,missing,Norman architecture
1832902.0,Duomo di Massa,Massa,it,44.03783885,10.14405014,1400,1936,123.0,1300–1500,,,,,True,True,,,,,,,,,0,0,0,0,,it.wikipedia.org/wiki/Duomo_di_Massa,http://www.openstreetmap.org/relation/1832902,,,https://it.wikipedia.org/wiki/Duomo_di_Massa,Q379422,baroque architecture,wikidata_p149,,missing,,,1400,1936,inizio costruzione,completamento,,,,False,1400,1936,"{'stato': 'Italia', 'regione': 'Toscana', 'località': 'Massa', 'coordinate': '44°02′16.8″N 10°08′38.87″E 44°02′16.8″N , 10°08′38.87″E', 'religione': 'cattolica di rito romano', 'titolare': 'San Pietro e San Francesco', 'diocesi': 'Massa Carrara-Pontremoli', 'consacrazione': '1470', 'stile architettonico': 'barocco , neoclassico', 'inizio costruzione': 'XV secolo', 'completamento': '1936'}",,1477,1600,True,True,wikipedia_final_replaced,wikipedia_final_replaced,,False,,missing,,missing,baroque architecture (c. 1600–1750)
184144477.0,Cattedrale di Santa Maria Assunta,Frosinone,it,41.63967986,13.35243705,700,1200,500.0,700–899,,,,,True,True,,,,,,,,,0,0,0,0,,it.wikipedia.org/wiki/Cattedrale_di_Santa_Maria_Assunta_(Frosinone),http://www.openstreetmap.org/way/184144477,,,https://it.wikipedia.org/wiki/Cattedrale_di_Santa_Maria_Assunta_(Frosinone),Q2942666,Romanesque architecture,wikidata_p149,,missing,,,,,,,,,,False,,,"{'stato': 'Italia', 'regione': 'Lazio', 'località': 'Frosinone', 'coordinate': '41°38′22.92″N 13°21′07.92″E 41°38′22.92″N , 13°21′07.92″E', 'religione': 'cattolica di rito romano', 'titolare': 'Maria Assunta', 'diocesi': 'Frosinone-Veroli-Ferentino', 'stile architettonico': 'romanico (campanile) barocco (chiesa)'}",,700,1200,False,False,original_kept,original_kept,,False,,missing,,missing,Romanesque architecture (c. 1000–1200)
185548871.0,Cattedrale di Avellino,Avellino,it,40.91528043,14.79715059,1132,1166,34.0,1100–1299,,,,,True,True,,,,,,,,,0,0,0,0,,it.wikipedia.org/wiki/Cattedrale_di_Avellino,http://www.openstreetmap.org/way/185548871,,,https://it.wikipedia.org/wiki/Cattedrale_di_Avellino,Q2942548,Romanesque architecture,wikidata_p149,,missing,,,1132,1166,inizio costruzione,completamento,,,,False,1132,1166,"{'stato': 'Italia', 'regione': 'Campania', 'località': 'Avellino', 'indirizzo': 'Piazza Libertà 23, 83100 (Avellino)', 'coordinate': '40°54′55.44″N 14°47′48.84″E 40°54′55.44″N , 14°47′48.84″E', 'religione': 'cattolica di rito romano', 'titolare': 'Santa Maria Assunta in Cielo', 'diocesi': 'Avellino', 'stile architettonico': 'Neoclassico (facciata) Barocco (interno) Romanico (cripta)', 'inizio costruzione': '1132', 'completamento': '1166', 'sito web': 'www.diocesi.avellino.it'}",,1132,1166,False,False,original_kept,original_kept,,False,,missing,,missing,Romanesque architecture (c. 1000–1200)
193757656.0,Cattedrale di San Nicolò,Nicosia,it,37.74772442,14.39830386,1280,1300,60.0,1100–1299,,,,,True,True,,,,,,,,,0,0,0,0,,it.wikipedia.org/wiki/Cattedrale_di_Nicosia,http://www.openstreetmap.org/way/193757656,,,https://it.wikipedia.org/wiki/Cattedrale_di_Nicosia,Q1736196,Norman architecture,wikidata_p149,,missing,,,,1300,,completamento,,,,False,,1300,"{'stato': 'Italia', 'regione': 'Sicilia', 'località': 'Nicosia', 'indirizzo': 'largo Duomo, 11', 'coordinate': '37°44′51.66″N 14°23′53.53″E 37°44′51.66″N , 14°23′53.53″E', 'religione': 'cattolica di rito romano', 'titolare': 'Nicola di Bari', 'diocesi': 'Nicosia', 'stile architettonico': 'gotico', 'completamento': 'XIII secolo'}",,1280,1340,False,True,original_kept,wikipedia_final_replaced,,False,,missing,,missing,Norman architecture
196487168.0,Dom Peter und Paul,Zeitz,de,51.05064567,12.12626193,900,1250,350.0,900–1099,,,,,True,True,,,,,,,,,0,0,0,0,,de.wikipedia.org/wiki/Zeitzer_Dom,http://www.openstreetmap.org/way/196487168,"st peter (900), st paul (900)",no (N/A),https://de.wikipedia.org/wiki/Zeitzer_Dom,Q187151,Gothic architecture,wikidata_p149,,missing,,,,,,,,,,False,,,{},,900,1250,False,False,original_kept,original_kept,,False,,missing,,missing,Gothic architecture (c. 1140–1600)
198384837.0,Santa Maria Assunta nella Cattedrale,Catanzaro,it,38.9048436,16.59198874,1121,1121,30.0,1100–1299,,42.0,,,True,True,,,,,,,,,0,0,0,0,,it.wikipedia.org/wiki/Cattedrale_di_Catanzaro,http://www.openstreetmap.org/way/198384837,,,https://it.wikipedia.org/wiki/Cattedrale_di_Catanzaro,Q2942624,rationalism,wikidata_p149,,missing,,,,1121,,completamento,1121,,,False,1121,1121,"{'stato': 'Italia', 'regione': 'Calabria', 'località': 'Catanzaro', 'indirizzo': 'Piazza Duomo', 'coordinate': '38°54′17.85″N 16°35′30.96″E 38°54′17.85″N , 16°35′30.96″E', 'religione': 'cattolica di rito romano', 'titolare': 'Vergine Maria Assunta , Pietro , Paolo', 'arcidiocesi': 'Catanzaro-Squillace', 'architetto': 'Franco Domestico e Vincenzo Fasolo', 'stile architettonico': 'razionalista', 'completamento': '1121-1956', 'sito web': 'Sito ufficiale'}","earliest:la prima cattedrale , eretta nel 1121 in epoca normanna e dedicata da callisto ii a santa maria assunta e agli apostoli pietro e paolo ",1120,1150,True,True,wikipedia_final_replaced,wikipedia_final_replaced,,False,42.0,wikidata_p2048_filled_missing,,missing,rationalism
199802962.0,Cathédrale Notre-Dame de Grâce,Cambrai,fr,50.17213683,3.233409841,1054,1703,649.0,900–1099,,,,,True,True,1.0,False,True,False,False,False,1145.0,1145.0,1,0,1,0,1145,fr.wikipedia.org/wiki/Cathédrale_Notre-Dame_de_Grâce_de_Cambrai,http://www.openstreetmap.org/way/199802962,mary (1200),fire (1145),https://fr.wikipedia.org/wiki/Cathédrale_Notre-Dame_de_Grâce_de_Cambrai,Q1344947,baroque architecture,wikidata_p149,,missing,,,,,,,,,,False,,,"{'culte': 'Culte catholique', 'dédicataire': 'Marie (mère de Jésus)', 'type': 'Cathédrale', 'rattachement': 'Archidiocèse de Cambrai', 'début de la construction': '1695', 'fin des travaux': '1703 (cathédrale) 1876 (clocher)', 'architecte': 'Anselme Estienne', 'style dominant': 'Architecture classique', 'protection': 'Classée\xa0MH ( 1906 )', 'site web': 'https://www.paroissesdecambrai.com/', 'pays': 'France', 'région': 'Hauts-de-France', 'département': 'Nord', 'ville': 'Cambrai', 'coordonnées': '50°\xa010′\xa020″\xa0nord, 3°\xa014′\xa000″\xa0est'}",,1054,1703,False,False,original_kept,original_kept,,False,,missing,,missing,baroque architecture (c. 1600–1750)
201611261.0,Cathédrale Notre-Dame de Paris,Paris,fr,48.85297272,2.349910456,1160,1345,185.0,1100–1299,6878.0,35.0,240730.0,240730.0,True,True,,,,,,,,,0,0,0,0,,fr.wikipedia.org/wiki/Cathédrale_Notre-Dame_de_Paris,http://www.openstreetmap.org/way/201611261,mary (700),no (N/A),https://fr.wikipedia.org/wiki/Cathédrale_Notre-Dame_de_Paris,,,missing,,missing,,,,,,,,,,False,,,"{'nom local': 'Notre-Dame', 'culte': 'Catholique', 'dédicataire': 'Vierge Marie', 'type': 'Cathédrale , basilique mineure', 'rattachement': 'Archidiocèse de Paris (siège)', 'début de la construction': '1163', 'fin des travaux': '1345', 'architecte': 'Jehan de Chelles pour la construction de 1258 à 1265 Pierre de Montreuil pour la construction de 1265 à 1267 Pierre de Chelles pour la construction de 1291 à après 1316 Jean Ravy pour la construction de 1318 à 1344 Jean Le Bouteiller pour la construction de 1344 à 1363 Raymond Du Temple pour la construction en 1363 Eugène Viollet-le-Duc pour la restauration de 1845 à 1864 Philippe Villeneuve pour la reconstruction de 2019 à 2024', 'style dominant': 'Gothique', 'nombre de flèches': '1', 'protection': 'Classée\xa0MH ( 1862 ) Patrimoine mondial ( 1991 ) ( au titre des «\xa0Rives de la Seine\xa0» )', 'site web': 'notredamedeparis.fr', 'pays': 'France', 'région': 'Île-de-France', 'commune': 'Paris', 'quartier': 'Notre-Dame ( 4 e arr. )', 'coordonnées': '48°\xa051′\xa011″\xa0nord, 2°\xa020′\xa059″\xa0est'}",,1160,1345,False,False,original_kept,original_kept,,False,,original_kept,,original_kept,
201681493.0,Cattedrale di San Michele Arcangelo,Caserta,it,41.07376512,14.33365077,1113,1153,187.0,1100–1299,,,,,True,True,,,,,,,,,0,0,0,0,,it.wikipedia.org/wiki/Duomo_di_Casertavecchia,http://www.openstreetmap.org/way/201681493,,,https://it.wikipedia.org/wiki/Duomo_di_Casertavecchia,Q3716339,Romanesque architecture,wikidata_p149,,missing,,,1113,1153,inizio costruzione,completamento,,,,False,1113,1153,"{'stato': 'Italia', 'regione': 'Campania', 'località': 'Casertavecchia ( Caserta )', 'coordinate': '41°05′50.58″N 14°22′01.9″E 41°05′50.58″N , 14°22′01.9″E', 'religione': 'cattolica di rito romano', 'diocesi': 'Caserta', 'stile architettonico': 'romanico', 'inizio costruzione': '1113', 'completamento': '1153', 'sito web': 'www.casertavecchia.net/schede/il-duomo-di-casertavecchia'}",,1113,1300,False,True,original_kept,wikipedia_final_replaced,,False,,missing,,missing,Romanesque architecture (c. 1000–1200)
20470246.0,Aachener Dom,Aachen,de,50.77474896,6.083917582,796,1355,559.0,700–899,,,,,True,True,1.0,True,False,False,False,False,881.0,881.0,1,1,0,0,881,de.wikipedia.org/wiki/Aachener_Dom,http://www.openstreetmap.org/way/20470246,mary (805),damaged by vikings (881),https://de.wikipedia.org/wiki/Aachener_Dom,Q5908,"Gothic architecture, Pre-Romanesque architecture",wikidata_p149,,missing,,,,,,,,,,False,,,{},,796,1355,False,False,original_kept,original_kept,,False,,missing,,missing,"Gothic architecture (c. 1140–1600), Pre-Romanesque architecture (c. 500–1000)"
204729664.0,Duomo di Crema,Crema,it,45.36316892,9.687249002,1284,1341,890.0,700–899,,,,,True,True,1.0,True,False,False,False,False,1159.0,1159.0,1,1,0,0,1159,it.wikipedia.org/wiki/Duomo_di_Crema,http://www.openstreetmap.org/way/204729664,,,https://it.wikipedia.org/wiki/Duomo_di_Crema,Q1131884,Romanesque architecture,wikidata_p149,,missing,,,1284,1341,inizio costruzione,completamento,1300,,,False,1284,1341,"{'stato': 'Italia', 'regione': 'Lombardia', 'località': 'Crema', 'indirizzo': 'Piazza del Duomo', 'coordinate': '45°21′47.3″N 9°41′13.85″E 45°21′47.3″N , 9°41′13.85″E', 'religione': 'cristiana cattolica di rito romano', 'titolare': 'Maria Assunta', 'diocesi': 'Crema', 'consacrazione': '1585 [ 1 ]', 'stile architettonico': 'Romanico e gotico lombardo', 'inizio costruzione': '1284', 'completamento': '1341'}",earliest:risale al 1520 l'allestimento dell'altare della madonna della misericordia | earliest:risale al periodo a cavallo tra xiii e xiv secolo e pur essendo parte integrante della chiesa | earliest:risale al 1448 nel pieno delle contese tra guelfi e ghibellini  | earliest:risale al 1520 l'allestimento dell'altare della madonna della misericordia | earliest:risale al periodo a cavallo tra xiii e xiv secolo e pur essendo parte integrante della chiesa | earliest:risale al 1448 nel pieno delle contese tra guelfi e ghibellini ,500,1390,True,True,wikipedia_final_replaced,wikipedia_final_replaced,,False,,missing,,missing,Romanesque architecture (c. 1000–1200)
2052246.0,Dom St. Stephanus und St. Sixtus,Halberstadt,de,51.89606919,11.04893633,1236,1491,255.0,1100–1299,2800.0,27.0,75600.0,75600.0,True,False,1.0,False,False,False,False,True,965.0,965.0,0,0,0,0,965,de.wikipedia.org/wiki/Dom_zu_Halberstadt,http://www.openstreetmap.org/relation/2052246,"st stephen (850), st sixtus (850)",collapsed (965),https://de.wikipedia.org/wiki/Dom_zu_Halberstadt,Q316414,Romanesque architecture,wikidata_p149,,missing,,,,,,,,,,False,,,{},,1236,1491,False,False,original_kept,original_kept,,False,91.5,original_kept,,original_kept,Romanesque architecture (c. 1000–1200)
208138204.0,Cattedrale di San Lorenzo,Tivoli,it,41.96565391,12.79710268,1000,1700,830.0,700–899,,,,,True,True,,,,,,,,,0,0,0,0,,it.wikipedia.org/wiki/Duomo_di_Tivoli,http://www.openstreetmap.org/way/208138204,,,https://it.wikipedia.org/wiki/Duomo_di_Tivoli,Q920291,Baroque,wikidata_p149,,missing,,,1000,1700,inizio costruzione,completamento,1800,1100,,True,1000,1700,"{'stato': 'Italia', 'regione': 'Lazio', 'località': 'Tivoli', 'indirizzo': 'Piazza del Duomo, 00019, Tivoli', 'coordinate': '41°57′56.33″N 12°47′49.52″E 41°57′56.33″N , 12°47′49.52″E', 'religione': 'cattolica di rito romano', 'titolare': 'San Lorenzo', 'diocesi': 'Tivoli', 'consacrazione': '1º febbraio 1641', 'stile architettonico': 'Barocco romanico (campanile)', 'inizio costruzione': 'XI secolo', 'completamento': 'XVII secolo', 'sito web': 'Sito ufficiale'}",earliest:risale alla prima metà del xix secolo  | current_start:ricostruita in forme romaniche a tre navate tra l' xi e il xii secolo ,470,1300,True,True,wikipedia_final_replaced,wikipedia_final_replaced,,False,,missing,,missing,Baroque (c. 1600–1750)
208786035.0,Cattedrale di San Clemente,Velletri,it,41.68298558,12.77680841,400,1300,900.0,700–899,,,,,True,True,,,,,,,,,0,0,0,0,,it.wikipedia.org/wiki/Cattedrale_di_San_Clemente_(Velletri),http://www.openstreetmap.org/way/208786035,,,https://it.wikipedia.org/wiki/Cattedrale_di_San_Clemente_(Velletri),Q2942849,Renaissance,wikidata_p149,,missing,,,400,,inizio costruzione,,,,,False,400,,"{'stato': 'Italia', 'regione': 'Lazio', 'località': 'Velletri', 'coordinate': '41°40′59.52″N 12°46′36.12″E 41°40′59.52″N , 12°46′36.12″E', 'religione': 'cattolica di rito romano', 'sede suburbicaria': 'Velletri-Segni', 'stile architettonico': 'rinascimentale - barocco', 'inizio costruzione': 'V secolo'}",,400,1300,False,False,original_kept,original_kept,,False,,missing,,missing,Renaissance (c. 1400–1600)
216723333.0,Cattedrale di San Lorenzo,Amalfi,it,40.65351097,14.60820539,987,1900,275.0,900–1099,,,,,True,True,,,,,,,,,0,0,0,0,,https://it.wikipedia.org/wiki/Duomo_di_Amalfi,http://www.openstreetmap.org/way/216723333,,,https://it.wikipedia.org/wiki/Duomo_di_Amalfi,Q686306,Romanesque architecture,wikidata_p149,,missing,,,987,1900,inizio costruzione,completamento,,,,False,987,1900,"{'stato': 'Italia', 'regione': 'Campania', 'località': 'Amalfi', 'coordinate': '40°38′04″N 14°36′11″E 40°38′04″N , 14°36′11″E', 'religione': 'cattolica di rito romano', 'titolare': 'Andrea apostolo', 'arcidiocesi': ""Amalfi-Cava de' Tirreni"", 'consacrazione': '8 ottobre 1645', 'architetto': 'Errico Alvino', 'stile architettonico': 'romanico , barocco , rococò , neomoresco', 'inizio costruzione': '987', 'completamento': '1900'}",,950,1225,True,True,wikipedia_final_replaced,wikipedia_final_replaced,,False,,missing,,missing,Romanesque architecture (c. 1000–1200)
217467945.0,Cattedrale di Santa Maria Assunta,Melfi,it,40.99679819,15.65857072,1076,1770,77.0,900–1099,,,,,True,True,,,,,,,,,0,0,0,0,,it.wikipedia.org/wiki/Cattedrale_di_Santa_Maria_Assunta_(Melfi),http://www.openstreetmap.org/way/217467945,,,https://it.wikipedia.org/wiki/Cattedrale_di_Santa_Maria_Assunta_(Melfi),Q2942711,Romanesque architecture,wikidata_p149,,missing,,,1076,1770,inizio costruzione,completamento,1770,,,False,1076,1770,"{'stato': 'Italia', 'regione': 'Basilicata', 'località': 'Melfi', 'indirizzo': 'Piazza Guglielmo Marconi', 'coordinate': '40°59′48.41″N 15°39′30.38″E 40°59′48.41″N , 15°39′30.38″E', 'religione': 'cattolica di rito romano', 'titolare': 'Santa Maria Assunta', 'diocesi': 'Melfi-Rapolla-Venosa', 'stile architettonico': 'romanico , barocco', 'inizio costruzione': '1076-1153 prima fase: stile romanico 1723-1770 seconda fase: stile barocco', 'completamento': '1770'}",earliest:risale al 1770  | earliest:risale al 1770 ,1076,1153,False,True,original_kept,wikipedia_final_replaced,,False,,missing,,missing,Romanesque architecture (c. 1000–1200)
219963004.0,Cathédrale de Sion,Sion,ch,46.23401379,7.3592436,700,1520,820.0,700–899,,,,,True,True,3.0,False,True,False,False,True,1010.0,1418.0,3,0,2,0,1010;1352;1418,fr.wikipedia.org/wiki/Cathédrale_Notre-Dame_de_Sion,http://www.openstreetmap.org/way/219963004,mary (1010),"fire (1010), fire (1352), damaged (1418)",https://fr.wikipedia.org/wiki/Cathédrale_Notre-Dame_de_Sion,Q662821,Romanesque architecture,wikidata_p149,brick,wikidata_p186,,brick,,,,,,,,False,,,"{'nom local': 'Cathédrale N.-D. du Glarier', 'culte': 'Catholique romain', 'rattachement': 'Diocèse de Sion', 'début de la construction': 'XII e siècle', 'fin des travaux': 'XVI e siècle', 'style dominant': 'roman ( clocher ), gothique', 'site web': 'paroisses-sion.ch/cathedrale', 'pays': 'Suisse', 'district': 'District de Sion', 'canton': 'canton du Valais', 'ville': 'Sion', 'coordonnées': '46°\xa014′\xa003″\xa0nord, 7°\xa021′\xa033″\xa0est'}",,700,1520,False,False,original_kept,original_kept,,False,,missing,,missing,Romanesque architecture (c. 1000–1200)
220099304.0,Cattedrale dei Santi Erasmo e Marciano e di Santa Maria Assunta,Gaeta,it,41.20886192,13.58689047,1100,1950,556.0,700–899,,,,,True,True,1.0,False,False,True,False,False,1213.0,1213.0,1,0,0,1,1213,it.wikipedia.org/wiki/Cattedrale_dei_Santi_Erasmo_e_Marciano_e_di_Santa_Maria_Assunta,http://www.openstreetmap.org/way/220099304,,,https://it.wikipedia.org/wiki/Cattedrale_dei_Santi_Erasmo_e_Marciano_e_di_Santa_Maria_Assunta,Q428463,Norman architecture,wikidata_p149,,missing,,,1100,1950,inizio costruzione,completamento,1300,,1950,False,1100,1950,"{'stato': 'Italia', 'regione': 'Lazio', 'località': 'Gaeta', 'indirizzo': 'via Duomo, 24', 'coordinate': '41°12′31.32″N 13°35′12.48″E 41°12′31.32″N , 13°35′12.48″E', 'religione': 'cattolica di rito romano', 'titolare': 'Erasmo di Formia , Marciano di Siracusa , Maria Assunta', 'arcidiocesi': 'Gaeta', 'consacrazione': '22 gennaio 1106 28 maggio 1793 23 novembre 1950 27 settembre 2014', 'stile architettonico': 'romanico (campanile) neogotico (facciata) barocco - neoclassico (interno)', 'inizio costruzione': 'XI - XII secolo', 'completamento': '1950', 'sito web': 'cattedralegaeta.it'}",earliest:risale alla metà del xviii secolo ed è attribuibile all'artista napoletano ferdinando sanfelice o al suo collaboratore giuseppe astarita  | earliest:risale alla fine del xiv secolo -inizi del xv e si presenta in cattive condizioni di conservazione | current_end:completata nel 1950 con la realizzazione del rosone cieco marmoreo | current_end:completata nel 1689  | current_end:consacrata nel 1597 ,700,1256,True,True,wikipedia_final_replaced,wikipedia_final_replaced,,False,,missing,,missing,Norman architecture
224608409.0,St. Petri-Dom,Bremen,de,53.07548416,8.809108788,785,1102,317.0,700–899,,,,,True,True,,,,,,,,,0,0,0,0,,de.wikipedia.org/wiki/Bremer_Dom,http://www.openstreetmap.org/way/224608409,st peter (1041),no (N/A),https://de.wikipedia.org/wiki/Bremer_Dom,,,missing,,missing,,,,,,,,,,False,,,{},,785,1102,False,False,original_kept,original_kept,,False,,missing,,missing,
224967203.0,The Cathedral Church of Christ and the Blessed Mary the Virgin of Worcester,Worcester,uk,52.18864387,-2.220864791,680,2008,674.0,700–899,,,,,True,True,,,,,,,,,0,0,0,0,,en.wikipedia.org/wiki/Worcester_Cathedral,http://www.openstreetmap.org/way/224967203,"st peter (700), st paul (700), christ (1000)","no (N/A), mary (1000)",https://en.wikipedia.org/wiki/Worcester_Cathedral,,,missing,,missing,,,1084,,years built,,680,,2008,False,680,2008,"{'location': 'Worcester ( Worcestershire )', 'country': 'England', 'denomination': 'Church of England', 'previous denomination': 'Roman Catholic', 'website': 'worcestercathedral.co.uk', 'former name': 'Worcester Priory', 'functional status': 'Active', 'style': 'Norman , Gothic', 'years built': '1084–1504', 'length': '130\xa0m (426.51\xa0ft)', 'width': '44\xa0m (144.36\xa0ft)', 'province': 'Canterbury', 'diocese': 'Worcester', 'bishop': 'Hugh Nelson', 'dean': 'Stephen Edwards'}",earliest:was founded in 680 | earliest:was founded in 680 | current_end:completed in 1374 | current_end:completed in the summer of 2008,700,1374,True,True,wikipedia_final_replaced,wikipedia_final_replaced,,False,,missing,,missing,
226990052.0,Cattedrale San Giuseppe,Vasto,it,42.11188548,14.71011162,1200,2000,100.0,1100–1299,,,,,True,True,,,,,,,,,0,0,0,0,,https://it.wikipedia.org/wiki/Duomo_di_Vasto,http://www.openstreetmap.org/way/226990052,,,https://it.wikipedia.org/wiki/Duomo_di_Vasto,Q2942845,Gothic architecture,wikidata_p149,,missing,,,1200,2000,inizio costruzione,completamento,1200,1700,,True,1200,2000,"{'stato': 'Italia', 'regione': 'Abruzzo', 'località': 'Vasto', 'indirizzo': 'Piazza L.V. Pudente - Vasto', 'coordinate': '42°06′42″N 14°42′33″E 42°06′42″N , 14°42′33″E', 'religione': 'cattolica', 'titolare': 'Giuseppe', 'arcidiocesi': 'Chieti-Vasto', 'stile architettonico': 'Romanico (facciata) Neogotico (interno)', 'inizio costruzione': 'XIII secolo', 'completamento': 'XX secolo', 'sito web': 'www.turismovasto.it'}",earliest:risale al xiii secolo  | earliest:risale al xiii secolo ed è la parte originale della vecchia chiesa | earliest:risale al xiii secolo  | earliest:risale al xiii secolo ed è la parte originale della vecchia chiesa | current_start:ricostruita nel xviii secolo ,1200,1300,False,True,original_kept,wikipedia_final_replaced,,False,,missing,,missing,Gothic architecture (c. 1140–1600)
22720153.0,Duomo di Arezzo,Arezzo,it,43.46705209,11.8834402,1200,1511,233.0,1100–1299,,,,,True,True,,,,,,,,,0,0,0,0,,en.wikipedia.org/wiki/Arezzo_Cathedral,http://www.openstreetmap.org/way/22720153,,,https://en.wikipedia.org/wiki/Arezzo_Cathedral,Q2263308,"Gothic architecture, Gothic art, Romanesque architecture",wikidata_p149,,missing,,,,,,,1200,,,False,1200,,{},earliest:dates to the 13th century,1278,1511,True,False,wikipedia_final_replaced,original_kept,,False,,missing,,missing,"Gothic architecture (c. 1140–1600), Gothic art (c. 1140–1600), Romanesque architecture (c. 1000–1200)"
22764552.0,Dom zu Meißen,Meissen,de,51.16621207,13.47146001,970,1410,440.0,900–1099,,81.0,,,True,True,,,,,,,,,0,0,0,0,,de.wikipedia.org/wiki/Meißner_Dom,http://www.openstreetmap.org/way/22764552,"st john baptist (970), st donatus (970)",no (N/A),https://de.wikipedia.org/wiki/Meißner_Dom,Q322853,Gothic architecture,wikidata_p149,,missing,,,,,,,,,,False,,,{},,970,1410,False,False,original_kept,original_kept,,False,81.0,wikidata_p2048_filled_missing,,missing,Gothic architecture (c. 1140–1600)
227783056.0,Cattedrale di San Panfilo,Sulmona,it,42.05395989,13.9204292,1100,1800,420.0,700–899,,,,,True,True,1.0,False,False,True,False,False,1456.0,1456.0,0,0,0,0,1456,it.wikipedia.org/wiki/Cattedrale_di_San_Panfilo,http://www.openstreetmap.org/way/227783056,,,https://it.wikipedia.org/wiki/Cattedrale_di_San_Panfilo,Q788293,Romanesque architecture,wikidata_p149,,missing,,,1100,1800,inizio costruzione,completamento,,,,False,1100,1800,"{'stato': 'Italia', 'regione': 'Abruzzo', 'località': 'Sulmona', 'indirizzo': 'Viale Roosvelt - Sulmona', 'coordinate': '42°03′14.33″N 13°55′13.69″E 42°03′14.33″N , 13°55′13.69″E', 'religione': 'cattolica di rito romano', 'titolare': 'San Panfilo di Sulmona', 'diocesi': 'Sulmona-Valva', 'stile architettonico': 'romanico (cripta) gotico (portale) barocco (interno)', 'inizio costruzione': 'XII secolo', 'completamento': 'XVIII secolo', 'sito web': 'cattedraledisanpanfilo.it/'}",,700,1120,True,True,wikipedia_final_replaced,wikipedia_final_replaced,,False,,missing,,missing,Romanesque architecture (c. 1000–1200)
228398604.0,Cattedrale di Sancta Maria de Episcopio,"Benevento (Benevent, Bénévent)",it,41.13151604,14.77434375,600,2000,873.0,700–899,,,,,True,True,1.0,False,False,True,False,False,1456.0,1456.0,1,0,0,1,1456,it.wikipedia.org/wiki/Duomo_di_Benevento,http://www.openstreetmap.org/way/228398604,,,https://it.wikipedia.org/wiki/Duomo_di_Benevento,Q2942604,Romanesque architecture,wikidata_p149,,missing,,,600,2000,inizio costruzione,completamento,1200,,,False,600,2000,"{'stato': 'Italia', 'regione': 'Campania', 'località': 'Benevento', 'coordinate': '41°07′54.03″N 14°46′28.12″E 41°07′54.03″N , 14°46′28.12″E', 'religione': 'cattolica di rito romano', 'titolare': 'Maria', 'arcidiocesi': 'Benevento', 'consacrazione': ""anni novanta dell' VIII secolo"", 'stile architettonico': 'romanico pisano (facciata) neoromanico (interno)', 'inizio costruzione': 'VII secolo', 'completamento': 'anni sessanta del XX secolo'}",earliest:risale alla fine del xiii secolo ,600,1473,False,True,original_kept,wikipedia_final_replaced,,False,,missing,,missing,Romanesque architecture (c. 1000–1200)
229049611.0,Cattedrale San Giuliano,Caltagirone,it,37.2371811,14.51258165,1090,1282,192.0,900–1099,,,,,True,True,,,,,,,,,0,0,0,0,,it.wikipedia.org/wiki/Cattedrale_di_San_Giuliano_(Caltagirone),http://www.openstreetmap.org/way/229049611,,,https://it.wikipedia.org/wiki/Cattedrale_di_San_Giuliano_(Caltagirone),Q1388065,"Norman architecture, baroque architecture",wikidata_p149,,missing,,,,1282,,completamento,,,,False,,1282,"{'stato': 'Italia', 'regione': 'Sicilia', 'località': 'Caltagirone', 'coordinate': '37°14′14″N 14°30′45″E 37°14′14″N , 14°30′45″E', 'religione': 'cattolica di rito romano', 'titolare': 'Giuliano di Le Mans [ 1 ]', 'diocesi': 'Caltagirone', 'stile architettonico': 'normanno , barocco , liberty', 'completamento': '1282', 'sito web': 'www.diocesidicaltagirone.it/'}",,1090,1282,False,False,original_kept,original_kept,,False,,missing,,missing,"Norman architecture, baroque architecture (c. 1600–1750)"
22945163.0,Cattedrale di Santa Maria Assunta,Pisa,it,43.72328668,10.39573267,1064,1092,120.0,900–1099,4057.0,,,,True,True,,,,,,,,,0,0,0,0,,it.wikipedia.org/wiki/Duomo_di_Pisa,http://www.openstreetmap.org/way/22945163,,,https://it.wikipedia.org/wiki/Duomo_di_Pisa,Q1754247,Romanesque architecture,wikidata_p149,stone,wikidata_p186,,stone,1064,1092,inizio costruzione,completamento,,,1118,False,1064,1092,"{'stato': 'Italia', 'regione': 'Toscana', 'località': 'Pisa', 'indirizzo': 'Piazza Duomo', 'coordinate': '43°43′23.85″N 10°23′43.81″E 43°43′23.85″N , 10°23′43.81″E', 'religione': 'cattolica di rito romano', 'titolare': 'Santa Maria Assunta', 'arcidiocesi': 'Pisa', 'consacrazione': '1118', 'stile architettonico': 'Romanico pisano', 'inizio costruzione': '1064', 'completamento': '1092', 'sito web': 'www.opapisa.it/en/square-of-miracles/cathedral'}",current_end:consacrata nel 1118 dal papa gelasio ii ,1020,1140,True,True,wikipedia_final_replaced,wikipedia_final_replaced,,False,,missing,4057.0,wikidata_p2046_filled_missing,Romanesque architecture (c. 1000–1200)
22993770.0,Magdeburger Dom,Magdeburg,de,52.12464594,11.63471199,1209,1520,311.0,1100–1299,4629.64038,32.0,148148.49216,148148.49216,True,True,1.0,False,True,False,False,False,1207.0,1207.0,0,0,0,0,1207,de.wikipedia.org/wiki/Magdeburger_Dom,http://www.openstreetmap.org/way/22993770,st maurice (937),fire (1207),https://de.wikipedia.org/wiki/Magdeburger_Dom,Q668341,Gothic architecture,wikidata_p149,"dimension stone, sandstone",wikidata_p186,,"dimension stone, sandstone",,,,,,,,False,,,{},,1209,1520,False,False,original_kept,original_kept,,False,104.0,original_kept,,original_kept,Gothic architecture (c. 1140–1600)
233181490.0,Cattedrale di San Gerlando,Agrigento,it,37.31400549,13.57641155,1100,1700,173.0,900–1099,,,,,True,False,1.0,False,False,False,False,True,1198.0,1198.0,1,0,0,0,1198,it.wikipedia.org/wiki/Cattedrale_di_San_Gerlando,http://www.openstreetmap.org/way/233181490,,,https://it.wikipedia.org/wiki/Cattedrale_di_San_Gerlando,Q2942535,"Chiaramonte style, Norman-Arab-Byzantine culture, Renaissance architecture, Sicilian Baroque",wikidata_p149,,missing,,,1100,1700,inizio costruzione,completamento,1591,,,False,1100,1700,"{'stato': 'Italia', 'regione': 'Sicilia', 'località': 'Agrigento', 'coordinate': '37°18′50.44″N 13°34′34.97″E 37°18′50.44″N , 13°34′34.97″E', 'religione': 'cattolica di rito romano', 'titolare': 'Gerlando di Agrigento', 'arcidiocesi': 'Agrigento', 'stile architettonico': 'Architettura arabo-normanna , gotico chiaramontano , barocco siciliano e rinascimentale', 'inizio costruzione': 'XII secolo', 'completamento': 'XVII secolo'}",earliest:fondata nel 1591 ,1087,1260,True,True,wikipedia_final_replaced,wikipedia_final_replaced,,False,,missing,,missing,"Chiaramonte style, Norman-Arab-Byzantine culture (c. 330–1453), Renaissance architecture (c. 1400–1600), Sicilian Baroque (c. 1600–1750)"
237751169.0,Cattedrale dei Santi Mariano e Giacomo,Gubbio,it,43.35367967,12.58008728,1194,1350,640.0,700–899,,,,,True,True,,,,,,,,,0,0,0,0,,it.wikipedia.org/wiki/Duomo_di_Gubbio,http://www.openstreetmap.org/way/237751169,,,https://it.wikipedia.org/wiki/Duomo_di_Gubbio,Q594678,"Gothic architecture, Italian Gothic architecture",wikidata_p149,,missing,,,1194,1350,inizio costruzione,completamento,,,,False,1194,1350,"{'stato': 'Italia', 'regione': 'Umbria', 'località': 'Gubbio', 'coordinate': '43°21′13″N 12°34′48″E 43°21′13″N , 12°34′48″E', 'religione': 'cattolica di rito romano', 'titolare': 'Mariano e Giacomo', 'diocesi': 'Gubbio', 'stile architettonico': 'gotico e architettura gotica italiana', 'inizio costruzione': '1194', 'completamento': '1350'}",,700,1340,True,True,wikipedia_final_replaced,wikipedia_final_replaced,,False,,missing,,missing,"Gothic architecture (c. 1140–1600), Italian Gothic architecture (c. 1140–1600)"
241473411.0,Basilica Cattedrale di Santa Maria Assunta e San Berardo,Teramo,it,42.65861938,13.70335049,1158,1493,177.0,1100–1299,,,,,True,True,,,,,,,,,0,0,0,0,,it.wikipedia.org/wiki/Duomo_di_Teramo,http://www.openstreetmap.org/way/241473411,,,https://it.wikipedia.org/wiki/Duomo_di_Teramo,,,missing,,missing,,,1158,1493,inizio costruzione,completamento,1734,,1176,False,1158,1493,"{'stato': 'Italia', 'regione': 'Abruzzo', 'località': 'Teramo', 'indirizzo': 'Piazza Martiri Della Libertà,  - Teramo', 'coordinate': '42°39′30.9″N 13°42′13.41″E 42°39′30.9″N , 13°42′13.41″E', 'religione': 'cattolica di rito romano', 'titolare': 'Santa Maria Assunta', 'diocesi': 'Teramo-Atri', 'consacrazione': '1176', 'architetto': 'Deodato Romano (portale del 1332), Antonio da Lodi (campanile)', 'stile architettonico': 'romanico , gotico , barocco (cappella  di San Berardo)', 'inizio costruzione': '1158', 'completamento': '1493 , restauri nel XVIII sec., 1935 e 1969'}",earliest:risale al ad un restauro del 1734  | earliest:risale al ad un restauro del 1734  | current_end:consacrata nel 1176 ,1158,1335,False,True,original_kept,wikipedia_final_replaced,,False,,missing,,missing,
242711512.0,Duomo di Treviso,Treviso,it,45.66636078,12.24309244,500,1900,700.0,700–899,,,,,True,True,,,,,,,,,0,0,0,0,,it.wikipedia.org/wiki/Duomo_di_Treviso,http://www.openstreetmap.org/way/242711512,,,https://it.wikipedia.org/wiki/Duomo_di_Treviso,Q51149,Neoclassical architecture,wikidata_p149,,missing,,,500,1900,inizio costruzione,completamento,1500,,1836,False,500,1900,"{'stato': 'Italia', 'regione': 'Veneto', 'località': 'Treviso', 'coordinate': '45°39′59.35″N 12°14′34.93″E 45°39′59.35″N , 12°14′34.93″E', 'religione': 'cattolica', 'titolare': 'San Pietro', 'diocesi': 'Treviso', 'architetto': 'Giordano Riccati e Francesco Bomben', 'stile architettonico': 'neoclassico', 'inizio costruzione': 'VI secolo', 'completamento': 'XIX secolo', 'sito web': 'www.parrocchietreviso.it/?page_id=5'}",earliest:risale al 1836  | earliest:risale al 1520 e fu commissionata da broccardo malchiostro  | earliest:risale al 1836  | earliest:risale al 1520 e fu commissionata da broccardo malchiostro  | earliest:risale alla metà del xvi secolo  | current_end:completata nel 1836 da francesco bomben e dall'ingegnere comunale gaspare petrovich,500,1200,False,True,original_kept,wikipedia_final_replaced,,False,,missing,,missing,Neoclassical architecture (c. 1750–1850)
24276160.0,Dom,"Luebeck (Lübeck), see also Old-Luebeck",de,53.86089854,10.68572755,1173,1400,227.0,1100–1299,,115.0,,,True,True,,,,,,,,,0,0,0,0,,de.wikipedia.org/wiki/Lübecker_Dom,http://www.openstreetmap.org/way/24276160,"st john baptist (1173), st blasius (1173), mary (1173)",no (N/A),https://de.wikipedia.org/wiki/Lübecker_Dom,Q3916007,Brick Romanesque Style,wikidata_p149,brick,wikidata_p186,,brick,,,,,,,,False,,,{},,1173,1400,False,False,original_kept,original_kept,,False,115.0,wikidata_p2048_filled_missing,,missing,Brick Romanesque Style (c. 1000–1200)
242966968.0,Lincoln Cathedral,Lincoln,uk,53.23440945,-0.536172646502425,1072,1092,138.0,1100–1299,6000.0,25.0,150000.0,150000.0,True,True,2.0,False,True,True,False,False,1124.0,1185.0,0,0,0,0,1124;1185,en.wikipedia.org/wiki/Lincoln_Cathedral,http://www.openstreetmap.org/way/242966968,mary (1072),"roof in fire (1124), earthquake (1185)",https://en.wikipedia.org/wiki/Lincoln_Cathedral,Q390169,English Gothic architecture,wikidata_p149,,missing,,,1072,1092,groundbreaking,consecrated,,,2005,False,1072,1092,"{'location': 'Lincoln , Lincolnshire', 'country': 'England', 'denomination': 'Church of England', 'previous denomination': 'Roman Catholicism', 'tradition': 'Anglo-Catholic', 'website': 'lincolncathedral .com', 'dedication': 'Virgin Mary', 'consecrated': '11 May 1092', 'style': 'Gothic', 'years built': '1185–1311', 'groundbreaking': '1072 [ 1 ]', 'length': '147 metres (482\xa0ft)', 'width': '24 metres (78\xa0ft)', 'height': '160 metres (525 ft) (1311-1548)', 'province': 'Canterbury', 'diocese': 'Lincoln', 'dean': 'Simon Jones', 'preceded\xa0by': ""Old St Paul's Cathedral"", 'surpassed\xa0by': ""Tower of St. Mary's Church, Stralsund""}",current_end:completed in 1092 | current_end:completed in 1235 | current_end:completed by the end of august 2005,1192,1330,True,True,wikipedia_final_replaced,wikipedia_final_replaced,,False,159.7,original_kept,,original_kept,English Gothic architecture (c. 1140–1600)
2472190.0,Duomo - Cattedrale di Santa Croce,Forli,it,44.22371996,12.0382533,1800,1841,550.0,1100–1299,,,,,True,True,,,,,,,,,0,0,0,0,,it.wikipedia.org/wiki/Cattedrale_di_Santa_Croce,http://www.openstreetmap.org/relation/2472190,,,https://it.wikipedia.org/wiki/Cattedrale_di_Santa_Croce,Q2942665,Romanesque architecture,wikidata_p149,,missing,,,1800,1841,inizio costruzione,completamento,1865,,,False,1800,1841,"{'stato': 'Italia', 'regione': 'Emilia-Romagna', 'località': 'Forlì', 'indirizzo': ""piazza Ordelaffi ‒ Forli' (FC)"", 'coordinate': '44°13′25.32″N 12°02′17.66″E 44°13′25.32″N , 12°02′17.66″E', 'religione': 'cattolica', 'titolare': 'Santa Croce', 'diocesi': 'Forlì-Bertinoro', 'architetto': 'Giulio Zambianchi', 'stile architettonico': 'neoclassico (corpo), rinascimentale (cappella del Santissimo Sacramento), barocco (cappella della Madonna del Fuoco)', 'inizio costruzione': 'XIX secolo (corpo), XVI secolo (cappelle)', 'completamento': '1841 nelle forme attuali'}",earliest:risale al 1865 | earliest:risale al 1865,1100,1650,True,True,wikipedia_final_replaced,wikipedia_final_replaced,,False,,missing,,missing,Romanesque architecture (c. 1000–1200)
24771505.0,Dom St. Stephan,Passau,de,48.57422224,13.46542622,720,1598,878.0,700–899,,,,,True,True,1.0,True,False,False,False,False,978.0,978.0,1,1,0,0,978,de.wikipedia.org/wiki/Dom_St._Stephan_(Passau),http://www.openstreetmap.org/way/24771505,st stephen (720),war 978 (N/A),https://de.wikipedia.org/wiki/Dom_St._Stephan_(Passau),,,missing,,missing,,,,,,,,,,False,,,{},,720,1598,False,False,original_kept,original_kept,,False,,missing,,missing,
24883266.0,Basilica di San Lorenzo,Firenze,it,43.77487741,11.25403059,1059,1461,1140.0,700–899,,,,,True,True,,,,,,,,,0,0,0,0,,it.wikipedia.org/wiki/Basilica_di_San_Lorenzo_(Firenze),http://www.openstreetmap.org/way/24883266,,,https://it.wikipedia.org/wiki/Basilica_di_San_Lorenzo_(Firenze),Q573881,Renaissance architecture,wikidata_p149,,missing,,,1059,1461,inizio costruzione,completamento,1860,,,False,1059,1461,"{'stato': 'Italia', 'regione': 'Toscana', 'località': 'Firenze', 'indirizzo': 'Piazza San Lorenzo', 'coordinate': '43°46′30″N 11°15′14″E 43°46′30″N , 11°15′14″E', 'religione': 'cattolica di rito romano', 'titolare': 'Lorenzo martire', 'arcidiocesi': 'Firenze', 'consacrazione': '393, 1095, 1461', 'fondatore': ""Cosimo de' Medici"", 'architetto': 'Filippo Brunelleschi', 'stile architettonico': 'rinascimentale', 'inizio costruzione': 'IV secolo (chiesa paleocristiana), 1059 (chiesa romanica), 1418 circa (chiesa rinascimentale)', 'completamento': '1461, con interventi fino al 1740', 'sito web': 'sanlorenzofirenze.it/'}",earliest:risale alla sistemazione che ne fece gaetano baccani nel 1860 dopo la parziale demolizione settecentesca,350,1490,True,True,wikipedia_final_replaced,wikipedia_final_replaced,,False,,missing,,missing,Renaissance architecture (c. 1400–1600)
25055228.0,Cathédrale Saint-Julien,Le Mans,fr,48.00923064,0.198739359727441,1139,1423,284.0,1100–1299,5118.50101,33.0,168910.53333,168910.53333,True,True,1.0,False,True,False,False,False,1134.0,1134.0,0,0,0,0,1134,fr.wikipedia.org/wiki/Cathédrale_Saint-Julien_du_Mans,http://www.openstreetmap.org/way/25055228,st julian (700),fire (1134),https://fr.wikipedia.org/wiki/Cathédrale_Saint-Julien_du_Mans,Q1563071,Romanesque architecture,wikidata_p149,,missing,,,,,,,,,,False,,,"{'nom local': 'Saint Julien', 'culte': 'Catholique', 'dédicataire': 'Saint Julien', 'type': 'Cathédrale', 'rattachement': 'Diocèse du Mans (siège)', 'début de la construction': 'XI e siècle', 'fin des travaux': 'XV e siècle', 'style dominant': 'romans gothique angevin', 'protection': 'Classée\xa0MH ( 1862 )', 'site web': 'Paroisse de la Cathédrale Saint-Julien du Mans', 'pays': 'France', 'région': 'Pays de la Loire', 'département': 'Sarthe', 'ville': 'Le Mans', 'coordonnées': '48°\xa000′\xa033″\xa0nord, 0°\xa011′\xa056″\xa0est'}",,1139,1423,False,False,original_kept,original_kept,,False,,original_kept,,original_kept,Romanesque architecture (c. 1000–1200)
253313954.0,Duomo,Ravenna,it,44.41535017,12.19701801,350,1745,5.0,700–899,,35.17,,,True,True,,,,,,,,,0,0,0,0,,it.wikipedia.org/wiki/Duomo_di_Ravenna,http://www.openstreetmap.org/way/253313954,,,https://it.wikipedia.org/wiki/Duomo_di_Ravenna,Q2942769,baroque architecture,wikidata_p149,,missing,,,1734,1745,inizio costruzione,completamento,350,,,False,350,1745,"{'stato': 'Italia', 'regione': 'Emilia-Romagna', 'località': 'Ravenna', 'indirizzo': 'piazza del Duomo ‒ Ravenna (RA)', 'coordinate': '44°24′56.31″N 12°11′45.44″E 44°24′56.31″N , 12°11′45.44″E', 'religione': 'cattolica di rito romano', 'titolare': 'Risurrezione di Gesù', 'arcidiocesi': 'Ravenna-Cervia', 'consacrazione': '13 aprile 1749 (chiesa attuale)', 'fondatore': 'Orso di Ravenna (chiesa antica) Maffeo Nicolò Farsetti (chiesa attuale)', 'architetto': 'Giovan Francesco Buonamici (chiesa attuale)', 'stile architettonico': 'barocco , neoclassico', 'inizio costruzione': '30 luglio 1734 (chiesa attuale)', 'completamento': '1745 (chiesa attuale)', 'sito web': 'www.duomoravenna.it/'}",earliest:risale al 1701 ed è sormontato da un crocifisso ligneo policromo | earliest:risale al 1701 ed è sormontato da un crocifisso ligneo policromo | earliest:fondata nel 350 circa) e della basilica c di nicopoli ,402,407,True,True,wikipedia_final_replaced,wikipedia_final_replaced,,False,35.17,wikidata_p2048_filled_missing,,missing,baroque architecture (c. 1600–1750)
254810647.0,Concattedrale dell'Immacolata Concezione,Bosa,it,40.29509398,8.503984774,1700,1809,400.0,1100–1299,,,,,True,True,,,,,,,,,0,0,0,0,,it.wikipedia.org/wiki/Concattedrale_dell'Immacolata_Concezione,http://www.openstreetmap.org/way/254810647,,,https://it.wikipedia.org/wiki/Concattedrale_dell'Immacolata_Concezione,Q2942594,baroque architecture,wikidata_p149,,missing,,,,,,,1700,,1809,False,1700,1809,"{'stato': 'Italia', 'regione': 'Sardegna', 'località': 'Bosa', 'indirizzo': 'Corso Vittorio Emanuele II, 08013 Bosa OR', 'coordinate': '40°17′42.69″N 8°30′14.02″E 40°17′42.69″N , 8°30′14.02″E', 'religione': 'Cattolicesimo', 'titolare': 'Maria', 'diocesi': 'Alghero-Bosa', 'consacrazione': '1809', 'stile architettonico': 'Tardo barocco - neoclassico'}",earliest:risale alla seconda metà del 1700 | current_end:consacrata nel luglio 1809 ,1100,1500,True,True,wikipedia_final_replaced,wikipedia_final_replaced,,False,,missing,,missing,baroque architecture (c. 1600–1750)
25529590.0,Schweriner Dom St. Maria und St. Johannes,Schwerin,de,53.62969693,11.41455673,1171,1246,75.0,1100–1299,3200.0,27.0,86400.0,86400.0,True,True,,,,,,,,,0,0,0,0,,de.wikipedia.org/wiki/Schweriner_Dom,http://www.openstreetmap.org/way/25529590,"mary (1171), st john baptist (1171)",no (N/A),https://de.wikipedia.org/wiki/Schweriner_Dom,Q694424,Brick Gothic,wikidata_p149,brick,wikidata_p186,,brick,,,,,,,,False,,,{},,1171,1246,False,False,original_kept,original_kept,,False,117.5,original_kept,,original_kept,Brick Gothic (c. 1140–1600)
255378538.0,Dom,Paderborn,de,51.7189637,8.755867056,800,1250,450.0,700–899,,,,,True,True,2.0,False,True,False,False,False,1000.0,1133.0,2,0,2,0,1000;1133,de.wikipedia.org/wiki/Paderborner_Dom,http://www.openstreetmap.org/way/255378538,"mary (800), st kilian (800), st ulrich (1000)","fire (1000), fire (1133)",https://de.wikipedia.org/wiki/Paderborner_Dom,,,missing,,missing,,,,,,,,,,False,,,{},,800,1250,False,False,original_kept,original_kept,,False,,missing,,missing,
25718547.0,Cathédrale Notre-Dame de Lausanne,Lausanne,ch,46.52257834,6.635352703,600,1268,668.0,700–899,,79.6,,,True,True,,,,,,,,,0,0,0,0,,fr.wikipedia.org/wiki/Cathédrale_de_Lausanne,http://www.openstreetmap.org/way/25718547,mary (1275),no (N/A),https://fr.wikipedia.org/wiki/Cathédrale_de_Lausanne,Q669544,Gothic architecture,wikidata_p149,,missing,,,,,,,,,,False,,,"{'culte': 'Réformé', 'type': 'Cathédrale', 'rattachement': 'Église évangélique réformée du canton de Vaud', 'architecte': 'Jean Cotereel ( en )', 'style dominant': 'Architecture gothique', 'protection': ""Bien culturel d'importance nationale"", 'site web': 'www.cathedrale-lausanne.ch', 'pays': 'Suisse', 'canton': 'Vaud', 'district': 'Lausanne', 'ville': 'Lausanne', 'coordonnées': '46°\xa031′\xa021″\xa0nord, 6°\xa038′\xa006″\xa0est'}",,600,1268,False,False,original_kept,original_kept,,False,79.6,wikidata_p2048_filled_missing,,missing,Gothic architecture (c. 1140–1600)
260816263.0,Cathédrale Sainte-Cécile d'Albi,Albi,fr,43.92847901,2.142615086,850,1397,547.0,700–899,,78.0,,,True,True,,,,,,,,,0,0,0,0,,fr.wikipedia.org/wiki/Cathédrale_Sainte-Cécile_d'Albi,http://www.openstreetmap.org/way/260816263,st cecilia (850),no (N/A),https://fr.wikipedia.org/wiki/Cathédrale_Sainte-Cécile_d'Albi,Q94744,"Brick Gothic, Gothic architecture",wikidata_p149,brick,wikidata_p186,,brick,,,,,,,,False,,,"{'culte': 'Église catholique latine', 'dédicataire': 'Sainte Cécile', 'type': 'Cathédrale', 'rattachement': ""Archidiocèse d'Albi, Castres et Lavaur"", 'début de la construction': '1282', 'fin des travaux': '1480', 'style dominant': 'Gothique méridional', 'protection': 'Classée\xa0MH ( 1862 ) Patrimoine mondial ( 2010 )', 'site web': 'https://cathedrale-albi.com/', 'pays': 'France', 'région': 'Occitanie', 'département': 'Tarn', 'ville': 'Albi', 'coordonnées': '43°\xa055′\xa043″\xa0nord, 2°\xa008′\xa035″\xa0est'}",,850,1397,False,False,original_kept,original_kept,,False,78.0,wikidata_p2048_filled_missing,,missing,"Brick Gothic (c. 1140–1600), Gothic architecture (c. 1140–1600)"
26150815.0,Kiliansdom,Wuerzburg(Würzburg),de,49.79340745,9.932402137,750,1075,325.0,700–899,,,,,True,True,2.0,False,True,False,False,False,854.0,1039.0,2,0,2,0,854;1039,de.wikipedia.org/wiki/Würzburger_Dom,http://www.openstreetmap.org/way/26150815,"christ (750), st kilian (855), st andreas (1040)","fire (854), fire (1039)",https://de.wikipedia.org/wiki/Würzburger_Dom,Q252166,Romanesque architecture,wikidata_p149,brick,wikidata_p186,,brick,,,,,,,,False,,,{},,750,1075,False,False,original_kept,original_kept,,False,,missing,,missing,Romanesque architecture (c. 1000–1200)
26165742.0,Dom zu Speyer,Speyer,de,49.31722054,8.442451828,1030,1106,76.0,900–1099,6017.28005,33.0,198570.24165,198570.24165,True,True,,,,,,,,,0,0,0,0,,de.wikipedia.org/wiki/Speyerer_Dom,http://www.openstreetmap.org/way/26165742,"mary (1030), st stephen (1030)",no (N/A),https://de.wikipedia.org/wiki/Speyerer_Dom,Q22720,Romanesque architecture,wikidata_p149,,missing,,,,,,,,,,False,,,{},,1030,1106,False,False,original_kept,original_kept,,False,,original_kept,,original_kept,Romanesque architecture (c. 1000–1200)
264887600.0,Cathédrale de la Major,Marseille,fr,43.29981417,5.364907138,700,1200,500.0,700–899,,,,,True,True,,,,,,,,,0,0,0,0,,fr.wikipedia.org/wiki/Cathédrale_Sainte-Marie-Majeure_de_Marseille,http://www.openstreetmap.org/way/264887600,mary (700),no (N/A),https://fr.wikipedia.org/wiki/Cathédrale_Sainte-Marie-Majeure_de_Marseille,Q1419757,"Byzantine Revival architecture, Islamic architecture, Renaissance Revival architecture, Romanesque Revival architecture",wikidata_p149,,missing,,,,,,,,,,False,,,"{'nom local': 'La Major', 'culte': 'Catholique romain', 'dédicataire': 'Sainte Marie', 'type': 'Cathédrale Basilique mineure', 'rattachement': 'Archidiocèse de Marseille (siège)', 'début de la construction': '1852', 'fin des travaux': '1893', 'architecte': 'Léon Vaudoyer Henri-Jacques Espérandieu Henri Révoil', 'style dominant': 'Néobyzantin Romano-Byzantin', 'protection': 'Classée\xa0MH ( 1906 ) Inscrite MH ( 2024 ) Classée\xa0MH ( 2025 )', 'site web': 'La cathédrale de la Major - Diocèse de Marseille', 'pays': 'France', 'région': ""Provence-Alpes-Côte d'Azur"", 'département': 'Bouches-du-Rhône (13)', 'coordonnées': '43°\xa018′\xa001″\xa0nord, 5°\xa021′\xa053″\xa0est'}",,700,1200,False,False,original_kept,original_kept,,False,,missing,,missing,"Byzantine Revival architecture (c. 330–1453), Islamic architecture, Renaissance Revival architecture (c. 1400–1600), Romanesque Revival architecture (c. 1000–1200)"
26769986.0,Basilique Saint-Nazaire,Carcassonne,fr,43.2052531,2.362885391,700,1329,629.0,700–899,,,,,True,True,,,,,,,,,0,0,0,0,,fr.wikipedia.org/wiki/Église_Saint-Nazaire_de_Carcassonne,http://www.openstreetmap.org/way/26769986,st nazaire (700),no (N/A),https://fr.wikipedia.org/wiki/Église_Saint-Nazaire_de_Carcassonne,Q1841842,Gothic architecture,wikidata_p149,,missing,,,,,,,,,,False,,,"{'culte': 'Catholique', 'dédicataire': 'Saint Nazaire et Saint Celse', 'type': ""Basilique mineure (depuis 1898) Ancienne cathédrale (jusqu'en 1802)"", 'rattachement': 'Diocèse de Carcassonne et Narbonne', 'début de la construction': '1100-1120', 'fin des travaux': '1330', 'style dominant': 'Roman et gothique', 'protection': 'Classée\xa0MH ( 1840 )', 'site web': 'Paroisses Sainte Marie Reine en Pays de Carcassonne', 'pays': 'France', 'région': 'Occitanie', 'département': 'Aude', 'ville': 'Carcassonne', 'coordonnées': '43°\xa012′\xa019″\xa0nord, 2°\xa021′\xa039″\xa0est'}",,700,1329,False,False,original_kept,original_kept,,False,,missing,,missing,Gothic architecture (c. 1140–1600)
26844628.0,Dom Sankt Peter,Osnabrueck (Osnabrück),de,52.27741082,8.044916761,770,1500,730.0,700–899,,,,,True,True,2.0,True,True,False,False,False,880.0,1254.0,2,1,1,0,880;1254,de.wikipedia.org/wiki/Dom_St._Peter_(Osnabrück),http://www.openstreetmap.org/way/26844628,st peter (800),"damaged by vikings (880), partly damaged by fire (1254)",https://de.wikipedia.org/wiki/Dom_St._Peter_(Osnabrück),Q471633,Romanesque architecture,wikidata_p149,sandstone,wikidata_p186,,sandstone,,,,,,,,False,,,{},,770,1500,False,False,original_kept,original_kept,,False,,missing,,missing,Romanesque architecture (c. 1000–1200)
27099694.0,Cathédrale Saint-Dié,St Die (Saint-Dié-des-Vosges),fr,48.28903153,6.950773793,700,1800,1100.0,700–899,,,,,True,True,,,,,,,,,0,0,0,0,,fr.wikipedia.org/wiki/Cathédrale_Saint-Dié_de_Saint-Dié-des-Vosges,http://www.openstreetmap.org/way/27099694,st die (700),no (N/A),https://fr.wikipedia.org/wiki/Cathédrale_Saint-Dié_de_Saint-Dié-des-Vosges,Q2942323,Romanesque architecture,wikidata_p149,sandstone,wikidata_p186,,sandstone,,,,,,,,False,,,"{'culte': 'Catholique romain', 'dédicataire': 'Saint Dié', 'type': 'Cathédrale', 'rattachement': 'Diocèse de Saint-Dié', 'début de la construction': 'XII e siècle', 'fin des travaux': 'XVIII e siècle', 'architecte': 'Giovanni Betto', 'style dominant': 'Roman , gothique et classique', 'protection': 'Classée\xa0MH ( 1886 )', 'site web': ""Paroisse Saint-Dié | L'Église Catholique dans les Vosges"", 'pays': 'France', 'région': 'Grand Est', 'province historique': 'Lorraine', 'département': 'Vosges', 'ville': 'Saint-Dié-des-Vosges', 'coordonnées': '48°\xa017′\xa021″\xa0nord, 6°\xa057′\xa002″\xa0est'}",,700,1800,False,False,original_kept,original_kept,,False,,missing,,missing,Romanesque architecture (c. 1000–1200)
272804945.0,Cathédrale Saint-Pierre,Montpellier,fr,43.61332756,3.874032697,1364,1368,4.0,1300–1500,,,,,True,True,,,,,,,,,0,0,0,0,,fr.wikipedia.org/wiki/Cathédrale_Saint-Pierre_de_Montpellier,http://www.openstreetmap.org/way/272804945,st peter (1364),no (N/A),https://fr.wikipedia.org/wiki/Cathédrale_Saint-Pierre_de_Montpellier,Q1736197,"French Romanesque architecture, Gothic architecture",wikidata_p149,,missing,,,,,,,,,,False,,,"{'culte': 'Catholique romain', 'dédicataire': 'Saint Pierre', 'type': 'Cathédrale Basilique mineure', 'rattachement': 'Archidiocèse de Montpellier', 'début de la construction': '1364', 'fin des travaux': '1875', 'style dominant': 'Gothique', 'protection': 'Classée\xa0MH ( 1906 )', 'site web': 'Paroisse Cathédrale Montpellier', 'pays': 'France', 'région': 'Occitanie', 'département': 'Hérault', 'ville': 'Montpellier', 'coordonnées': '43°\xa036′\xa048″\xa0nord, 3°\xa052′\xa027″\xa0est'}",,1364,1368,False,False,original_kept,original_kept,,False,,missing,,missing,"French Romanesque architecture (c. 1000–1200), Gothic architecture (c. 1140–1600)"
273360279.0,Dom zu Eichstätt,Eichstaett (Eichstätt),de,48.89185084,11.18349665,740,1400,660.0,700–899,,,,,True,True,1.0,True,False,False,False,False,980.0,980.0,1,1,0,0,980,de.wikipedia.org/wiki/Dom_zu_Eichstätt,http://www.openstreetmap.org/way/273360279,"mary (800), st willibald (980)",damaged by mayars (980),https://de.wikipedia.org/wiki/Dom_zu_Eichstätt,Q252555,Gothic architecture,wikidata_p149,brick,wikidata_p186,,brick,,,,,,,,False,,,{},,740,1400,False,False,original_kept,original_kept,,False,,missing,,missing,Gothic architecture (c. 1140–1600)
274874951.0,Cattedrale di Santa Maria Assunta,Saluzzo,it,44.64486196,7.493203537,1491,1501,10.0,1300–1500,,,,,True,True,,,,,,,,,0,0,0,0,,it.wikipedia.org/wiki/Duomo_di_Saluzzo,http://www.openstreetmap.org/way/274874951,,,https://it.wikipedia.org/wiki/Duomo_di_Saluzzo,,,missing,,missing,,,1491,1501,inizio costruzione,completamento,,,,False,1491,1501,"{'stato': 'Italia', 'regione': 'Piemonte', 'località': 'Saluzzo', 'coordinate': '44°38′41.32″N 7°29′35.34″E 44°38′41.32″N , 7°29′35.34″E', 'religione': 'cattolica di rito romano', 'titolare': 'Assunzione di Maria', 'diocesi': 'Saluzzo', 'stile architettonico': 'Gotico - barocco', 'inizio costruzione': '1491', 'completamento': '1501', 'sito web': 'Sito ufficiale'}",,1491,1501,False,False,original_kept,original_kept,,False,,missing,,missing,
2754121.0,Basilica Sancti Petri,Roma,it,41.90215364,12.45374037,300,1626,35.0,700–899,,136.6,,,True,True,,,,,,,,,0,0,0,0,,en.wikipedia.org/wiki/St._Peter's_Basilica,http://www.openstreetmap.org/relation/2754121,,,https://en.wikipedia.org/wiki/St._Peter's_Basilica,Q12512,"Renaissance architecture, baroque architecture",wikidata_p149,"cement, marble",wikidata_p186,,"cement, marble",1506,1626,groundbreaking,completed,300,,1615,False,300,1626,"{'country': 'Vatican City', 'denomination': 'Catholic', 'sui iuris church': 'Latin Church', 'tradition': 'Roman Rite', 'website': ""St. Peter's Basilica"", 'status': 'Papal major basilica', 'dedication': 'Saint Peter', 'consecrated': '18 November 1626', 'architect': 'Bernardo Rossellino , Giuliano da Sangallo , Donato Bramante , Raphael , Giovanni Giocondo , Antonio da Sangallo the Younger , Baldassare Peruzzi , Michelangelo , Domenico Fontana , Giacomo della Porta , Giacomo Barozzi da Vignola , Pirro Ligorio , Carlo Maderno , Gian Lorenzo Bernini , Francesco Borromini', 'style': 'Renaissance and Baroque', 'groundbreaking': '18 April 1506', 'completed': '18\xa0November\xa01626 ( 1626-11-18 )', 'capacity': '60,000 standing and 20,000 seated [ 1 ]', 'length': '220 metres (720\xa0ft)', 'width': '150 metres (490\xa0ft)', 'height': '136.6 metres (448\xa0ft) [ 2 ]', 'diocese': 'Rome', 'official name': 'Vatican City', 'type': 'Cultural', 'criteria': 'i, ii, iv, vi', 'designated': '1984 (8th session )', 'reference\xa0no.': '286', 'region': 'Europe and North America'}",earliest:built in the fourth century by roman emperor constantine the great  | current_end:completed in 537 | current_end:finished in 1615,319,354,True,True,wikipedia_final_replaced,wikipedia_final_replaced,marble,True,136.6,wikidata_p2048_filled_missing,,missing,"Renaissance architecture (c. 1400–1600), baroque architecture (c. 1600–1750)"
27561299.0,"Duomo di Bolzano - Pfarrkirche Bozen (\Dom\"""")""""",Bolzano,it,46.49753141,11.35399284,1400,1517,1219.0,700–899,,,,,True,True,,,,,,,,,0,0,0,0,,it.wikipedia.org/wiki/Duomo_di_Bolzano,http://www.openstreetmap.org/way/27561299,,,https://it.wikipedia.org/wiki/Duomo_di_Bolzano,Q1895970,Gothic architecture,wikidata_p149,,missing,,,1400,1517,inizio costruzione,completamento,,,1519,False,1400,1517,"{'stato': 'Italia', 'regione': 'Trentino-Alto Adige', 'località': 'Bolzano', 'indirizzo': 'Piazza Walther, Bolzano', 'coordinate': '46°29′51.15″N 11°21′14.54″E 46°29′51.15″N , 11°21′14.54″E', 'religione': 'cattolica di rito romano', 'titolare': 'Maria Assunta', 'diocesi': 'Bolzano-Bressanone', 'stile architettonico': 'gotico', 'inizio costruzione': 'XV secolo su edifici precedenti', 'completamento': '1517'}",current_end:completata nel 1519 con l'erezione del campanile tardo-gotico di 65 metri [ 7 ] ,300,1519,True,True,wikipedia_final_replaced,wikipedia_final_replaced,,False,,missing,,missing,Gothic architecture (c. 1140–1600)
27626748.0,Duomo di Milano,Milano,it,45.46418266,9.191602528,1386,1932,1645.0,700–899,,108.5,,,True,True,1.0,False,True,False,False,False,1075.0,1075.0,1,0,1,0,1075,it.wikipedia.org/wiki/Duomo_di_Milano,http://www.openstreetmap.org/way/27626748,,,https://it.wikipedia.org/wiki/Duomo_di_Milano,Q18068,"Flamboyant, Italian Gothic architecture",wikidata_p149,marble,wikidata_p186,,marble,1386,1932,inizio costruzione,completamento,1397,1489,1769,True,1386,1932,"{'stato': 'Italia', 'regione': 'Lombardia', 'località': 'Milano', 'indirizzo': 'Piazza del Duomo, 20122 Milano (MI), Italia e Piazza Duomo', 'coordinate': '45°27′50.28″N 9°11′26.08″E 45°27′50.28″N , 9°11′26.08″E', 'religione': 'cattolica di rito ambrosiano', 'titolare': 'Santa Maria Nascente', 'arcidiocesi': 'Milano', 'consacrazione': '1418 e 1577', 'architetto': 'Simone da Orsenigo', 'stile architettonico': 'Gotico Internazionale , Neoclassico , Neogotico', 'inizio costruzione': '1386', 'completamento': '1932 [ 1 ]', 'sito web': 'Sito ufficiale'}",earliest:risale al 1948 ed è opera di arrigo minerbi  | earliest:risale al 1988 | earliest:risale al 1397-1404 e fu costruita grazie al lascito di marco carelli  | earliest:risale al 1948 ed è opera di arrigo minerbi  | earliest:risale al 1988 | earliest:risale al 1397-1404 e fu costruita grazie al lascito di marco carelli  | current_start:ricostruita nel 1489 e definitivamente abbattuta nel 1548) [ 11 ]  | current_end:ultimata nel 1769 con una struttura marmorea,320,1965,True,True,wikipedia_final_replaced,wikipedia_final_replaced,marble,True,108.5,wikidata_p2048_filled_missing,,missing,"Flamboyant (c. 1350–1550), Italian Gothic architecture (c. 1140–1600)"
28021345.0,Canterbury Cathedral,Canterbury,uk,51.27990168,1.082770845,597,1834,350.0,900–1099,6402.355287,27.0,172863.592749,172863.592749,True,True,1.0,False,True,False,False,False,1174.0,1174.0,1,0,1,0,1174,en.wikipedia.org/wiki/Canterbury_Cathedral,http://www.openstreetmap.org/way/28021345,christ (700),fire (1174),https://en.wikipedia.org/wiki/Canterbury_Cathedral,Q29265,"English Gothic architecture, Gothic art, Norman architecture, Romanesque architecture",wikidata_p149,stone,wikidata_p186,,stone,1070,1834,groundbreaking,completed,597,1174,1184,True,597,1834,"{'location': 'Canterbury , Kent', 'country': 'England', 'denomination': 'Church of England', 'previous denomination': 'Roman Catholic', 'churchmanship': 'Liberal Catholic', 'website': 'www .canterbury-cathedral .org', 'status': 'Cathedral', 'consecrated': '1070', 'functional status': 'Active', 'heritage designation': 'Grade I listed', 'designated': '13 December 1949', 'architectural type': 'Cruciform basilica', 'style': 'Romanesque , Gothic', 'groundbreaking': '1070', 'completed': '1834 (last major alteration)', 'length': '525\xa0ft (160\xa0m)', 'width': '154\xa0ft (47\xa0m)', 'province': 'Canterbury', 'diocese': 'Canterbury', 'archbishop': 'Sarah Mullally , Archbishop of Canterbury', 'bishop(s)': 'Rose\xa0Hudson-Wilkin , Bishop of Dover', 'dean': 'David Monteith', 'official name': 'Christchurch Cathedral, the Cathedral Precincts', 'type': 'Cultural', 'criteria': 'i, ii, vi', 'reference\xa0no.': '1336823', 'region': 'Europe and North America'}",earliest:was founded in 597 but was completely rebuilt between 1070 and 1077 | earliest:was founded in 2014 and their first performance was at evensong that january | earliest:built in the gothic style following a fire in 1174 | current_start:rebuilt in the gothic style following a fire in 1174 | current_end:completed in 1184 | current_end:dedicated in 1077,1070,1420,True,True,wikipedia_final_replaced,wikipedia_final_replaced,,False,72.0,original_kept,91500.0,original_kept,"English Gothic architecture (c. 1140–1600), Gothic art (c. 1140–1600), Norman architecture, Romanesque architecture (c. 1000–1200)"
28230540.0,Exeter Cathedral,Exeter,uk,50.72249727,-3.529816828,1112,1133,247.0,1100–1299,3810.278425,21.0,80015.846925,80015.846925,True,True,,,,,,,,,0,0,0,0,,en.wikipedia.org/wiki/Exeter_Cathedral,http://www.openstreetmap.org/way/28230540,st peter (1000),no (N/A),https://en.wikipedia.org/wiki/Exeter_Cathedral,Q1131208,"Gothic architecture, Norman architecture",wikidata_p149,,missing,,,1112,,years built,,,,1133,False,1112,1133,"{'location': 'Exeter , Devon', 'country': 'England', 'denomination': 'Church of England', 'previous denomination': 'Roman Catholicism', 'tradition': 'Anglo-Catholic', 'website': 'www .exeter-cathedral .org .uk', 'functional status': 'Active', 'previous cathedrals': '2', 'style': 'Norman , Gothic', 'years built': '1112–1400', 'length': '383 feet (117\xa0m) [ 1 ]', 'province': 'Canterbury', 'diocese': 'Exeter', 'bishop': 'Mike Harrison (bishop)', 'dean': 'Jonathan Greener'}",current_end:consecrated in 1133,1133,1380,True,True,wikipedia_final_replaced,wikipedia_final_replaced,,False,,original_kept,,original_kept,"Gothic architecture (c. 1140–1600), Norman architecture"
28233134.0,Duomo di Messina,Messina,it,38.19223509,15.55529949,1906,1947,780.0,700–899,,,,,True,True,1.0,False,True,False,False,False,1254.0,1254.0,1,0,1,0,1254,it.wikipedia.org/wiki/Duomo_di_Messina,http://www.openstreetmap.org/way/28233134,,,https://it.wikipedia.org/wiki/Duomo_di_Messina,Q733217,Gothic architecture,wikidata_p149,,missing,,,,1947,,completamento,,1906,,True,1906,1947,"{'stato': 'Italia', 'regione': 'Sicilia', 'località': 'Messina', 'coordinate': '38°11′31.85″N 15°33′19.4″E 38°11′31.85″N , 15°33′19.4″E', 'religione': 'cattolica di rito romano', 'titolare': 'Maria Assunta', 'arcidiocesi': 'Messina-Lipari-Santa Lucia del Mela', 'consacrazione': '1197 , post 1908 , 1947', 'stile architettonico': 'romanico , normanno , gotico , neogotico', 'completamento': '1947', 'sito web': ""Dal sito dell'arcidiocesi""}",current_start:ricostruita in maniera momentanea nel 1906 in attesa dei lavori di ristrutturazione atti a riportare il tempio alle sue linee originarie),500,1280,True,True,wikipedia_final_replaced,wikipedia_final_replaced,,False,,missing,,missing,Gothic architecture (c. 1140–1600)
28379422.0,Cathédrale Saint-Pierre-et-Saint-Paul,Nantes,fr,47.21837708,-1.550192363,1430,1536,106.0,1300–1500,4435.139866,38.0,168535.31490800003,168535.31490800003,True,True,1.0,False,True,False,False,False,919.0,919.0,0,0,0,0,919,fr.wikipedia.org/wiki/Cathédrale_Saint-Pierre-et-Saint-Paul_de_Nantes,http://www.openstreetmap.org/way/28379422,"st peter (700), st paul (700)",fire (919),https://fr.wikipedia.org/wiki/Cathédrale_Saint-Pierre-et-Saint-Paul_de_Nantes,Q1423005,Gothic architecture,wikidata_p149,,missing,,,,,,,,,,False,,,"{'nom local': 'Cathédrale Saint-Pierre', 'culte': 'Catholique', 'dédicataire': 'Saint Pierre et Saint Paul', 'type': 'Cathédrale', 'rattachement': 'Diocèse de Nantes (siège)', 'début de la construction': 'XV e siècle', 'fin des travaux': 'XIX e siècle', 'architecte': 'Guillaume de Dammartin , Mathurin Rodier', 'style dominant': 'Gothique (Gothique tardif ou flamboyant ), Roman', 'protection': 'Classée\xa0MH ( 1862 )', 'site web': 'http://cathedrale-nantes.fr/', 'pays': 'France', 'région': 'Pays de la Loire', 'département': 'Loire-Atlantique', 'ville': 'Nantes', 'coordonnées': '47°\xa013′\xa006″\xa0nord, 1°\xa033′\xa003″\xa0ouest'}",,1430,1536,False,False,original_kept,original_kept,,False,63.0,original_kept,,original_kept,Gothic architecture (c. 1140–1600)
28525182.0,Cattedrale Madonna del Ponte,Lanciano,it,42.23060753,14.39117524,1300,1819,100.0,1300–1500,,,,,True,True,,,,,,,,,0,0,0,0,,it.wikipedia.org/wiki/Cattedrale_della_Madonna_del_Ponte,http://www.openstreetmap.org/way/28525182,,,https://it.wikipedia.org/wiki/Cattedrale_della_Madonna_del_Ponte,Q2942697,Neoclassicism,wikidata_p149,,missing,,,1785,1819,inizio costruzione,completamento,1300,,,False,1300,1819,"{'stato': 'Italia', 'regione': 'Abruzzo', 'località': 'Lanciano', 'indirizzo': 'Piazza del Plebiscito - Lanciano', 'coordinate': '42°13′50.57″N 14°23′27.65″E 42°13′50.57″N , 14°23′27.65″E', 'religione': 'cattolica di rito romano', 'titolare': 'Madonna del Ponte', 'arcidiocesi': 'Lanciano-Ortona', 'consacrazione': '1819', 'architetto': 'Eugenio Michitelli', 'stile architettonico': 'neoclassico (facciata), tardobarocco (interno)', 'inizio costruzione': '1785 su preesistente costruzione', 'completamento': '1819 , 1953, rifacimento della cupola', 'sito web': 'www.comune.lanciano.it'}",earliest:risale al xiv secolo circa | earliest:risale al xiv secolo circa,1300,1400,False,True,original_kept,wikipedia_final_replaced,,False,,missing,,missing,Neoclassicism
285990663.0,Cattedrale di San Nicola,Sassari,it,40.72672463,8.558452198,1100,1800,700.0,700–899,,,,,True,True,,,,,,,,,0,0,0,0,,it.wikipedia.org/wiki/Cattedrale_di_San_Nicola_(Sassari),http://www.openstreetmap.org/way/285990663,,,https://it.wikipedia.org/wiki/Cattedrale_di_San_Nicola_(Sassari),Q728211,Romanesque architecture,wikidata_p149,,missing,,,1100,1800,inizio costruzione,completamento,,1200,,True,1100,1800,"{'stato': 'Italia', 'regione': 'Sardegna', 'località': 'Sassari', 'coordinate': '40°43′36″N 8°33′30″E 40°43′36″N , 8°33′30″E', 'religione': 'cattolica', 'titolare': 'Nicola di Bari', 'arcidiocesi': 'Sassari', 'stile architettonico': 'Romanico - Gotico - Rinascimentale - Barocco', 'inizio costruzione': 'XII secolo', 'completamento': 'XVIII secolo'}",current_start:ricostruita nel xiii secolo in stile romanico pisano ,500,1200,True,True,wikipedia_final_replaced,wikipedia_final_replaced,,False,,missing,,missing,Romanesque architecture (c. 1000–1200)
28708890.0,Duomo Di Modena,Modena,it,44.64631015,10.92554413,1099,1389,1055.0,700–899,12000.0,,,,True,True,,,,,,,,,0,0,0,0,,it.wikipedia.org/wiki/Duomo_di_Modena,http://www.openstreetmap.org/way/28708890,,,https://it.wikipedia.org/wiki/Duomo_di_Modena,Q753721,Romanesque architecture,wikidata_p149,,missing,,,1099,1389,inizio costruzione,completamento,,,,False,1099,1389,"{'stato': 'Italia', 'regione': 'Emilia-Romagna', 'località': 'Modena', 'indirizzo': 'Corso Duomo, 41121 Modena MO e corso Duomo ‒ Modena (MO)', 'coordinate': '44°38′47.41″N 10°55′29.93″E 44°38′47.41″N , 10°55′29.93″E', 'religione': 'cattolica di rito romano', 'titolare': 'Santa Maria Assunta , San Geminiano', 'arcidiocesi': 'Modena-Nonantola', 'consacrazione': '1184', 'architetto': 'Lanfranco', 'stile architettonico': 'romanico - gotico', 'inizio costruzione': '1099', 'completamento': '1389', 'sito web': 'www.duomodimodena.it/'}",,400,1455,True,True,wikipedia_final_replaced,wikipedia_final_replaced,,False,,missing,12000.0,wikidata_p2046_filled_missing,Romanesque architecture (c. 1000–1200)
28750371.0,York Minster,York,uk,53.9622666,-1.08205172,627,1472,252.0,1100–1299,7000.0,30.0,210000.0,210000.0,True,True,1.0,True,False,False,False,False,1075.0,1075.0,0,0,0,0,1075,en.wikipedia.org/wiki/York_Minster,http://www.openstreetmap.org/way/28750371,st peter (700),danes (1075),https://en.wikipedia.org/wiki/York_Minster,,,missing,,missing,,,673,1472,groundbreaking,completed,627,,2018,False,627,1472,"{'os grid reference': 'SE 60323 52180', 'location': 'Deangate , York [ 1 ]', 'country': 'England', 'denomination': 'Church of England', 'previous denomination': 'Roman Catholic Church', 'churchmanship': 'Anglo-Catholic [ 2 ] [1]', 'website': 'yorkminster .org', 'status': 'Cathedral', 'founded': '627 ; 1399\xa0years ago ( 627 )', 'dedication': 'Saint Peter', 'consecrated': '3 July 1472', 'functional status': 'Active', 'heritage designation': 'Grade I', 'designated': '14 June 1954', 'previous cathedrals': 'at least 3', 'architectural type': 'Cathedral', 'style': 'Early English , Perpendicular', 'years built': 'c. 1230–1472', 'groundbreaking': '673', 'completed': '1472', 'length': '524.5 feet (159.9\xa0m) [ 4 ]', 'width': '222 feet (68\xa0m) [ 4 ]', 'province': 'York', 'diocese': 'York', 'archbishop': 'Stephen Cottrell', 'dean': 'Dominic Barrington Adam Wilson (Assistant Organist) [ 5 ]', 'official name': 'Cathedral Church of St Peter, York Minster', 'reference\xa0no.': '1257222'}",earliest:dates back to the 12th century and much of the glass (white or coloured) came from germany | earliest:was founded in 627 by paulinus of york  | current_end:completed in 637 by oswald and was dedicated to saint peter  | current_end:completed in 1988 for £2 | current_end:completed in 2018 | current_end:completed in 1472 | current_end:completed in 1880 | current_end:completed in 1988 | current_end:completed in 2018 | current_end:completed in september 2017 and they were re-installed between november 2017 and january 2018 | current_end:consecrated in 1472,1220,1472,True,False,wikipedia_final_replaced,original_kept,,False,,original_kept,,original_kept,
28871727.0,Dom Sankt Peter und Paul,Naumburg (Naumburg (Saale)),de,51.1545909,11.80387905,1029,1242,213.0,900–1099,,,,,True,True,,,,,,,,,0,0,0,0,,de.wikipedia.org/wiki/Naumburger_Dom,http://www.openstreetmap.org/way/28871727,"st peter (1029), st paul (1029)",no (N/A),https://de.wikipedia.org/wiki/Naumburger_Dom,,,missing,,missing,,,,,,,,,,False,,,{},,1029,1242,False,False,original_kept,original_kept,,False,,missing,,missing,
292443318.0,Basilica Cattedrale di Santa Maria Assunta,Lodi,it,45.31433191,9.503226044,1158,1284,126.0,1100–1299,,,,,True,True,,,,,,,,,0,0,0,0,,it.wikipedia.org/wiki/Duomo_di_Lodi,http://www.openstreetmap.org/way/292443318,,,https://it.wikipedia.org/wiki/Duomo_di_Lodi,Q3045557,Romanesque architecture,wikidata_p149,,missing,,,1158,1284,inizio costruzione,completamento,1158,,,False,1158,1284,"{'stato': 'Italia', 'regione': 'Lombardia', 'località': 'Lodi', 'coordinate': '45°18′51.69″N 9°30′11.12″E 45°18′51.69″N , 9°30′11.12″E', 'religione': 'cattolica di rito romano', 'titolare': 'Maria Assunta', 'diocesi': 'Lodi', 'consacrazione': '1163', 'stile architettonico': 'romanico', 'inizio costruzione': '1158', 'completamento': '1284'}",earliest:risale al periodo compreso tra il 1158 ed il 1163  | earliest:risale al periodo compreso tra il 1158 ed il 1163 ,1158,1284,False,False,original_kept,original_kept,,False,,missing,,missing,Romanesque architecture (c. 1000–1200)
294085338.0,San Tommaso Apostolo,Ortona a Mare,it,42.35725209,14.40446789,1127,1127,427.0,700–899,,,,,True,True,,,,,,,,,0,0,0,0,,it.wikipedia.org/wiki/Basilica_di_San_Tommaso_Apostolo,http://www.openstreetmap.org/way/294085338,,,https://it.wikipedia.org/wiki/Basilica_di_San_Tommaso_Apostolo,Q388412,early Christian art,wikidata_p149,,missing,,,1127,1127,inizio costruzione,completamento,1300,1947,,True,1127,1127,"{'stato': 'Italia', 'regione': 'Abruzzo', 'località': 'Ortona', 'indirizzo': 'Piazza San Tommaso Apostolo - Ortona', 'coordinate': '42°21′25.81″N 14°24′16.05″E 42°21′25.81″N , 14°24′16.05″E', 'religione': 'cattolica', 'titolare': 'Tommaso', 'arcidiocesi': 'Lanciano-Ortona', 'consacrazione': 'Epoca paleocristiana, ma successivamente ricostruita e riconsacrata', 'stile architettonico': 'Gotico (portali), barocco', 'inizio costruzione': 'prima del 1127', 'completamento': '1127 , rimaneggiata nel XVII secolo e ricostruita definitivamente nel 1949', 'sito web': 'www.tommasoapostolo.it'}",earliest:risale al xiv secolo  | earliest:risale al xiv secolo  | current_start:ricostruita nel 1947 dopo la distruzione da parte dei tedeschi della facciata settecentesca con mezza cupola e il porticato a nove colonne del trecento,700,1127,True,False,wikipedia_final_replaced,original_kept,,False,,missing,,missing,early Christian art
297526685.0,Cattedrale di Maria Santissima Achiropita,Rossano,it,39.57503507,16.63555386,800,1100,100.0,900–1099,,,,,True,True,,,,,,,,,0,0,0,0,,it.wikipedia.org/wiki/Cattedrale_di_Maria_Santissima_Achiropita,http://www.openstreetmap.org/way/297526685,,,https://it.wikipedia.org/wiki/Cattedrale_di_Maria_Santissima_Achiropita,Q2942765,Baroque,wikidata_p149,,missing,,,800,,inizio costruzione,,,,,False,800,,"{'stato': 'Italia', 'regione': 'Calabria', 'località': 'Rossano', 'indirizzo': 'Piazza Duomo, 87067 Rossano, Corigliano-Rossano (CS)', 'coordinate': '39°34′30.14″N 16°38′08.05″E 39°34′30.14″N , 16°38′08.05″E', 'religione': 'cattolica', 'arcidiocesi': 'Rossano-Cariati', 'stile architettonico': 'barocco , gotico (abside)', 'inizio costruzione': 'IX secolo', 'sito web': 'Sito ufficiale www.cattedralerossano.org'}",,1000,1100,True,False,wikipedia_final_replaced,original_kept,,False,,missing,,missing,Baroque (c. 1600–1750)
302442175.0,Cattedrale San Pietro Apostolo,Isernia,it,41.58992632,14.22669063,1349,1900,1000.0,700–899,,,,,True,True,,,,,,,,,0,0,0,0,,it.wikipedia.org/wiki/Cattedrale_di_San_Pietro_Apostolo_(Isernia),http://www.openstreetmap.org/way/302442175,,,https://it.wikipedia.org/wiki/Cattedrale_di_San_Pietro_Apostolo_(Isernia),Q2942559,baroque architecture,wikidata_p149,,missing,,,1349,1900,inizio costruzione,completamento,2002,,,False,1349,1900,"{'stato': 'Italia', 'regione': 'Molise', 'località': 'Isernia', 'coordinate': '41°35′23.75″N 14°13′36.08″E 41°35′23.75″N , 14°13′36.08″E', 'religione': 'cattolica di rito romano', 'titolare': 'Pietro (apostolo)', 'diocesi': 'Isernia-Venafro', 'consacrazione': '30 agosto 1638', 'stile architettonico': 'barocco , neoclassico', 'inizio costruzione': '1349', 'completamento': 'XIX secolo'}",earliest:risale al 2002 e mette in evidenza gli scavi ritrovati sotto l'edificio | earliest:risale al 2002 e mette in evidenza gli scavi ritrovati sotto l'edificio,700,1700,True,True,wikipedia_final_replaced,wikipedia_final_replaced,,False,,missing,,missing,baroque architecture (c. 1600–1750)
30447530.0,Cathédrale Saint-Pierre,Rennes,fr,48.11157595,-1.683382087,700,1200,500.0,700–899,,,,,True,False,1.0,False,False,False,False,True,1490.0,1490.0,0,0,0,0,1490,fr.wikipedia.org/wiki/Cathédrale_Saint-Pierre_de_Rennes,http://www.openstreetmap.org/way/30447530,st peter (700),collapsed largely (1490),https://fr.wikipedia.org/wiki/Cathédrale_Saint-Pierre_de_Rennes,Q1049728,classical architecture,wikidata_p149,,missing,,,,,,,,,,False,,,"{'culte': 'Catholique romain', 'dédicataire': 'Saint Pierre', 'type': 'Cathédrale', 'rattachement': 'Archidiocèse de Rennes, Dol et Saint-Malo (siège)', 'début de la construction': 'XVI e siècle', 'fin des travaux': '1845', 'architecte': 'François Huguet , Mathurin Crucy , Louis Richelot , Tugal Caris et Pierre Corbineau', 'style dominant': 'Classique', 'protection': 'Classée\xa0MH ( 1906 ) [ 1 ]', 'site web': 'Paroisse Saint-Pierre Saint-Étienne de Rennes Cathédrale', 'pays': 'France', 'région': 'Bretagne', 'département': 'Ille-et-Vilaine', 'commune': 'Rennes', 'quartier': 'Centre', 'coordonnées': '48°\xa006′\xa041″\xa0nord, 1°\xa041′\xa000″\xa0ouest'}",,700,1200,False,False,original_kept,original_kept,,False,,missing,,missing,classical architecture
304949473.0,Cattedrale di Maria Santissima delle Vittorie,Piazza Armerina,it,37.38480567,14.36427847,1400,1719,420.0,900–1099,,,,,True,True,,,,,,,,,0,0,0,0,,it.wikipedia.org/wiki/Cattedrale_di_Piazza_Armerina,http://www.openstreetmap.org/way/304949473,,,https://it.wikipedia.org/wiki/Cattedrale_di_Piazza_Armerina,Q750495,baroque architecture,wikidata_p149,,missing,,,1600,,inizio costruzione,,1400,,1719,False,1400,1719,"{'stato': 'Italia', 'regione': 'Sicilia', 'località': 'Piazza Armerina', 'coordinate': '37°23′05.62″N 14°21′50.94″E 37°23′05.62″N , 14°21′50.94″E', 'religione': 'cattolica di rito romano', 'titolare': 'Maria Santissima delle Vittorie', 'diocesi': 'Piazza Armerina', 'stile architettonico': 'Barocco , gotico', 'inizio costruzione': 'XVII secolo', 'sito web': 'www.diocesipiazza.it/'}",earliest:risale al xv secolo ed è quello di una precedente chiesa  | earliest:risale al xv secolo ed è quello di una precedente chiesa  | current_end:completata nel 1719 ,1080,1500,True,True,wikipedia_final_replaced,wikipedia_final_replaced,,False,,missing,,missing,baroque architecture (c. 1600–1750)
307562014.0,Cattedrale di Santa Maria Assunta,Novara,it,45.44566096,8.619879249,1400,1869,970.0,700–899,,,,,True,True,,,,,,,,,0,0,0,0,,it.wikipedia.org/wiki/Duomo_di_Novara,http://www.openstreetmap.org/way/307562014,,,https://it.wikipedia.org/wiki/Duomo_di_Novara,Q1118135,Neoclassical architecture,wikidata_p149,,missing,,,1857,1869,inizio costruzione,completamento,1400,,,False,1400,1869,"{'stato': 'Italia', 'regione': 'Piemonte', 'località': 'Novara', 'indirizzo': 'Via Giacomo Puccini, 11, 28100 Novara NO', 'coordinate': '45°26′44″N 8°37′12″E 45°26′44″N , 8°37′12″E', 'religione': 'cattolica di rito romano', 'titolare': 'Maria Assunta', 'diocesi': 'Novara', 'consacrazione': '2 ottobre 1869', 'architetto': 'Alessandro Antonelli', 'stile architettonico': 'neoclassico', 'inizio costruzione': '1857', 'completamento': '1869'}",earliest:risale alla fine del xv secolo ed è composto da un quadriportico con eleganti archi ogivali,350,1320,True,True,wikipedia_final_replaced,wikipedia_final_replaced,,False,,missing,,missing,Neoclassical architecture (c. 1750–1850)
30791982.0,Cattedrale di San Vigilio,Trento,it,46.06691042,11.12154559,1212,1687,821.0,700–899,,,,,True,True,,,,,,,,,0,0,0,0,,it.wikipedia.org/wiki/Cattedrale_di_San_Vigilio,http://www.openstreetmap.org/way/30791982,,,https://it.wikipedia.org/wiki/Cattedrale_di_San_Vigilio,Q621060,Romanesque architecture,wikidata_p149,,missing,,,1212,,inizio costruzione,,,,1687,False,1212,1687,"{'stato': 'Italia', 'regione': 'Trentino-Alto Adige', 'località': 'Trento', 'coordinate': '46°04′00.84″N 11°07′17.4″E 46°04′00.84″N , 11°07′17.4″E', 'religione': 'cattolica di rito romano', 'titolare': 'Vigilio di Trento', 'arcidiocesi': 'Trento', 'architetto': ""Adamo d'Arogno"", 'stile architettonico': 'Romanico - gotico [ 1 ] [ 2 ]', 'inizio costruzione': 'IV secolo (primo edificio) 1212 (struttura attuale)', 'sito web': 'www.cattedralesanvigilio.it/'}",current_end:ultimata nel 1687 | current_end:completata nel 1515,500,1321,True,True,wikipedia_final_replaced,wikipedia_final_replaced,,False,,missing,,missing,Romanesque architecture (c. 1000–1200)
309089736.0,Cathédrale Notre-Dame,Amiens,fr,49.89458592,2.302071201,1220,1499,279.0,1100–1299,7215.0,42.0,303030.0,303030.0,True,True,3.0,False,True,False,False,False,1019.0,1218.0,0,0,0,0,1019;1107;1218,fr.wikipedia.org/wiki/Cathédrale_Notre-Dame_d'Amiens,http://www.openstreetmap.org/way/309089736,"st peter (700), st paul (700), mary (1019)","fire (1019), fire (1107), fire (1218)",https://fr.wikipedia.org/wiki/Cathédrale_Notre-Dame_d'Amiens,Q106934,"Gothic architecture, classic gothic",wikidata_p149,,missing,,,,,,,,,,False,,,"{'culte': 'Église catholique latine', 'dédicataire': 'Vierge Marie', 'type': 'Culturel', 'rattachement': ""Diocèse d'Amiens"", 'début de la construction': '1220', 'fin des travaux': '1288 pour le gros œuvre\xa0; 1402 pour le couronnement de la tour nord.', 'architecte': 'Robert de Luzarches', 'style dominant': 'Architecture gothique', 'protection': 'Classée\xa0MH ( 1862 ) [ 1 ]', 'site web': ""Paroisse Cathédrale Notre-Dame d'Amiens"", 'pays': 'France', 'région': 'Hauts-de-France', 'province historique': 'Picardie', 'département': 'Somme', 'ville': 'Amiens', 'coordonnées': '49°\xa053′\xa040″\xa0nord, 2°\xa018′\xa007″\xa0est', 'nom du bien': ""Cathédrale d'Amiens"", 'numéro d’identification': '162', 'année d’inscription': '1981 ( 5 e session )', 'critères': '(i) ( d ) et (ii) ( d )', 'superficie': '1,54 ha', 'zone tampon': '115 ha', 'autres biens liés': 'Chemins de Saint-Jacques-de-Compostelle en France'}",,1220,1499,False,False,original_kept,original_kept,,False,112.7,original_kept,15400.0,original_kept,"Gothic architecture (c. 1140–1600), classic gothic (c. 1140–1600)"
309609162.0,Cattedrale di San Bartolomeo,Patti,it,38.13817308,14.96401396,1094,1094,12.0,900–1099,,,,,True,True,,,,,,,,,0,0,0,0,,it.wikipedia.org/wiki/Basilica_cattedrale_di_San_Bartolomeo,http://www.openstreetmap.org/way/309609162,,,https://it.wikipedia.org/wiki/Basilica_cattedrale_di_San_Bartolomeo,Q1736203,,missing,,missing,,,1094,,inizio costruzione,,1094,,,False,1094,,"{'stato': 'Italia', 'regione': 'Sicilia', 'località': 'Patti', 'coordinate': '38°08′13.15″N 14°57′55.71″E 38°08′13.15″N , 14°57′55.71″E', 'religione': 'cattolica di rito romano', 'titolare': 'Bartolomeo apostolo', 'diocesi': 'Patti', 'inizio costruzione': '1094 (chiesa primitiva)', 'sito web': 'Cattedrale di Patti'}",earliest:risale al 1094 per volontà del conte ruggero del casato d' altavilla  | earliest:risale al 1094 per volontà del conte ruggero del casato d' altavilla ,1082,1094,True,False,wikipedia_final_replaced,original_kept,,False,,missing,,missing,
31437077.0,Duomo vecchio,Brescia,it,45.5382136,10.22172832,900,1200,599.0,700–899,,,,,True,True,,,,,,,,,0,0,0,0,,it.wikipedia.org/wiki/Duomo_vecchio,http://www.openstreetmap.org/way/31437077,,,https://it.wikipedia.org/wiki/Duomo_vecchio,,,missing,,missing,,,900,,inizio costruzione,,1572,,,False,900,,"{'stato': 'Italia', 'regione': 'Lombardia', 'località': 'Brescia', 'indirizzo': 'Piazza Paolo VI', 'coordinate': '45°32′17.77″N 10°13′17.44″E 45°32′17.77″N , 10°13′17.44″E', 'religione': 'cattolica di rito romano', 'titolare': 'Assunzione di Maria', 'diocesi': 'Brescia', 'stile architettonico': 'romanico', 'inizio costruzione': 'X secolo', 'completamento': 'Ultimi interventi di rilievo alla fine del Cinquecento'}",earliest:risale al 1572 e | earliest:risale al 1572 e,601,1200,True,False,wikipedia_final_replaced,original_kept,,False,,missing,,missing,
315314191.0,Chiesa di Santa Maria Maggiore e San Leoluca,Vibo Valentia,it,38.6773114,16.10704695,800,1723,923.0,700–899,,,,,True,True,,,,,,,,,0,0,0,0,,https://it.wikipedia.org/wiki/Chiesa_di_Santa_Maria_Maggiore_e_San_Leoluca,http://www.openstreetmap.org/way/315314191,,,https://it.wikipedia.org/wiki/Chiesa_di_Santa_Maria_Maggiore_e_San_Leoluca,Q3673486,baroque architecture,wikidata_p149,,missing,,,1680,1723,inizio costruzione,completamento,,800,,True,800,1723,"{'stato': 'Italia', 'regione': 'Calabria', 'località': 'Vibo Valentia', 'coordinate': '38°40′36.63″N 16°06′22.82″E 38°40′36.63″N , 16°06′22.82″E', 'religione': 'cattolica di rito romano', 'titolare': 'Maria , Leoluca di Corleone', 'diocesi': 'Mileto-Nicotera-Tropea', 'consacrazione': '1766', 'architetto': 'Francesco Antonio Curatoli, interventi successivi di Emanuele Paparo', 'stile architettonico': 'barocco', 'inizio costruzione': '1680', 'completamento': '1723'}",current_start:l'attuale chiesa principale di vibo valentia sorge dove esisteva anticamente una cattedrale bizantina probabilmente del ix secolo  | current_start:attuale chiesa principale di vibo valentia sorge dove esisteva anticamente una cattedrale bizantina probabilmente del ix secolo ,800,1723,False,False,original_kept,original_kept,,False,,missing,,missing,baroque architecture (c. 1600–1750)
32460887.0,Cathédrale Saint-Jean,Besancon,fr,47.23368199,6.030399791,700,1250,550.0,700–899,,,,,True,True,1.0,False,True,False,False,False,1212.0,1212.0,1,0,1,0,1212,fr.wikipedia.org/wiki/Cathédrale_Saint-Jean_de_Besançon,http://www.openstreetmap.org/way/32460887,st john apostle (700),partly damaged by fire (1212),https://fr.wikipedia.org/wiki/Cathédrale_Saint-Jean_de_Besançon,Q1586486,Romanesque architecture,wikidata_p149,,missing,,,,,,,,,,False,,,"{'culte': 'Église catholique latine', 'dédicataire': 'Saint Jean Baptiste et saint Étienne', 'type': 'Cathédrale', 'rattachement': 'Archidiocèse de Besançon', 'début de la construction': 'XII e siècle', 'fin des travaux': 'XVIII e siècle', 'architecte': 'Bernoin ( IX e siècle), Hugues de Salins ( XI e siècle) et Anseric ( XII e siècle).', 'style dominant': 'Architectures romane , gothique et baroque .', 'protection': 'Classée\xa0MH ( 1875 )', 'site web': 'https://www.diocese-besancon.fr/cathedrale', 'pays': 'France', 'département': 'Doubs', 'ville': 'Besançon', 'coordonnées': '47°\xa014′\xa001″\xa0nord, 6°\xa001′\xa050″\xa0est'}",,700,1250,False,False,original_kept,original_kept,,False,,missing,,missing,Romanesque architecture (c. 1000–1200)
325434925.0,Cattedrale di San Pietro,Bologna,it,44.49573761,11.34339695,910,1800,278.0,900–1099,,,,,True,True,2.0,False,True,True,False,False,1122.0,1141.0,2,0,1,1,1122;1141,it.wikipedia.org/wiki/Cattedrale_di_San_Pietro_(Bologna),http://www.openstreetmap.org/way/325434925,,,https://it.wikipedia.org/wiki/Cattedrale_di_San_Pietro_(Bologna),Q178699,Baroque,wikidata_p149,,missing,,,910,1800,inizio costruzione,completamento,,,,False,910,1800,"{'stato': 'Italia', 'regione': 'Emilia-Romagna', 'località': 'Bologna', 'indirizzo': ""via Indipendenza, 9 e via dell' Indipendenza 7 angolo via Altabella 4 ‒ Bologna (BO)"", 'coordinate': '44°29′45″N 11°20′35″E 44°29′45″N , 11°20′35″E', 'religione': 'cattolica di rito romano', 'titolare': 'Pietro (apostolo)', 'arcidiocesi': 'Bologna', 'consacrazione': '1184', 'stile architettonico': 'barocco', 'inizio costruzione': '910', 'completamento': 'XVIII secolo'}",,906,1184,True,True,wikipedia_final_replaced,wikipedia_final_replaced,,False,,missing,,missing,Baroque (c. 1600–1750)
32694789.0,Cathédrale Saint-Étienne,Metz,fr,49.12021609,6.175645601,1200,1359,159.0,1100–1299,4950.0,42.0,207900.0,207900.0,True,True,,,,,,,,,0,0,0,0,,fr.wikipedia.org/wiki/Cathédrale_Saint-Étienne_de_Metz,http://www.openstreetmap.org/way/32694789,st stephen (700),no (N/A),https://fr.wikipedia.org/wiki/Cathédrale_Saint-Étienne_de_Metz,Q671066,"Gothic Revival, classic gothic",wikidata_p149,,missing,,,,,,,,,,False,,,"{'culte': 'Catholique romain', 'dédicataire': 'Saint Étienne', 'type': 'Cathédrale', 'rattachement': 'Diocèse de Metz', 'début de la construction': '1235 (ou 1240)', 'fin des travaux': '1552 (apports et modifications jusqu’au XX e siècle)', 'style dominant': 'Gothique', 'protection': 'Classée\xa0MH ( 1930 )', 'site web': 'Paroisse de la cathédrale de Metz', 'pays': 'France', 'région': 'Grand Est', 'province historique': 'Lorraine', 'département': 'Moselle', 'ville': 'Metz', 'coordonnées': '49°\xa007′\xa013″\xa0nord, 6°\xa010′\xa032″\xa0est'}",,1200,1359,False,False,original_kept,original_kept,,False,88.0,original_kept,,original_kept,"Gothic Revival (c. 1140–1600), classic gothic (c. 1140–1600)"
334063705.0,Cattedrale di Santo Stefano e Santa Maria Assunta,Pavia,it,45.1846025,9.153372093,1400,1933,985.0,900–1099,,,,,True,True,,,,,,,,,0,0,0,0,,it.wikipedia.org/wiki/Duomo_di_Pavia,http://www.openstreetmap.org/way/334063705,,,https://it.wikipedia.org/wiki/Duomo_di_Pavia,Q602102,Renaissance architecture,wikidata_p149,,missing,,,1488,1933,inizio costruzione,completamento,1400,,1676,False,1400,1933,"{'stato': 'Italia', 'regione': 'Lombardia', 'località': 'Pavia', 'indirizzo': 'Piazza Duomo', 'coordinate': '45°11′04.5″N 9°09′13″E 45°11′04.5″N , 9°09′13″E', 'religione': 'cattolica di rito romano', 'titolare': 'Santo Stefano , Santa Maria Assunta', 'diocesi': 'Pavia', 'consacrazione': '1615', 'architetto': 'Giovanni Antonio Amadeo e Bramante', 'stile architettonico': 'rinascimentale', 'inizio costruzione': '1488', 'completamento': '1933', 'sito web': 'www.duomodipavia.it'}",earliest:risale al xv secolo  | earliest:risale al xv secolo  | current_end:completata nel 1676),900,1885,True,True,wikipedia_final_replaced,wikipedia_final_replaced,,False,,missing,,missing,Renaissance architecture (c. 1400–1600)
33492308.0,Domkerk,Utrecht,nl,52.09085531,5.122413459,1254,1517,263.0,1100–1299,4000.0,32.0,128000.0,128000.0,True,True,3.0,True,True,False,False,False,857.0,1253.0,0,0,0,0,857;1017;1253,nl.wikipedia.org/wiki/Dom_van_Utrecht,http://www.openstreetmap.org/way/33492308,st martin (700),"vikings (857), fire (1017), fire (1253)",https://nl.wikipedia.org/wiki/Dom_van_Utrecht,Q936545,Gothic architecture,wikidata_p149,,missing,,,,,,,,,,False,,,"{'land': 'Nederland', 'plaats': 'Utrecht , Nederland', 'adres': 'Achter de Dom  1', 'coördinaten': '52° 5 ′ NB, 5° 7 ′ OL', 'gewijd aan': 'Sint-Maarten (tot 1580)', 'onderdeel van': 'Kerkenkruis', 'gebouwd in': '1254-1517', 'restauratie(s)': '1921-1938; 1979-1988; 2018-2024', 'gesloopt in': '1826 ( kerkschip , na instorting 1674) [ 1 ]', 'monumentale status': 'rijksmonument', 'monument \xad nummer': '35973', 'bouw \xad materiaal': 'baksteen en natuursteen', 'stijl \xad periode': 'gotische architectuur', 'afmetingen': 'vóór 1674 119 m lang; schipgewelf 31,50 m hoog', 'toren': '112,32 m hoog', 'schip': 'nooit voltooid, ingestort in 1674', 'diverse': 'deuren van Theo van de Vathorst , 1988', 'denominatie': 'gereformeerd protestantisme', 'huisvest': 'Aartsbisdom Utrecht , Nederduitse Gereformeerde Kerk , Nederlandse Hervormde Kerk , Protestantse Kerk in Nederland', 'bisdom': 'Aartsbisdom Utrecht', 'opgenomen op lijst': 'Top 100 der Nederlandse rijksmonumenten'}",,1254,1517,False,False,original_kept,original_kept,,False,112.3,original_kept,,original_kept,Gothic architecture (c. 1140–1600)
33695011.0,Cathédrale Notre-Dame,Grenoble,fr,45.19260608,5.732080174,1000,1500,500.0,900–1099,,,,,True,True,,,,,,,,,0,0,0,0,,fr.wikipedia.org/wiki/Cathédrale_Notre-Dame_de_Grenoble,http://www.openstreetmap.org/way/33695011,mary (1000),no (N/A),https://fr.wikipedia.org/wiki/Cathédrale_Notre-Dame_de_Grenoble,Q2942283,Romanesque architecture,wikidata_p149,,missing,,,,,,,,,,False,,,"{'culte': 'Catholique romain', 'dédicataire': 'Notre-Dame', 'type': 'Cathédrale', 'rattachement': 'Diocèse de Grenoble', 'début de la construction': 'X e siècle', 'fin des travaux': 'XIX e siècle', 'style dominant': 'Roman , Gothique', 'protection': 'Classée\xa0MH ( 1862 ) Inscrit MH ( 2013 )', 'site web': 'Paroisse de la Cathédrale Notre-Dame de Grenoble', 'pays': 'France', 'région': 'Auvergne-Rhône-Alpes', 'département': 'Isère', 'ville': 'Grenoble', 'coordonnées': '45°\xa011′\xa033″\xa0nord, 5°\xa043′\xa056″\xa0est'}",,1000,1500,False,False,original_kept,original_kept,,False,,missing,,missing,Romanesque architecture (c. 1000–1200)
338822833.0,Cattedrale di San Giorgio Martire,Ferrara,it,44.83558892,11.62031499,1135,1700,380.0,1100–1299,,,,,True,True,,,,,,,,,0,0,0,0,,it.wikipedia.org/wiki/Cattedrale_di_San_Giorgio_(Ferrara),http://www.openstreetmap.org/way/338822833,,,https://it.wikipedia.org/wiki/Cattedrale_di_San_Giorgio_(Ferrara),Q671933,Romanesque architecture,wikidata_p149,,missing,,,1135,1700,inizio costruzione,completamento,,,,False,1135,1700,"{'stato': 'Italia', 'regione': 'Emilia-Romagna', 'località': 'Ferrara', 'indirizzo': 'corso Martiri della Libertà 57 ‒ piazza Duomo', 'coordinate': '44°50′08.75″N 11°37′11.06″E 44°50′08.75″N , 11°37′11.06″E', 'religione': 'cattolica di rito romano', 'titolare': 'san Giorgio', 'arcidiocesi': 'Ferrara-Comacchio', 'consacrazione': '1177', 'stile architettonico': 'Romanico , gotico , rinascimentale , barocco', 'inizio costruzione': '1135', 'completamento': 'XVII secolo', 'sito web': 'cattedralediferrara.it/'}",,1113,1493,True,True,wikipedia_final_replaced,wikipedia_final_replaced,,False,,missing,,missing,Romanesque architecture (c. 1000–1200)
34225394.0,Basilica Cattedrale del Santissimo Salvatore,Mazzara (Mazara del Vallo),it,37.65112346,12.59044858,1086,1093,7.0,900–1099,,,,,True,True,,,,,,,,,0,0,0,0,,it.wikipedia.org/wiki/Cattedrale_del_Santissimo_Salvatore_(Mazara_del_Vallo),http://www.openstreetmap.org/way/34225394,,,https://it.wikipedia.org/wiki/Cattedrale_del_Santissimo_Salvatore_(Mazara_del_Vallo),Q1516689,Sicilian Baroque,wikidata_p149,,missing,,,1086,1093,inizio costruzione,completamento,,,,False,1086,1093,"{'stato': 'Italia', 'regione': 'Sicilia', 'località': 'Mazara del Vallo', 'coordinate': '37°39′04″N 12°35′25.3″E 37°39′04″N , 12°35′25.3″E', 'religione': 'cattolica di rito romano', 'titolare': 'Santissimo Salvatore', 'diocesi': 'Mazara del Vallo', 'consacrazione': '1093', 'architetto': 'Pietro Castro (ricostruzione)', 'stile architettonico': 'Architettura normanna e barocco siciliano (chiesa attuale)', 'inizio costruzione': '1086 ( 1690 dopo la ricostruzione [ 1 ] [ 2 ] )', 'completamento': '1093 ( 1694 ricostruzione [ 1 ] [ 2 ] )'}",,1086,1093,False,False,original_kept,original_kept,,False,,missing,,missing,Sicilian Baroque (c. 1600–1750)
351261994.0,Cathédrale Saint-Vincent,St Malo (Saint-Malo),fr,48.64948738,-2.025576664,800,1631,831.0,700–899,,,,,True,True,,,,,,,,,0,0,0,0,,fr.wikipedia.org/wiki/Cathédrale_Saint-Vincent_de_Saint-Malo,http://www.openstreetmap.org/way/351261994,st vincent (800),no (N/A),https://fr.wikipedia.org/wiki/Cathédrale_Saint-Vincent_de_Saint-Malo,Q2385003,"Romanesque architecture, eclectic architecture",wikidata_p149,,missing,,,,,,,,,,False,,,"{'culte': 'Catholique romain', 'dédicataire': 'Saint Vincent', 'type': 'Ancienne cathédrale , église paroissiale', 'rattachement': 'Archidiocèse de Rennes, Dol et Saint-Malo', 'début de la construction': 'XII e siècle', 'fin des travaux': 'XX e siècle (restauration)', 'architecte': 'Raymond Cornon , Pierre Prunet , Léonce Reynaud , Alfred-Louis Frangeul et Thomas Poussin', 'style dominant': 'Roman , Gothique , Renaissance , Néoclassique et Néogothique', 'protection': 'Classée\xa0MH ( 1910 )', 'site web': 'Cathédrale de Saint-Malo - Paroisse Saint-Vincent', 'pays': 'France', 'région': 'Bretagne', 'département': 'Ille-et-Vilaine', 'ville': 'Saint-Malo', 'coordonnées': '48°\xa038′\xa058″\xa0nord, 2°\xa001′\xa032″\xa0ouest'}",,800,1631,False,False,original_kept,original_kept,,False,,missing,,missing,"Romanesque architecture (c. 1000–1200), eclectic architecture"
35316357.0,Cathédrale Saint-Étienne,Toulouse,fr,43.59989147,1.450485947,1120,1600,480.0,1100–1299,4530.0,28.0,126840.0,126840.0,True,True,,,,,,,,,0,0,0,0,,fr.wikipedia.org/wiki/Cathédrale_Saint-Étienne_de_Toulouse,http://www.openstreetmap.org/way/35316357,st stephen (1071),no (N/A),https://fr.wikipedia.org/wiki/Cathédrale_Saint-Étienne_de_Toulouse,,,missing,,missing,,,,,,,,,,False,,,"{'nom local': 'Saint-Étienne', 'culte': 'Culte catholique', 'dédicataire': 'Étienne (martyr)', 'type': 'Cathédrale', 'rattachement': 'Archidiocèse de Toulouse', 'début de la construction': 'XIII e siècle', 'fin des travaux': 'XVII e siècle (ou XX e siècle pour le transept nord)', 'style dominant': 'Architecture gothique : gothique méridional et néogothique', 'protection': 'Classée\xa0MH ( 1862 )', 'site web': 'http://paroissescathedraletoulouse.fr/', 'pays': 'France', 'région': 'Occitanie', 'département': 'Haute-Garonne', 'ville': 'Toulouse', 'coordonnées': '43°\xa036′\xa000″\xa0nord, 1°\xa027′\xa001″\xa0est'}",,1120,1600,False,False,original_kept,original_kept,,False,,original_kept,,original_kept,
35316357.0,Cathédrale Saint-Étienne,Toulouse,fr,43.59989147,1.450485947,1071,1100,29.0,900–1099,1600.0,20.0,32000.0,32000.0,True,True,,,,,,,,,0,0,0,0,,fr.wikipedia.org/wiki/Cathédrale_Saint-Étienne_de_Toulouse,http://www.openstreetmap.org/way/35316357,st stephen (1071),no (N/A),https://fr.wikipedia.org/wiki/Cathédrale_Saint-Étienne_de_Toulouse,,,missing,,missing,,,,,,,,,,False,,,"{'nom local': 'Saint-Étienne', 'culte': 'Culte catholique', 'dédicataire': 'Étienne (martyr)', 'type': 'Cathédrale', 'rattachement': 'Archidiocèse de Toulouse', 'début de la construction': 'XIII e siècle', 'fin des travaux': 'XVII e siècle (ou XX e siècle pour le transept nord)', 'style dominant': 'Architecture gothique : gothique méridional et néogothique', 'protection': 'Classée\xa0MH ( 1862 )', 'site web': 'http://paroissescathedraletoulouse.fr/', 'pays': 'France', 'région': 'Occitanie', 'département': 'Haute-Garonne', 'ville': 'Toulouse', 'coordonnées': '43°\xa036′\xa000″\xa0nord, 1°\xa027′\xa001″\xa0est'}",,1071,1100,False,False,original_kept,original_kept,,False,,original_kept,,original_kept,
3541088.0,Cathédrale Notre-Dame,Strasbourg (Strassburg),fr,48.58184001,7.750923358,1176,1439,263.0,1100–1299,5986.050552,31.0,185567.567112,185567.567112,True,True,,,,,,,,,0,0,0,0,,fr.wikipedia.org/wiki/Cathédrale_Notre-Dame_de_Strasbourg,http://www.openstreetmap.org/relation/3541088,,,https://fr.wikipedia.org/wiki/Cathédrale_Notre-Dame_de_Strasbourg,Q745460,"Gothic architecture, Romanesque architecture",wikidata_p149,,missing,,,,,,,,,,False,,,"{'culte': 'Culte catholique', 'dédicataire': 'Notre-Dame', 'type': 'Cathédrale', 'rattachement': 'Archidiocèse de Strasbourg', 'début de la construction': '1176', 'fin des travaux': '1439', 'architecte': ""Erwin de Steinbach , Johannes von Steinbach ( d ) , Johannes Gerlach ( d ) , Maître Konrad ( d ) , Michel de Fribourg , Claus de Lohre ( d ) , Ulrich d'Ensingen , Jean Hültz , Matthäus Ensinger , Jost Dotzinger , Konrad Vogt ( d ) , Hans Hammer , Conrad Sifer , Lorentz de Vendenheim ( d ) , Jacob de Landshut et Gustave Klotz"", 'style dominant': 'reliquats\xa0: romans tour et chaire : Gothique Flamboyant', 'protection': 'Classée\xa0MH ( 1862 , cathédrale) [ 1 ] Patrimoine mondial ( 1988 )', 'site web': 'Paroisse de la cathédrale de Strasbourg', 'pays': 'France', 'région': 'Grand Est', 'collectivité territoriale': ""Collectivité européenne d'Alsace"", 'département': 'Bas-Rhin', 'commune': 'Strasbourg', 'coordonnées': '48°\xa034′\xa054″\xa0nord, 7°\xa045′\xa002″\xa0est'}",,1176,1439,False,False,original_kept,original_kept,,False,142.0,original_kept,,original_kept,"Gothic architecture (c. 1140–1600), Romanesque architecture (c. 1000–1200)"
35415826.0,Cattedrale di San Lorenzo,Genova,it,44.4076216,8.931460515,1098,1400,1000.0,700–899,,,,,True,True,1.0,False,True,False,False,False,1296.0,1296.0,1,0,1,0,1296,it.wikipedia.org/wiki/Cattedrale_di_San_Lorenzo_(Genova),http://www.openstreetmap.org/way/35415826,,,https://it.wikipedia.org/wiki/Cattedrale_di_San_Lorenzo_(Genova),Q1306549,"Gothic architecture, Romanesque architecture",wikidata_p149,,missing,,,1098,1400,inizio costruzione,completamento,1391,,1700,False,1098,1400,"{'stato': 'Italia', 'regione': 'Liguria', 'località': 'Genova', 'indirizzo': 'Piazza San Lorenzo', 'coordinate': '44°24′26.92″N 8°55′53.83″E 44°24′26.92″N , 8°55′53.83″E', 'religione': 'cattolica di rito romano', 'titolare': 'San Lorenzo', 'arcidiocesi': 'Genova', 'consacrazione': '1118', 'stile architettonico': 'Romanico , Gotico e Rinascimentale', 'inizio costruzione': '1098', 'completamento': 'fine XIV secolo'}",earliest:risale al 1391  | earliest:risale al 1391  | current_end:completata nel xvii secolo con una profusione di marmi,500,1500,True,True,wikipedia_final_replaced,wikipedia_final_replaced,,False,,missing,,missing,"Gothic architecture (c. 1140–1600), Romanesque architecture (c. 1000–1200)"
3584722.0,Durham Cathedral,Durham,uk,54.77327372,-1.576696345,1093,2017,242.0,900–1099,,66.0,,,True,True,,,,,,,,,0,0,0,0,,en.wikipedia.org/wiki/Durham_Cathedral,http://www.openstreetmap.org/relation/3584722,"mary (998), st cuthbert (998)",no (N/A),https://en.wikipedia.org/wiki/Durham_Cathedral,Q746207,Norman architecture,wikidata_p149,,missing,,,1093,,years built,,1100,,2017,False,1093,2017,"{'location': 'Durham', 'country': 'England', 'denomination': 'Church of England', 'previous denomination': 'Roman Catholic', 'tradition': 'Broad church', 'website': 'durhamcathedral .co .uk', 'status': 'Cathedral', 'functional status': 'Active', 'heritage designation': 'Grade I listed', 'designated': '6 May 1952 [ 1 ]', 'architectural type': 'Cathedral', 'style': 'Norman / Romanesque , Gothic', 'years built': '1093–1133, additions until 1490', 'length': '469 feet (143\xa0m) (interior)', 'province': 'York', 'diocese': 'Durham', 'bishop': 'Rick Simpson', 'dean': 'Philip Plyming', 'pastor': 'Michael Everitt', 'part of': 'Durham Castle and Cathedral', 'criteria': 'Cultural: ii, iv, vi', 'reference': '370', 'inscription': '1986 (10th Session )'}",earliest:built in the île-de-france region in the 12th century is not obvious) | current_end:completed by 1096 | current_end:dedicated in 2004 | current_end:dedicated in 2017,998,1240,True,True,wikipedia_final_replaced,wikipedia_final_replaced,,False,66.0,wikidata_p2048_filled_missing,,missing,Norman architecture
362343255.0,Cattedrale di San Lorenzo,Alba,it,44.70073491,8.03662175,1400,1900,1017.0,700–899,,,,,True,True,,,,,,,,,0,0,0,0,,it.wikipedia.org/wiki/Duomo_di_Alba,http://www.openstreetmap.org/way/362343255,,,https://it.wikipedia.org/wiki/Duomo_di_Alba,Q2266071,Romanesque architecture,wikidata_p149,,missing,,,1400,1900,inizio costruzione,completamento,,1486,,True,1400,1900,"{'stato': 'Italia', 'regione': 'Piemonte', 'località': 'Alba', 'coordinate': '44°42′02.45″N 8°02′12.08″E 44°42′02.45″N , 8°02′12.08″E', 'religione': 'cattolica di rito romano', 'titolare': 'San Lorenzo', 'diocesi': 'Alba', 'stile architettonico': 'romanico , gotico', 'inizio costruzione': 'XV secolo', 'completamento': 'XIX secolo'}",current_start:l'attuale cattedrale di san lorenzo fu costruita tra il 1486 e il 1517 per volere del vescovo di alba andrea novelli  | current_start:attuale cattedrale di san lorenzo fu costruita tra il 1486 e il 1517 per volere del vescovo di alba andrea novelli ,500,1517,True,True,wikipedia_final_replaced,wikipedia_final_replaced,,False,,missing,,missing,Romanesque architecture (c. 1000–1200)
36393775.0,Hereford Cathedral,Hereford,uk,52.05428849,-2.71603231,1079,1400,700.0,700–899,,,,,True,True,1.0,True,False,False,False,False,1056.0,1056.0,1,1,0,0,1056,en.wikipedia.org/wiki/Hereford_Cathedral,http://www.openstreetmap.org/way/36393775,"mary (700), st ethelbert (700)",pludered (1056),https://en.wikipedia.org/wiki/Hereford_Cathedral,Q429379,Gothic architecture,wikidata_p149,,missing,,,1079,,years built,,1200,,,False,1079,,"{'location': 'Hereford , Herefordshire', 'country': 'England', 'denomination': 'Church of England', 'previous denomination': 'Roman Catholic Church', 'tradition': 'Broad church', 'website': 'hereford cathedral.org', 'previous cathedrals': '1', 'style': 'Gothic (Early English)', 'years built': '1079-c.1250', 'length': '342 ft (104.2m)', 'height': '165 ft (50.3m)', 'province': 'Canterbury', 'diocese': 'Hereford', 'dean': 'Sarah Brown'}",earliest:dates back to the 13th century,700,1400,True,False,wikipedia_final_replaced,original_kept,,False,,missing,,missing,Gothic architecture (c. 1140–1600)
36444.0,Basilica di San Giovanni in Laterano,Roma,it,41.8854806,12.50566819,300,1735,920.0,700–899,,,,,True,True,,,,,,,,,0,0,0,0,,it.wikipedia.org/wiki/Basilica_di_San_Giovanni_in_Laterano,http://www.openstreetmap.org/relation/36444,,,https://it.wikipedia.org/wiki/Basilica_di_San_Giovanni_in_Laterano,Q84090,"Neoclassical architecture, baroque architecture",wikidata_p149,"cement, granite, marble",wikidata_p186,,"cement, granite, marble",300,1735,inizio costruzione,completamento,,,1734,False,300,1735,"{'stato': 'Italia', 'regione': 'Lazio', 'località': 'Roma', 'indirizzo': 'Piazza di San Giovanni in Laterano, 4, 00184 Roma RM', 'coordinate': '41°53′09.26″N 12°30′22.16″E 41°53′09.26″N , 12°30′22.16″E', 'religione': 'Chiesa cattolica di rito romano', 'titolare': ""Santissimo Salvatore , Giovanni l'evangelista e Giovanni Battista [ 1 ]"", 'diocesi': 'Roma', 'consacrazione': '324 (o 318)', 'fondatore': 'Papa Milziade', 'architetto': 'Domenico Fontana [ 2 ] Giacomo della Porta [ 3 ] Francesco Borromini [ 4 ] Alessandro Galilei [ 5 ] Francesco Vespignani [ 6 ]', 'stile architettonico': 'Architettura paleocristiana , medievale , rinascimentale e barocca', 'inizio costruzione': 'IV secolo', 'completamento': '1735', 'sito web': 'Sito ufficiale'}",current_end:completata nel 1734 rimuovendo completamente le vestigia del tradizionale impianto dell'antica basilica,400,1320,True,True,wikipedia_final_replaced,wikipedia_final_replaced,marble,True,,missing,,missing,"Neoclassical architecture (c. 1750–1850), baroque architecture (c. 1600–1750)"
364525182.0,Cattedrale di San Donato,Mondovi (Mondovì),it,44.38970769,7.829299329,1100,1753,100.0,1100–1299,,,,,True,True,,,,,,,,,0,0,0,0,,it.wikipedia.org/wiki/Cattedrale_di_San_Donato_(Mondovì),http://www.openstreetmap.org/way/364525182,,,https://it.wikipedia.org/wiki/Cattedrale_di_San_Donato_(Mondovì),Q2942719,baroque architecture,wikidata_p149,,missing,,,1743,1753,inizio costruzione,completamento,1100,,,False,1100,1753,"{'stato': 'Italia', 'regione': 'Piemonte', 'località': 'Mondovì', 'coordinate': '44°23′22.2″N 7°49′45.52″E 44°23′22.2″N , 7°49′45.52″E', 'religione': 'cattolica di rito romano', 'titolare': 'Donato di Arezzo', 'diocesi': 'Mondovì', 'consacrazione': '4 settembre 1763', 'stile architettonico': 'barocco', 'inizio costruzione': '1743', 'completamento': '1753'}",earliest:la prima cattedrale fu la pieve di san donato ( xii secolo ),1100,1200,False,True,original_kept,wikipedia_final_replaced,,False,,missing,,missing,baroque architecture (c. 1600–1750)
364927723.0,Cattedrale dei Santi Stefano ed Agata,Capua,it,41.10909344,14.21074408,500,1500,1000.0,700–899,,,,,True,True,,,,,,,,,0,0,0,0,,https://www.weagoo.com/it/card/12567/cattedrale-dei-santi-stefano-ed-agata,http://www.openstreetmap.org/way/364927723,,,https://www.weagoo.com/it/card/12567/cattedrale-dei-santi-stefano-ed-agata,,,missing,,missing,,,,,,,,,,False,,,{},,500,1500,False,False,original_kept,original_kept,,False,,missing,,missing,
3656786.0,San Giustino,Chieti,it,42.3513855,14.166842,900,1936,569.0,700–899,,,,,True,True,,,,,,,,,0,0,0,0,,https://it.wikipedia.org/wiki/Cattedrale_di_San_Giustino,http://www.openstreetmap.org/relation/3656786,,,https://it.wikipedia.org/wiki/Cattedrale_di_San_Giustino,Q2942636,Romanesque architecture,wikidata_p149,,missing,,,900,1936,inizio costruzione,completamento,1738,1930,,True,900,1936,"{'stato': 'Italia', 'regione': 'Abruzzo', 'località': 'Chieti', 'coordinate': '42°21′05.04″N 14°09′59.4″E 42°21′05.04″N , 14°09′59.4″E', 'religione': 'cattolica di rito romano', 'arcidiocesi': 'Chieti-Vasto', 'consacrazione': '1069', 'architetto': ""diversi fra cui Guido Cirilli (restauro anni '30)"", 'stile architettonico': 'romanico - gotico (esterno e cripta) barocco (interno)', 'inizio costruzione': 'X secolo ca.', 'completamento': '1936 (restauro revivalista)'}",earliest:risale al 1738  | earliest:risale al 1759  | earliest:risale al 1738  | earliest:risale al 1759  | current_start:ricostruita in stile dall'architetto guido cirilli sono negli anni 1930 [ 12 ] per volere del monsignor giuseppe venturi [ 13 ] ,500,1069,True,True,wikipedia_final_replaced,wikipedia_final_replaced,,False,,missing,,missing,Romanesque architecture (c. 1000–1200)
36684626.0,Cattedrale di San Giusto,Trieste,it,45.64653754,13.77249589,1302,1320,920.0,700–899,,,,,True,True,,,,,,,,,0,0,0,0,,it.wikipedia.org/wiki/Cattedrale_di_San_Giusto_(Trieste),http://www.openstreetmap.org/way/36684626,,,https://it.wikipedia.org/wiki/Cattedrale_di_San_Giusto_(Trieste),Q1736225,Romanesque architecture,wikidata_p149,,missing,,,1302,1320,inizio costruzione,completamento,,,,False,1302,1320,"{'stato': 'Italia', 'regione': 'Friuli-Venezia Giulia', 'località': 'Trieste', 'indirizzo': 'Piazza della Cattedrale 2, 34121', 'coordinate': '45°38′47″N 13°46′21″E 45°38′47″N , 13°46′21″E', 'religione': 'cattolica di rito romano', 'titolare': 'Giusto di Trieste', 'diocesi': 'Trieste', 'consacrazione': '1385', 'stile architettonico': 'romanico , gotico', 'inizio costruzione': '1302', 'completamento': '1320', 'sito web': 'www.sangiustomartire.it'}",,400,1320,True,False,wikipedia_final_replaced,original_kept,,False,,missing,,missing,Romanesque architecture (c. 1000–1200)
36686387.0,Duomo Cattedrale Santa Maria Maggiore,Udine,it,46.06251167,13.2372618,1236,1600,184.0,1100–1299,,,,,True,True,1.0,False,False,True,False,False,1348.0,1348.0,1,0,0,1,1348,it.wikipedia.org/wiki/Cattedrale_di_Udine,http://www.openstreetmap.org/way/36686387,,,https://it.wikipedia.org/wiki/Cattedrale_di_Udine,Q1145812,Romanesque architecture,wikidata_p149,,missing,,,1236,1600,inizio costruzione,completamento,,,,False,1236,1600,"{'stato': 'Italia', 'regione': 'Friuli-Venezia Giulia', 'località': 'Udine', 'coordinate': '46°03′45.04″N 13°14′14.14″E 46°03′45.04″N , 13°14′14.14″E', 'religione': 'cattolica', 'titolare': 'Santa Maria Annunziata', 'arcidiocesi': 'Udine', 'consacrazione': '1335', 'stile architettonico': 'romanico (esterni barocco (interni)', 'inizio costruzione': '1236', 'completamento': 'XVI secolo', 'sito web': 'Sito ufficiale'}",,1236,1420,False,True,original_kept,wikipedia_final_replaced,,False,,missing,,missing,Romanesque architecture (c. 1000–1200)
36689922.0,Cathédrale Saint-Louis,Blois,fr,47.58847443,1.336467039,1100,1200,100.0,1100–1299,,,,,True,True,,,,,,,,,0,0,0,0,,fr.wikipedia.org/wiki/Cathédrale_Saint-Louis_de_Blois,http://www.openstreetmap.org/way/36689922,"st solenne (1100), st louis (1544)",no (N/A),https://fr.wikipedia.org/wiki/Cathédrale_Saint-Louis_de_Blois,,,missing,,missing,,,,,,,,,,False,,,{},,1100,1200,False,False,original_kept,original_kept,,False,,missing,,missing,
368742685.0,Santi Giovanni e Reparata,Lucca,it,43.84114343,10.50458548,1100,1200,400.0,700–899,,,,,True,True,,,,,,,,,0,0,0,0,,it.wikipedia.org/wiki/Chiesa_dei_Santi_Giovanni_e_Reparata,http://www.openstreetmap.org/way/368742685,,,https://it.wikipedia.org/wiki/Chiesa_dei_Santi_Giovanni_e_Reparata,Q3668206,,missing,,missing,,,,,,,,1100,,True,1100,,"{'stato': 'Italia', 'regione': 'Toscana', 'località': 'Lucca', 'indirizzo': 'Piazza San Giovanni, Piazza san Giovanni, 1, 55100 Lucca (LU) e Piazza San Giovanni 1, 55100 Lucca', 'coordinate': '43°50′28.14″N 10°30′15.95″E 43°50′28.14″N , 10°30′15.95″E', 'religione': 'cattolica', 'titolare': 'Santi Giovanni Battista e Reparata', 'arcidiocesi': 'Lucca', 'sito web': 'www.museocattedralelucca.it/ e www.cattedralelucca.it'}","current_start:l'attuale basilica , che nel xii secolo si sostituì al vecchio impianto | current_start:attuale basilica , che nel xii secolo si sostituì al vecchio impianto",800,1200,True,False,wikipedia_final_replaced,original_kept,,False,,missing,,missing,
369161987.0,St Paul's Cathedral,London,uk,51.51377375,-0.098479049764056,100,1710,614.0,700–899,,111.0,,,True,True,1.0,False,True,False,False,False,1087.0,1087.0,1,0,1,0,1087,en.wikipedia.org/wiki/St_Paul's_Cathedral,http://www.openstreetmap.org/way/369161987,st paul (700),fire (1087),https://en.wikipedia.org/wiki/St_Paul's_Cathedral,Q173882,English Baroque,wikidata_p149,Portland limestone,wikidata_p186,,Portland limestone,1675,1710,groundbreaking,completed,100,,2005,False,100,1710,"{'location': 'London , EC4', 'country': 'England', 'denomination': 'Church of England', 'website': 'stpauls.co.uk', 'status': 'Active', 'consecrated': '1697 ; 329\xa0years ago ( 1697 )', 'heritage designation': 'Grade I Listed', 'previous cathedrals': '4', 'architect': 'Christopher Wren', 'style': 'English Baroque', 'years built': '1675–1710', 'groundbreaking': '1675', 'completed': '1710', 'length': '518\xa0ft (158\xa0m)', 'height': '365\xa0ft (111\xa0m)', 'province': 'Canterbury', 'diocese': 'London', 'bishop': 'Sarah Mullally', 'dean': 'Andrew Tremlett'}",earliest:was founded in the second century under the legendary king lucius and his missionary saints fagan  | earliest:founded in the second century under the legendary king lucius and his missionary saints fagan  | current_end:completed in 1710 | current_end:completed in 1958 | current_end:completed in 1967 and the building of a new choir school building in 1967 | current_end:completed in 1872 | current_end:completed in 1710 | current_end:completed in 2005 | current_end:finished in 1710 have included the funerals of admiral lord nelson  | current_end:consecrated in 1300 but was not complete until 1314 | current_end:dedicated in 1958 as the american memorial chapel,700,1314,True,True,wikipedia_final_replaced,wikipedia_final_replaced,,False,111.0,wikidata_p2048_filled_missing,,missing,English Baroque (c. 1600–1750)
36994753.0,Cattedrale di San Rufino,Assisi,it,43.07039437,12.61780313,1100,1571,553.0,700–899,,,,,True,True,,,,,,,,,0,0,0,0,,it.wikipedia.org/wiki/Cattedrale_di_San_Rufino,http://www.openstreetmap.org/way/36994753,,,https://it.wikipedia.org/wiki/Cattedrale_di_San_Rufino,Q1433207,Romanesque architecture,wikidata_p149,,missing,,,1140,1571,inizio costruzione,completamento,1100,,,False,1100,1571,"{'stato': 'Italia', 'regione': 'Umbria', 'località': 'Assisi', 'indirizzo': 'Piazza San Rufino, 3 - Assisi', 'coordinate': '43°04′12.73″N 12°37′04″E 43°04′12.73″N , 12°37′04″E', 'religione': 'cattolica di rito romano', 'titolare': 'Rufino di Assisi', 'diocesi': 'Assisi-Nocera Umbra-Gualdo Tadino', 'consacrazione': '1253', 'stile architettonico': 'Romanico , barocco , neoclassico', 'inizio costruzione': '1140', 'completamento': '1571', 'sito web': 'www.diocesiassisi.it/'}",earliest:risale al xii secolo | earliest:risale al rinnovo del 1571 ad opera di galeazzo alessi  | earliest:risale al xii secolo | earliest:risale alla fine del xiii secolo ed è composta da una coronazione triangolare a capanna con all'interno un arco gotico | earliest:risale al rinnovo del 1571 ad opera di galeazzo alessi ,700,1253,True,True,wikipedia_final_replaced,wikipedia_final_replaced,,False,,missing,,missing,Romanesque architecture (c. 1000–1200)
380736106.0,San Lorenzo,Viterbo,it,42.41525556,12.10093451,1100,1600,381.0,700–899,,,,,True,True,,,,,,,,,0,0,0,0,,it.wikipedia.org/wiki/Cattedrale_di_San_Lorenzo_(Viterbo),http://www.openstreetmap.org/way/380736106,,,https://it.wikipedia.org/wiki/Cattedrale_di_San_Lorenzo_(Viterbo),Q1736131,Romanesque architecture,wikidata_p149,,missing,,,1100,1600,inizio costruzione,completamento,,1266,,True,1100,1600,"{'stato': 'Italia', 'regione': 'Lazio', 'località': 'Viterbo', 'coordinate': '42°24′55″N 12°06′03″E 42°24′55″N , 12°06′03″E', 'religione': 'cattolica di rito romano', 'titolare': 'Lorenzo diacono e martire', 'diocesi': 'Viterbo', 'stile architettonico': 'romanico (interno) gotico (campanile) rinascimentale (esterno)', 'inizio costruzione': 'XII secolo', 'completamento': 'XVI secolo'}",current_start:ricostruita nel 1266 con l'erezione di viterbo a sede papale,800,1181,True,True,wikipedia_final_replaced,wikipedia_final_replaced,,False,,missing,,missing,Romanesque architecture (c. 1000–1200)
383705165.0,Duomo di San Cataldo,Taranto,it,40.47605638,17.22859257,900,1300,340.0,900–1099,,,,,True,True,,,,,,,,,0,0,0,0,,it.wikipedia.org/wiki/Cattedrale_di_San_Cataldo,http://www.openstreetmap.org/way/383705165,,,https://it.wikipedia.org/wiki/Cattedrale_di_San_Cataldo,Q450083,Romanesque architecture,wikidata_p149,,missing,,,900,,inizio costruzione,,,,,False,900,,"{'stato': 'Italia', 'regione': 'Puglia', 'località': 'Taranto', 'coordinate': '40°28′33.78″N 17°13′42.82″E 40°28′33.78″N , 17°13′42.82″E', 'religione': 'cattolica di rito romano', 'titolare': 'san Cataldo', 'arcidiocesi': 'Taranto', 'stile architettonico': 'Romanico , barocco e rococò', 'inizio costruzione': 'X secolo', 'sito web': 'www.cattedraletaranto.com/'}",,960,1300,True,False,wikipedia_final_replaced,original_kept,,False,,missing,,missing,Romanesque architecture (c. 1000–1200)
38523691.0,Duomo,Mantua,it,45.1608325,10.79755988,1300,1761,801.0,700–899,,,,,True,True,,,,,,,,,0,0,0,0,,it.wikipedia.org/wiki/Duomo_di_Mantova,http://www.openstreetmap.org/way/38523691,,,https://it.wikipedia.org/wiki/Duomo_di_Mantova,Q650678,Mannerist architecture,wikidata_p149,,missing,,,1300,1761,inizio costruzione,completamento,,,,False,1300,1761,"{'stato': 'Italia', 'regione': 'Lombardia', 'località': 'Mantova', 'indirizzo': 'Piazza Sordello', 'coordinate': '45°09′38.55″N 10°47′50.71″E 45°09′38.55″N , 10°47′50.71″E', 'religione': 'cattolica di rito romano', 'titolare': 'San Pietro', 'diocesi': 'Mantova', 'fondatore': 'Matilde di Canossa', 'architetto': 'Jacobello e Pierpaolo dalle Masegne , Giulio Romano , Giovan Battista Bertani , Nicolò Baschiera', 'stile architettonico': 'manierista', 'inizio costruzione': 'XIV secolo', 'completamento': '1761'}",,600,1401,True,True,wikipedia_final_replaced,wikipedia_final_replaced,,False,,missing,,missing,Mannerist architecture
38612480.0,Cathédrale Saint-Étienne,Cahors,fr,44.44729842,1.442987556,700,1320,620.0,700–899,,,,,True,True,,,,,,,,,0,0,0,0,,fr.wikipedia.org/wiki/Cathédrale_Saint-Étienne_de_Cahors,http://www.openstreetmap.org/way/38612480,st stephen (700),no (N/A),https://fr.wikipedia.org/wiki/Cathédrale_Saint-Étienne_de_Cahors,Q847628,Romanesque architecture,wikidata_p149,,missing,,,,,,,,,,False,,,"{'nom local': 'Cathédrale de Cahors', 'culte': 'Catholique romain', 'dédicataire': 'Saint Étienne', 'type': 'Cathédrale', 'rattachement': 'Diocèse de Cahors (siège)', 'début de la construction': 'XII e siècle', 'style dominant': 'Roman Gothique Romano-Byzantin', 'protection': 'Classée\xa0MH ( 1862 , 2020 ) Patrimoine mondial ( 1998 )', 'site web': 'Groupement Paroisse Saint-Etienne Cahors/Mercuès/Pradines', 'pays': 'France', 'région': 'Occitanie', 'département': 'Lot', 'ville': 'Cahors', 'coordonnées': '44°\xa026′\xa050″\xa0nord, 1°\xa026′\xa035″\xa0est', 'site du bien': 'Chemins de Saint-Jacques-de-Compostelle en France', 'numéro d’identification': '868-051', 'année d’inscription': '1998'}",,700,1320,False,False,original_kept,original_kept,,False,,missing,,missing,Romanesque architecture (c. 1000–1200)
38694157.0,Llandaff Cathedral,Cardiff,uk,51.49574639,-3.217849141,1120,1843,300.0,900–1099,,,,,True,True,1.0,True,False,False,False,False,1400.0,1400.0,0,0,0,0,1400,en.wikipedia.org/wiki/Llandaff_Cathedral,http://www.openstreetmap.org/way/38694157,"st peter (900), st paul (900)",damage during rebellion (1400),https://en.wikipedia.org/wiki/Llandaff_Cathedral,Q747856,Gothic architecture,wikidata_p149,,wikipedia_infobox,| parish =,| parish =,1120,,founded,,1200,,1843,False,1120,1843,"{'location': 'Cardiff', 'country': 'Wales', 'denomination': 'Church in Wales', 'previous denomination': 'Roman Catholic', 'website': 'www .llandaffcathedral .org .uk', 'status': 'Cathedral', 'founded': '1120 ( 1120 )', 'functional status': 'Active', 'style': 'Medieval , Gothic', 'diocese': 'Llandaff', 'bishop': 'Mary Stallard', 'dean': 'Jason Bray'}",earliest:dates to the mid 13th century [ 99 ] and is made from chipping campden and bath limestone | current_end:completed by local architect john prichard between 1843 and 1869,900,1200,True,True,wikipedia_final_replaced,wikipedia_final_replaced,,False,,missing,,missing,Gothic architecture (c. 1140–1600)
387943472.0,Catedrale,Caltabellotta,it,37.5789709,13.21913279,1090,1110,20.0,900–1099,,,,,True,True,,,,,,,,,0,0,0,0,,https://www.distrettoturisticoselinuntino.it/en/a.cfm?id=399,http://www.openstreetmap.org/way/387943472,,,https://www.distrettoturisticoselinuntino.it/en/a.cfm?id=399,,,missing,,missing,,,,,,,,,,False,,,{},,1090,1110,False,False,original_kept,original_kept,,False,,missing,,missing,
39704141.0,Cathédrale de la Nativité de Notre-Dame,Noyon,fr,49.5821649,3.000727581,1145,1295,150.0,1100–1299,5898.0,23.0,135654.0,135654.0,True,True,2.0,True,True,False,False,False,859.0,1131.0,0,0,0,0,859;1131,fr.wikipedia.org/wiki/Cathédrale_Notre-Dame_de_Noyon,http://www.openstreetmap.org/way/39704141,mary (700),"vikings (859), fire (1131)",https://fr.wikipedia.org/wiki/Cathédrale_Notre-Dame_de_Noyon,Q932828,Early Gothic architecture,wikidata_p149,,missing,,,,,,,,,,False,,,"{'culte': 'Catholique romain', 'dédicataire': 'Saint Éloi de Noyon', 'type': ""Église paroissiale ( cathédrale jusqu'en 1790 )"", 'rattachement': 'Diocèse de Beauvais', 'début de la construction': '1145', 'fin des travaux': '1235 (quelques travaux par la suite)', 'style dominant': 'Gothique', 'protection': 'Classée\xa0MH ( 1840 , 1862 , 1889 )', 'site web': 'Paroisse Saint Eloi du Noyonnais', 'pays': 'France', 'région': 'Hauts-de-France', 'province': 'Picardie', 'département': 'Oise', 'ville': 'Noyon', 'coordonnées': '49°\xa034′\xa056″\xa0nord, 3°\xa000′\xa002″\xa0est'}",,1145,1295,False,False,original_kept,original_kept,,False,,original_kept,,original_kept,Early Gothic architecture (c. 1140–1200)
39706996.0,Cathédrale Notre-Dame et Saint-Castor,Nimes (Nîmes),fr,43.83834723,4.360420553,700,1096,396.0,700–899,,,,,True,True,,,,,,,,,0,0,0,0,,fr.wikipedia.org/wiki/Cathédrale_Notre-Dame-et-Saint-Castor_de_Nîmes,http://www.openstreetmap.org/way/39706996,"mary (700), st castor (700)",no (N/A),https://fr.wikipedia.org/wiki/Cathédrale_Notre-Dame-et-Saint-Castor_de_Nîmes,Q2942276,classical architecture,wikidata_p149,,missing,,,,,,,,,,False,,,"{'culte': 'Catholique romain', 'dédicataire': ""Notre-Dame et Saint Castord'Apt"", 'type': 'Cathédrale', 'rattachement': 'Diocèse de Nîmes, Uzès et Alès (siège)', 'début de la construction': 'XII e siècle', 'fin des travaux': 'XIX e siècle', 'style dominant': 'Classicisme Néo-roman', 'protection': 'Classée\xa0MH ( 1906 )', 'site web': 'Le site des catholiques de Nîmes', 'pays': 'France', 'région': 'Occitanie', 'département': 'Gard', 'ville': 'Nîmes', 'coordonnées': '43°\xa050′\xa018″\xa0nord, 4°\xa021′\xa038″\xa0est'}",,700,1096,False,False,original_kept,original_kept,,False,,missing,,missing,classical architecture
397737238.0,Cathédrale Saint-Pierre,"Geneve (Geneva, Genf)",ch,46.20110486,6.148508233,600,1225,625.0,700–899,,,,,True,True,1.0,False,True,False,False,False,1350.0,1350.0,0,0,0,0,1350,fr.wikipedia.org/wiki/Cathédrale_Saint-Pierre_de_Genève,http://www.openstreetmap.org/way/397737238,st peter (600),damaged by fires (14th c.),https://fr.wikipedia.org/wiki/Cathédrale_Saint-Pierre_de_Genève,,,missing,,missing,,,,,,,,,,False,,,"{'culte': 'Réformé', 'rattachement': 'Église protestante de Genève', 'début de la construction': 'entre 1150 et 1180', 'fin des travaux': 'vers 1250', 'architecte': 'inconnus pour la construction initiale (de 1150 à 1250) Benedetto Alfieri pour la construction du portique néo-classique (de 1752 à 1756) Louis Viollier pour la restauration du monument, le rehaussement de la Tour nord et la construction de la Flèche (de 1884 à 1900)', 'autres campagnes de travaux': 'Restauration complète de 1976 à 1993 Fouilles archéologiques de 1976 à 2006', 'style dominant': 'Gothique , portique néoclassique', 'site web': 'https://www.cathedrale-geneve.ch', 'pays': 'Suisse', 'canton': 'Genève', 'ville': 'Genève', 'coordonnées': '46°\xa012′\xa004″\xa0nord, 6°\xa008′\xa055″\xa0est'}",,600,1225,False,False,original_kept,original_kept,,False,,missing,,missing,
398361496.0,Cattedrale di Santa Maria Assunta,Acerra,it,40.94336863,14.3727919,800,1874,500.0,700–899,,,,,True,True,,,,,,,,,0,0,0,0,,it.wikipedia.org/wiki/Cattedrale_di_Acerra,http://www.openstreetmap.org/way/398361496,,,https://it.wikipedia.org/wiki/Cattedrale_di_Acerra,Q2942537,Neoclassical architecture,wikidata_p149,,missing,,,,1874,,completamento,,,,False,,1874,"{'stato': 'Italia', 'regione': 'Campania', 'località': 'Acerra', 'indirizzo': 'Via Monsignor Gennaro Verolino, 6, 80011 Acerra NA', 'coordinate': '40°56′36″N 14°22′22″E 40°56′36″N , 14°22′22″E', 'religione': 'cattolica di rito romano', 'titolare': 'Santa Maria Assunta', 'diocesi': 'Acerra', 'stile architettonico': 'neoclassico (facciata) barocco (interno)', 'completamento': '1874'}",,800,1300,False,True,original_kept,wikipedia_final_replaced,,False,,missing,,missing,Neoclassical architecture (c. 1750–1850)
3987276.0,Duomo di lecce,Lecce,it,40.351667,18.169444,1100,1689,56.0,1100–1299,,,,,True,True,,,,,,,,,0,0,0,0,,https://it.wikipedia.org/wiki/Duomo_di_Lecce,https://www.openstreetmap.org/relation/3987276,,,https://it.wikipedia.org/wiki/Duomo_di_Lecce,Q843722,barocco leccese,wikidata_p149,,missing,,,1100,1689,inizio costruzione,completamento,,,,False,1100,1689,"{'stato': 'Italia', 'regione': 'Puglia', 'località': 'Lecce', 'coordinate': '40°21′06″N 18°10′10″E 40°21′06″N , 18°10′10″E', 'religione': 'Cattolica', 'titolare': 'Maria Assunta', 'arcidiocesi': 'Lecce', 'consacrazione': '6 novembre 1757', 'architetto': 'Giuseppe Zimbalo', 'stile architettonico': 'Barocco leccese', 'inizio costruzione': 'XII secolo', 'completamento': '1689', 'sito web': 'www.cattedraledilecce.it'}",,1194,1250,True,True,wikipedia_final_replaced,wikipedia_final_replaced,,False,,missing,,missing,barocco leccese
398955371.0,Concattedrale di Santa Maria Assunta+,Matelica,it,43.25757302,13.00835795,1350,1500,100.0,1300–1500,,,,,True,True,,,,,,,,,0,0,0,0,,it.wikipedia.org/wiki/Concattedrale_di_Santa_Maria_Assunta_(Matelica),http://www.openstreetmap.org/way/398955371,,,https://it.wikipedia.org/wiki/Concattedrale_di_Santa_Maria_Assunta_(Matelica),Q2942706,Renaissance,wikidata_p149,,missing,,,,1500,,completamento,,,,False,,1500,"{'stato': 'Italia', 'regione': 'Marche', 'località': 'Matelica', 'indirizzo': 'Corso Vittorio Emanuele - Matelica', 'coordinate': '43°15′27.36″N 13°00′31.32″E 43°15′27.36″N , 13°00′31.32″E', 'religione': 'cattolica di rito romano', 'titolare': 'Maria', 'diocesi': 'Fabriano-Matelica', 'stile architettonico': 'rinascimentale - barocco', 'completamento': 'XV secolo'}",,1350,1450,False,True,original_kept,wikipedia_final_replaced,,False,,missing,,missing,Renaissance (c. 1400–1600)
39962246.0,Dom Sankt Peter,Regensburg,de,49.01947413,12.09831063,1200,1221,21.0,1100–1299,3306.282838,32.0,105801.050816,105801.050816,True,True,1.0,False,True,False,False,False,1273.0,1273.0,0,0,0,0,1273,de.wikipedia.org/wiki/Regensburger_Dom,http://www.openstreetmap.org/way/39962246,st peter (700),fire (1273),https://de.wikipedia.org/wiki/Regensburger_Dom,Q280268,Gothic architecture,wikidata_p149,,missing,,,,,,,,,,False,,,{},,1200,1221,False,False,original_kept,original_kept,,False,105.0,original_kept,,original_kept,Gothic architecture (c. 1140–1600)
404759154.0,Cattedrale di Santa Maria Assunta,San Severo,it,41.68512626,15.38079197,1000,1800,20.0,1100–1299,,,,,True,True,,,,,,,,,0,0,0,0,,it.wikipedia.org/wiki/Cattedrale_di_Santa_Maria_Assunta_(San_Severo),http://www.openstreetmap.org/way/404759154,,,https://it.wikipedia.org/wiki/Cattedrale_di_Santa_Maria_Assunta_(San_Severo),Q2942796,baroque architecture,wikidata_p149,,missing,,,1000,1800,inizio costruzione,completamento,,,,False,1000,1800,"{'stato': 'Italia', 'località': 'San Severo', 'coordinate': '41°41′06.72″N 15°22′49.44″E 41°41′06.72″N , 15°22′49.44″E', 'religione': 'cattolica', 'titolare': 'Maria', 'diocesi': 'San Severo', 'stile architettonico': 'barocco', 'inizio costruzione': 'fine XI secolo', 'completamento': 'XVIII secolo'}",,1180,1200,True,True,wikipedia_final_replaced,wikipedia_final_replaced,,False,,missing,,missing,baroque architecture (c. 1600–1750)
404813260.0,Basilica cattedrale di Santa Maria Assunta,Lucera,it,41.50807175,15.335066,1302,1317,417.0,900–1099,,,,,True,True,1.0,True,False,False,False,False,1250.0,1250.0,1,1,0,0,1250,it.wikipedia.org/wiki/Basilica_cattedrale_di_Santa_Maria_Assunta_(Lucera),http://www.openstreetmap.org/way/404813260,,,https://it.wikipedia.org/wiki/Basilica_cattedrale_di_Santa_Maria_Assunta_(Lucera),Q593993,Gothic architecture,wikidata_p149,,missing,,,1302,1317,inizio costruzione,completamento,,,1302,False,1302,1317,"{'stato': 'Italia', 'regione': 'Puglia', 'località': 'Lucera', 'coordinate': '41°30′28.9″N 15°20′06″E 41°30′28.9″N , 15°20′06″E', 'religione': 'cattolica', 'titolare': 'Santa Maria Assunta', 'diocesi': 'Lucera-Troia', 'consacrazione': '14 ottobre 1302', 'stile architettonico': 'gotico angioino', 'inizio costruzione': '1302', 'completamento': '1317'}",current_end:consacrata nel 1302 ,900,1317,True,False,wikipedia_final_replaced,original_kept,,False,,missing,,missing,Gothic architecture (c. 1140–1600)
405217578.0,Cattedrale di Foggia,Foggia,it,41.4635073,15.54386126,1172,1223,134.0,900–1099,,,,,True,True,,,,,,,,,0,0,0,0,,it.wikipedia.org/wiki/Cattedrale_di_Foggia,http://www.openstreetmap.org/way/405217578,,,https://it.wikipedia.org/wiki/Cattedrale_di_Foggia,Q476926,Romanesque architecture,wikidata_p149,,missing,,,1172,,inizio costruzione,,,,,False,1172,,"{'stato': 'Italia', 'regione': 'Puglia', 'località': 'Foggia', 'coordinate': '41°27′48.5″N 15°32′38.1″E 41°27′48.5″N , 15°32′38.1″E', 'religione': 'cattolica di rito romano', 'titolare': 'Madonna dei Sette Veli', 'arcidiocesi': 'Foggia-Bovino', 'stile architettonico': 'romanico pugliese (facciata) barocco (interno e campanile)', 'inizio costruzione': '1172 - 1179 , dopo il terremoto del 1731'}",,1089,1223,True,False,wikipedia_final_replaced,original_kept,,False,,missing,,missing,Romanesque architecture (c. 1000–1200)
40630875.0,Cathédrale Saint-Pierre et Saint-Paul,Poitiers,fr,46.58033672,0.349359291642663,700,1379,679.0,700–899,,34.0,,,True,True,1.0,False,True,False,False,False,1018.0,1018.0,1,0,1,0,1018,fr.wikipedia.org/wiki/Cathédrale_Saint-Pierre_de_Poitiers,http://www.openstreetmap.org/way/40630875,st peter (700),fire (1018),https://fr.wikipedia.org/wiki/Cathédrale_Saint-Pierre_de_Poitiers,Q1481233,Gothic architecture,wikidata_p149,,missing,,,,,,,,,,False,,,"{'culte': 'Catholique', 'dédicataire': 'Saint Pierre', 'type': 'Cathédrale', 'rattachement': 'Archidiocèse de Poitiers', 'début de la construction': 'fin XII e siècle', 'fin des travaux': 'XIV e siècle', 'style dominant': 'Architecture gothique ( gothique angevin )', 'protection': 'Classée\xa0MH ( 1875 )', 'site web': 'Paroisse de La Trinité de Poitiers', 'pays': 'France', 'région': 'Nouvelle-Aquitaine', 'département': 'Vienne', 'ville': 'Poitiers', 'coordonnées': '46°\xa034′\xa049″\xa0nord, 0°\xa020′\xa057″\xa0est'}",,700,1379,False,False,original_kept,original_kept,,False,34.0,wikidata_p2048_filled_missing,,missing,Gothic architecture (c. 1140–1600)
407428806.0,Cattedrale di Santa Maria Maggiore,Barletta,it,41.32050509,16.28621951,1126,1400,767.0,700–899,,,,,True,True,1.0,True,False,False,False,False,862.0,862.0,1,1,0,0,862,it.wikipedia.org/wiki/Cattedrale_di_Barletta,http://www.openstreetmap.org/way/407428806,,,https://it.wikipedia.org/wiki/Cattedrale_di_Barletta,Q2942520,Romanesque architecture,wikidata_p149,,missing,,,1126,1400,inizio costruzione,completamento,,,,False,1126,1400,"{'stato': 'Italia', 'regione': 'Puglia', 'località': 'Barletta', 'indirizzo': 'Piazzetta del Duomo', 'coordinate': '41°19′14.02″N 16°17′10″E 41°19′14.02″N , 16°17′10″E', 'religione': 'Cristiana cattolica di rito romano', 'titolare': 'Maria', 'arcidiocesi': 'Trani-Barletta-Bisceglie', 'consacrazione': '1267', 'stile architettonico': 'Romanico - gotico', 'inizio costruzione': '1126', 'completamento': 'XIV secolo'}",,500,1267,True,True,wikipedia_final_replaced,wikipedia_final_replaced,,False,,missing,,missing,Romanesque architecture (c. 1000–1200)
407824982.0,Cattedrale di San Nicola Pellegrino,Trani,it,41.28223537,16.41848388,1099,1143,785.0,700–899,,59.0,,,True,True,,,,,,,,,0,0,0,0,,it.wikipedia.org/wiki/Cattedrale_di_Trani,http://www.openstreetmap.org/way/407824982,,,https://it.wikipedia.org/wiki/Cattedrale_di_Trani,Q513023,Romanesque architecture,wikidata_p149,calcium oxide,wikidata_p186,,calcium oxide,1099,,inizio costruzione,,,,1143,False,1099,1143,"{'stato': 'Italia', 'regione': 'Puglia', 'località': 'Trani', 'indirizzo': 'Piazza Duomo, 76125 Trani BT', 'coordinate': '41°16′56″N 16°25′06.6″E 41°16′56″N , 16°25′06.6″E', 'religione': 'Cattolica di rito romano', 'titolare': 'Santa Maria Assunta Chiesa inferiore: Santa Maria della Scala Cripta: San Nicola il Pellegrino', 'arcidiocesi': 'Trani-Barletta-Bisceglie', 'consacrazione': '1143', 'stile architettonico': 'romanico', 'inizio costruzione': 'Basilica: 1099 ; Campanile: prima metà del XIII sec.', 'completamento': 'Basilica: fine del XII, inizi del XIII sec.; Campanile: metà del XIV sec.', 'sito web': 'www.cattedraletrani.it/IT/'}",current_end:consacrata nel 1143 prima ancora del completamento,400,1185,True,True,wikipedia_final_replaced,wikipedia_final_replaced,,False,59.0,wikidata_p2048_filled_missing,,missing,Romanesque architecture (c. 1000–1200)
409194289.0,Concattedrale di Bitonto,Bitonto,it,41.10633022,16.68976575,1089,1300,514.0,700–899,,,,,True,True,,,,,,,,,0,0,0,0,,it.wikipedia.org/wiki/Concattedrale_di_Bitonto,http://www.openstreetmap.org/way/409194289,,,https://it.wikipedia.org/wiki/Concattedrale_di_Bitonto,,,missing,,missing,,,1100,1300,inizio costruzione,completamento,1089,,,False,1089,1300,"{'stato': 'Italia', 'regione': 'Puglia', 'località': 'Bitonto', 'coordinate': '41°06′22.76″N 16°41′23.01″E 41°06′22.76″N , 16°41′23.01″E', 'religione': 'cattolica di rito romano', 'titolare': 'San Valentino da Viterbo e Santa Maria Assunta', 'arcidiocesi': 'Bari-Bitonto', 'consacrazione': '1114', 'stile architettonico': 'romanico', 'inizio costruzione': 'XII secolo', 'completamento': 'XIII secolo'}",earliest:risale al 1089  | earliest:risale al 1089 ,600,1114,True,True,wikipedia_final_replaced,wikipedia_final_replaced,,False,,missing,,missing,
40967526.0,St.-Paulus-Dom,Muenster (Münster (Westfalen)),de,51.96306604,7.625786612,1225,1264,39.0,1100–1299,4331.349654,23.0,99621.042042,99621.04204199999,True,True,,,,,,,,,0,0,0,0,,de.wikipedia.org/wiki/St.-Paulus-Dom_(Münster),http://www.openstreetmap.org/way/40967526,"st ludger (800), st paulus (900)",no (N/A),https://de.wikipedia.org/wiki/St.-Paulus-Dom_(Münster),,,missing,,missing,,,,,,,,,,False,,,{},,1225,1264,False,False,original_kept,original_kept,,False,,original_kept,,original_kept,
409920052.0,Cattedrale di Santa Maria Assunta,Conversano,it,40.96841224,17.1147544,1100,1379,873.0,700–899,,,,,True,True,,,,,,,,,0,0,0,0,,it.wikipedia.org/wiki/Cattedrale_di_Conversano,http://www.openstreetmap.org/way/409920052,,,https://it.wikipedia.org/wiki/Cattedrale_di_Conversano,Q948305,Romanesque art in Apulia,wikidata_p149,,missing,,,1100,1379,inizio costruzione,completamento,,,1926,False,1100,1379,"{'stato': 'Italia', 'regione': 'Puglia', 'località': 'Conversano', 'indirizzo': 'Largo Cattedrale', 'coordinate': '40°58′06.31″N 17°06′53.06″E 40°58′06.31″N , 17°06′53.06″E', 'religione': 'cattolica di rito romano', 'titolare': 'Maria Assunta', 'diocesi': 'Conversano-Monopoli', 'stile architettonico': 'Romanico pugliese', 'inizio costruzione': 'XI - XII secolo', 'completamento': '1379', 'sito web': 'cattedraleconversano.blogspot.com/?m=1'}",current_end:completata nel 1926 quando la cattedrale venne riaperta al culto,500,1373,True,True,wikipedia_final_replaced,wikipedia_final_replaced,,False,,missing,,missing,Romanesque art in Apulia (c. 1000–1200)
410903032.0,Cattedrale Santa Maria Assunta,Altamura,it,40.82741421,16.55280039,1232,1254,88.0,1100–1299,,,,,True,False,1.0,False,False,False,False,True,1316.0,1316.0,1,0,0,0,1316,it.wikipedia.org/wiki/Cattedrale_di_Santa_Maria_Assunta_(Altamura),http://www.openstreetmap.org/way/410903032,,,https://it.wikipedia.org/wiki/Cattedrale_di_Santa_Maria_Assunta_(Altamura),Q277433,Romanesque art in Apulia,wikidata_p149,,missing,,,1232,1254,inizio costruzione,completamento,,,,False,1232,1254,"{'stato': 'Italia', 'regione': 'Puglia', 'località': 'Altamura', 'indirizzo': 'Piazza Duomo', 'coordinate': '40°49′38.75″N 16°33′09.9″E 40°49′38.75″N , 16°33′09.9″E', 'religione': 'cattolica di rito romano', 'titolare': 'Maria Assunta', 'diocesi': 'Altamura-Gravina-Acquaviva delle Fonti', 'consacrazione': '...', 'fondatore': 'Federico II di Svevia', 'stile architettonico': 'romanico - gotico (esterno) romanico - barocco (interno)', 'inizio costruzione': '1232', 'completamento': '1254'}",,1232,1320,False,True,original_kept,wikipedia_final_replaced,,False,,missing,,missing,Romanesque art in Apulia (c. 1000–1200)
411138839.0,Cattedrale,Gravina (Gravina in Puglia),it,40.81744106,16.41356473,1000,1600,440.0,900–1099,,,,,True,True,2.0,False,True,True,False,False,1447.0,1456.0,2,0,1,1,1447;1456,https://it.wikipedia.org/wiki/Concattedrale_di_Santa_Maria_Assunta_(Gravina_in_Puglia),http://www.openstreetmap.org/way/411138839,,,https://it.wikipedia.org/wiki/Concattedrale_di_Santa_Maria_Assunta_(Gravina_in_Puglia),Q3686013,Romanesque architecture,wikidata_p149,,missing,,,1000,1600,inizio costruzione,completamento,,1065,,True,1000,1600,"{'stato': 'Italia', 'regione': 'Puglia', 'località': 'Gravina in Puglia', 'coordinate': '40°49′02.78″N 16°24′49.1″E 40°49′02.78″N , 16°24′49.1″E', 'religione': 'Cattolica', 'titolare': 'Maria Assunta', 'diocesi': 'Altamura-Gravina-Acquaviva delle Fonti', 'stile architettonico': 'romanico , barocco', 'inizio costruzione': 'XI secolo', 'completamento': 'XVI secolo'}",current_start:l'attuale cattedrale fu costruita nel 1065 «come si ricava da antichi documenti di gravina e dalla iscrizione posta nel frontespizio alla fascia superiore | current_start:attuale cattedrale fu costruita nel 1065 «come si ricava da antichi documenti di gravina e dalla iscrizione posta nel frontespizio alla fascia superiore,1080,1520,True,True,wikipedia_final_replaced,wikipedia_final_replaced,,False,,missing,,missing,Romanesque architecture (c. 1000–1200)
41495874.0,Cathédrale Saint-Bénigne,Dijon,fr,47.32149274,5.03442645,700,1325,625.0,700–899,,,,,True,True,,,,,,,,,0,0,0,0,,fr.wikipedia.org/wiki/Cathédrale_Saint-Bénigne_de_Dijon,http://www.openstreetmap.org/way/41495874,st benignus (700),no (N/A),https://fr.wikipedia.org/wiki/Cathédrale_Saint-Bénigne_de_Dijon,Q1711691,Gothic architecture,wikidata_p149,,missing,,,,,,,,,,False,,,"{'culte': 'Culte catholique', 'dédicataire': 'Bénigne de Dijon', 'type': 'Cathédrale', 'rattachement': 'Archidiocèse de Dijon', 'début de la construction': '1280', 'fin des travaux': '1393', 'style dominant': 'Architecture romane (crypte) Architecture gothique', 'protection': 'Classée\xa0MH ( 1846 , 1862 ) Patrimoine mondial ( 2015 , Climats du vignoble de Bourgogne )', 'site web': 'http://cathedrale-dijon.fr/', 'pays': 'France', 'région': 'Bourgogne-Franche-Comté', 'département': ""Côte-d'Or"", 'ville': 'Dijon', 'coordonnées': '47°\xa019′\xa017″\xa0nord, 5°\xa002′\xa004″\xa0est'}",,700,1325,False,False,original_kept,original_kept,,False,,missing,,missing,Gothic architecture (c. 1140–1600)
416721530.0,Cattedrale di Santa Maria Assunta,Chioggia,it,45.21691515,12.27725435,1624,1802,410.0,700–899,,,,,True,True,,,,,,,,,0,0,0,0,,it.wikipedia.org/wiki/Cattedrale_di_Chioggia,http://www.openstreetmap.org/way/416721530,,,https://it.wikipedia.org/wiki/Cattedrale_di_Chioggia,Q1111481,baroque architecture,wikidata_p149,brick,wikidata_p186,,brick,1624,1802,inizio costruzione,completamento,,,,False,1624,1802,"{'stato': 'Italia', 'regione': 'Veneto', 'località': 'Chioggia', 'indirizzo': 'Piazza Duomo 77 - Chioggia (VE)', 'coordinate': '45°13′00.77″N 12°16′39.5″E 45°13′00.77″N , 12°16′39.5″E', 'religione': 'Cattolica di rito romano', 'titolare': 'Maria Assunta', 'diocesi': 'Chioggia', 'consacrazione': '1674', 'architetto': 'Baldassare Longhena', 'stile architettonico': 'barocco', 'inizio costruzione': '1624', 'completamento': '1802', 'demolizione': '26 dicembre 1623', 'sito web': 'www.cattedralechioggia.it/'}",,700,1110,True,True,wikipedia_final_replaced,wikipedia_final_replaced,,False,,missing,,missing,baroque architecture (c. 1600–1750)
417666624.0,Basilica cattedrale di Santa Maria Assunta,Nardo (Nardò),it,40.18000181,18.03045876,1000,1899,800.0,700–899,,,,,True,True,,,,,,,,,0,0,0,0,,it.wikipedia.org/wiki/Basilica_cattedrale_di_Santa_Maria_Assunta_(Nardò),http://www.openstreetmap.org/way/417666624,,,https://it.wikipedia.org/wiki/Basilica_cattedrale_di_Santa_Maria_Assunta_(Nardò),Q2645223,Romanesque architecture,wikidata_p149,,missing,,,1000,1899,inizio costruzione,completamento,,,,False,1000,1899,"{'stato': 'Italia', 'regione': 'Puglia', 'località': 'Nardò', 'indirizzo': 'Piazza Pio XI - 73048 - Nardò (LE)', 'coordinate': '40°10′47.64″N 18°01′48.36″E 40°10′47.64″N , 18°01′48.36″E', 'religione': 'Cattolica', 'titolare': 'Maria Assunta', 'diocesi': 'Nardò-Gallipoli', 'stile architettonico': 'romanico - barocco', 'inizio costruzione': 'XI secolo', 'completamento': '1899'}",,600,1400,True,True,wikipedia_final_replaced,wikipedia_final_replaced,,False,,missing,,missing,Romanesque architecture (c. 1000–1200)
41766672.0,Winchester Cathedral,Winchester,uk,51.06071794,-1.313285528,1079,2016,800.0,700–899,,,,,True,True,,,,,,,,,0,0,0,0,,en.wikipedia.org/wiki/Winchester_Cathedral,http://www.openstreetmap.org/way/41766672,"st peter (700), st paul (700), st swithin (700)",no (N/A),https://en.wikipedia.org/wiki/Winchester_Cathedral,Q476529,Norman architecture,wikidata_p149,,missing,,,1079,,groundbreaking,,1107,1107,2016,True,1079,2016,"{'location': 'Winchester , Hampshire', 'country': 'England', 'denomination': 'Church of England', 'previous denomination': 'Roman Catholic', 'website': 'www.winchester-cathedral.org.uk', 'dedication': 'Holy Trinity Paul the Apostle Peter the Apostle Swithun', 'heritage designation': 'Grade I', 'designated': '24 March 1950 [ 1 ]', 'style': 'Norman , Gothic', 'years built': '1079–1532', 'groundbreaking': '1079 ; 947\xa0years ago ( 1079 )', 'length': '558\xa0ft 1\xa0in (170.1\xa0m)', 'province': 'Canterbury', 'diocese': 'Winchester', 'bishop': 'Philip Mounstephen', 'dean': 'Christopher Palmer [ 2 ]'}",earliest:was founded in 1999 and is made up of 20 girls between the ages of 12 and 17 | earliest:built in the norman style following its collapse in 1107 | earliest:built in the perpendicular gothic style from 1458 to 1520 | current_start:rebuilt in the norman style following its collapse in 1107 | current_end:completed in 901 by his son edward the elder  | current_end:completed in may 2016 with the removal of the external scaffolding and the completion of the lead replacement | current_end:completed in 1532 | current_end:dedicated in 993,700,1500,True,True,wikipedia_final_replaced,wikipedia_final_replaced,,False,,missing,,missing,Norman architecture
417998768.0,Cattedrale di San Sabino,Bari,it,41.12853896,16.86907751,1100,1292,792.0,700–899,,,,,True,True,1.0,False,False,False,False,True,1156.0,1156.0,1,0,0,0,1156,it.wikipedia.org/wiki/Cattedrale_di_San_Sabino,http://www.openstreetmap.org/way/417998768,,,https://it.wikipedia.org/wiki/Cattedrale_di_San_Sabino,Q383884,Romanesque art in Apulia,wikidata_p149,,missing,,,1100,1292,inizio costruzione,completamento,,,,False,1100,1292,"{'stato': 'Italia', 'regione': 'Puglia', 'località': 'Bari', 'indirizzo': ""Piazza dell'Odegitria"", 'coordinate': '41°07′42.7″N 16°52′08.2″E 41°07′42.7″N , 16°52′08.2″E', 'religione': 'cattolica di rito romano', 'titolare': 'Sabino di Canosa', 'arcidiocesi': 'Bari-Bitonto', 'consacrazione': '1292', 'stile architettonico': 'Romanico pugliese', 'inizio costruzione': 'XII secolo', 'completamento': '1292'}",,500,1292,True,False,wikipedia_final_replaced,original_kept,,False,,missing,,missing,Romanesque art in Apulia (c. 1000–1200)
41871460.0,San Settimio,Iesi,it,43.52489589,13.24632916,1741,1889,580.0,900–1099,,,,,True,True,,,,,,,,,0,0,0,0,,it.wikipedia.org/wiki/Duomo_di_Jesi,http://www.openstreetmap.org/way/41871460,,,https://it.wikipedia.org/wiki/Duomo_di_Jesi,Q2942682,baroque architecture,wikidata_p149,,missing,,,1741,1889,inizio costruzione,completamento,,,1889,False,1741,1889,"{'stato': 'Italia', 'regione': 'Marche', 'località': 'Jesi', 'indirizzo': 'Piazza Federico II - Jesi', 'coordinate': '43°31′29.57″N 13°14′46.32″E 43°31′29.57″N , 13°14′46.32″E', 'religione': 'cattolica di rito romano', 'titolare': 'San Settimio di Jesi', 'diocesi': 'Jesi', 'stile architettonico': 'Tardo barocco', 'inizio costruzione': '1741 (su edifici precedenti)', 'completamento': '1889', 'sito web': 'Sito ufficiale'}",current_end:completata nel 1238 [ 3 ]  | current_end:completata nel 1889 ,900,1480,True,True,wikipedia_final_replaced,wikipedia_final_replaced,,False,,missing,,missing,baroque architecture (c. 1600–1750)
422071903.0,Cattedrale di Santa Maria Assunta,Acqui Terme,it,44.67416919,8.471231738,1000,1900,470.0,900–1099,,,,,True,True,,,,,,,,,0,0,0,0,,it.wikipedia.org/wiki/Cattedrale_di_Santa_Maria_Assunta_(Acqui_Terme),http://www.openstreetmap.org/way/422071903,,,https://it.wikipedia.org/wiki/Cattedrale_di_Santa_Maria_Assunta_(Acqui_Terme),Q3663731,Romanesque architecture,wikidata_p149,,missing,,,1000,1900,inizio costruzione,completamento,,,,False,1000,1900,"{'stato': 'Italia', 'regione': 'Piemonte', 'località': 'Acqui Terme', 'indirizzo': 'Via Domenico Barone', 'coordinate': '44°40′27.17″N 8°28′16.36″E 44°40′27.17″N , 8°28′16.36″E', 'religione': 'cattolica di rito romano', 'titolare': 'Maria Assunta', 'diocesi': 'Acqui', 'consacrazione': '11 novembre 1067', 'stile architettonico': 'romanico , barocco', 'inizio costruzione': 'XI secolo', 'completamento': 'XIX secolo', 'sito web': 'www.itesoridiacquiterme.it/www.cpsanguido@gmail.com'}",,1020,1490,True,True,wikipedia_final_replaced,wikipedia_final_replaced,,False,,missing,,missing,Romanesque architecture (c. 1000–1200)
422354188.0,Duomo,Brindisi,it,40.64036413,17.94568312,1100,1143,93.0,900–1099,,,,,True,True,,,,,,,,,0,0,0,0,,it.wikipedia.org/wiki/Cattedrale_di_Brindisi,http://www.openstreetmap.org/way/422354188,,,https://it.wikipedia.org/wiki/Cattedrale_di_Brindisi,,,missing,,missing,,,1100,,inizio costruzione,,,,1143,False,1100,1143,"{'stato': 'Italia', 'regione': 'Puglia', 'località': 'Brindisi', 'coordinate': '40°38′25.59″N 17°56′44.58″E 40°38′25.59″N , 17°56′44.58″E', 'religione': 'Cattolica', 'titolare': 'Visitazione e san Giovanni Battista', 'arcidiocesi': 'Brindisi-Ostuni', 'consacrazione': '1143', 'stile architettonico': 'Romanico pugliese', 'inizio costruzione': 'XII secolo', 'sito web': 'www.cattedralebrindisi.it/'}",current_end:completata nel 1143 ,1050,1143,True,False,wikipedia_final_replaced,original_kept,,False,,missing,,missing,
423593733.0,Basilica Cattedrale di Santa Maria Assunta,Volterra,it,43.40177778,10.85900506,800,1800,320.0,700–899,,,,,True,True,1.0,False,False,True,False,False,1117.0,1117.0,1,0,0,1,1117,it.wikipedia.org/wiki/Duomo_di_Volterra,http://www.openstreetmap.org/way/423593733,,,https://it.wikipedia.org/wiki/Duomo_di_Volterra,Q2942519,Romanesque architecture,wikidata_p149,,missing,,,1100,1800,inizio costruzione,completamento,800,,,False,800,1800,"{'stato': 'Italia', 'regione': 'Toscana', 'località': 'Volterra', 'coordinate': '43°24′06.34″N 10°51′32.11″E 43°24′06.34″N , 10°51′32.11″E', 'religione': 'cattolica di rito romano', 'titolare': 'Maria Assunta', 'diocesi': 'Volterra', 'stile architettonico': 'romanico , barocco', 'inizio costruzione': 'XII secolo', 'completamento': 'XVIII secolo'}",earliest:la prima cattedrale cittadina; in ogni caso a partire dal ix secolo esisteva una chiesa dedicata a santa maria ,800,1120,False,True,original_kept,wikipedia_final_replaced,,False,,missing,,missing,Romanesque architecture (c. 1000–1200)
425988640.0,Duomo di Cefalù,Cefalu (Cefalù),it,38.03984099,14.02356728,1131,1148,136.0,1100–1299,13939.999999999998,,,,True,True,,,,,,,,,0,0,0,0,,it.wikipedia.org/wiki/Duomo_di_Cefalù,http://www.openstreetmap.org/way/425988640,,,https://it.wikipedia.org/wiki/Duomo_di_Cefalù,Q1354756,Byzantine architecture,wikidata_p149,,missing,,,1131,1148,inizio costruzione,completamento,,,,False,1131,1148,"{'stato': 'Italia', 'regione': 'Sicilia', 'località': 'Cefalù', 'coordinate': '38°02′23.39″N 14°01′24.92″E 38°02′23.39″N , 14°01′24.92″E', 'religione': 'cattolica di rito romano', 'titolare': 'SS. Salvatore', 'diocesi': 'Cefalù', 'consacrazione': '1267', 'architetto': 'Johannes Panictera (facciata) Ambrogio da Como (portico)', 'stile architettonico': 'Romanico siculo-normanno bizantino', 'inizio costruzione': '1131 per volere di Ruggero II', 'completamento': '1148 (mosaici absidali), 1240 (facciata), 1263 (copertura), 1471 (portico)', 'sito web': 'www.diocesimessina.it/'}",,1131,1267,False,True,original_kept,wikipedia_final_replaced,,False,,missing,13939.999999999998,wikidata_p2046_filled_missing,Byzantine architecture (c. 330–1453)
426375841.0,Cattedrale S Giorgio Martire,Caccamo,it,37.93090355,13.66047244,1616,1480,390.0,900–1099,,,,,True,True,,,,,,,,,0,0,0,0,,https://it.wikipedia.org/wiki/Duomo_di_San_Giorgio_Martire_(Caccamo),http://www.openstreetmap.org/way/426375841,,,https://it.wikipedia.org/wiki/Duomo_di_San_Giorgio_Martire_(Caccamo),Q28669489,Renaissance architecture,wikidata_p149,,missing,,,1616,,inizio costruzione,,,,,False,1616,,"{'stato': 'Italia', 'regione': 'Sicilia', 'località': 'Caccamo', 'indirizzo': 'Piazza Duomo, 2, 90012 Caccamo PA', 'coordinate': '37°55′51.36″N 13°39′37.62″E 37°55′51.36″N , 13°39′37.62″E', 'religione': 'cattolica di rito romano', 'titolare': 'San Giorgio Martire', 'arcidiocesi': 'Palermo', 'stile architettonico': 'architettura rinascimentale e barocca', 'inizio costruzione': '1616 attuale tempio'}",,1090,1480,True,False,wikipedia_final_replaced,original_kept,,False,,missing,,missing,Renaissance architecture (c. 1400–1600)
428452003.0,Cattedrale di Santo Stefano,Biella,it,45.56609355,8.053756768,1402,1900,803.0,900–1099,,,,,True,True,,,,,,,,,0,0,0,0,,it.wikipedia.org/wiki/Duomo_di_Biella,http://www.openstreetmap.org/way/428452003,,,https://it.wikipedia.org/wiki/Duomo_di_Biella,Q2942589,Gothic Revival,wikidata_p149,brick,wikidata_p186,,brick,1402,1900,inizio costruzione,completamento,,,,False,1402,1900,"{'stato': 'Italia', 'regione': 'Piemonte', 'località': 'Biella', 'coordinate': '45°33′58″N 8°03′12″E 45°33′58″N , 8°03′12″E', 'religione': 'cattolica di rito romano', 'titolare': 'Stefano', 'diocesi': 'Biella', 'stile architettonico': 'neogotico', 'inizio costruzione': '1402', 'completamento': 'XIX secolo'}",,1000,1803,True,True,wikipedia_final_replaced,wikipedia_final_replaced,,False,,missing,,missing,Gothic Revival (c. 1140–1600)
428514873.0,Cattedrale di Sant'Emidio,Ascoli Piceno,it,42.85352207,13.5787555,400,1539,829.0,700–899,,,,,True,True,,,,,,,,,0,0,0,0,,it.wikipedia.org/wiki/Cattedrale_di_Sant'Emidio,http://www.openstreetmap.org/way/428514873,,,https://it.wikipedia.org/wiki/Cattedrale_di_Sant'Emidio,Q2942547,"Renaissance architecture, Romanesque architecture",wikidata_p149,,missing,,,400,1539,inizio costruzione,completamento,1485,1592,,True,400,1539,"{'stato': 'Italia', 'regione': 'Marche', 'località': 'Ascoli Piceno', 'indirizzo': 'Piazza Arringo - Ascoli Piceno', 'coordinate': '42°51′12.6″N 13°34′42.96″E 42°51′12.6″N , 13°34′42.96″E', 'religione': 'Cattolica', 'titolare': ""Maria Madre di Dio Emidio d'Ascoli"", 'diocesi': 'Ascoli Piceno', 'architetto': ""Cola dell'Amatrice (facciata)"", 'stile architettonico': 'Romanico, rinascimentale', 'inizio costruzione': 'V secolo', 'completamento': '1539'}",earliest:risale al 1485  | earliest:risale al 1485  | current_start:ricostruita nel 1592 sul disegno dell'ascolano silvestro galeotti,750,1579,True,True,wikipedia_final_replaced,wikipedia_final_replaced,,False,,missing,,missing,"Renaissance architecture (c. 1400–1600), Romanesque architecture (c. 1000–1200)"
4311103.0,Ely Cathedral,Ely,uk,52.39867229,0.263710280841286,672,1500,800.0,700–899,,,,,True,True,1.0,True,False,False,False,False,900.0,900.0,1,1,0,0,900,en.wikipedia.org/wiki/Ely_Cathedral,http://www.openstreetmap.org/way/4311103,"st etheldreda (700), st peter (700)",vikings (900),https://en.wikipedia.org/wiki/Ely_Cathedral,Q579004,"English Gothic architecture, Norman architecture, Romanesque architecture",wikidata_p149,,missing,,,1083,,years built,,672,,,False,672,,"{'location': 'Ely, Cambridgeshire', 'country': 'England', 'denomination': 'Church of England', 'previous denomination': 'Roman Catholic', 'tradition': 'Broad church', 'website': 'www .elycathedral .org', 'dedication': 'Holy Trinity', 'style': 'Romanesque , English Gothic', 'years built': '1083–1375', 'length': '163.7\xa0m (537\xa0ft)', 'height': '66\xa0m (217\xa0ft)', 'province': 'Canterbury', 'diocese': 'Ely', 'bishop(s)': 'Sarah Clark Dagmar Winter ( Suffragan Bishop )', 'dean': 'Mark Bonney'}",earliest:was founded in 672,700,1500,True,False,wikipedia_final_replaced,original_kept,,False,,missing,,missing,"English Gothic architecture (c. 1140–1600), Norman architecture, Romanesque architecture (c. 1000–1200)"
43768260.0,Cattedrale di Santa Maria del Fiore,Firenze,it,43.77312816,11.25662729,1296,1471,1031.0,700–899,8600.0,114.5,,984700.0,True,True,,,,,,,,,0,0,0,0,,it.wikipedia.org/wiki/Cattedrale_di_Santa_Maria_del_Fiore,http://www.openstreetmap.org/way/43768260,,,https://it.wikipedia.org/wiki/Cattedrale_di_Santa_Maria_del_Fiore,Q191739,"Italian Gothic architecture, Renaissance architecture",wikidata_p149,"brick, marble",wikidata_p186,,"brick, marble",1296,1471,inizio costruzione,completamento,1477,,1442,False,1296,1471,"{'stato': 'Italia', 'regione': 'Toscana', 'località': 'Firenze', 'indirizzo': 'Piazza del Duomo', 'coordinate': '43°46′23″N 11°15′25″E 43°46′23″N , 11°15′25″E', 'religione': 'cattolica di rito romano', 'titolare': 'Maria', 'arcidiocesi': 'Firenze', 'consacrazione': '25 marzo 1436', 'architetto': 'Arnolfo di Cambio , Filippo Brunelleschi , Andrea Pisano , Francesco Talenti e Giotto', 'stile architettonico': 'gotico , rinascimentale , neogotico', 'inizio costruzione': '8 settembre 1296', 'completamento': '1471 (cupola), 1887 (facciata), 1903 (porte bronzee)', 'sito web': 'duomo.firenze.it/'}",earliest:risale al 1477 | earliest:risale al 1477 | current_end:completata nel 1442),405,1436,True,True,wikipedia_final_replaced,wikipedia_final_replaced,marble,True,114.5,wikidata_p2048_filled_missing,8600.0,wikidata_p2046_filled_missing,"Italian Gothic architecture (c. 1140–1600), Renaissance architecture (c. 1400–1600)"
43873804.0,Chiesa di San Siro,Genova,it,44.41159665,8.930194071,500,1700,850.0,700–899,,,,,True,True,,,,,,,,,0,0,0,0,,it.wikipedia.org/wiki/Basilica_di_San_Siro_(Genova),http://www.openstreetmap.org/way/43873804,,,https://it.wikipedia.org/wiki/Basilica_di_San_Siro_(Genova),Q1667579,baroque architecture,wikidata_p149,,missing,,,500,1700,inizio costruzione,completamento,,,,False,500,1700,"{'stato': 'Italia', 'regione': 'Liguria', 'località': 'Genova', 'indirizzo': 'via San Siro 3', 'coordinate': '44°24′42″N 8°55′49″E 44°24′42″N , 8°55′49″E', 'religione': 'cattolica di rito romano', 'titolare': 'Siro di Genova', 'arcidiocesi': 'Genova', 'stile architettonico': 'barocco', 'inizio costruzione': 'VI secolo', 'completamento': 'XVII secolo'}",,300,1150,True,True,wikipedia_final_replaced,wikipedia_final_replaced,,False,,missing,,missing,baroque architecture (c. 1600–1750)
43945530.0,Duomo San Giuliano,Macerata,it,43.30081049,13.45690283,1771,1790,5.0,1300–1500,,,,,True,True,,,,,,,,,0,0,0,0,,it.wikipedia.org/wiki/Duomo_di_Macerata,http://www.openstreetmap.org/way/43945530,,,https://it.wikipedia.org/wiki/Duomo_di_Macerata,Q2942704,Neoclassicism,wikidata_p149,,missing,,,1771,1790,inizio costruzione,completamento,,,,False,1771,1790,"{'stato': 'Italia', 'regione': 'Marche', 'località': 'Macerata', 'indirizzo': 'Piazza San Vincenzo Maria Strambi - Macerata', 'coordinate': '43°18′02.63″N 13°27′24.7″E 43°18′02.63″N , 13°27′24.7″E', 'religione': 'cattolica di rito romano', 'diocesi': 'Macerata', 'architetto': 'Cosimo Morelli', 'stile architettonico': 'Tardobarocco - neoclassico', 'inizio costruzione': '1771 su edificio precedente', 'completamento': '1790'}",,1459,1464,True,True,wikipedia_final_replaced,wikipedia_final_replaced,,False,,missing,,missing,Neoclassicism
44184811.0,Duomo di Orvieto,Orvieto,it,42.71700824,12.11363324,1290,1591,317.0,1100–1299,,,,,True,True,,,,,,,,,0,0,0,0,,it.wikipedia.org/wiki/Duomo_di_Orvieto,http://www.openstreetmap.org/way/44184811,,,https://it.wikipedia.org/wiki/Duomo_di_Orvieto,Q10924,"Gothic architecture, Italian Gothic architecture",wikidata_p149,,missing,,,1290,1591,inizio costruzione,completamento,1300,,,False,1290,1591,"{'stato': 'Italia', 'regione': 'Umbria', 'località': 'Orvieto', 'coordinate': '42°43′01″N 12°06′49″E 42°43′01″N , 12°06′49″E', 'religione': 'cattolica di rito romano', 'titolare': 'Maria Assunta', 'diocesi': 'Orvieto-Todi', 'architetto': 'molteplici, fra cui Lorenzo Maitani', 'stile architettonico': 'romanico - gotico', 'inizio costruzione': '1290', 'completamento': '1591 (restaurato dopo il 1795 )', 'sito web': 'www.opsm.it/ e www.duomodiorvieto.it'}",earliest:risale al xiii e xiv secolo ed è a pianta basilicale  | earliest:risale al 1961 | earliest:risale al xiii e xiv secolo ed è a pianta basilicale  | earliest:risale al 1961,1290,1607,False,True,original_kept,wikipedia_final_replaced,,False,,missing,,missing,"Gothic architecture (c. 1140–1600), Italian Gothic architecture (c. 1140–1600)"
44435149.0,Dom St. Peter und Paul,Brandenburg (Brandenburg an der Havel),de,52.41524916,12.56743776,1170,1370,200.0,1100–1299,,,,,True,True,,,,,,,,,0,0,0,0,,de.wikipedia.org/wiki/St._Peter_und_Paul_(Brandenburg_an_der_Havel),http://www.openstreetmap.org/way/44435149,"st peter (1100), st paul (1100)",no (N/A),https://de.wikipedia.org/wiki/St._Peter_und_Paul_(Brandenburg_an_der_Havel),,,missing,,missing,,,,,,,,,,False,,,{},,1170,1370,False,False,original_kept,original_kept,,False,,missing,,missing,
44683104.0,Cattedrale Natività di Maria Santissima,Siracusa (Sirkusa),it,37.05959415,15.29380763,1444,1753,420.0,700–899,,,,,True,True,,,,,,,,,0,0,0,0,,it.wikipedia.org/wiki/Duomo_di_Siracusa,http://www.openstreetmap.org/way/44683104,,,https://it.wikipedia.org/wiki/Duomo_di_Siracusa,Q1736222,baroque architecture,wikidata_p149,,missing,,,1753,,inizio costruzione,,1444,1910,1753,True,1444,1753,"{'stato': 'Italia', 'regione': 'Sicilia', 'località': 'Siracusa', 'coordinate': '37°03′34.56″N 15°17′37.79″E 37°03′34.56″N , 15°17′37.79″E', 'religione': 'cattolica di rito romano', 'arcidiocesi': 'Siracusa', 'architetto': 'Andrea Palma', 'stile architettonico': 'barocco', 'inizio costruzione': 'VII secolo (prima costruzione successivamente nuova chiesa normanna e nel 1753 fine delle aggiunte barocche dopo il terremoto del 1693 della Val di Noto)'}",earliest:risale al xv secolo e nel 1518 la navata centrale fu coperta con il soffitto ligneo tuttora conservato | earliest:risale al 1528  | earliest:risale al 1444 ) | earliest:risale al 1885 ed è caratterizzata da marmo bianco e nero che vanno a formare una figura di scacchiera | earliest:risale al xv secolo e nel 1518 la navata centrale fu coperta con il soffitto ligneo tuttora conservato | earliest:risale al 1528  | earliest:risale al 1444 ) | earliest:risale al 1885 ed è caratterizzata da marmo bianco e nero che vanno a formare una figura di scacchiera | current_start:ricostruita nel 1910  | current_end:completata nel 1753,700,1120,True,True,wikipedia_final_replaced,wikipedia_final_replaced,,False,,missing,,missing,baroque architecture (c. 1600–1750)
447255045.0,Ex cattedrale di Maria Santissima Assunta,Troina,it,37.78550122,14.60151307,1067,1078,30.0,900–1099,,,,,True,True,,,,,,,,,0,0,0,0,,https://it.wikipedia.org/wiki/Cattedrale_di_Maria_Santissima_Assunta_(Troina),http://www.openstreetmap.org/way/447255045,,,https://it.wikipedia.org/wiki/Cattedrale_di_Maria_Santissima_Assunta_(Troina),Q48808827,Norman architecture,wikidata_p149,,missing,,,1067,1078,inizio costruzione,completamento,,,,False,1067,1078,"{'stato': 'Italia', 'regione': 'Sicilia', 'località': 'Troina', 'coordinate': '37°47′07.26″N 14°36′03.56″E 37°47′07.26″N , 14°36′03.56″E', 'religione': 'cattolica di rito romano', 'titolare': 'Maria Santissima Assunta', 'diocesi': 'Nicosia', 'consacrazione': '1088 da Papa Urbano II', 'fondatore': ""Ruggero I d'Altavilla"", 'stile architettonico': 'normanno , barocco , aragonese , neoclassico', 'inizio costruzione': '1067', 'completamento': '1078 (con aggiunte in epoche successive)'}",,1060,1090,True,True,wikipedia_final_replaced,wikipedia_final_replaced,,False,,missing,,missing,Norman architecture
44773604.0,Cathédrale Saint-Pierre,Angouleme (Angoulême),fr,45.64899906,0.151639766,700,1128,428.0,700–899,,,,,True,True,,,,,,,,,0,0,0,0,,fr.wikipedia.org/wiki/Cathédrale_Saint-Pierre_d'Angoulême,http://www.openstreetmap.org/way/44773604,st peter (700),no (N/A),https://fr.wikipedia.org/wiki/Cathédrale_Saint-Pierre_d'Angoulême,Q1736169,Romanesque architecture,wikidata_p149,,missing,,,,,,,,,,False,,,"{'culte': 'Culte catholique', 'dédicataire': 'Pierre (apôtre)', 'type': 'Cathédrale', 'rattachement': ""Diocèse d'Angoulême"", 'début de la construction': '1100 environ', 'fin des travaux': '1128 (consécration) Importantes restaurations au XIX e siècle', 'style dominant': 'Architecture romane', 'protection': 'Classée\xa0MH ( 1840 )', 'site web': 'https://charente.catholique.fr/grand-angouleme/paroisses/saints-apotres/', 'pays': 'France', 'région': 'Nouvelle-Aquitaine', 'département': 'Charente', 'ville': 'Angoulême', 'coordonnées': '45°\xa038′\xa056″\xa0nord, 0°\xa009′\xa006″\xa0est'}",,700,1128,False,False,original_kept,original_kept,,False,,missing,,missing,Romanesque architecture (c. 1000–1200)
447863567.0,Duomo di Aversa,Aversa,it,40.97659757,14.20320264,1053,1090,647.0,900–1099,,,,,True,False,2.0,False,False,True,False,True,1349.0,1456.0,2,0,0,1,1349;1456,it.wikipedia.org/wiki/Cattedrale_di_San_Paolo_(Aversa),http://www.openstreetmap.org/way/447863567,,,https://it.wikipedia.org/wiki/Cattedrale_di_San_Paolo_(Aversa),Q2942550,Romanesque architecture,wikidata_p149,,missing,,,1053,1090,inizio costruzione,completamento,,,,False,1053,1090,"{'stato': 'Italia', 'regione': 'Campania', 'località': 'Aversa', 'indirizzo': 'Piazza del Duomo, 81031 Aversa CE', 'coordinate': '40°58′35″N 14°12′10″E 40°58′35″N , 14°12′10″E', 'religione': 'Cristiana cattolica di rito romano', 'titolare': 'Paolo di Tarso', 'diocesi': 'Aversa', 'stile architettonico': 'Romanico - Barocco', 'inizio costruzione': '1053', 'completamento': '1090'}",,1053,1700,False,True,original_kept,wikipedia_final_replaced,,False,,missing,,missing,Romanesque architecture (c. 1000–1200)
4532022.0,Kölner Dom,"Koeln (Köln, Cologne)",de,50.94133376,6.958121825,1248,1480,232.0,1100–1299,6000.0,43.0,258000.0,258000.0,True,True,1.0,False,True,False,False,False,1248.0,1248.0,1,0,1,0,1248,de.wikipedia.org/wiki/Kölner_Dom,http://www.openstreetmap.org/way/4532022,st peter (700),fire (1248),https://de.wikipedia.org/wiki/Kölner_Dom,Q4176,Gothic architecture,wikidata_p149,,missing,,,,,,,,,,False,,,{},,1248,1480,False,False,original_kept,original_kept,,False,157.0,original_kept,,original_kept,Gothic architecture (c. 1140–1600)
453737197.0,Cattedrale di Sant'Ambrogio,Vigevano,it,45.31694821,8.859273834,900,1606,50.0,900–1099,,,,,True,True,,,,,,,,,0,0,0,0,,it.wikipedia.org/wiki/Cattedrale_di_Sant'Ambrogio,http://www.openstreetmap.org/way/453737197,,,https://it.wikipedia.org/wiki/Cattedrale_di_Sant'Ambrogio,Q2942855,Mannerist architecture,wikidata_p149,,missing,,,,1606,,completamento,,,,False,,1606,"{'stato': 'Italia', 'regione': 'Lombardia', 'località': 'Vigevano', 'indirizzo': 'Piazza Ducale', 'coordinate': '45°19′01.5″N 8°51′32.43″E 45°19′01.5″N , 8°51′32.43″E', 'religione': 'cattolica di rito romano', 'titolare': 'Ambrogio di Milano', 'diocesi': 'Vigevano', 'architetto': 'Antonio da Lonate', 'stile architettonico': 'manierista', 'completamento': '1606'}",,900,950,False,True,original_kept,wikipedia_final_replaced,,False,,missing,,missing,Mannerist architecture
45393044.0,Cathédrale Notre-Dame-de-l'Assomption,Rodez,fr,44.35077143,2.574158702,1277,1542,265.0,1100–1299,4321.0,30.0,129630.0,129630.0,True,True,1.0,True,False,False,False,False,725.0,725.0,0,0,0,0,725,fr.wikipedia.org/wiki/Cathédrale_Notre-Dame_de_Rodez,http://www.openstreetmap.org/way/45393044,mary (700),saracens (725),https://fr.wikipedia.org/wiki/Cathédrale_Notre-Dame_de_Rodez,Q2942292,"Gothic architecture, Renaissance architecture",wikidata_p149,,missing,,,,,,,,,,False,,,"{'culte': 'Catholique', 'dédicataire': 'Vierge Marie', 'type': 'Cathédrale', 'rattachement': 'Diocèse de Rodez et Vabres (siège)', 'début de la construction': '1277', 'fin des travaux': '1542', 'architecte': 'Jean Deschamps ? Maître Étienne Guillaume Salvanh Bernard Anthony Antoine Salvanh Guillaume Philandrier Jean Salvanh', 'style dominant': 'Gothique Méridional et Gothique , flamboyant', 'protection': 'Classée\xa0MH ( 1862 )', 'site web': 'www.cathedrale-de-rodez.com', 'pays': 'France', 'région': 'Occitanie', 'département': 'Aveyron', 'ville': 'Rodez', 'coordonnées': '44°\xa021′\xa003″\xa0nord, 2°\xa034′\xa026″\xa0est'}",,1277,1542,False,False,original_kept,original_kept,,False,,original_kept,,original_kept,"Gothic architecture (c. 1140–1600), Renaissance architecture (c. 1400–1600)"
461216601.0,Duomo,Piacenza,it,45.0501248,9.697831376,1122,1233,110.0,1100–1299,3600.0,32.0,115200.0,115200.0,True,True,1.0,False,False,True,False,False,1117.0,1117.0,0,0,0,0,1117,it.wikipedia.org/wiki/Duomo_di_Piacenza,http://www.openstreetmap.org/way/461216601,,,https://it.wikipedia.org/wiki/Duomo_di_Piacenza,Q2576211,Romanesque architecture,wikidata_p149,,missing,,,1122,1233,inizio costruzione,completamento,,,1333,False,1122,1233,"{'stato': 'Italia', 'regione': 'Emilia-Romagna', 'località': 'Piacenza', 'indirizzo': 'piazza Duomo ‒ Piacenza (PC)', 'coordinate': '45°03′01.22″N 9°41′50.48″E 45°03′01.22″N , 9°41′50.48″E', 'religione': 'cattolica di rito romano', 'titolare': 'Maria Assunta in Cielo e Santa Giustina', 'diocesi': 'Piacenza-Bobbio', 'stile architettonico': 'romanico', 'inizio costruzione': '1122', 'completamento': '1233', 'sito web': 'cattedralepiacenza.it/'}",current_end:ultimata nel 1333,1123,1233,True,False,wikipedia_final_replaced,original_kept,,False,,original_kept,,original_kept,Romanesque architecture (c. 1000–1200)
463264817.0,Santa Maria Assunta,Fano,it,43.8434485,13.01563031,1100,2000,340.0,700–899,,,,,True,True,1.0,False,True,False,False,False,1124.0,1124.0,1,0,1,0,1124,it.wikipedia.org/wiki/Cattedrale_di_Santa_Maria_Assunta_(Fano),http://www.openstreetmap.org/way/463264817,,,https://it.wikipedia.org/wiki/Cattedrale_di_Santa_Maria_Assunta_(Fano),Q2942658,Romanesque architecture,wikidata_p149,,missing,,,1100,2000,inizio costruzione,completamento,,1100,,True,1100,2000,"{'stato': 'Italia', 'regione': 'Marche', 'località': 'Fano', 'coordinate': '43°50′36.67″N 13°00′56.34″E 43°50′36.67″N , 13°00′56.34″E', 'religione': 'cattolica di rito romano', 'titolare': 'Maria Assunta', 'diocesi': 'Fano-Fossombrone-Cagli-Pergola', 'consacrazione': '1140 ca.', 'stile architettonico': 'romanico , rinascimentale', 'inizio costruzione': 'XII secolo', 'completamento': 'XX secolo'}",current_start:l'attuale cattedrale venne costruita nel xii secolo in stile romanico  | current_start:attuale cattedrale venne costruita nel xii secolo in stile romanico ,800,1140,True,True,wikipedia_final_replaced,wikipedia_final_replaced,,False,,missing,,missing,Romanesque architecture (c. 1000–1200)
49750033.0,Cattedrale Santa Vergine Maria Assunta,Palermo (Balarm),it,38.1143261,13.35599057,1185,1800,320.0,1100–1299,11000.0,,,,True,True,,,,,,,,,0,0,0,0,,it.wikipedia.org/wiki/Cattedrale_di_Palermo,http://www.openstreetmap.org/way/49750033,,,https://it.wikipedia.org/wiki/Cattedrale_di_Palermo,Q1478407,"Classicism, Gothic art, Norman-Arab-Byzantine culture",wikidata_p149,,missing,,,1185,1800,inizio costruzione,completamento,,,1184,False,1185,1800,"{'stato': 'Italia', 'regione': 'Sicilia', 'località': 'Palermo', 'coordinate': '38°06′52″N 13°21′22″E 38°06′52″N , 13°21′22″E', 'religione': 'cattolica di rito romano', 'titolare': 'Maria Assunta e Santa Rosalia', 'arcidiocesi': 'Palermo', 'fondatore': 'Gualtiero', 'stile architettonico': 'bizantino , romanico normanno , islamico , gotico , rinascimentale , barocco , neoclassico', 'inizio costruzione': '1185 , impianto attuale', 'completamento': 'completata in età medievale (successivamente la cattedrale fu arricchita con delle aggiunte fino al XVIII secolo )', 'sito web': 'Sito ufficiale'}",current_end:completata nel 1184 - 1185 ,1180,1500,True,True,wikipedia_final_replaced,wikipedia_final_replaced,,False,,missing,11000.0,wikidata_p2046_filled_missing,"Classicism (c. 1750–1850), Gothic art (c. 1140–1600), Norman-Arab-Byzantine culture (c. 330–1453)"
49804445.0,Duomo di Monza,Monza,it,45.58360438,9.275797619,1300,1700,920.0,700–899,,,,,True,True,,,,,,,,,0,0,0,0,,it.wikipedia.org/wiki/Duomo_di_Monza,http://www.openstreetmap.org/way/49804445,,,https://it.wikipedia.org/wiki/Duomo_di_Monza,,,missing,,missing,,,1300,1700,inizio costruzione,completamento,,,1620,False,1300,1700,"{'stato': 'Italia', 'regione': 'Lombardia', 'località': 'Monza', 'indirizzo': 'Piazza Duomo', 'coordinate': '45°35′00.92″N 9°16′32.41″E 45°35′00.92″N , 9°16′32.41″E', 'religione': 'Chiesa cattolica', 'titolare': 'San Giovanni Battista', 'diocesi': 'Arcidiocesi di Milano', 'consacrazione': '1365', 'architetto': 'Matteo da Campione', 'stile architettonico': 'Gotico , gotico internazionale , barocco', 'inizio costruzione': 'VI secolo ; ricostruzione dal 1300', 'completamento': 'XVII secolo', 'sito web': 'www.duomomonza.it/'}",current_end:completata nel 1620 ,500,1420,True,True,wikipedia_final_replaced,wikipedia_final_replaced,,False,,missing,,missing,
50284360.0,Dom St. Peter zu Trier,Trier,de,49.75620869,6.643596879,1040,1196,156.0,900–1099,3937.040244,29.0,114174.167076,114174.167076,True,True,1.0,True,False,False,False,False,882.0,882.0,0,0,0,0,882,de.wikipedia.org/wiki/Trierer_Dom,http://www.openstreetmap.org/way/50284360,mary (1196),damaged by vikings (882),https://de.wikipedia.org/wiki/Trierer_Dom,Q5920,Romanesque architecture,wikidata_p149,,missing,,,,,,,,,,False,,,{},,1040,1196,False,False,original_kept,original_kept,,False,,original_kept,,original_kept,Romanesque architecture (c. 1000–1200)
503078651.0,Duomo San Massimo,Aquila (L'Aquila),it,42.34921938,13.39697443,1200,2000,221.0,1100–1299,,,,,True,True,2.0,False,False,True,False,False,1315.0,1461.0,2,0,0,2,1315;1461,it.wikipedia.org/wiki/Duomo_dell'Aquila,http://www.openstreetmap.org/way/503078651,,,https://it.wikipedia.org/wiki/Duomo_dell'Aquila,Q2942686,baroque architecture,wikidata_p149,,missing,,,1200,2000,inizio costruzione,completamento,,,,False,1200,2000,"{'stato': 'Italia', 'regione': 'Abruzzo', 'località': ""L'Aquila"", 'indirizzo': ""Piazza Duomo - 67100 L'Aquila AQ"", 'coordinate': '42°20′57.12″N 13°23′49.92″E 42°20′57.12″N , 13°23′49.92″E', 'religione': 'cattolica di rito romano', 'titolare': 'Massimo , Giorgio martire', 'arcidiocesi': 'Aquila', 'architetto': 'Sebastiano Cipriani', 'stile architettonico': 'barocco (interno) , neoclassico (esterno)', 'inizio costruzione': 'XIII secolo', 'completamento': 'XX secolo'}",,1259,1480,True,True,wikipedia_final_replaced,wikipedia_final_replaced,,False,,missing,,missing,baroque architecture (c. 1600–1750)
50323125.0,Cathédrale Sainte-Croix,Orleans (Orléans),fr,47.90189107,1.910367491,700,1320,620.0,700–899,,114.0,,,True,False,3.0,True,True,False,False,True,877.0,1277.0,3,1,1,0,877;989;1277,fr.wikipedia.org/wiki/Cathédrale_Sainte-Croix_d'Orléans,http://www.openstreetmap.org/way/50323125,,"vikings (877), fire (989), collapse (1277)",https://fr.wikipedia.org/wiki/Cathédrale_Sainte-Croix_d'Orléans,Q1366553,Gothic architecture,wikidata_p149,,missing,,,,,,,,,,False,,,"{'culte': 'Catholique romain', 'dédicataire': 'Sainte-Croix', 'type': 'Cathédrale', 'rattachement': ""Diocèse d'Orléans (siège)"", 'début de la construction': '11 septembre 1287', 'fin des travaux': '8 mai 1829', 'architecte': 'Étienne Martellange', 'style dominant': 'Gothique Néogothique', 'protection': 'Classée\xa0MH ( 1862 )', 'site web': 'Cathédrale Sainte Croix Orléans', 'pays': 'France', 'région': 'Centre-Val de Loire', 'département': 'Loiret', 'ville': 'Orléans', 'coordonnées': '47°\xa054′\xa006,4″\xa0nord, 1°\xa054′\xa036,9″\xa0est'}",,700,1320,False,False,original_kept,original_kept,,False,114.0,wikidata_p2048_filled_missing,,missing,Gothic architecture (c. 1140–1600)
51343833.0,Cathédrale_Saint-Front,Perigueux (Périgueux),fr,45.18359614,0.722660211723202,700,1337,637.0,700–899,,,,,True,True,1.0,True,False,False,False,False,845.0,845.0,1,1,0,0,845,fr.wikipedia.org/wiki/Cathédrale_Saint-Front,,st frond (700),vikings (845),https://fr.wikipedia.org/wiki/Cathédrale_Saint-Front,Q1736213,Romanesque architecture,wikidata_p149,,missing,,,,,,,,,,False,,,"{'culte': 'Catholique romain', 'dédicataire': 'Saint Front de Périgueux', 'type': 'Cathédrale', 'rattachement': 'Diocèse de Périgueux et Sarlat (siège)', 'début de la construction': 'XII e siècle', 'fin des travaux': 'XIX e siècle (restauration)', 'style dominant': 'Roman Byzantin', 'protection': 'Classée\xa0MH ( 1840 , 1889 ) [ 1 ] Patrimoine mondial ( 1998 ) [ 2 ]', 'site web': 'Paroisse Saint Front - Saint Étienne - Diocèse de Périgueux et Sarlat', 'pays': 'France', 'région': 'Nouvelle-Aquitaine', 'département': 'Dordogne', 'ville': 'Périgueux', 'coordonnées': '45°\xa011′\xa001″\xa0nord, 0°\xa043′\xa022″\xa0est', 'site du bien': 'Chemins de Saint-Jacques-de-Compostelle en France', 'numéro d’identification': '868-001', 'année d’inscription': '1998'}",,700,1337,False,False,original_kept,original_kept,,False,,missing,,missing,Romanesque architecture (c. 1000–1200)
51845053.0,Cathédrale métropolitaine et primatiale Saint-Étienne,Sens,fr,48.19802616,3.28401444,700,1532,832.0,700–899,,,,,True,False,1.0,False,False,False,False,True,1268.0,1268.0,1,0,0,0,1268,fr.wikipedia.org/wiki/Cathédrale_Saint-Étienne_de_Sens,http://www.openstreetmap.org/way/51845053,st stephen (1135),collapse of façade (1268),https://fr.wikipedia.org/wiki/Cathédrale_Saint-Étienne_de_Sens,Q489014,Early Gothic architecture,wikidata_p149,,missing,,,,,,,,,,False,,,"{'culte': 'Catholique romain', 'dédicataire': 'Saint Étienne', 'type': 'Cathédrale', 'rattachement': 'Archidiocèse de Sens-Auxerre (siège)', 'début de la construction': '1135', 'fin des travaux': '1164 (nef), 1515 (transept), 1534 (tour sud)', 'style dominant': 'Gothique', 'protection': 'Classée\xa0MH ( 1840 )', 'site web': 'Paroisses de Sens, Paron et Saint-Clément', 'pays': 'France', 'région': 'Bourgogne-Franche-Comté', 'département': 'Yonne', 'ville': 'Sens', 'coordonnées': '48°\xa011′\xa052″\xa0nord, 3°\xa017′\xa001″\xa0est'}",,700,1532,False,False,original_kept,original_kept,,False,,missing,,missing,Early Gothic architecture (c. 1140–1200)
52405010.0,Cathédrale Saint-Vincent,Macon (Mâcon),fr,46.30721066,4.831224323,700,1280,580.0,700–899,,,,,True,True,1.0,False,True,False,False,False,960.0,960.0,1,0,1,0,960,fr.wikipedia.org/wiki/Cathédrale_Vieux-Saint-Vincent_de_Mâcon,http://www.openstreetmap.org/way/52405010,st vincent (700),fire (960),https://fr.wikipedia.org/wiki/Cathédrale_Vieux-Saint-Vincent_de_Mâcon,Q2942523,Romanesque architecture,wikidata_p149,,missing,,,,,,,,,,False,,,"{'culte': 'aucun', 'type': 'Cathédrale', 'rattachement': ""Diocèse d'Autun, Chalon et Mâcon"", 'début de la construction': 'XI e siècle', 'fin des travaux': 'XIV e siècle', 'style dominant': 'Roman et Gothique', 'protection': 'Classée\xa0MH ( 1862 )', 'pays': 'France', 'région': 'Bourgogne-Franche-Comté', 'département': 'Saône-et-Loire', 'ville': 'Mâcon', 'coordonnées': '46°\xa018′\xa023″\xa0nord, 4°\xa050′\xa005″\xa0est'}",,700,1280,False,False,original_kept,original_kept,,False,,missing,,missing,Romanesque architecture (c. 1000–1200)
527060031.0,chiesa dell'Addolorata,Acqui Terme,it,44.67603384,8.468062579,500,1018,518.0,700–899,,,,,True,True,,,,,,,,,0,0,0,0,,http://www.cittaecattedrali.it/it/bces/165-chiesa-dell-addolorata-acqui-terme-al,http://www.openstreetmap.org/way/527060031,,,http://www.cittaecattedrali.it/it/bces/165-chiesa-dell-addolorata-acqui-terme-al,,,missing,,missing,,,,,,,,,,False,,,{},,500,1018,False,False,original_kept,original_kept,,False,,missing,,missing,
546017.0,Cattedrale di Santa Maria Assunta,Siena,it,43.31780852,11.32900811,1220,1370,570.0,700–899,,77.0,,,True,False,1.0,False,False,False,False,True,1357.0,1357.0,1,0,0,0,1357,it.wikipedia.org/wiki/Duomo_di_Siena,http://www.openstreetmap.org/relation/546017,,,https://it.wikipedia.org/wiki/Duomo_di_Siena,Q282554,Gothic architecture,wikidata_p149,,missing,,,1220,1370,inizio costruzione,completamento,1891,,1926,False,1220,1370,"{'stato': 'Italia', 'regione': 'Toscana', 'località': 'Siena', 'coordinate': '43°19′02.75″N 11°19′43.36″E 43°19′02.75″N , 11°19′43.36″E', 'religione': 'cattolica di rito romano', 'titolare': 'Santa Maria Assunta', 'arcidiocesi': ""Siena-Colle di Val d'Elsa-Montalcino"", 'architetto': 'vari, tra cui Giovanni Pisano e Camaino di Crescentino', 'stile architettonico': 'romanico , gotico italiano', 'inizio costruzione': '1220 circa', 'completamento': '1370 circa', 'sito web': 'Siena - Opera della Metropolitana'}",earliest:risale al 1891 | earliest:risale al 1891 | current_end:completata nel 1926 e fu posta in loco l'anno successivo,800,1370,True,False,wikipedia_final_replaced,original_kept,,False,77.0,wikidata_p2048_filled_missing,,missing,Gothic architecture (c. 1140–1600)
5521021.0,Duomo di Savona,Savona,it,44.30750384,8.482241219,1589,1605,100.0,700–899,4660.0,,,,True,True,,,,,,,,,0,0,0,0,,it.wikipedia.org/wiki/Cattedrale_dell'Assunta_(Savona),http://www.openstreetmap.org/relation/5521021,,,https://it.wikipedia.org/wiki/Cattedrale_dell'Assunta_(Savona),Q2942803,baroque architecture,wikidata_p149,,missing,,,1589,1605,inizio costruzione,completamento,,,,False,1589,1605,"{'stato': 'Italia', 'regione': 'Liguria', 'località': 'Savona', 'indirizzo': 'Piazza del Duomo, Savona (SV)', 'coordinate': '44°18′27.19″N 8°28′55.91″E 44°18′27.19″N , 8°28′55.91″E', 'religione': 'cattolica di rito romano', 'titolare': 'Maria Assunta', 'diocesi': 'Savona-Noli', 'consacrazione': '1605', 'stile architettonico': 'barocco', 'inizio costruzione': '1589', 'completamento': '1605'}",,800,900,True,True,wikipedia_final_replaced,wikipedia_final_replaced,,False,,missing,4660.0,wikidata_p2046_filled_missing,baroque architecture (c. 1600–1750)
55213272.0,Cathédrale Notre-Dame,Tournai (Doornik),be,50.60646393,3.388894142,1066,1255,189.0,900–1099,5120.755598,36.0,184347.201528,184347.201528,True,True,2.0,False,True,False,False,False,881.0,1066.0,1,0,1,0,881;1066,fr.wikipedia.org/wiki/Cathédrale_Notre-Dame_de_Tournai,http://www.openstreetmap.org/way/55213272,mary (700),"fire (881), fire (1066)",https://fr.wikipedia.org/wiki/Cathédrale_Notre-Dame_de_Tournai,Q391229,"Gothic architecture, Romanesque architecture",wikidata_p149,,missing,,,,,,,,,,False,,,"{'culte': 'catholique', 'type': 'Église Cathédrale', 'rattachement': 'Diocèse de Tournai (siège)', 'début de la construction': 'XII e siècle', 'fin des travaux': '1255', 'style dominant': 'Roman et gothique', 'protection': 'Patrimoine classé ( 1936 , n o 57081-CLT-0002-01 ) Patrimoine exceptionnel ( 2013 , n o 57081-PEX-0001-02 ) Patrimoine mondial ( 2000 )', 'site web': 'www.cathedrale-tournai.be', 'pays': 'Belgique', 'région': 'Région wallonne', 'province': 'Province de Hainaut', 'ville': 'Tournai', 'coordonnées': '50°\xa036′\xa022″\xa0nord, 3°\xa023′\xa021″\xa0est', 'nom du bien': 'Cathédrale Notre-Dame de Tournai', 'numéro d’identification': '1009', 'année d’inscription': '2000', 'critères': '(ii) ( d ) et (iv) ( d )'}",,1066,1255,False,False,original_kept,original_kept,,False,83.0,original_kept,4963.0,original_kept,"Gothic architecture (c. 1140–1600), Romanesque architecture (c. 1000–1200)"
5761459.0,St Mungo's Cathedral,Glasgow,uk,55.86298981,-4.234531429,1100,1197,270.0,1100–1299,,,,,True,True,,,,,,,,,0,0,0,0,,en.wikipedia.org/wiki/Glasgow_Cathedral,http://www.openstreetmap.org/relation/5761459,"st kentigem (1180), st mungo (1180)",no (N/A),https://en.wikipedia.org/wiki/Glasgow_Cathedral,Q1473348,Gothic architecture,wikidata_p149,,missing,,,1100,1197,founded,consecrated,,,1500,False,1100,1197,"{'location': 'Castle Street, Townhead , Glasgow G4 0QZ', 'country': 'Scotland', 'denomination': 'Church of Scotland', 'previous denomination': 'Roman Catholic', 'website': 'Official website', 'status': 'Parish church', 'founded': '12th century', 'dedication': 'Saint Mungo', 'consecrated': '1197', 'functional status': 'Active', 'heritage designation': 'Category A listed building', 'designated': '15 December 1970', 'style': 'Gothic', 'length': '285 feet (87 metres)', 'width': '65 feet (20 metres)', 'height': '105 feet (32 metres)', 'official name': 'Glasgow Cathedral, 70 Cathedral Square, Glasgow', 'reference\xa0no.': 'LB32654'}",current_end:completed in the 15th century | current_end:consecrated in 1136 in the presence of david and his court during the episcopate of john capellanus  | current_end:consecrated in 1197 | current_end:dedicated in 1136 | current_end:dedicated in 1197,1180,1450,True,True,wikipedia_final_replaced,wikipedia_final_replaced,,False,,missing,,missing,Gothic architecture (c. 1140–1600)
58102740.0,Cattedrale di Sant'Agata,Catania,it,37.5024721,15.08826927,1572,1200,130.0,900–1099,,,,,True,True,1.0,False,False,True,False,False,1169.0,1169.0,1,0,0,1,1169,it.wikipedia.org/wiki/Cattedrale_di_Sant'Agata,http://www.openstreetmap.org/way/58102740,,,https://it.wikipedia.org/wiki/Cattedrale_di_Sant'Agata,,,missing,,missing,,,,,,,1572,,,False,1572,,"{'stato': 'Italia', 'regione': 'Sicilia', 'località': 'Catania', 'indirizzo': 'Piazza Duomo', 'coordinate': '37°30′08.86″N 15°05′17.56″E 37°30′08.86″N , 15°05′17.56″E', 'religione': 'cattolica di rito romano', 'titolare': ""Sant'Agata"", 'arcidiocesi': 'Catania', 'architetto': 'Giovanni Battista Vaccarini , Carmelo Battaglia , Carmelo Sciuto Patti', 'stile architettonico': 'normanno ; barocco ; neoclassico', 'sito web': 'Sito ufficiale'}",earliest:risale al 1802 su progetto di carmelo battaglia su commissione del vescovo corrado maria deodato moncada  | earliest:risale al 1572 | earliest:risale al 1802 su progetto di carmelo battaglia su commissione del vescovo corrado maria deodato moncada  | earliest:risale al 1572,1070,1200,True,False,wikipedia_final_replaced,original_kept,,False,,missing,,missing,
58528625.0,Lichfield Cathedral,Lichfield,uk,52.68553705,-1.830427157,1330,2015,630.0,700–899,,76.8,,,True,True,,,,,,,,,0,0,0,0,,en.wikipedia.org/wiki/Lichfield_Cathedral,http://www.openstreetmap.org/way/58528625,"mary (700), st chad (700)",no (N/A),https://en.wikipedia.org/wiki/Lichfield_Cathedral,Q510389,"Decorated Gothic, English Gothic architecture",wikidata_p149,sandstone,wikidata_p186,,sandstone,1330,,years built,,,,2015,False,1330,2015,"{'location': 'Lichfield , Staffordshire', 'country': 'England', 'denomination': 'Church of England', 'previous denomination': 'Roman Catholic', 'tradition': 'High church', 'website': 'lichfield-cathedral .org', 'functional status': 'Cathedral', 'previous cathedrals': 'Early Anglo-Saxon and a second cathedral of undetermined date', 'style': 'Gothic', 'years built': 'early 13th century–1330', 'length': '113\xa0m (371\xa0ft)', 'height': '76.8\xa0m (252\xa0ft) (central spire)', 'province': 'Canterbury', 'diocese': 'Lichfield', 'bishop': 'Michael Ipgrave', 'dean': 'Jan McFarlane (Dean)'}",current_end:completed in 1249 and is one of the most beautiful parts of the cathedral with some charming stone carvings | current_end:dedicated in 2015 after a five-year renovation,700,1330,True,True,wikipedia_final_replaced,wikipedia_final_replaced,,False,76.8,wikidata_p2048_filled_missing,,missing,"Decorated Gothic (c. 1140–1600), English Gothic architecture (c. 1140–1600)"
59203296.0,Duomo abbaziale di Santa Tecla,Este,it,45.22999491,11.6536102,400,1200,800.0,700–899,,,,,True,True,,,,,,,,,0,0,0,0,,https://www.collieuganei.it/chiese/duomo-tecla/,http://www.openstreetmap.org/way/59203296,,,https://www.collieuganei.it/chiese/duomo-tecla/,,,missing,,missing,,,,,,,,,,False,,,{},,400,1200,False,False,original_kept,original_kept,,False,,missing,,missing,
59317197.0,Chichester Cathedral,Chichester,uk,50.83624818,-0.780741069096489,1300,1108,550.0,700–899,,84.42960000000001,,,True,False,2.0,False,True,False,False,True,1187.0,1210.0,2,0,1,0,1187;1210,en.wikipedia.org/wiki/Chichester_Cathedral,http://www.openstreetmap.org/way/59317197,,"fire (1187), tower collapsed (1210)",https://en.wikipedia.org/wiki/Chichester_Cathedral,Q1736182,Norman architecture,wikidata_p149,,missing,,,,1108,,consecrated,1300,,1849,False,1300,1108,"{'location': 'Chichester , West Sussex', 'country': 'England', 'denomination': 'Church of England', 'previous denomination': 'Roman Catholicism', 'website': 'chichestercathedral.org.uk', 'consecrated': '1108', 'style': 'Norman , Gothic', 'length': '408\xa0ft (124\xa0m) [ 1 ]', 'width': '157\xa0ft (48\xa0m) [ 1 ]', 'height': '61\xa0ft (19\xa0m) [ 1 ]', 'province': 'Canterbury', 'diocese': 'Chichester', 'bishop': 'Martin Warner', 'dean': 'Edward Dowler', 'chancellor': 'Gregory Collins', 'treasurer': 'Vanessa Baron'}",earliest:built in the 14th century and was repaired in the 17th century by christopher wren  | earliest:built in the late 14th century | current_end:completed by walter hook who took over as dean in 1849 | current_end:consecrated in 1108 under bishop ralph de luffa  | current_end:consecrated in 1199,700,1250,True,True,wikipedia_final_replaced,wikipedia_final_replaced,,False,84.42960000000001,wikidata_p2048_filled_missing,,missing,Norman architecture
595945173.0,Concattedrale di San Leopardo,Osimo,it,43.48636582,13.48042466,600,1320,720.0,700–899,,,,,True,True,,,,,,,,,0,0,0,0,,it.wikipedia.org/wiki/Concattedrale_di_San_Leopardo,http://www.openstreetmap.org/way/595945173,,,https://it.wikipedia.org/wiki/Concattedrale_di_San_Leopardo,Q2942566,Romanesque architecture,wikidata_p149,,missing,,,,,,,,,,False,,,"{'stato': 'Italia', 'regione': 'Marche', 'località': 'Osimo', 'indirizzo': 'Piazza Duomo - Osimo', 'coordinate': '43°29′10.99″N 13°28′49.46″E 43°29′10.99″N , 13°28′49.46″E', 'religione': 'cattolica di rito romano', 'arcidiocesi': 'Ancona-Osimo', 'stile architettonico': 'Romanico - Gotico', 'sito web': 'www.duomodiosimo.it'}",,600,1320,False,False,original_kept,original_kept,,False,,missing,,missing,Romanesque architecture (c. 1000–1200)
6029281.0,Kathedrale St. Mariä Himmelfahrt,Chur,ch,46.84765625,9.535513651,700,1272,572.0,700–899,,,,,True,True,,,,,,,,,0,0,0,0,,de.wikipedia.org/wiki/Kathedrale_St._Mariä_Himmelfahrt_(Chur),http://www.openstreetmap.org/relation/6029281,mary (1272),no (N/A),https://de.wikipedia.org/wiki/Kathedrale_St._Mariä_Himmelfahrt_(Chur),Q684506,"Romanesque architecture, Romanesque art",wikidata_p149,,missing,,,,,,,,,,False,,,{},,700,1272,False,False,original_kept,original_kept,,False,,missing,,missing,"Romanesque architecture (c. 1000–1200), Romanesque art (c. 1000–1200)"
6059152.0,Cattedrale di San Massimo,Penne,it,42.45621834,13.92683398,900,2000,900.0,700–899,,,,,True,True,,,,,,,,,0,0,0,0,,it.wikipedia.org/wiki/Duomo_di_Penne,http://www.openstreetmap.org/way/6059152,,,https://it.wikipedia.org/wiki/Duomo_di_Penne,Q2942746,"Gothic architecture, Renaissance architecture, Romanesque architecture",wikidata_p149,,missing,,,900,2000,inizio costruzione,completamento,,1100,,True,900,2000,"{'stato': 'Italia', 'regione': 'Abruzzo', 'località': 'Penne', 'indirizzo': 'Piazza Duomo - Penne', 'coordinate': '42°27′22.39″N 13°55′36.55″E 42°27′22.39″N , 13°55′36.55″E', 'religione': 'cattolica di rito romano', 'titolare': ""Massimo d'Aveia , Santa Maria degli Angeli"", 'arcidiocesi': 'Pescara-Penne', 'stile architettonico': 'Romanico, neoromanico (esterni e interni), rinascimentale (cripta)', 'inizio costruzione': 'X secolo', 'completamento': 'XX secolo', 'sito web': 'www.comune.penne.pe.it'}",current_start:ricostruita nel 1955) | current_start:ricostruita in stile romanico nel xii secolo ,400,1300,True,True,wikipedia_final_replaced,wikipedia_final_replaced,,False,,missing,,missing,"Gothic architecture (c. 1140–1600), Renaissance architecture (c. 1400–1600), Romanesque architecture (c. 1000–1200)"
6088133.0,Cattedrale San Lorenzo Maiorano,Manfredonia,it,41.62961017,15.91709589,1270,1274,4.0,1100–1299,,,,,True,True,,,,,,,,,0,0,0,0,,it.wikipedia.org/wiki/Cattedrale_di_Manfredonia,http://www.openstreetmap.org/relation/6088133,,,https://it.wikipedia.org/wiki/Cattedrale_di_Manfredonia,Q644117,,missing,,missing,,,1270,,inizio costruzione,,,,,False,1270,,"{'stato': 'Italia', 'regione': 'Puglia', 'località': 'Manfredonia', 'coordinate': '41°37′46″N 15°55′02″E 41°37′46″N , 15°55′02″E', 'religione': 'cattolica di rito romano', 'arcidiocesi': 'Manfredonia-Vieste-San Giovanni Rotondo', 'consacrazione': '1270', 'inizio costruzione': '7 febbraio 1270 (primo impianto andato distrutto - ricostruito nel 1700)'}",,1270,1274,False,False,original_kept,original_kept,,False,,missing,,missing,
610581356.0,Basilica di Santa Maria Maggiore,Santa Maria Capua Vetere (Santa Maria Capua Vetere),it,41.07576705,14.25581092,432,820,388.0,700–899,,,,,True,True,,,,,,,,,0,0,0,0,,it.wikipedia.org/wiki/Basilica_di_Santa_Maria_Maggiore_(Santa_Maria_Capua_Vetere),http://www.openstreetmap.org/way/610581356,,,https://it.wikipedia.org/wiki/Basilica_di_Santa_Maria_Maggiore_(Santa_Maria_Capua_Vetere),Q3635755,Baroque,wikidata_p149,,missing,,,432,,inizio costruzione,,1800,,,False,432,,"{'stato': 'Italia', 'regione': 'Campania', 'località': 'Santa Maria Capua Vetere', 'coordinate': '41°04′32.86″N 14°15′22″E 41°04′32.86″N , 14°15′22″E', 'religione': 'cattolica di rito romano', 'titolare': 'Santa Maria Maggiore', 'arcidiocesi': 'Capua', 'stile architettonico': 'barocco', 'inizio costruzione': '432'}",earliest:risale alla prima metà del xix secolo e nella foggia,432,820,False,False,original_kept,original_kept,,False,,missing,,missing,Baroque (c. 1600–1750)
6123095.0,cattedrale di santa maria assunto,Reggio nell Emilia,it,44.69763,10.63103,1599,1623,900.0,700–899,,,,,True,False,1.0,False,False,False,False,True,1228.0,1228.0,1,0,0,0,1228,https://it.wikipedia.org/wiki/Duomo_di_Reggio_Emilia,https://www.openstreetmap.org/relation/6123095,,,https://it.wikipedia.org/wiki/Duomo_di_Reggio_Emilia,Q2085527,"Renaissance architecture, Romanesque architecture",wikidata_p149,,missing,,,1599,1623,inizio costruzione,completamento,,,,False,1599,1623,"{'stato': 'Italia', 'regione': 'Emilia-Romagna', 'località': 'Reggio Emilia', 'indirizzo': ""piazza Prampolini ‒ Reggio Nell'emilia (RE)"", 'coordinate': '44°41′51.47″N 10°37′51.71″E 44°41′51.47″N , 10°37′51.71″E', 'religione': 'cattolica di rito romano', 'titolare': 'Maria Assunta', 'diocesi': 'Reggio Emilia-Guastalla', 'stile architettonico': 'Romanico , Rinascimentale , Manierista e Barocco', 'inizio costruzione': 'XIII secolo e 1599', 'completamento': '1623 (cupola), XVIII secolo (finestroni della navata centrale e Cappelle Rangone e del SS. Sacramento)'}",,400,1300,True,True,wikipedia_final_replaced,wikipedia_final_replaced,,False,,missing,,missing,"Renaissance architecture (c. 1400–1600), Romanesque architecture (c. 1000–1200)"
61682813.0,Cattedrale di San Zeno,Pistoia,it,43.93335003,10.91792968,900,2000,1040.0,700–899,,,,,True,True,2.0,False,True,True,False,False,1108.0,1298.0,2,0,1,1,1108;1298,it.wikipedia.org/wiki/Cattedrale_di_San_Zeno,http://www.openstreetmap.org/way/61682813,,,https://it.wikipedia.org/wiki/Cattedrale_di_San_Zeno,Q2557858,Romanesque architecture,wikidata_p149,,missing,,,900,2000,inizio costruzione,completamento,923,,,False,900,2000,"{'stato': 'Italia', 'regione': 'Toscana', 'località': 'Pistoia', 'indirizzo': 'Piazza del Duomo', 'coordinate': '43°55′59.59″N 10°55′04.44″E 43°55′59.59″N , 10°55′04.44″E', 'religione': 'cattolica di rito romano', 'titolare': 'San Zeno', 'diocesi': 'Pistoia', 'stile architettonico': 'romanico , barocco', 'inizio costruzione': 'X secolo', 'completamento': 'XX secolo'}",earliest:risale al 923 | earliest:risale al 1145 infatti la consacrazione dell'altare dedicato a san jacopo da parte del vescovo atto  | earliest:risale al 923 | earliest:risale al 1145 infatti la consacrazione dell'altare dedicato a san jacopo da parte del vescovo atto  | earliest:risale alla fine del xviii secolo,400,1440,True,True,wikipedia_final_replaced,wikipedia_final_replaced,,False,,missing,,missing,Romanesque architecture (c. 1000–1200)
62630233.0,Cathédrale Saint-Étienne,Auxerre,fr,47.79787111,3.572876818,1220,1500,280.0,1100–1299,3562.0,30.0,106860.0,106860.0,True,True,2.0,False,True,False,False,False,880.0,1023.0,0,0,0,0,880;1023,fr.wikipedia.org/wiki/Cathédrale_Saint-Étienne_d'Auxerre,http://www.openstreetmap.org/way/62630233,st stephen (700),"fire (880), fire (1023)",https://fr.wikipedia.org/wiki/Cathédrale_Saint-Étienne_d'Auxerre,Q1518999,Gothic architecture,wikidata_p149,,missing,,,,,,,,,,False,,,"{'culte': 'Catholique', 'dédicataire': 'Saint Étienne', 'type': 'Cathédrale (co-siège)', 'rattachement': 'Archidiocèse de Sens-Auxerre (co-siège)', 'début de la construction': '1215', 'fin des travaux': 'XVI e siècle', 'style dominant': 'gothique roman (crypte)', 'protection': 'Classée\xa0MH ( 1840 )', 'site web': ""Paroisse Saint-Germain d'Auxerre"", 'pays': 'France', 'région': 'Bourgogne-Franche-Comté', 'département': 'Yonne', 'ville': 'Auxerre', 'coordonnées': '47°\xa047′\xa052″\xa0nord, 3°\xa034′\xa022″\xa0est'}",,1220,1500,False,False,original_kept,original_kept,,False,68.0,original_kept,,original_kept,Gothic architecture (c. 1140–1600)
63420359.0,Cathédrale Notre-Dame,Rouen,fr,49.44021436,1.095007307,1120,1478,358.0,1100–1299,5807.0,28.0,162596.0,162596.0,True,True,2.0,True,False,False,True,False,841.0,1110.0,0,0,0,0,841;1110,fr.wikipedia.org/wiki/Cathédrale_Notre-Dame_de_Rouen,http://www.openstreetmap.org/way/63420359,mary (700),"vikings (841), lightning (1110)",https://fr.wikipedia.org/wiki/Cathédrale_Notre-Dame_de_Rouen,,,missing,,missing,,,,,,,,,,False,,,"{'culte': 'Catholique romain', 'dédicataire': 'Assomption de Marie', 'type': 'Cathédrale ( Primatiale )', 'rattachement': 'Archidiocèse de Rouen', 'début de la construction': '1035 (Cathédrale romane) 1145 (Cathédrale gothique)', 'fin des travaux': '1506', 'autres campagnes de travaux': '– Flèche néo-gothique ( 1825 - 1884 ) – Reconstruction partielle et restauration ( 1944 - 1956 )', 'style dominant': 'Gothique , Médiévale Normande', 'protection': 'Classée\xa0MH ( 1862 ) [ MH 1 ] Cathédrale à la façade la plus large de France', 'site web': 'http://www.cathedrale-rouen.net/', 'pays': 'France', 'région': 'Normandie', 'département': 'Seine-Maritime (76)', 'ville': 'Rouen (76000)', 'quartier': 'Vieux Marché-Cathédrale', 'coordonnées': '49°\xa026′\xa025″\xa0nord, 1°\xa005′\xa041″\xa0est'}",,1120,1478,False,False,original_kept,original_kept,,False,,original_kept,,original_kept,
63572791.0,Cattedrale di Santa Maria Assunta,Montepulciano,it,43.09233763,11.78077277,1512,1680,670.0,900–1099,,,,,True,True,,,,,,,,,0,0,0,0,,it.wikipedia.org/wiki/Duomo_di_Montepulciano,http://www.openstreetmap.org/way/63572791,,,https://it.wikipedia.org/wiki/Duomo_di_Montepulciano,,,missing,,missing,,,1594,1680,inizio costruzione,completamento,1512,,,False,1512,1680,"{'stato': 'Italia', 'regione': 'Toscana', 'località': 'Montepulciano', 'coordinate': '43°05′32.42″N 11°46′50.81″E 43°05′32.42″N , 11°46′50.81″E', 'religione': 'cattolica di rito romano', 'titolare': 'Santa Maria Assunta', 'diocesi': 'Montepulciano-Chiusi-Pienza', 'consacrazione': '19 giugno 1712', 'architetto': 'Ippolito Scalza', 'stile architettonico': 'rinascimentale', 'inizio costruzione': '1594', 'completamento': '1680'}",earliest:risale al 1512 circa ed è posto tra due statue di autore ignoto raffiguranti san pietro (a sinistra) e san giovanni battista (a destra) | earliest:risale al 1512 circa ed è posto tra due statue di autore ignoto raffiguranti san pietro (a sinistra) e san giovanni battista (a destra),980,1650,True,True,wikipedia_final_replaced,wikipedia_final_replaced,,False,,missing,,missing,
63719981.0,Cathédrale Saint-Mammès,Langres,fr,47.86423769,5.335179133,1150,1366,216.0,1100–1299,2951.0,23.0,67873.0,67873.0,True,True,1.0,False,True,False,False,False,1314.0,1314.0,1,0,1,0,1314,fr.wikipedia.org/wiki/Cathédrale_Saint-Mammès_de_Langres,http://www.openstreetmap.org/way/63719981,st mammes (1150),partly damaged by fire (1314),https://fr.wikipedia.org/wiki/Cathédrale_Saint-Mammès_de_Langres,Q1165266,Romanesque architecture,wikidata_p149,,missing,,,,,,,,,,False,,,"{'culte': 'Catholique romain', 'dédicataire': 'Saint Mammès', 'type': 'Cathédrale', 'rattachement': 'Diocèse de Langres (siège)', 'début de la construction': '1150', 'fin des travaux': '1196', 'style dominant': 'Roman - Gothique', 'protection': 'Classée\xa0MH ( 1862 )', 'site web': 'Diocèse de Langres', 'pays': 'France', 'région': 'Grand Est', 'province historique': 'Champagne', 'département': 'Haute-Marne', 'ville': 'Langres', 'coordonnées': '47°\xa051′\xa051″\xa0nord, 5°\xa020′\xa007″\xa0est'}",,1150,1366,False,False,original_kept,original_kept,,False,,original_kept,,original_kept,Romanesque architecture (c. 1000–1200)
63850927.0,Cathédrale Sainte-Marie,Oloron Ste Marie (Oloron-Sainte-Marie),fr,43.18785765,-0.615942311280495,700,1400,700.0,700–899,,,,,True,True,2.0,True,True,False,False,False,848.0,1250.0,2,1,1,0,848;1250,fr.wikipedia.org/wiki/Cathédrale_Sainte-Marie_d'Oloron,http://www.openstreetmap.org/way/63850927,mary (700),"vikings (848), fire (1250)",https://fr.wikipedia.org/wiki/Cathédrale_Sainte-Marie_d'Oloron,Q2310816,"Gothic architecture, Romanesque architecture",wikidata_p149,,missing,,,,,,,,,,False,,,"{'culte': 'Catholique romain', 'dédicataire': 'Sainte Marie', 'type': 'Cocathédrale', 'rattachement': 'Diocèse de Bayonne, Lescar et Oloron', 'début de la construction': 'XII e siècle', 'fin des travaux': 'XIV e siècle', 'style dominant': 'Roman Gothique', 'protection': 'Classée\xa0MH ( 1939 ) Patrimoine mondial ( 1998 )', 'site web': ""Paroisses la Trinité d'Oloron et Saint Jacques du Piémont"", 'pays': 'France', 'région': 'Nouvelle-Aquitaine', 'département': 'Pyrénées-Atlantiques', 'ville': 'Oloron-Sainte-Marie', 'coordonnées': '43°\xa011′\xa016″\xa0nord, 0°\xa036′\xa057″\xa0ouest', 'site du bien': 'Chemins de Saint-Jacques-de-Compostelle en France', 'numéro d’identification': '868-019', 'année d’inscription': '1998'}",,700,1400,False,False,original_kept,original_kept,,False,,missing,,missing,"Gothic architecture (c. 1140–1600), Romanesque architecture (c. 1000–1200)"
64242494.0,Cathédrale Notre-Dame,Tulle,fr,45.26787715,1.771243036,700,1300,600.0,700–899,,,,,True,True,,,,,,,,,0,0,0,0,,fr.wikipedia.org/wiki/Cathédrale_Notre-Dame_de_Tulle,http://www.openstreetmap.org/way/64242494,mary (1103),no (N/A),https://fr.wikipedia.org/wiki/Cathédrale_Notre-Dame_de_Tulle,Q613060,Gothic architecture,wikidata_p149,,missing,,,,,,,,,,False,,,"{'culte': 'Catholique', 'dédicataire': 'Notre-Dame', 'type': 'Cathédrale', 'rattachement': 'Diocèse de Tulle (siège)', 'début de la construction': 'XII e siècle', 'style dominant': 'roman et gothique', 'protection': 'Classée\xa0MH ( 1862 )', 'site web': 'Paroisse de la Communauté locale de Tulle', 'pays': 'France', 'région': 'Nouvelle-Aquitaine', 'département': 'Corrèze', 'ville': 'Tulle', 'coordonnées': '45°\xa015′\xa055″\xa0nord, 1°\xa046′\xa009″\xa0est'}",,700,1300,False,False,original_kept,original_kept,,False,,missing,,missing,Gothic architecture (c. 1140–1600)
64599957.0,Cathédrale_Saint-Étienne,Bourges,fr,47.08219883,2.39919084,1195,1480,285.0,1100–1299,6407.0,37.0,237059.0,237059.0,True,True,,,,,,,,,0,0,0,0,,fr.wikipedia.org/wiki/Cathédrale_Saint-Étienne_de_Bourges,,st stephen (700),no (N/A),https://fr.wikipedia.org/wiki/Cathédrale_Saint-Étienne_de_Bourges,Q207985,classic gothic,wikidata_p149,,missing,,,,,,,,,,False,,,"{'culte': 'Catholique romain', 'dédicataire': 'Saint Étienne', 'type': 'Culturel', 'rattachement': 'Diocèse de Bourges et Centre des monuments nationaux', 'début de la construction': '1195', 'fin des travaux': '1230 (gros-œuvre)', 'style dominant': 'Gothique', 'protection': 'Classée\xa0MH ( 1862 )', 'site web': 'www.belleseglises.com/eglises/79', 'pays': 'France', 'région': 'Centre-Val de Loire', 'province historique': 'Berry', 'département': 'Cher', 'ville': 'Bourges', 'coordonnées': '47°\xa004′\xa056″\xa0nord, 2°\xa023′\xa057″\xa0est [ 1 ]', 'nom du bien': 'Cathédrale de Bourges', 'numéro d’identification': '635', 'année d’inscription': '1992 ( 16 e session )', 'critères': '(i) ( d ) et (iv) ( d )', 'superficie': '0,85 ha', 'zone tampon': '105 ha', 'autres biens liés': 'Chemins de Saint-Jacques-de-Compostelle en France'}",,1195,1480,False,False,original_kept,original_kept,,False,,original_kept,8500.0,original_kept,classic gothic (c. 1140–1600)
65309666.0,Cathédrale Saint-Caprais,Agen,fr,44.20678289,0.619253284761589,700,1500,800.0,700–899,,,,,True,True,1.0,True,False,False,False,False,853.0,853.0,1,1,0,0,853,fr.wikipedia.org/wiki/Cathédrale_Saint-Caprais_d'Agen,http://www.openstreetmap.org/way/65309666,st caprasius (700),ravaged by vikings (853),https://fr.wikipedia.org/wiki/Cathédrale_Saint-Caprais_d'Agen,Q2942319,Romanesque architecture,wikidata_p149,,missing,,,,,,,,,,False,,,"{'culte': 'Catholique romain', 'dédicataire': 'Saint Caprais', 'type': 'Cathédrale', 'rattachement': ""Diocèse d'Agen (siège)"", 'début de la construction': 'XII e siècle', 'fin des travaux': 'XIX e siècle', 'architecte': 'Gustave Bourrières', 'style dominant': 'Roman Gothique', 'protection': 'Classée\xa0MH ( 1862 ) Patrimoine mondial ( 1998 ) ( Chemins de Compostelle )', 'site web': ""Paroisse Sainte Foy d'Agen"", 'pays': 'France', 'région': 'Nouvelle-Aquitaine', 'département': 'Lot-et-Garonne', 'ville': 'Agen', 'coordonnées': '44°\xa012′\xa024″\xa0nord, 0°\xa037′\xa009″\xa0est', 'site du bien': 'Chemins de Saint-Jacques-de-Compostelle en France', 'numéro d’identification': '868-015', 'année d’inscription': '1998'}",,700,1500,False,False,original_kept,original_kept,,False,,missing,,missing,Romanesque architecture (c. 1000–1200)
65470768.0,Cathédrale Sainte-Marie,Auch,fr,43.64628063,0.585992963755894,1489,1520,31.0,1300–1500,3807.0,27.0,102789.0,102789.0,True,True,2.0,True,True,False,False,False,850.0,1171.0,0,0,0,0,850;1171,fr.wikipedia.org/wiki/Cathédrale_Sainte-Marie_d%27Auch,http://www.openstreetmap.org/way/65470768,st austinde (1175),"destroyed by saracens (850), fire (1171)",https://fr.wikipedia.org/wiki/Cathédrale_Sainte-Marie_d%27Auch,Q1049348,Gothic architecture,wikidata_p149,stone,wikidata_p186,,stone,,,,,,,,False,,,"{'culte': 'Catholique romain', 'dédicataire': 'Sainte Marie', 'type': 'Cathédrale', 'rattachement': ""Archidiocèse d'Auch (siège)"", 'début de la construction': '1489', 'fin des travaux': '1680 (façade)', 'architecte': 'Jean Chénaud (avant 1508) Méric Boldoytre (avant 1538) Jean Gorrée, dit Normand (avant 1548) Jean de Beaujeu (1548-1562) Antoine Labernye Pierre Bouldoutre (vers 1571) Jacques Carrière (vers 1586) Guillaume Bauduer (vers 1610) Pierre Levesville (1617-1620) Jean Cailhon (1629-1641) Pierre Miressou (1670-1680)', 'style dominant': 'Gothique Renaissance Néoclassique', 'protection': 'Classée\xa0MH ( 1906 ) Patrimoine mondial ( 1998 )', 'site web': 'Cathédrale Sainte Marie - MessesInfo', 'pays': 'France', 'région historique': 'Gascogne', 'région administrative': 'Occitanie', 'département': 'Gers', 'commune': 'Auch', 'coordonnées': '43°\xa038′\xa047″\xa0nord, 0°\xa035′\xa009″\xa0est', 'site du bien': 'Chemins de Saint-Jacques-de-Compostelle en France', 'numéro d’identification': '868-048', 'année d’inscription': '1998'}",,1489,1520,False,False,original_kept,original_kept,,False,44.0,original_kept,,original_kept,Gothic architecture (c. 1140–1600)
66058556.0,Cattedrale di Belluno,Belluno,it,46.13771083,12.21706678,1400,1624,360.0,700–899,,,,,True,True,,,,,,,,,0,0,0,0,,it.wikipedia.org/wiki/Basilica_cattedrale_di_San_Martino,http://www.openstreetmap.org/way/66058556,,,https://it.wikipedia.org/wiki/Basilica_cattedrale_di_San_Martino,Q2886890,Renaissance,wikidata_p149,,missing,,,1517,1624,inizio costruzione,completamento,1400,,,False,1400,1624,"{'stato': 'Italia', 'regione': 'Veneto', 'località': 'Belluno', 'coordinate': '46°08′15.79″N 12°13′01.38″E 46°08′15.79″N , 12°13′01.38″E', 'religione': 'cattolica di rito romano', 'titolare': 'San Martino di Tours', 'diocesi': 'Belluno-Feltre', 'architetto': 'Tullio Lombardo', 'stile architettonico': 'Rinascimentale', 'inizio costruzione': '1517', 'completamento': '1624', 'sito web': 'www.chiesabellunofeltre.it/basilica-cattedrale-di-belluno/'}",earliest:risale al xv secolo | earliest:risale al xv secolo,500,860,True,True,wikipedia_final_replaced,wikipedia_final_replaced,,False,,missing,,missing,Renaissance (c. 1400–1600)
66636479.0,Église Saint-Pierre,Condom,fr,43.95791318,0.372762710816567,1400,1507,107.0,1300–1500,2304.0,25.0,57600.0,57600.0,True,True,1.0,False,False,False,False,True,1368.0,1368.0,0,0,0,0,1368,https://fr.wikipedia.org/wiki/Cathédrale_Saint-Pierre_de_Condom,http://www.openstreetmap.org/way/66636479,st peter (700),destroyed (1368),https://fr.wikipedia.org/wiki/Cathédrale_Saint-Pierre_de_Condom,Q2942431,Gothic architecture,wikidata_p149,,missing,,,,,,,,,,False,,,"{'culte': 'Catholique', 'dédicataire': 'Saint Pierre', 'type': ""Église paroissiale Ancienne cathédrale (jusqu'en 1802)"", 'rattachement': ""Archidiocèse d'Auch"", 'début de la construction': 'XIV e siècle', 'fin des travaux': 'XVI e siècle', 'style dominant': 'Gothique méridional', 'protection': 'Classée\xa0MH ( 1840 ) [ 1 ]', 'site web': 'Secteur Pastoral du Condomois', 'pays': 'France', 'région': 'Occitanie', 'département': 'Gers', 'ville': 'Condom', 'coordonnées': '43°\xa057′\xa028″\xa0nord, 0°\xa022′\xa022″\xa0est'}",,1400,1507,False,False,original_kept,original_kept,,False,,original_kept,,original_kept,Gothic architecture (c. 1140–1600)
67332918.0,cathédrale Notre-Dame-du-Puy de Grasse ,Grasse,fr,43.65789,6.924792,1200,1300,100.0,1100–1299,,,,,True,True,,,,,,,,,0,0,0,0,,https://fr.wikipedia.org/wiki/Cath%C3%A9drale_Notre-Dame-du-Puy_de_Grasse,https://www.openstreetmap.org/way/67332918,,,https://fr.wikipedia.org/wiki/Cath%C3%A9drale_Notre-Dame-du-Puy_de_Grasse,Q1329745,Romanesque architecture,wikidata_p149,,missing,,,,,,,,,,False,,,"{'culte': 'Catholique', 'dédicataire': 'Notre-Dame', 'type': 'Église paroissiale Ancienne cathédrale (1244-1802)', 'rattachement': 'Diocèse de Nice', 'début de la construction': 'XIII e siècle', 'site web': 'Paroisse de Grasse', 'pays': 'France', 'région': ""Provence-Alpes-Côte d'Azur"", 'département': 'Alpes-Maritimes', 'ville': 'Grasse', 'coordonnées': '43°\xa039′\xa028″\xa0nord, 6°\xa055′\xa029″\xa0est'}",,1200,1300,False,False,original_kept,original_kept,,False,,missing,,missing,Romanesque architecture (c. 1000–1200)
67517840.0,Cathédrale Notre-Dame-de-l'Assomption,Clermont-Ferrand,fr,45.77872227,3.085780006,700,1345,645.0,700–899,,96.1,,,True,True,2.0,True,False,False,False,True,760.0,915.0,2,1,0,0,760;915,fr.wikipedia.org/wiki/Cathédrale_Notre-Dame-de-l'Assomption_de_Clermont,http://www.openstreetmap.org/way/67517840,"st vitalis (700), st agricola (700), mary (1248)","destroyed (760), damaged by vikings (915)",https://fr.wikipedia.org/wiki/Cathédrale_Notre-Dame-de-l'Assomption_de_Clermont,Q1032205,Romanesque architecture,wikidata_p149,volcanic rock,wikidata_p186,,volcanic rock,,,,,,,,False,,,"{'culte': 'Culte catholique', 'dédicataire': 'Assomption de la Sainte Vierge Marie', 'type': 'Cathédrale', 'rattachement': 'Archidiocèse de Clermont (siège)', 'début de la construction': '1248', 'fin des travaux': '1902', 'style dominant': ""Roman (crypte) Gothique (reste de l'édifice)"", 'protection': 'Classée\xa0MH ( 1862 )', 'site web': 'Paroisse Notre-Dame de Clermont', 'pays': 'France', 'région': 'Auvergne-Rhône-Alpes', 'département': 'Puy-de-Dôme', 'coordonnées': '45°\xa046′\xa043″\xa0nord, 3°\xa005′\xa009″\xa0est'}",,700,1345,False,False,original_kept,original_kept,,False,96.1,wikidata_p2048_filled_missing,,missing,Romanesque architecture (c. 1000–1200)
67810326.0,Sankt-Petri-Dom zu Schleswig,Schleswig (hedeby),de,54.51362887,9.569274999,1134,1600,466.0,1100–1299,,,,,True,True,,,,,,,,,0,0,0,0,,de.wikipedia.org/wiki/Schleswiger_Dom,http://www.openstreetmap.org/way/67810326,st peter (1134),no (N/A),https://de.wikipedia.org/wiki/Schleswiger_Dom,,,missing,,missing,,,,,,,,,,False,,,{},,1134,1600,False,False,original_kept,original_kept,,False,,missing,,missing,
68062611.0,Cathédrale de l'Immaculée-Conception,Antibes,fr,43.58116914,7.128542605,700,1746,1046.0,700–899,,,,,True,True,1.0,True,False,False,False,False,1124.0,1124.0,1,1,0,0,1124,fr.wikipedia.org/wiki/Cathédrale_Notre-Dame-de-la-Platea_d'Antibes,http://www.openstreetmap.org/way/68062611,mary (442),destroyed by saracens (1124),https://fr.wikipedia.org/wiki/Cathédrale_Notre-Dame-de-la-Platea_d'Antibes,Q2942253,| classement =,wikipedia_infobox,,missing,,,,,,,,,,False,,,"{'culte': 'Culte catholique', 'dédicataire': 'Immaculée Conception', 'type': ""Cathédrale (jusqu'en 1236) Église paroissiale (ensuite)"", 'rattachement': 'Diocèse de Nice', 'protection': 'Classée\xa0MH ( 1945 )', 'site web': ""Paroisse Saint Armentaire d'Antibes-Juan les pins"", 'pays': 'France', 'région': ""Provence-Alpes-Côte d'Azur"", 'département': 'Alpes-Maritimes', 'ville': 'Antibes', 'coordonnées': '43°\xa034′\xa052″\xa0nord, 7°\xa007′\xa042″\xa0est'}",,700,1746,False,False,original_kept,original_kept,,False,,missing,,missing,| classement =
68341804.0,Cathédrale Saint-Michel,Carcassonne,fr,43.21097867,2.351126391,800,1370,570.0,700–899,,,,,True,True,1.0,False,False,False,False,True,1240.0,1240.0,1,0,0,0,1240,fr.wikipedia.org/wiki/Cathédrale_Saint-Michel_de_Carcassonne,http://www.openstreetmap.org/way/68341804,st michael (800),damaged in: (1240),https://fr.wikipedia.org/wiki/Cathédrale_Saint-Michel_de_Carcassonne,Q1736175,"Gothic architecture, Meridional Gothic",wikidata_p149,,missing,,,,,,,,,,False,,,"{'culte': 'Catholique', 'dédicataire': 'Saint Michel', 'type': 'Cathédrale', 'rattachement': 'Diocèse de Carcassonne et Narbonne', 'début de la construction': '1247', 'style dominant': 'Gothique', 'protection': 'Classée\xa0MH ( 1886 , 1926 )', 'site web': 'Sainte Marie Reine en Pays de Carcassonne – paroisse de Carcassonne', 'pays': 'France', 'région': 'Occitanie', 'département': 'Aude', 'ville': 'Carcassonne', 'coordonnées': '43°\xa012′\xa039″\xa0nord, 2°\xa021′\xa004″\xa0est'}",,800,1370,False,False,original_kept,original_kept,,False,,missing,,missing,"Gothic architecture (c. 1140–1600), Meridional Gothic (c. 1140–1600)"
68663205.0,Cathédrale Notre-Dame,Coutances,fr,49.04762601,-1.444206253,1220,1270,50.0,1100–1299,3270.0,22.0,71940.0,71940.0,True,True,,,,,,,,,0,0,0,0,,fr.wikipedia.org/wiki/Cathédrale_Notre-Dame_de_Coutances,http://www.openstreetmap.org/way/68663205,mary (700),no (N/A),https://fr.wikipedia.org/wiki/Cathédrale_Notre-Dame_de_Coutances,Q1468594,French Gothic architecture,wikidata_p149,,missing,,,,,,,,,,False,,,"{'nom local': 'La cathédrale de fierté', 'culte': 'Culte catholique', 'dédicataire': 'Marie (mère de Jésus)', 'type': 'Cathédrale', 'rattachement': 'Diocèse de Coutances et Avranches', 'début de la construction': '1208 (avec la nef)', 'fin des travaux': '1228 (avec les porches sud et nord-ouest), 1270 (avec des chapelles)', 'style dominant': 'Gothique normand', 'protection': 'Classée\xa0MH ( 1862 )', 'site web': 'www.coutances.catholique.fr/diocese/eveque', 'pays': 'France', 'région': 'Normandie', 'département': 'Manche', 'ville': 'Coutances', 'coordonnées': '49°\xa002′\xa051″\xa0nord, 1°\xa026′\xa039″\xa0ouest'}",,1220,1270,False,False,original_kept,original_kept,,False,,original_kept,,original_kept,French Gothic architecture (c. 1140–1600)
69522625.0,cathedrale saint-etienne,Toul,fr,48.67523251,5.89440215,1220,1497,277.0,1100–1299,5831.0,32.0,186592.0,186592.0,True,True,,,,,,,,,0,0,0,0,,fr.wikipedia.org/wiki/Cathédrale_Saint-Étienne_de_Toul,,st stephen (700),no (N/A),https://fr.wikipedia.org/wiki/Cathédrale_Saint-Étienne_de_Toul,Q1351690,Gothic architecture,wikidata_p149,Euville stone,wikidata_p186,,Euville stone,,,,,,,,False,,,"{'culte': 'Catholique romain', 'dédicataire': 'Saint Étienne', 'type': 'Cathédrale', 'rattachement': 'Diocèse de Nancy-Toul', 'début de la construction': 'XIII e siècle', 'fin des travaux': 'XV e siècle ( XVI e siècle chapelles Renaissance)', 'style dominant': 'Gothique', 'protection': 'Classée\xa0MH ( 1840 , 1889 )', 'site web': 'Paroisse\xa0: Saint Mansuy du Toulois - Messes.Info', 'pays': 'France', 'région': 'Grand Est', 'département': 'Meurthe-et-Moselle', 'ville': 'Toul', 'coordonnées': '48°\xa040′\xa031″\xa0nord, 5°\xa053′\xa040″\xa0est'}",,1220,1497,False,False,original_kept,original_kept,,False,,original_kept,,original_kept,Gothic architecture (c. 1140–1600)
69839724.0,Cathédrale Saint-Gervais et Saint-Protais,Soissons,fr,49.38087975,3.325395399,810,1479,669.0,700–899,,66.0,,,True,True,1.0,False,True,False,False,False,948.0,948.0,1,0,1,0,948,fr.wikipedia.org/wiki/Cathédrale_Saint-Gervais-et-Saint-Protais_de_Soissons,http://www.openstreetmap.org/way/69839724,"st gervais (815), st protais (815)",fire (948),https://fr.wikipedia.org/wiki/Cathédrale_Saint-Gervais-et-Saint-Protais_de_Soissons,Q1736223,classic gothic,wikidata_p149,,missing,,,,,,,,,,False,,,"{'nom local': 'Cathédrale de Soissons', 'culte': 'Catholique', 'dédicataire': 'Saints Gervais et Protais', 'type': 'Cathédrale', 'rattachement': 'Diocèse de Soissons, Laon et Saint-Quentin (siège)', 'début de la construction': '1176', 'fin des travaux': '25 avril 1479', 'style dominant': 'Gothique', 'protection': 'Classée\xa0MH ( 1840 )', 'site web': 'Paroisse Saint-Sixte - Diocèse de Soissons, Laon et Saint-Quentin', 'pays': 'France', 'province': 'Picardie', 'région': 'Hauts-de-France', 'département': 'Aisne', 'ville': 'Soissons', 'coordonnées': '49°\xa022′\xa051″\xa0nord, 3°\xa019′\xa031″\xa0est'}",,810,1479,False,False,original_kept,original_kept,,False,66.0,wikidata_p2048_filled_missing,,missing,classic gothic (c. 1140–1600)
70193982.0,Dom Unserer Lieben Frau,Augsburg,de,48.37274852,10.89657464,700,1441,741.0,700–899,,62.0,,,True,False,1.0,False,False,False,False,True,994.0,994.0,1,0,0,0,994,de.wikipedia.org/wiki/Dom_Mariä_Heimsuchung_(Augsburg),http://www.openstreetmap.org/way/70193982,mary (820),collapse of west (994),https://de.wikipedia.org/wiki/Dom_Mariä_Heimsuchung_(Augsburg),Q279089,Romanesque architecture,wikidata_p149,,missing,,,,,,,,,,False,,,{},,700,1441,False,False,original_kept,original_kept,,False,62.0,wikidata_p2048_filled_missing,,missing,Romanesque architecture (c. 1000–1200)
70413238.0,Cathédrale Saint-Étienne,Limoges,fr,45.82891546,1.26667503,700,1499,799.0,700–899,,,,,True,True,,,,,,,,,0,0,0,0,,fr.wikipedia.org/wiki/Cathédrale_Saint-Étienne_de_Limoges,http://www.openstreetmap.org/way/70413238,st stephen (700),no (N/A),https://fr.wikipedia.org/wiki/Cathédrale_Saint-Étienne_de_Limoges,Q2189282,Gothic architecture,wikidata_p149,,missing,,,,,,,,,,False,,,"{'culte': 'catholique romain', 'dédicataire': 'saint Étienne', 'type': 'cathédrale', 'rattachement': 'Diocèse de Limoges', 'début de la construction': 'XI e siècle', 'fin des travaux': 'XIX e siècle', 'architecte': 'Vincent-Marie Boullé ( d )', 'style dominant': 'Gothique rayonnant et flamboyant', 'protection': 'Classée\xa0MH ( 1862 )', 'site web': 'Paroisse de la Cathédrale de Limoges', 'pays': 'France', 'région': 'Nouvelle-Aquitaine', 'département': 'Haute-Vienne', 'ville': 'Limoges', 'coordonnées': '45°\xa049′\xa044″\xa0nord, 1°\xa016′\xa000″\xa0est'}",,700,1499,False,False,original_kept,original_kept,,False,,missing,,missing,Gothic architecture (c. 1140–1600)
70979680.0,Cathédrale Saint-Fulcran,Lodeve (Lodève),fr,43.73190342,3.317392931,1265,1320,55.0,1100–1299,2024.0,25.0,50600.0,50600.0,True,True,,,,,,,,,0,0,0,0,,fr.wikipedia.org/wiki/Cathédrale_Saint-Fulcran_de_Lodève,http://www.openstreetmap.org/way/70979680,st fulcran (1265),no (N/A),https://fr.wikipedia.org/wiki/Cathédrale_Saint-Fulcran_de_Lodève,Q1780440,Meridional Gothic,wikidata_p149,,missing,,,,,,,,,,False,,,"{'culte': 'Catholique romain', 'dédicataire': 'Saint Fulcran', 'type': 'Église paroissiale (anciennement cathédrale )', 'rattachement': 'Archidiocèse de Montpellier', 'début de la construction': 'XIII e siècle', 'style dominant': 'Gothique méridional', 'protection': 'Classée\xa0MH ( 1840 )', 'site web': 'Paroisse Saint Fulcran en Lodévois', 'pays': 'France', 'région': 'Occitanie', 'département': 'Hérault', 'ville': 'Lodève', 'coordonnées': '43°\xa043′\xa055″\xa0nord, 3°\xa019′\xa002″\xa0est'}",,1265,1320,False,False,original_kept,original_kept,,False,,original_kept,,original_kept,Meridional Gothic (c. 1140–1600)
72092769.0,Cathédrale Saint-Étienne,Agde,fr,43.31399915,3.469077792,700,1200,500.0,700–899,,,,,True,True,,,,,,,,,0,0,0,0,,fr.wikipedia.org/wiki/Cathédrale_Saint-Étienne_d'Agde,http://www.openstreetmap.org/way/72092769,st stephen (700),no (N/A),https://fr.wikipedia.org/wiki/Cathédrale_Saint-Étienne_d'Agde,Q2561189,Romanesque architecture,wikidata_p149,,missing,,,,,,,,,,False,,,"{'culte': 'Catholique romain', 'dédicataire': 'Saint Étienne', 'type': ""Église paroissiale Ancienne cathédrale fortifiée (jusqu'en 1790)"", 'rattachement': 'Diocèse de Montpellier', 'début de la construction': 'XII e siècle', 'style dominant': 'Roman', 'protection': 'Classée\xa0MH ( 1840 )', 'site web': 'Paroisse du Littoral Agathois', 'pays': 'France', 'région': 'Occitanie', 'département': 'Hérault', 'ville': 'Agde', 'coordonnées': '43°\xa018′\xa050″\xa0nord, 3°\xa028′\xa009″\xa0est'}",,700,1200,False,False,original_kept,original_kept,,False,,missing,,missing,Romanesque architecture (c. 1000–1200)
72096102.0,Cathédrale Saint-Paul-Aurélien,St Pol  (Saint-Pol-de-Léon),fr,48.68494468,-3.986164233,780,1500,720.0,700–899,,,,,True,True,2.0,True,True,False,False,False,875.0,1365.0,2,1,1,0,875;1365,fr.wikipedia.org/wiki/Cathédrale_Saint-Paul-Aurélien_de_Saint-Pol-de-Léon,http://www.openstreetmap.org/way/72096102,"st paul (780), st pol (780)","vikings (875), partly damaged by fire (1365)",https://fr.wikipedia.org/wiki/Cathédrale_Saint-Paul-Aurélien_de_Saint-Pol-de-Léon,Q739028,Gothic architecture,wikidata_p149,,missing,,,,,,,,,,False,,,"{'culte': 'Église catholique', 'dédicataire': 'Saint Paul Aurélien', 'type': 'Ancienne cathédrale Église paroissiale depuis 1801', 'rattachement': 'Diocèse de Quimper et Léon', 'début de la construction': 'XII e siècle', 'fin des travaux': 'XVI e siècle', 'style dominant': 'Gothique', 'protection': 'Classée\xa0MH ( 1840 )', 'site web': 'Paroisse Saint Paul Aurelien du Haut Léon', 'pays': 'France', 'région': 'Bretagne', 'département': 'Finistère', 'ville': 'Saint-Pol-de-Léon', 'coordonnées': '48°\xa041′\xa006″\xa0nord, 3°\xa059′\xa011″\xa0ouest'}",,780,1500,False,False,original_kept,original_kept,,False,,missing,,missing,Gothic architecture (c. 1140–1600)
72680580.0,Cathédrale Sainte-Marie,Bayonne,fr,43.49052477,-1.477297531,700,1600,900.0,700–899,,,,,True,True,3.0,False,True,False,False,False,1199.0,1258.0,3,0,3,0,1199;1224;1258,fr.wikipedia.org/wiki/Cathédrale_Sainte-Marie_de_Bayonne,http://www.openstreetmap.org/way/72680580,mary (700),"partly damaged by fire (1199), 1224 (1258)",https://fr.wikipedia.org/wiki/Cathédrale_Sainte-Marie_de_Bayonne,,,missing,,missing,,,,,,,,,,False,,,"{'culte': 'Église catholique latine', 'dédicataire': 'Sainte Marie', 'type': 'Cathédrale', 'rattachement': 'Diocèse de Bayonne, Lescar et Oloron (siège)', 'début de la construction': '1213', 'fin des travaux': 'XVI e siècle', 'style dominant': 'Architecture gothique', 'protection': 'Classée\xa0MH ( 1862 ) [ 1 ] Patrimoine mondial ( 1998 )', 'site web': 'Paroisse de la cathédrale sainte Marie de Bayonne', 'pays': 'France', 'région': 'Nouvelle-Aquitaine', 'département': 'Pyrénées-Atlantiques', 'ville': 'Bayonne', 'coordonnées': '43°\xa029′\xa026″\xa0nord, 1°\xa028′\xa039″\xa0ouest', 'site du bien': 'Chemins de Saint-Jacques-de-Compostelle en France', 'numéro d’identification': '868-016', 'année d’inscription': '1998'}",,700,1600,False,False,original_kept,original_kept,,False,,missing,,missing,
72878113.0,Cattedrale di San Feliciano,Foligno,it,42.95645756,12.70370036,1100,2000,301.0,900–1099,,,,,True,True,,,,,,,,,0,0,0,0,,it.wikipedia.org/wiki/Cattedrale_di_San_Feliciano,http://www.openstreetmap.org/way/72878113,,,https://it.wikipedia.org/wiki/Cattedrale_di_San_Feliciano,Q2942669,Romanesque architecture,wikidata_p149,,missing,,,1100,2000,inizio costruzione,completamento,1200,,,False,1100,2000,"{'stato': 'Italia', 'regione': 'Umbria', 'località': 'Foligno', 'coordinate': '42°57′23.3″N 12°42′13″E 42°57′23.3″N , 12°42′13″E', 'religione': 'Cristiana cattolica di rito romano', 'titolare': 'Feliciano di Foligno', 'diocesi': 'Foligno', 'consacrazione': '1146 e 1904', 'stile architettonico': 'Romanico , Gotico , Barocco , Neoclassico', 'inizio costruzione': 'XII secolo', 'completamento': 'XX secolo'}",earliest:risale al xiii secolo | earliest:risale al xiii secolo,900,1201,True,True,wikipedia_final_replaced,wikipedia_final_replaced,,False,,missing,,missing,Romanesque architecture (c. 1000–1200)
73122051.0,Cathédrale Saint-Pierre et Saint-Paul,Troyes,fr,48.30037659,4.081514841,700,1500,800.0,700–899,,,,,True,True,2.0,True,True,False,False,False,890.0,1188.0,2,1,1,0,890;1188,fr.wikipedia.org/wiki/Cathédrale_Saint-Pierre-et-Saint-Paul_de_Troyes,http://www.openstreetmap.org/way/73122051,"christ (700), st peter (850), st paul (850)","vikings (890), partly destroyed by fire (1188)",https://fr.wikipedia.org/wiki/Cathédrale_Saint-Pierre-et-Saint-Paul_de_Troyes,Q2443243,Gothic architecture,wikidata_p149,,missing,,,,,,,,,,False,,,"{'culte': 'Catholique romain', 'dédicataire': 'Saint Pierre et saint Paul', 'type': 'Cathédrale', 'rattachement': 'Diocèse de Troyes (siège)', 'début de la construction': '1208', 'fin des travaux': 'XVII e siècle', 'architecte': 'Martin Chambiges , Antoine Colas ( d ) et Florent Bleuet ( d )', 'style dominant': 'Gothique', 'protection': 'Classée\xa0MH ( 1862 )', 'site web': 'Paroisse Cathédrale Saint-Pierre Saint-Paul à Troyes', 'pays': 'France', 'province': 'Champagne', 'région': 'Grand-Est', 'département': 'Aube', 'commune': 'Troyes', 'coordonnées': '48°\xa018′\xa001″\xa0nord, 4°\xa004′\xa053″\xa0est'}",,700,1500,False,False,original_kept,original_kept,,False,,missing,,missing,Gothic architecture (c. 1140–1600)
73677188.0,Cathédrale Saint-Gatien,Tours,fr,47.39557713,0.694464088,1170,1400,230.0,1100–1299,3675.0,29.0,106575.0,106575.0,True,True,1.0,False,True,False,False,False,1166.0,1166.0,0,0,0,0,1166,fr.wikipedia.org/wiki/Cathédrale_Saint-Gatien_de_Tours,http://www.openstreetmap.org/way/73677188,"st maurice (500), st gatien (700)",fire (1166),https://fr.wikipedia.org/wiki/Cathédrale_Saint-Gatien_de_Tours,Q547013,Gothic architecture,wikidata_p149,,missing,,,,,,,,,,False,,,"{'culte': 'Catholique romain', 'dédicataire': 'Saint Gatien', 'type': 'Cathédrale', 'rattachement': 'Archidiocèse de Tours (siège)', 'début de la construction': '1170', 'fin des travaux': '1547', 'style dominant': 'Architecture Gothique flamboyant Gothique classique (Façade) Roman (base et contreforts des tours) Renaissance (sommets des tours) Architecture gothique flamboyant et rayonnant (Ornementation)', 'protection': 'Classée\xa0MH ( 1862 )', 'site web': 'Paroisse Saint-Maurice - Cathédrale de Tours', 'pays': 'France', 'région': 'Centre-Val de Loire', 'département': 'Indre-et-Loire', 'ville': 'Tours', 'coordonnées': '47°\xa023′\xa044″\xa0nord, 0°\xa041′\xa040″\xa0est'}",,1170,1400,False,False,original_kept,original_kept,,False,69.0,original_kept,,original_kept,Gothic architecture (c. 1140–1600)
73881812.0,Cattedrale di Santa Maria Assunta,Cremona,it,45.13355164,10.02560838,1107,1491,700.0,700–899,,,,,True,True,1.0,False,False,True,False,False,1117.0,1117.0,1,0,0,1,1117,it.wikipedia.org/wiki/Duomo_di_Cremona,http://www.openstreetmap.org/way/73881812,,,https://it.wikipedia.org/wiki/Duomo_di_Cremona,Q913182,Romanesque architecture,wikidata_p149,,missing,,,1107,1491,inizio costruzione,completamento,,,,False,1107,1491,"{'stato': 'Italia', 'regione': 'Lombardia', 'località': 'Cremona', 'indirizzo': 'piazza del Comune', 'coordinate': '45°08′00.6″N 10°01′31.8″E 45°08′00.6″N , 10°01′31.8″E', 'religione': 'cattolica di rito romano', 'titolare': 'Maria Assunta', 'diocesi': 'Cremona', 'consacrazione': '1190', 'stile architettonico': 'romanico , gotico , rinascimentale , barocco', 'inizio costruzione': '1107', 'completamento': '1491', 'sito web': 'Sito ufficiale'}",,700,1400,True,True,wikipedia_final_replaced,wikipedia_final_replaced,,False,,missing,,missing,Romanesque architecture (c. 1000–1200)
75334833.0,Église Saint-Étienne de la Cité,Perigueux (Périgueux),fr,45.1817435,0.714820320251761,700,1200,500.0,700–899,,,,,True,True,,,,,,,,,0,0,0,0,,fr.wikipedia.org/wiki/Église_Saint-Étienne-de-la-Cité,http://www.openstreetmap.org/way/75334833,st stephen (700),no (N/A),https://fr.wikipedia.org/wiki/Église_Saint-Étienne-de-la-Cité,Q3584727,Romanesque architecture,wikidata_p149,,missing,,,,,,,,,,False,,,"{'culte': 'Catholique romain', 'dédicataire': 'Saint Étienne', 'type': 'Église paroissiale , ancienne cathédrale', 'rattachement': 'Diocèse de Périgueux et Sarlat', 'début de la construction': 'XI e siècle', 'fin des travaux': 'XII e siècle', 'style dominant': 'Architecture romane', 'protection': 'Classée\xa0MH ( 1840 )', 'site web': 'Paroisse Saint Front Saint Étienne', 'pays': 'France', 'région': 'Nouvelle-Aquitaine', 'département': 'Dordogne', 'ville': 'Périgueux', 'coordonnées': '45°\xa010′\xa054″\xa0nord, 0°\xa042′\xa053″\xa0est'}",,700,1200,False,False,original_kept,original_kept,,False,,missing,,missing,Romanesque architecture (c. 1000–1200)
78123714.0,Cathédrale Saint-Étienne,St Brieuc (Saint-Brieuc),fr,48.51418675,-2.763891519,700,1500,800.0,700–899,,,,,True,True,,,,,,,,,0,0,0,0,,fr.wikipedia.org/wiki/Cathédrale_Saint-Étienne_de_Saint-Brieuc,http://www.openstreetmap.org/way/78123714,st stephen (700),no (N/A),https://fr.wikipedia.org/wiki/Cathédrale_Saint-Étienne_de_Saint-Brieuc,Q787927,Gothic architecture,wikidata_p149,,missing,,,,,,,,,,False,,,"{'culte': 'Catholique romain', 'dédicataire': 'Saint Étienne', 'type': 'Cathédrale', 'rattachement': 'Diocèse de Saint-Brieuc et Tréguier (siège)', 'début de la construction': 'XIV e siècle', 'fin des travaux': 'XV e siècle', 'style dominant': 'Gothique', 'protection': 'Classée\xa0MH ( 1906 )', 'site web': 'Site de la Cathédrale', 'pays': 'France', 'région': 'Bretagne', 'département': ""Côtes-d'Armor"", 'commune': 'Saint-Brieuc', 'coordonnées': '48°\xa030′\xa051″\xa0nord, 2°\xa045′\xa051″\xa0ouest'}",,700,1500,False,False,original_kept,original_kept,,False,,missing,,missing,Gothic architecture (c. 1140–1600)
78359846.0,Cathédrale Notre-Dame,Orange,fr,44.13804247,4.807403121,700,1208,508.0,700–899,,,,,True,True,,,,,,,,,0,0,0,0,,fr.wikipedia.org/wiki/Cathédrale_Notre-Dame-de-Nazareth_d'Orange,http://www.openstreetmap.org/way/78359846,mary (700),no (N/A),https://fr.wikipedia.org/wiki/Cathédrale_Notre-Dame-de-Nazareth_d'Orange,Q2297114,Romanesque architecture,wikidata_p149,,missing,,,,,,,,,,False,,,"{'culte': 'Catholique romain', 'dédicataire': 'Notre-Dame de Nazareth', 'type': 'Ancienne cathédrale , église paroissiale depuis 1801', 'rattachement': ""Archidiocèse d'Avignon"", 'début de la construction': 'XII e siècle', 'fin des travaux': 'très restaurée après les guerres de religion', 'style dominant': 'Roman', 'protection': 'Classée\xa0MH ( 1921 , 2020 )', 'site web': ""Paroisse d'Orange"", 'pays': 'France', 'région': ""Provence-Alpes-Côte d'Azur"", 'département': 'Vaucluse', 'ville': 'Orange', 'coordonnées': '44°\xa008′\xa017″\xa0nord, 4°\xa048′\xa026″\xa0est'}",,700,1208,False,False,original_kept,original_kept,,False,,missing,,missing,Romanesque architecture (c. 1000–1200)
79808365.0,Duomo di Bergamo,Bergamo,it,45.70327954,9.66291957,1400,1900,1000.0,700–899,,,,,True,True,,,,,,,,,0,0,0,0,,it.wikipedia.org/wiki/Duomo_di_Bergamo,http://www.openstreetmap.org/way/79808365,,,https://it.wikipedia.org/wiki/Duomo_di_Bergamo,Q1081902,"Italian Baroque architecture, Italian Neoclassical architecture",wikidata_p149,,missing,,,1400,1900,inizio costruzione,completamento,,,,False,1400,1900,"{'stato': 'Italia', 'regione': 'Lombardia', 'località': 'Bergamo', 'indirizzo': 'Piazza Duomo', 'coordinate': '45°42′11.92″N 9°39′46.44″E 45°42′11.92″N , 9°39′46.44″E', 'religione': 'cattolica di rito romano', 'titolare': ""sant' Alessandro di Bergamo"", 'diocesi': 'Bergamo', 'architetto': 'Filarete ed altri', 'stile architettonico': 'neoclassico (esterno) barocco (interno)', 'inizio costruzione': 'metà del XV secolo', 'completamento': 'XIX secolo', 'sito web': 'Sito ufficiale'}",,500,1500,True,True,wikipedia_final_replaced,wikipedia_final_replaced,,False,,missing,,missing,"Italian Baroque architecture (c. 1600–1750), Italian Neoclassical architecture (c. 1750–1850)"
79901345.0,Cathédrale Saint-Pierre,Vannes,fr,47.65789884,-2.75679225,700,1520,820.0,700–899,,,,,True,True,2.0,True,False,False,False,True,919.0,1150.0,2,1,0,0,919;1150,fr.wikipedia.org/wiki/Cathédrale_Saint-Pierre_de_Vannes,http://www.openstreetmap.org/way/79901345,st peter (700),"normans (919), ruined (1150)",https://fr.wikipedia.org/wiki/Cathédrale_Saint-Pierre_de_Vannes,Q919028,Gothic architecture,wikidata_p149,,missing,,,,,,,,,,False,,,"{'nom local': 'Saint-Pierre', 'culte': 'Catholique', 'dédicataire': 'Saint Pierre', 'type': 'Cathédrale Basilique mineure (5 juin 1870)', 'rattachement': 'Diocèse de Vannes (siège)', 'début de la construction': '1450', 'fin des travaux': '1520', 'architecte': 'Gervais Guillois ( d )', 'style dominant': 'Gothique Roman (tour-clocher)', 'protection': 'Classée\xa0MH ( 1906 ) [ 1 ]', 'site web': 'Paroisse de la cathédrale Saint Pierre de Vannes', 'pays': 'France', 'région': 'Bretagne', 'département': 'Morbihan', 'ville': 'Vannes', 'coordonnées': '47°\xa039′\xa028″\xa0nord, 2°\xa045′\xa025″\xa0ouest'}",,700,1520,False,False,original_kept,original_kept,,False,,missing,,missing,Gothic architecture (c. 1140–1600)
80181137.0,Cathédrale Saint-André,Bordeaux,fr,44.83765666,-0.577757666087606,700,1350,650.0,700–899,,,,,True,True,3.0,True,False,False,False,False,725.0,864.0,3,3,0,0,725;848;864,fr.wikipedia.org/wiki/Cathédrale_Saint-André_de_Bordeaux,http://www.openstreetmap.org/way/80181137,st andrew (700),"damaged in: (725), 848 (864)",https://fr.wikipedia.org/wiki/Cathédrale_Saint-André_de_Bordeaux,Q656738,Gothic architecture,wikidata_p149,,missing,,,,,,,,,,False,,,"{'culte': 'Catholique romain', 'dédicataire': 'Saint André', 'type': 'Cathédrale', 'rattachement': 'Archidiocèse de Bordeaux (siège)', 'début de la construction': 'XII e siècle', 'fin des travaux': 'XVI e siècle', 'style dominant': 'Gothique angevin', 'protection': 'Classée\xa0MH ( 1862 ) Patrimoine mondial ( 1998 )', 'site web': 'www.cathedrale-bordeaux.fr Cathédrale Saint-André - Diocèse de Bordeaux', 'pays': 'France', 'région': 'Nouvelle-Aquitaine', 'département': 'Gironde', 'ville': 'Bordeaux', 'coordonnées': '44°\xa050′\xa016″\xa0nord, 0°\xa034′\xa040″\xa0ouest', 'site du bien': 'Chemins de Saint-Jacques-de-Compostelle en France', 'numéro d’identification': '868-007', 'année d’inscription': '1998'}",,700,1350,False,False,original_kept,original_kept,,False,,missing,,missing,Gothic architecture (c. 1140–1600)
80414060.0,Cattedrale di Sant'Evasio,Casale (Casale Monferrato),it,45.13723347,8.452657922,1000,1900,450.0,700–899,,,,,True,True,1.0,False,True,False,False,False,1215.0,1215.0,1,0,1,0,1215,it.wikipedia.org/wiki/Duomo_di_Casale_Monferrato,http://www.openstreetmap.org/way/80414060,,,https://it.wikipedia.org/wiki/Duomo_di_Casale_Monferrato,,,missing,,missing,,,1000,1900,inizio costruzione,completamento,,,,False,1000,1900,"{'stato': 'Italia', 'regione': 'Piemonte', 'località': 'Casale Monferrato', 'indirizzo': 'Largo Monsignor Giuseppe Angrisani, 1, 15033 Casale Monferrato AL', 'coordinate': '45°08′14.41″N 8°27′08.73″E 45°08′14.41″N , 8°27′08.73″E', 'religione': 'cattolica di rito romano', 'diocesi': 'Casale Monferrato', 'consacrazione': '7 gennaio 1107', 'stile architettonico': 'romanico , neoromanico', 'inizio costruzione': 'XI secolo', 'completamento': 'XIX secolo', 'sito web': 'Sito ufficiale'}",,800,1250,True,True,wikipedia_final_replaced,wikipedia_final_replaced,,False,,missing,,missing,
81690355.0,Cathédrale Saint-Jean-Baptiste,Perpignan,fr,42.70061587,2.897092208,1324,1453,129.0,1300–1500,4562.0,26.0,118612.0,118612.0,True,True,,,,,,,,,0,0,0,0,,fr.wikipedia.org/wiki/Cathédrale_Saint-Jean-Baptiste_de_Perpignan,http://www.openstreetmap.org/way/81690355,st john baptist (1025),no (N/A),https://fr.wikipedia.org/wiki/Cathédrale_Saint-Jean-Baptiste_de_Perpignan,Q2942355,Gothic architecture,wikidata_p149,,missing,,,,,,,,,,False,,,"{'nom local': 'Seu Sant Joan', 'culte': 'Catholique', 'dédicataire': 'Saint Jean Baptiste', 'type': 'Cathédrale', 'rattachement': 'Diocèse de Perpignan-Elne', 'début de la construction': 'XIV e siècle', 'fin des travaux': 'XVI e siècle , remaniée aux XVII e et XVIII e siècles', 'style dominant': 'Gothique méridional', 'protection': 'Classée\xa0MH ( 1906 )', 'site web': 'Communauté de Paroisses Saint Jean-Baptiste de Perpignan', 'pays': 'France', 'région': 'Occitanie', 'département': 'Pyrénées-Orientales', 'ville': 'Perpignan', 'coordonnées': '42°\xa042′\xa002″\xa0nord, 2°\xa053′\xa049″\xa0est'}",,1324,1453,False,False,original_kept,original_kept,,False,,original_kept,,original_kept,Gothic architecture (c. 1140–1600)
82048362.0,Cathédrale Notre-Dame,Evreux (Évreux),fr,49.02421337,1.150952616,700,1455,755.0,700–899,,78.15,,,True,True,3.0,True,True,False,False,False,950.0,1356.0,3,2,1,0,950;1119;1356,fr.wikipedia.org/wiki/Cathédrale_Notre-Dame_d'Évreux,http://www.openstreetmap.org/way/82048362,mary (700),"vikings (950), fire (1119), war damage (1356)",https://fr.wikipedia.org/wiki/Cathédrale_Notre-Dame_d'Évreux,Q2918846,Gothic architecture,wikidata_p149,,missing,,,,,,,,,,False,,,"{'culte': 'Catholique romain', 'dédicataire': 'Vierge Marie', 'type': 'Cathédrale', 'rattachement': ""Diocèse d'Évreux"", 'début de la construction': 'XI e siècle', 'fin des travaux': 'début XVII e siècle', 'architecte': ""Gautier de Varinfroy (maître-d'œuvre) Nicolle Le Féron Jehan Le Roy Jehan Cossart François Galopin Denis Darcy"", 'style dominant': 'Gothique', 'protection': 'Classée\xa0MH ( 1862 )', 'site web': 'www.lecomptoirdesloisirs-evreux.fr/patrimoine/cathedrale-notre-dame', 'pays': 'France', 'région': 'Normandie', 'département': 'Eure', 'ville': 'Évreux', 'coordonnées': '49°\xa001′\xa027″\xa0nord, 1°\xa009′\xa003″\xa0est'}",,700,1455,False,False,original_kept,original_kept,,False,78.15,wikidata_p2048_filled_missing,,missing,Gothic architecture (c. 1140–1600)
82261510.0,Cattedrale di Sant'Eusebio,Vercelli,it,45.33019486,8.422559498,300,1900,800.0,700–899,,,,,True,True,1.0,False,True,False,False,False,997.0,997.0,1,0,1,0,997,it.wikipedia.org/wiki/Duomo_di_Vercelli,http://www.openstreetmap.org/way/82261510,,,https://it.wikipedia.org/wiki/Duomo_di_Vercelli,Q2942854,Mannerism,wikidata_p149,,missing,,,300,1900,inizio costruzione,completamento,,,1805,False,300,1900,"{'stato': 'Italia', 'regione': 'Piemonte', 'località': 'Vercelli', 'coordinate': '45°19′49″N 8°25′22″E 45°19′49″N , 8°25′22″E', 'religione': 'cattolica di rito romano', 'titolare': ""Sant'Eusebio di Vercelli"", 'arcidiocesi': 'Vercelli', 'architetto': 'Pellegrino Tibaldi , Benedetto Alfieri e altri.', 'stile architettonico': 'Manierismo , Barocco , Neoclassico , Eclettico', 'inizio costruzione': 'IV secolo (Prima basilica), XVI secolo (Nuova basilica)', 'completamento': 'XIX secolo'}",current_end:consacrata nel 1805,300,1100,False,True,original_kept,wikipedia_final_replaced,,False,,missing,,missing,Mannerism (c. 1520–1600)
82665029.0,Duomo di Monreale,Monreale,it,38.08203426,13.29229182,1172,1267,8.0,1100–1299,16690.0,,,,True,True,,,,,,,,,0,0,0,0,,it.wikipedia.org/wiki/Duomo_di_Monreale,http://www.openstreetmap.org/way/82665029,,,https://it.wikipedia.org/wiki/Duomo_di_Monreale,Q1303856,Romanesque architecture,wikidata_p149,,missing,,,1172,1267,inizio costruzione,completamento,1176,,,False,1172,1267,"{'stato': 'Italia', 'regione': 'Sicilia', 'località': 'Monreale', 'coordinate': '38°04′54.69″N 13°17′31.44″E 38°04′54.69″N , 13°17′31.44″E', 'religione': 'cattolica di rito romano', 'titolare': 'Maria', 'arcidiocesi': 'Monreale', 'fondatore': 'Guglielmo II di Sicilia', 'stile architettonico': 'normanno , rinascimentale , barocco', 'inizio costruzione': '1172', 'completamento': '1267 (con aggiunte successive)', 'sito web': 'www.diocesimonreale.it/diocesi/basilica-cattedrale/'}",earliest:risale al 15 agosto del 1176 la prima e più antica festa mariana nella città di monreale | earliest:risale al 15 agosto del 1176 la prima e più antica festa mariana nella città di monreale,1174,1182,True,True,wikipedia_final_replaced,wikipedia_final_replaced,,False,,missing,16690.0,wikidata_p2046_filled_missing,Romanesque architecture (c. 1000–1200)
83180781.0,Cathédrale Saint-Benoît,Castres,fr,43.60423781,2.241669366,700,1200,500.0,700–899,,,,,True,True,,,,,,,,,0,0,0,0,,fr.wikipedia.org/wiki/Cathédrale_Saint-Benoît_de_Castres,http://www.openstreetmap.org/way/83180781,st benedict (700),no (N/A),https://fr.wikipedia.org/wiki/Cathédrale_Saint-Benoît_de_Castres,Q2942316,Romanesque architecture,wikidata_p149,,missing,,,,,,,,,,False,,,"{'culte': 'Culte catholique', 'dédicataire': 'Saint Benoît', 'type': 'Cathédrale (de 1317 à 1801), puis église paroissiale (depuis 1801)', 'rattachement': ""Archidiocèse d'Albi, Castres et Lavaur (co-siège)"", 'début de la construction': 'XI e siècle pour le clocher et XVII e siècle pour le corps de la cathédrale', 'fin des travaux': 'XVIII e siècle', 'style dominant': 'Roman (clocher), Baroque', 'protection': 'Classée\xa0MH ( 1953 )', 'site web': 'Église en Pays Castrais', 'pays': 'France', 'région': 'Occitanie', 'département': 'Tarn', 'ville': 'Castres', 'coordonnées': '43°\xa036′\xa015″\xa0nord, 2°\xa014′\xa030″\xa0est [ 1 ]'}",,700,1200,False,False,original_kept,original_kept,,False,,missing,,missing,Romanesque architecture (c. 1000–1200)
83440270.0,Cathédrale Sainte-Anne,Apt,fr,43.87613762,5.397174995,700,1320,620.0,700–899,,,,,True,True,1.0,True,False,False,False,False,975.0,975.0,1,1,0,0,975,fr.wikipedia.org/wiki/Cathédrale_Sainte-Anne_d'Apt,http://www.openstreetmap.org/way/83440270,st anna (700),destroyed by saracens (975),https://fr.wikipedia.org/wiki/Cathédrale_Sainte-Anne_d'Apt,Q2942470,Romanesque architecture,wikidata_p149,,missing,,,,,,,,,,False,,,"{'culte': 'Catholique', 'dédicataire': 'Sainte Anne', 'type': ""Basilique mineure (depuis 1867) Ancienne cathédrale (jusqu'en 1801)"", 'rattachement': ""Archidiocèse d'Avignon depuis 1801"", 'début de la construction': 'XI e siècle', 'fin des travaux': 'XVI e siècle', 'style dominant': 'Roman et Gothique', 'protection': 'Classée\xa0MH ( 1846 )', 'site web': ""Paroisse d'Apt - Diocèse d'Avignon"", 'pays': 'France', 'région': ""Provence-Alpes-Côte d'Azur"", 'département': 'Vaucluse', 'ville': 'Apt', 'coordonnées': '43°\xa052′\xa034″\xa0nord, 5°\xa023′\xa049″\xa0est [ 1 ]'}",,700,1320,False,False,original_kept,original_kept,,False,,missing,,missing,Romanesque architecture (c. 1000–1200)
83772268.0,Cathédrale Notre-Dame-des-Doms,Avignon,fr,43.95158425,4.807690988,700,1160,460.0,700–899,,,,,True,True,,,,,,,,,0,0,0,0,,fr.wikipedia.org/wiki/Cathédrale_Notre-Dame_des_Doms_d'Avignon,http://www.openstreetmap.org/way/83772268,mary (1150),no (N/A),https://fr.wikipedia.org/wiki/Cathédrale_Notre-Dame_des_Doms_d'Avignon,Q1200500,Romanesque architecture,wikidata_p149,,missing,,,,,,,,,,False,,,"{'nom local': 'Cathédrale', 'culte': 'Culte catholique', 'dédicataire': 'Vierge Marie', 'type': 'Cathédrale et basilique', 'rattachement': ""Archidiocèse d'Avignon"", 'début de la construction': 'XII e siècle', 'fin des travaux': 'Modifications aux XIV e et XVII e siècles', 'style dominant': 'Style roman', 'protection': 'Classée\xa0MH ( 1840 , 2023 ) Patrimoine mondial ( 1995 )', 'site web': ""Métropole Notre Dame des Doms d'Avignon"", 'pays': 'France', 'région': ""Provence-Alpes-Côte d'Azur"", 'département': 'Vaucluse', 'ville': 'Avignon', 'coordonnées': '43°\xa057′\xa006″\xa0nord, 4°\xa048′\xa028″\xa0est'}",,700,1160,False,False,original_kept,original_kept,,False,,missing,,missing,Romanesque architecture (c. 1000–1200)
84387233.0,Cathédrale Saint-Pierre,"St Flour (Saint-Flour, Cantal)",fr,45.03334882,3.095314971,700,1466,766.0,700–899,,,,,True,False,1.0,False,False,False,False,True,1396.0,1396.0,1,0,0,0,1396,fr.wikipedia.org/wiki/Cathédrale_Saint-Pierre_de_Saint-Flour,http://www.openstreetmap.org/way/84387233,"st peter (700), st flour (700)",partially collapsed (1396),https://fr.wikipedia.org/wiki/Cathédrale_Saint-Pierre_de_Saint-Flour,Q2942436,Gothic architecture,wikidata_p149,,missing,,,,,,,,,,False,,,"{'culte': 'Catholique romain', 'dédicataire': 'Saint Pierre', 'type': 'Cathédrale', 'rattachement': 'Diocèse de Saint-Flour (siège) Archidiocèse de Clermont-Ferrand', 'début de la construction': '1398', 'fin des travaux': '1466', 'style dominant': 'Gothique', 'protection': 'Classée\xa0MH ( 1906 )', 'site web': 'Paroisse Saint-Flour en Planèze', 'pays': 'France', 'région': 'Auvergne-Rhône-Alpes', 'département': 'Cantal', 'ville': 'Saint-Flour', 'coordonnées': '45°\xa002′\xa000″\xa0nord, 3°\xa005′\xa042″\xa0est [ 1 ]'}",,700,1466,False,False,original_kept,original_kept,,False,,missing,,missing,Gothic architecture (c. 1140–1600)
86257075.0,Duomo,Terni,it,42.56047915,12.64335881,500,1700,1100.0,700–899,,,,,True,True,,,,,,,,,0,0,0,0,,it.wikipedia.org/wiki/Duomo_di_Terni,http://www.openstreetmap.org/way/86257075,,,https://it.wikipedia.org/wiki/Duomo_di_Terni,Q2942831,"Pre-Romanesque architecture, baroque architecture",wikidata_p149,,missing,,,500,1700,inizio costruzione,completamento,,1743,,True,500,1700,"{'stato': 'Italia', 'regione': 'Umbria', 'località': 'Terni', 'coordinate': '42°33′37.5″N 12°38′36″E 42°33′37.5″N , 12°38′36″E', 'religione': 'cattolica di rito romano', 'titolare': 'Maria Assunta', 'diocesi': 'Terni-Narni-Amelia', 'stile architettonico': 'barocco e architettura preromanica', 'inizio costruzione': 'VI secolo', 'completamento': 'XVII secolo'}",current_start:riedificata nel 1743,100,1200,True,True,wikipedia_final_replaced,wikipedia_final_replaced,,False,,missing,,missing,"Pre-Romanesque architecture (c. 500–1000), baroque architecture (c. 1600–1750)"
86359613.0,Cathédrale Notre-Dame-de-l'Annonciation,Le Puy (Le Puy-en-Velay),fr,45.04558389,3.884830328,750,1300,550.0,700–899,,,,,True,True,,,,,,,,,0,0,0,0,,fr.wikipedia.org/wiki/Cathédrale_Notre-Dame-de-l'Annonciation_du_Puy-en-Velay,http://www.openstreetmap.org/way/86359613,mary (750),no (N/A),https://fr.wikipedia.org/wiki/Cathédrale_Notre-Dame-de-l'Annonciation_du_Puy-en-Velay,Q1537302,Romanesque architecture,wikidata_p149,,missing,,,,,,,,,,False,,,"{'culte': 'Catholique romain', 'type': 'Cathédrale Basilique', 'début de la construction': 'fin XI e siècle', 'fin des travaux': 'XIII e siècle', 'style dominant': 'Roman', 'protection': 'Classée\xa0MH ( 1862 , 1889 )', 'site web': 'www.cathedraledupuy.org', 'pays': 'France', 'région': 'Auvergne-Rhône-Alpes', 'département': 'Haute-Loire', 'ville': 'Le Puy-en-Velay', 'coordonnées': '45°\xa002′\xa044″\xa0nord, 3°\xa053′\xa005″\xa0est [ 1 ]', 'site du bien': 'Chemins de Saint-Jacques-de-Compostelle en France', 'numéro d’identification': '868-021', 'année d’inscription': '1998'}",,750,1300,False,False,original_kept,original_kept,,False,,missing,,missing,Romanesque architecture (c. 1000–1200)
86409136.0,Dom Mariä Himmelfahrt,Hildesheim,de,52.14900052,9.946982552,852,1300,448.0,700–899,,,,,True,True,1.0,False,True,False,False,False,1046.0,1046.0,1,0,1,0,1046,de.wikipedia.org/wiki/Hildesheimer_Dom,http://www.openstreetmap.org/way/86409136,mary (852),fire (1046),https://de.wikipedia.org/wiki/Hildesheimer_Dom,,,missing,,missing,,,,,,,,,,False,,,{},,852,1300,False,False,original_kept,original_kept,,False,,missing,,missing,
87134587.0,Carlisle Cathedral,Carlisle,uk,54.8947267,-2.938529437,1122,1420,178.0,1100–1299,2144.501447,22.0,47179.031834,47179.031834,True,True,,,,,,,,,0,0,0,0,,en.wikipedia.org/wiki/Carlisle_Cathedral,http://www.openstreetmap.org/way/87134587,,no (N/A),https://en.wikipedia.org/wiki/Carlisle_Cathedral,Q2533552,"English Gothic architecture, Norman architecture",wikidata_p149,,missing,,,,,,,1122,,1420,False,1122,1420,"{'location': 'Carlisle, Cumbria', 'country': 'England', 'denomination': 'Church of England', 'previous denomination': 'Roman Catholic', 'tradition': 'High church', 'website': 'carlislecathedral.org.uk', 'heritage designation': 'Grade I [ 1 ]', 'designated': '1 June 1949', 'style': 'Norman , Gothic', 'province': 'Province of York', 'diocese': 'Carlisle (formed 1133)', 'bishop': 'Right Reverend Robert Saner-Haigh [ 2 ]', 'dean': 'Michael Everitt (Interim Dean)', 'official name': 'Cathedral Church of the Holy and Undivided Trinity', 'reference\xa0no.': '1208430'}",earliest:was founded in 1122 | current_end:completed in about 1420,1122,1300,False,True,original_kept,wikipedia_final_replaced,,False,,original_kept,,original_kept,"English Gothic architecture (c. 1140–1600), Norman architecture"
88613054.0,Cathédrale Saint-Sauveur,Aix (Aix-en-Provence),fr,43.53187485,5.447310973,700,1513,813.0,700–899,,,,,True,True,2.0,True,False,False,False,False,800.0,900.0,2,2,0,0,800;900,fr.wikipedia.org/wiki/Cathédrale_Saint-Sauveur_d%27Aix-en-Provence,http://www.openstreetmap.org/way/88613054,christ (700),"destroyed by saracens (800), destroyed by saracens (900)",https://fr.wikipedia.org/wiki/Cathédrale_Saint-Sauveur_d%27Aix-en-Provence,Q1539168,"Gothic architecture, Romanesque architecture",wikidata_p149,,missing,,,,,,,,,,False,,,"{'culte': 'Catholique romain', 'dédicataire': 'Saint Sauveur', 'type': 'Cathédrale', 'rattachement': ""Archidiocèse d'Aix-en-Provence , Arles et Embrun (siège)"", 'début de la construction': 'XII e siècle', 'fin des travaux': 'XVI e siècle', 'style dominant': 'Roman Gothique', 'protection': 'Classée\xa0MH ( 1840 ) Classé\xa0MH ( 1875 , cloître ) [ 1 ]', 'site web': ""Paroisse Saint-Sauveur d'Aix-en-Provence"", 'pays': 'France', 'région': ""Provence-Alpes-Côte d'Azur"", 'département': 'Bouches-du-Rhône', 'ville': 'Aix-en-Provence', 'coordonnées': '43°\xa031′\xa055″\xa0nord, 5°\xa026′\xa050″\xa0est'}",,700,1513,False,False,original_kept,original_kept,,False,,missing,,missing,"Gothic architecture (c. 1140–1600), Romanesque architecture (c. 1000–1200)"
90885376.0,cathedrale saint arnoux,Gap,fr,44.5582,6.078113,500,1100,600.0,700–899,,,,,True,True,,,,,,,,,0,0,0,0,,https://fr.wikipedia.org/wiki/Cath%C3%A9drale_Notre-Dame-et-Saint-Arnoux_de_Gap,https://www.openstreetmap.org/way/90885376,,,https://fr.wikipedia.org/wiki/Cath%C3%A9drale_Notre-Dame-et-Saint-Arnoux_de_Gap,Q2942274,Gothic Revival,wikidata_p149,,missing,,,,,,,,,,False,,,"{'culte': 'catholique romain', 'dédicataire': 'Sainte Marie et saint Arnoux', 'type': 'cathédrale', 'rattachement': 'Diocèse de Gap', 'début de la construction': '1866', 'fin des travaux': '1904', 'architecte': 'Charles Laisné', 'style dominant': 'Néogothique', 'protection': 'Classée\xa0MH ( 1906 )', 'site web': 'Paroisse Saint-Arnoux du Gapençais', 'pays': 'France', 'région': ""Provence-Alpes-Côte d'Azur"", 'département': 'Hautes-Alpes', 'ville': 'Gap', 'coordonnées': '44°\xa033′\xa029″\xa0nord, 6°\xa004′\xa041″\xa0est'}",,500,1100,False,False,original_kept,original_kept,,False,,missing,,missing,Gothic Revival (c. 1140–1600)
90923933.0,Paroisse Saint-Siffrein,Carpentras,fr,44.05419143,5.047746891,700,1538,838.0,700–899,,,,,True,True,,,,,,,,,0,0,0,0,,fr.wikipedia.org/wiki/Cathédrale_Saint-Siffrein_de_Carpentras,http://www.openstreetmap.org/way/90923933,st siffrein (700),no (N/A),https://fr.wikipedia.org/wiki/Cathédrale_Saint-Siffrein_de_Carpentras,Q1763848,Gothic architecture,wikidata_p149,,missing,,,,,,,,,,False,,,"{'culte': 'Catholique', 'dédicataire': 'Saint Siffrein de Carpentras', 'type': ""Église paroissiale Ancienne cathédrale (jusqu'en 1802)"", 'rattachement': ""Archidiocèse d'Avignon"", 'début de la construction': 'XV e siècle', 'fin des travaux': 'XVI e siècle', 'style dominant': 'Gothique', 'protection': 'Classée\xa0MH ( 1840 ) [ 1 ]', 'site web': 'Paroisse de Carpentras', 'pays': 'France', 'région': ""Provence-Alpes-Côte d'Azur"", 'département': 'Vaucluse', 'ville': 'Carpentras', 'coordonnées': '44°\xa003′\xa015″\xa0nord, 5°\xa002′\xa050″\xa0est'}",,700,1538,False,False,original_kept,original_kept,,False,,missing,,missing,Gothic architecture (c. 1140–1600)
90946957.0,Cathédrale Notre-Dame et Saint-Thyrse,Sisteron,fr,44.19571482,5.943597348,1160,1220,60.0,1100–1299,,,,,True,True,,,,,,,,,0,0,0,0,,fr.wikipedia.org/wiki/Cathédrale_Notre-Dame-des-Pommiers_de_Sisteron,http://www.openstreetmap.org/way/90946957,mary (1160),no (N/A),https://fr.wikipedia.org/wiki/Cathédrale_Notre-Dame-des-Pommiers_de_Sisteron,Q2942260,Romanesque architecture,wikidata_p149,,missing,,,,,,,,,,False,,,"{'nom local': 'Notre-Dame et Saint-Thyrse', 'culte': 'catholique romain', 'dédicataire': 'Notre-Dame et saint Thyrse', 'type': 'Cathédrale puis église paroissiale Cocathédrale depuis 1916', 'rattachement': 'Diocèse de Digne, Riez et Sisteron', 'début de la construction': '1160', 'fin des travaux': '1220', 'style dominant': 'architecture romane', 'protection': 'Classée\xa0MH ( 1840 )', 'site web': 'Ensemble paroissial de Beaucaire', 'pays': 'France', 'région': ""Provence-Alpes-Côte d'Azur"", 'département': 'Alpes-de-Haute-Provence (04)', 'ville': 'Sisteron', 'coordonnées': '44°\xa011′\xa044″\xa0nord, 5°\xa056′\xa037″\xa0est'}",,1160,1220,False,False,original_kept,original_kept,,False,,missing,,missing,Romanesque architecture (c. 1000–1200)
91412460.0,Cathédrale Saint-Antonin,Pamiers,fr,43.11425821,1.609046598,1000,1400,400.0,900–1099,,,,,True,True,,,,,,,,,0,0,0,0,,fr.wikipedia.org/wiki/Cathédrale_Saint-Antonin_de_Pamiers,http://www.openstreetmap.org/way/91412460,st antonin (1000),no (N/A),https://fr.wikipedia.org/wiki/Cathédrale_Saint-Antonin_de_Pamiers,Q2942307,Meridional Gothic,wikidata_p149,,missing,,,,,,,,,,False,,,"{'culte': 'Catholique romain', 'dédicataire': 'Saint Antonin de Pamiers', 'type': 'Cathédrale', 'rattachement': 'Diocèse de Pamiers, Couserans et Mirepoix (siège)', 'début de la construction': 'XII e siècle', 'fin des travaux': 'XIX e siècle', 'style dominant': 'Gothique méridional', 'protection': 'Classée\xa0MH ( 1906 )', 'site web': 'Paroisse de Pamiers | Diocèse de Pamiers, Couserans et Mirepoix', 'pays': 'France', 'région': 'Occitanie', 'département': 'Ariège', 'ville': 'Pamiers', 'coordonnées': '43°\xa006′\xa051″\xa0nord, 1°\xa036′\xa032″\xa0est'}",,1000,1400,False,False,original_kept,original_kept,,False,,missing,,missing,Meridional Gothic (c. 1140–1600)
91980198.0,Cathédrale Saint-Gervais-Saint-Protais,Lectoure,fr,43.93386035,0.623927133892386,1473,1600,127.0,1300–1500,2305.0,21.0,48405.0,48405.0,True,True,1.0,False,False,False,False,True,1473.0,1473.0,1,0,0,0,1473,fr.wikipedia.org/wiki/Cathédrale_Saint-Gervais-Saint-Protais_de_Lectoure,http://www.openstreetmap.org/way/91980198,"st gervais (1120), st protais (1120)",partially damaged (1473),https://fr.wikipedia.org/wiki/Cathédrale_Saint-Gervais-Saint-Protais_de_Lectoure,Q2942335,Gothic architecture,wikidata_p149,,missing,,,,,,,,,,False,,,"{'culte': 'Catholique romain', 'dédicataire': 'Saints Gervais et Protais', 'type': 'Cathédrale (ancienne)', 'rattachement': ""Archidiocèse d'Auch"", 'début de la construction': 'XII e siècle', 'fin des travaux': 'XVIII e siècle', 'style dominant': 'Gothique , gothique méridional', 'protection': 'Classée\xa0MH ( 1912 )', 'site web': 'Paroisse Saint-Jacques en Lectourois - Messe.Info', 'pays': 'France', 'région': 'Occitanie', 'département': 'Gers', 'ville': 'Lectoure', 'coordonnées': '43°\xa056′\xa002″\xa0nord, 0°\xa037′\xa026″\xa0est'}",,1473,1600,False,False,original_kept,original_kept,,False,,original_kept,,original_kept,Gothic architecture (c. 1140–1600)
92100896.0,Cathédrale Saint-Just et Saint-Pasteur,Narbonne,fr,43.18481735,3.003904579,700,1354,654.0,700–899,,,,,True,True,,,,,,,,,0,0,0,0,,fr.wikipedia.org/wiki/Cathédrale_Saint-Just-et-Saint-Pasteur_de_Narbonne,http://www.openstreetmap.org/way/92100896,"st just (782), st pasteur (782)",no (N/A),https://fr.wikipedia.org/wiki/Cathédrale_Saint-Just-et-Saint-Pasteur_de_Narbonne,Q473121,Gothic architecture,wikidata_p149,,missing,,,,,,,,,,False,,,"{'culte': 'Catholique romain', 'dédicataire': 'Saints Just et Pasteur', 'type': 'Cocathédrale', 'rattachement': 'Diocèse de Carcassonne et Narbonne', 'début de la construction': '1272', 'fin des travaux': 'Inachevée (travaux interrompus au XIV e siècle)', 'style dominant': 'Gothique méridional', 'protection': 'Classée\xa0MH ( 1840 , 1914 , 1937)', 'site web': 'Paroisse Sainte Croix en Narbonnais', 'pays': 'France', 'région': 'Occitanie', 'province historique': 'Languedoc', 'département': 'Aude', 'ville': 'Narbonne', 'coordonnées': '43°\xa011′\xa005″\xa0nord, 3°\xa000′\xa013″\xa0est'}",,700,1354,False,False,original_kept,original_kept,,False,,missing,,missing,Gothic architecture (c. 1140–1600)
92294792.0,Cathédrale Notre-Dame,Reims,fr,49.25379447,4.033910046,1211,1275,64.0,1100–1299,7276.0,38.0,276488.0,276488.0,True,True,2.0,False,True,False,False,False,1210.0,1481.0,0,0,0,0,1210;1481,fr.wikipedia.org/wiki/Cathédrale_Notre-Dame_de_Reims,http://www.openstreetmap.org/way/92294792,mary (700),"fire (1210), partially destroyed by fire (1481)",https://fr.wikipedia.org/wiki/Cathédrale_Notre-Dame_de_Reims,Q206823,classic gothic,wikidata_p149,,missing,,,,,,,,,,False,,,"{'culte': 'Catholique romain', 'dédicataire': 'Marie (mère de Jésus)', 'type': 'Culturel', 'rattachement': 'Archidiocèse de Reims (siège)', 'début de la construction': '1211', 'fin des travaux': '1345 (gros œuvre)', 'architecte': ""Jean d'Orbais (1211-1231) Jean le Loup (1231-1247) Gaucher de Reims (1247-1277) Bernard de Soissons (1255-1282/1287) Adam vers 1290 Robert de Coucy (mort en 1311) Colart, connu en 1328 Gilles de Saint-Nicaise, connu en 1352 et 1358 Jean de Dijon, connu en 1389, 1402, 1411 Colard de Givry (1416-1452) [ 1 ] Henri Deneux (1915-1939)"", 'style dominant': 'Gothique', 'nombre de flèches': '1', 'protection': 'Classée\xa0MH ( 1862 ) [ 2 ]', 'site web': 'Paroisse Notre-Dame Saint-Jacques de Reims', 'pays': 'France', 'région': 'Grand Est', 'province historique': 'Champagne', 'département': 'Marne', 'ville': 'Reims', 'coordonnées': '49°\xa015′\xa013″\xa0nord, 4°\xa002′\xa002″\xa0est', 'site du bien': 'Cathédrale Notre-Dame, ancienne abbaye Saint-Rémi et palais du Tau , Reims', 'numéro d’identification': '601', 'année d’inscription': '1991 ( 15 e session )', 'critères': '(i) (ii) (vi)', 'superficie': '4,16 ha'}",,1211,1275,False,False,original_kept,original_kept,,False,81.0,original_kept,,original_kept,classic gothic (c. 1140–1600)
93662475.0,Cattedrale di Salerno,Salerno,it,40.68008601,14.76011656,1080,1085,585.0,700–899,,,,,True,True,,,,,,,,,0,0,0,0,,it.wikipedia.org/wiki/Cattedrale_di_Salerno,http://www.openstreetmap.org/way/93662475,,,https://it.wikipedia.org/wiki/Cattedrale_di_Salerno,Q2738834,Romanesque architecture,wikidata_p149,,missing,,,1080,1085,inizio costruzione,completamento,,,1084,False,1080,1085,"{'stato': 'Italia', 'regione': 'Campania', 'località': 'Salerno', 'indirizzo': 'via Duomo, Salerno (SA)', 'coordinate': '40°40′48.29″N 14°45′36.58″E 40°40′48.29″N , 14°45′36.58″E', 'religione': 'cattolica di rito romano', 'titolare': 'Santa Maria degli Angeli , san Matteo apostolo ed evangelista , Papa Gregorio VII', 'arcidiocesi': 'Salerno-Campagna-Acerno', 'consacrazione': '1084', 'stile architettonico': 'romanico , arabo-normanno , bizantino', 'inizio costruzione': '1080', 'completamento': '1085', 'sito web': 'www.cattedraledisalerno.it/'}",current_end:consacrata nel giugno del 1084 dal papa gregorio vii ,500,1085,True,False,wikipedia_final_replaced,original_kept,,False,,missing,,missing,Romanesque architecture (c. 1000–1200)
94168520.0,Dom St. Peter,Worms,de,49.63004441,8.359893585,1130,1300,170.0,1100–1299,3316.336899,26.0,86224.759374,86224.759374,True,True,,,,,,,,,0,0,0,0,,de.wikipedia.org/wiki/Wormser_Dom,http://www.openstreetmap.org/way/94168520,st peter (700),no (N/A),https://de.wikipedia.org/wiki/Wormser_Dom,,,missing,,missing,,,,,,,,,,False,,,{},,1130,1300,False,False,original_kept,original_kept,,False,,original_kept,,original_kept,
94305805.0,Cathédrale Saint-Corentin,Quimper,fr,47.99562125,-4.102178775,1239,1493,254.0,1100–1299,3060.0,20.0,61200.0,61200.0,True,True,,,,,,,,,0,0,0,0,,fr.wikipedia.org/wiki/Cathédrale_Saint-Corentin_de_Quimper,http://www.openstreetmap.org/way/94305805,st corintin (700),no (N/A),https://fr.wikipedia.org/wiki/Cathédrale_Saint-Corentin_de_Quimper,,,missing,,missing,,,,,,,,,,False,,,"{'culte': 'Catholique', 'dédicataire': 'Saint Corentin', 'type': 'Cathédrale , Basilique mineure', 'rattachement': 'Diocèse de Quimper et Léon (siège)', 'début de la construction': 'XIII e siècle', 'fin des travaux': 'XV e siècle 10 août 1856 (flèches)', 'style dominant': 'Gothique rayonnant (chœur) Gothique flamboyant (nef et transept)', 'protection': 'Classée\xa0MH ( 1862 )', 'site web': 'Paroisse Quimper – Saint-Corentin', 'pays': 'France', 'région': 'Bretagne', 'département': 'Finistère', 'ville': 'Quimper', 'coordonnées': '47°\xa059′\xa044″\xa0nord, 4°\xa006′\xa008″\xa0ouest'}",,1239,1493,False,False,original_kept,original_kept,,False,,original_kept,,original_kept,
94434589.0,Cathédrale Notre-Dame,Verdun,fr,49.15951076,5.382326302,847,1528,681.0,700–899,,,,,True,True,2.0,True,True,False,False,False,1047.0,1135.0,2,1,1,0,1047;1135,fr.wikipedia.org/wiki/Cathédrale_Notre-Dame_de_Verdun,http://www.openstreetmap.org/way/94434589,mary (847),"fire (1047), ravaged (1135)",https://fr.wikipedia.org/wiki/Cathédrale_Notre-Dame_de_Verdun,Q2942293,Romanesque architecture,wikidata_p149,,missing,,,,,,,,,,False,,,"{'nom local': 'Notre-Dame', 'culte': 'Catholique', 'dédicataire': 'Notre-Dame', 'type': 'Cathédrale Basilique mineure', 'rattachement': 'Diocèse de Verdun (siège)', 'début de la construction': 'X e siècle', 'fin des travaux': 'XVIII e siècle', 'style dominant': 'Roman , gothique', 'protection': 'Classée\xa0MH ( 1906 , cathédrale ) Classé\xa0MH ( 1907 , cloître )', 'site web': 'Paroisse Saint-Vanne en Verdunois', 'pays': 'France', 'région': 'Grand Est', 'département': 'Meuse', 'commune': 'Verdun', 'coordonnées': '49°\xa009′\xa034″\xa0nord, 5°\xa022′\xa057″\xa0est'}",,847,1528,False,False,original_kept,original_kept,,False,,missing,,missing,Romanesque architecture (c. 1000–1200)
94521804.0,Dom zu Merseburg,Merseburg,de,51.35858824,12.00112342,1015,1042,27.0,900–1099,,,,,True,False,1.0,False,False,False,False,True,1025.0,1025.0,1,0,0,0,1025,de.wikipedia.org/wiki/Merseburger_Dom,http://www.openstreetmap.org/way/94521804,"st laurence (1012), st john baptist (1015)",partly collapsed (1025),https://de.wikipedia.org/wiki/Merseburger_Dom,Q878372,Gothic architecture,wikidata_p149,,missing,,,,,,,,,,False,,,{},,1015,1042,False,False,original_kept,original_kept,,False,,missing,,missing,Gothic architecture (c. 1140–1600)
94653456.0,Rochester Cathedral,Rochester,uk,51.3889841,0.503266617038518,604,604,263.0,900–1099,,,,,True,True,,,,,,,,,0,0,0,0,,en.wikipedia.org/wiki/Rochester_Cathedral,http://www.openstreetmap.org/way/94653456,"christ (1080), mary (1080)",no (N/A),https://en.wikipedia.org/wiki/Rochester_Cathedral,Q2635720,Norman architecture,wikidata_p149,,missing,,,604,604,founded,consecrated,604,,1724,False,604,604,"{'location': 'Rochester , Medway , Kent', 'country': 'England', 'denomination': 'Church of England', 'previous denomination': 'Roman Catholic', 'website': 'rochestercathedral.org', 'former name(s)': 'Priory of St Andrew (604–1542)', 'status': 'Cathedral', 'founded': '604', 'founder': 'St Justus', 'consecrated': '604', 'functional status': 'Active', 'heritage designation': 'Grade I', 'designated': '24 October 1950', 'architect': 'Gundulf of Rochester', 'style': 'Norman , Gothic', 'years built': '1079–1238', 'province': 'Canterbury', 'diocese': 'Rochester', 'archbishop': 'Justin Welby', 'bishop': 'Jonathan Gibbs', 'dean': 'Philip Hesketh'}",earliest:was founded in 604 | current_end:completed by thomas de mepeham who became sacrist in 1255 | current_end:completed by 1724 | current_end:dedicated in 1130 (or possibly 1133) by the archbishop of canterbury  | current_end:dedicated in 1240 by richard wendene (also known as richard de wendover) who had been translated from bangor ,1080,1343,True,True,wikipedia_final_replaced,wikipedia_final_replaced,,False,,missing,,missing,Norman architecture
97407668.0,Cathédrale Saint-Apollinaire,Valence (Valence (Drôme)),fr,44.93161647,4.889543292,1063,1150,87.0,900–1099,,,,,True,True,1.0,False,False,False,True,False,1281.0,1281.0,0,0,0,0,1281,fr.wikipedia.org/wiki/Cathédrale_Saint-Apollinaire_de_Valence,http://www.openstreetmap.org/way/97407668,st apollinaire (1063),lightening in tower (1281),https://fr.wikipedia.org/wiki/Cathédrale_Saint-Apollinaire_de_Valence,Q2942311,Romanesque architecture,wikidata_p149,,missing,,,,,,,,,,False,,,"{'culte': 'Culte catholique', 'dédicataire': 'Apollinaire de Valence', 'type': 'Cathédrale', 'rattachement': 'Diocèse de Valence', 'début de la construction': 'XI e siècle', 'protection': 'Classée\xa0MH ( 1862 ) [ 1 ] .', 'site web': 'Paroisse Saint-Émilien de Valence', 'pays': 'France', 'région': 'Auvergne-Rhône-Alpes', 'département': 'Drôme', 'ville': 'Valence', 'coordonnées': '44°\xa055′\xa054″\xa0nord, 4°\xa053′\xa022″\xa0est'}",,1063,1150,False,False,original_kept,original_kept,,False,,missing,,missing,Romanesque architecture (c. 1000–1200)
99684738.0,Duomo di Ravello,Amalfi,it,40.64933695,14.61208834,1086,1100,14.0,900–1099,,,,,True,True,,,,,,,,,0,0,0,0,,it.wikipedia.org/wiki/Duomo_di_Ravello,http://www.openstreetmap.org/way/99684738,,,https://it.wikipedia.org/wiki/Duomo_di_Ravello,Q1246201,"Romanesque architecture, baroque architecture",wikidata_p149,,missing,,,1086,,inizio costruzione,,,,,False,1086,,"{'stato': 'Italia', 'regione': 'Campania', 'località': 'Ravello', 'indirizzo': 'Piazza Vescovado', 'coordinate': '40°38′57.48″N 14°36′43.2″E 40°38′57.48″N , 14°36′43.2″E', 'religione': 'cattolica di rito romano', 'titolare': 'Maria e Pantaleone di Nicomedia', 'arcidiocesi': ""Amalfi-Cava de' Tirreni"", 'stile architettonico': 'romanico e barocco', 'inizio costruzione': '1086', 'sito web': 'www.duomoravello.it/'}",,1086,1100,False,False,original_kept,original_kept,,False,,missing,,missing,"Romanesque architecture (c. 1000–1200), baroque architecture (c. 1600–1750)"
