study_id,source_row_id,monument_type,name,country_or_region,site_or_city,latitude,longitude,start_year,end_year,start_year_type,duration_years_harmonized,duration_low_years,duration_high_years,duration_method,duration_confidence,elevation_m,area_m2,log_area_m2,area_source,area_interpretation,height_m,volume_m3_or_proxy,status,notes,start_year_original,end_year_original,duration_years_original,start_year_corrected,end_year_corrected,duration_years_corrected,date_correction_status,date_basis_manual,date_confidence_manual,manual_correction_notes,drop_from_manual_corrected_file,manual_drop_reason
CAT_0002,2,cathedral,Erfurter Dom,de,Erfurt,50.97566739,11.02316913,1150.0,1465.0,recorded_ce,315.0,315.0,315.0,manual_researched_start_end_correction,medium_broad_or_phase_choice,204.0,423.9369377195835,6.049584712376853,osm_polygon_area,cathedral surface/footprint proxy,,,True,,752.0,1465.0,713.0,1150.0,1465.0,315.0,corrected,manual_notes_main_present_or_substantially_preserved_building,medium_broad_or_phase_choice,"**c. 1150–1465** | 742 is site/foundation history, not present cathedral construction. Present architectural history begins with a Romanesque basilica in the mid-12th century and Gothic work in the 14th–15th centuries. ([Wikipedia][2])",False,
CAT_0003,3,cathedral,Primatiale Saint-Trophime,fr,Arles,43.67664165,4.628236868,700.0,1500.0,recorded_ce,800.0,800.0,800.0,openICPSR_duration_enriched,harmonized_recorded_span,23.0,1200.0916540267572,7.0901532112150445,osm_polygon_area,cathedral surface/footprint proxy,,,True,,700.0,1500.0,800.0,700.0,1500.0,800.0,kept_no_numeric_correction,,broad_or_no_numeric,"**late 11th/early 12th–c. 1150** | Current Romanesque church was built late 11th/early 12th; nave/tower completed second quarter 12th. Gothic chevet replacement was 1454–1465, but that is a later phase. ([Wikipedia][3])",False,
CAT_0004,4,cathedral,Cathédrale Notre-Dame,fr,Chartres,48.44783667,1.487859158,1194.0,1260.0,recorded_ce,66.0,66.0,66.0,manual_researched_start_end_correction,high_numeric,162.0,7307.69506,8.896683189752649,original_surface_m2,cathedral surface/footprint proxy,37.0,270384.71722,True,,1134.0,1260.0,126.0,1194.0,1260.0,66.0,corrected,manual_notes_main_present_or_substantially_preserved_building,high_numeric,**1194–1260** | 1134 is Royal Portal/tower phase; main present Gothic rebuilding began after the 1194 fire and consecration was in 1260. ([Wikipedia][4]),False,
CAT_0005,5,cathedral,Cattedrale di San Lorenzo,it,Trapani,38.01599489,12.50786488,1421.0,1801.0,recorded_ce,395.0,395.0,395.0,openICPSR_duration_enriched,harmonized_recorded_span,18.0,1610.5961517980322,7.384359670061454,osm_polygon_area,cathedral surface/footprint proxy,,,True,,1421.0,1801.0,395.0,1421.0,1801.0,395.0,unchanged,,,,False,
CAT_0006,6,cathedral,Cathédrale Saint-Pierre,fr,Beauvais,49.43257685,2.081518586,1225.0,1600.0,recorded_ce,375.0,375.0,375.0,manual_researched_start_end_correction,high_numeric,73.0,4072.0,8.311889558230359,original_surface_m2,cathedral surface/footprint proxy,67.2,273638.4,True,,1225.0,1347.0,122.0,1225.0,1600.0,375.0,corrected,manual_notes_main_present_or_substantially_preserved_building,high_numeric,"**1225–1600** | 1347 undercounts; construction began 1225, choir completed 1272, transept built 16th c., and nave work halted finally in 1600. ([Wikipedia][6])",False,
CAT_0007,7,cathedral,Cattedrale di San Giovanni Battista,it,Torino,45.07333118,7.685426184,1491.0,1498.0,recorded_ce,908.0,908.0,908.0,openICPSR_duration_enriched,harmonized_recorded_span,250.0,1818.027644284477,7.505507480498866,osm_polygon_area,cathedral surface/footprint proxy,,,True,earliest:risale al 1649  | earliest:risale al 1649 ,1491.0,1498.0,908.0,1491.0,1498.0,908.0,unchanged,,,,False,
CAT_0009,9,cathedral,Basilique-Cathédrale Saint-Étienne,fr,Meaux,48.96021212,2.878918744,1175.0,1540.0,recorded_ce,365.0,365.0,365.0,openICPSR_duration_enriched,harmonized_recorded_span,56.0,3938.0,8.278428259199071,original_surface_m2,cathedral surface/footprint proxy,31.0,122078.0,True,,1175.0,1540.0,365.0,1175.0,1540.0,365.0,unchanged,,,,False,
CAT_0010,10,cathedral,Cathédrale Saint-Étienne,fr,Chalons-sur-Marne (Châlons-en-Champagne),48.95509966,4.357675389,1240.0,1500.0,recorded_ce,260.0,260.0,260.0,openICPSR_duration_enriched,harmonized_recorded_span,86.0,3065.0,8.027802848370312,original_surface_m2,cathedral surface/footprint proxy,27.0,82755.0,True,,1240.0,1500.0,260.0,1240.0,1500.0,260.0,unchanged,,,,False,
CAT_0011,11,cathedral,Cattedrale di Santa Maria Assunta,it,Rieti,42.40214351,12.85894997,200.0,1300.0,recorded_ce,725.0,725.0,725.0,openICPSR_duration_enriched,harmonized_recorded_span,407.0,1210.0577189424655,7.098423339058445,osm_polygon_area,cathedral surface/footprint proxy,,,True,earliest:risale al ii / iii secolo  | earliest:risale al 1458 il portico che collega il battistero al duomo | earliest:risale al ii / iii secolo  | earliest:risale al 1458 il portico che collega il battistero al duomo,200.0,1300.0,725.0,200.0,1300.0,725.0,unchanged,,,,False,
CAT_0012,12,cathedral,Cathédrale Saint-Maurice,fr,Vienne (Vienne (Isère)),45.5241978,4.873262272,700.0,1527.0,recorded_ce,827.0,827.0,827.0,openICPSR_duration_enriched,harmonized_recorded_span,168.0,3320.311210674583,8.107813795672383,osm_polygon_area,cathedral surface/footprint proxy,,,True,,700.0,1527.0,827.0,700.0,1527.0,827.0,unchanged,,,,False,
CAT_0013,13,cathedral,Cathédrale Saint-Théodorit,fr,Uzes (Uzès),44.01214948,4.42239479,1090.0,1120.0,recorded_ce,30.0,30.0,30.0,openICPSR_duration_enriched,harmonized_recorded_span,124.0,1314.4543008594774,7.181176878148699,osm_polygon_area,cathedral surface/footprint proxy,,,True,,1090.0,1120.0,30.0,1090.0,1120.0,30.0,unchanged,,,,False,
CAT_0014,14,cathedral,Duomo,it,Cosenza,39.28886231,16.26018714,1185.0,1222.0,recorded_ce,37.0,37.0,37.0,manual_researched_start_end_correction,high_numeric,281.0,1210.2781378393993,7.098605478158624,osm_polygon_area,cathedral surface/footprint proxy,,,True,,1000.0,1200.0,622.0,1185.0,1222.0,37.0,corrected,manual_notes_main_present_or_substantially_preserved_building,high_numeric,"**c. 1185–1222** | Earlier cathedral was 11th c., destroyed in 1184; rebuilt and completed/consecrated in 1222. ([Wikipedia][13])",False,
CAT_0015,15,cathedral,Cathédrale Saint-Vincent,fr,Chalon-sur-saone (Chalon-sur-Saône),46.78249843,4.859067628,1090.0,1520.0,recorded_ce,430.0,430.0,430.0,openICPSR_duration_enriched,harmonized_recorded_span,181.0,2334.0,7.755338812846501,original_surface_m2,cathedral surface/footprint proxy,24.0,56016.0,True,,1090.0,1520.0,430.0,1090.0,1520.0,430.0,unchanged,,,,False,
CAT_0016,16,cathedral,Cathédrale Notre-Dame-de-la-Sède,fr,Tarbes,43.233818,0.0689254662362214,1100.0,1400.0,recorded_ce,300.0,300.0,300.0,openICPSR_duration_enriched,harmonized_recorded_span,313.0,1147.7395575555856,7.045549684900695,osm_polygon_area,cathedral surface/footprint proxy,,,True,,1100.0,1400.0,300.0,1100.0,1400.0,300.0,unchanged,,,,False,
CAT_0017,17,cathedral,Bamberger Dom,de,Bamberg,49.89070633,10.88250357,1185.0,1237.0,recorded_ce,52.0,52.0,52.0,manual_researched_start_end_correction,high_numeric,270.0,3007.287882374716,8.008793915810292,osm_polygon_area,cathedral surface/footprint proxy,,,True,,950.0,1237.0,287.0,1185.0,1237.0,52.0,corrected,manual_notes_main_present_or_substantially_preserved_building,high_numeric,**1185–1237** | 950/1002 belongs to earlier buildings. Current cathedral was erected after the 1185 fire and consecrated in 1237. ([Wikipedia][16]),False,
CAT_0018,18,cathedral,Cattedrale di San Lorenzo,it,Perugia,43.1124587,12.38895703,1345.0,1490.0,recorded_ce,690.0,690.0,690.0,openICPSR_duration_enriched,harmonized_recorded_span,485.0,2495.108480976429,7.822087486589689,osm_polygon_area,cathedral surface/footprint proxy,,,True,current_end:completata nel 1490 | current_end:completata nel diciottesimo secolo con l'aggiunta di pitture,1345.0,1490.0,690.0,1345.0,1490.0,690.0,unchanged,,,,False,
CAT_0019,19,cathedral,Cattedrale di Santa Maria Assunta (Duomo),it,Napoli,40.85264368,14.25983409,1200.0,2000.0,recorded_ce,975.0,975.0,975.0,openICPSR_duration_enriched,harmonized_recorded_span,46.0,4060.108765018449,8.30896504165036,osm_polygon_area,cathedral surface/footprint proxy,,,True,earliest:risale al radicale intervento di restauro del 2009 condotto da ponziano bevilacqua) | earliest:risale al radicale intervento di restauro del 2009 condotto da ponziano bevilacqua),1200.0,2000.0,975.0,1200.0,2000.0,975.0,unchanged,,,,False,
CAT_0020,20,cathedral,Cathédrale Saint-Lazare,fr,Autun,46.94502232,4.299053925,700.0,1469.0,recorded_ce,769.0,769.0,769.0,openICPSR_duration_enriched,harmonized_recorded_span,370.0,2801.368681028369,7.93786339138532,osm_polygon_area,cathedral surface/footprint proxy,,,True,,700.0,1469.0,769.0,700.0,1469.0,769.0,unchanged,,,,False,
CAT_0021,21,cathedral,Cattedrale di Santa Maria Assunta,it,Asti,44.90071075,8.197932951,1266.0,1470.0,recorded_ce,820.0,820.0,820.0,openICPSR_duration_enriched,harmonized_recorded_span,138.0,2904.169888243545,7.973902875694819,osm_polygon_area,cathedral surface/footprint proxy,,,True,earliest:risale al 1266 ed è stato ritoccato nel xviii secolo  | earliest:risale al 1266 ed è stato ritoccato nel xviii secolo ,1266.0,1470.0,820.0,1266.0,1470.0,820.0,unchanged,,,,False,
CAT_0022,22,cathedral,Cathédrale Saint-Maurice,fr,Angers,47.47055695,-0.554948309025218,1143.0,1240.0,recorded_ce,97.0,97.0,97.0,openICPSR_duration_enriched,harmonized_recorded_span,52.0,3217.0,8.076204527239026,original_surface_m2,cathedral surface/footprint proxy,25.0,80425.0,True,,1143.0,1240.0,97.0,1143.0,1240.0,97.0,unchanged,,,,False,
CAT_0023,23,cathedral,Cathédrale Saint-Véran,fr,Cavaillon,43.83619958,5.036320518,1000.0,1400.0,recorded_ce,400.0,400.0,400.0,openICPSR_duration_enriched,harmonized_recorded_span,78.0,486.51975502516143,6.187277507225406,osm_polygon_area,cathedral surface/footprint proxy,,,True,,1000.0,1400.0,400.0,1000.0,1400.0,400.0,kept_no_numeric_correction,,broad_or_no_numeric,**11th–13th c.** | Source gives Romanesque building built in the 11th–13th century; current 1000–1400 overextends. ([Wikipedia][22]),False,
CAT_0024,24,cathedral,Cathédrale-Basilique Saint-Cyr et Sainte-Julitte,fr,Nevers,46.98716934,3.157253339,700.0,1331.0,recorded_ce,631.0,631.0,631.0,openICPSR_duration_enriched,harmonized_recorded_span,197.0,3723.892068431771,8.222524655278715,osm_polygon_area,cathedral surface/footprint proxy,,,True,,700.0,1331.0,631.0,700.0,1331.0,631.0,unchanged,,,,False,
CAT_0025,25,cathedral,Cathedral Church of St Machar,uk,Aberdeen,57.16982044,-2.102380828,1131.0,1530.0,recorded_ce,399.0,399.0,399.0,manual_researched_start_end_correction,high_numeric,28.0,1049.4550236973446,6.956026283361295,osm_polygon_area,cathedral surface/footprint proxy,,,True,,1130.0,1530.0,400.0,1131.0,1530.0,399.0,corrected,manual_notes_main_present_or_substantially_preserved_building,high_numeric,**1131–1530** | Norman cathedral began after see transfer in 1131; current medieval fabric developed afterward. Source confirms 1131 origin. ([Wikipedia][24]),False,
CAT_0026,26,cathedral,Cattedrale di Santa Maria Assunta,it,Pesaro,43.9109391,12.91468331,1100.0,2000.0,recorded_ce,712.0,712.0,712.0,openICPSR_duration_enriched,harmonized_recorded_span,7.0,1733.7030240872991,7.458014876287084,osm_polygon_area,cathedral surface/footprint proxy,,,True,earliest:risale al 1282 - 1312  | earliest:risale al 1282 - 1312 ,1100.0,2000.0,712.0,1100.0,2000.0,712.0,unchanged,,,,False,
CAT_0027,27,cathedral,Église Saint-Pierre,fr,Lisieux,49.14654584,0.226886638440973,1160.0,1250.0,recorded_ce,90.0,90.0,90.0,manual_researched_start_end_correction,medium_broad_or_phase_choice,50.0,2980.2007975778542,7.999745958966938,osm_polygon_area,cathedral surface/footprint proxy,,,True,,700.0,1230.0,530.0,1160.0,1250.0,90.0,corrected,manual_notes_main_present_or_substantially_preserved_building,medium_broad_or_phase_choice,**1160–1250/1553** | Full rebuilding began in 1160; lantern tower built 1250; southwest tower 1553. For main Gothic core use 1160–1250. ([Wikipedia][26]),False,
CAT_0028,28,cathedral,Cathédrale Saint-Jean-Baptiste,fr,Ales (Alès),44.12355984,4.076632304,1100.0,1500.0,recorded_ce,400.0,400.0,400.0,openICPSR_duration_enriched,harmonized_recorded_span,137.0,2060.9814619204844,7.63093758614864,osm_polygon_area,cathedral surface/footprint proxy,,,True,,1100.0,1500.0,400.0,1100.0,1500.0,400.0,unchanged,,,,False,
CAT_0029,29,cathedral,Duomo di Padova,it,Padova (Padua),45.40652559,11.87127537,1551.0,1754.0,recorded_ce,203.0,203.0,203.0,manual_researched_start_end_correction,high_numeric,24.0,4320.338051448394,8.371088930826668,osm_polygon_area,cathedral surface/footprint proxy,,,True,earliest:risale al xvi secolo e alla sua costruzione intervenne michelangelo buonarroti  | earliest:risale al xii secolo | earliest:risale al xvi secolo e alla sua costruzione intervenne michelangelo buonarroti  | earliest:risale al xii secolo,300.0,1754.0,880.0,1551.0,1754.0,203.0,corrected,manual_notes_main_present_or_substantially_preserved_building,high_numeric,**1551–1754** | Present Renaissance building began 1551 and completed/consecrated 1754. ([Wikipedia][28]),False,
CAT_0031,31,cathedral,Cathédrale Notre-Dame-de-l'Assomption,fr,Bayeux,49.27554097,-0.703521388853762,1040.0,1420.0,recorded_ce,380.0,380.0,380.0,openICPSR_duration_enriched,harmonized_recorded_span,48.0,3725.0,8.22282213081366,original_surface_m2,cathedral surface/footprint proxy,23.0,85675.0,True,,1040.0,1420.0,380.0,1040.0,1420.0,380.0,unchanged,,,,False,
CAT_0032,32,cathedral,Cathédrale Saint-Nazaire,fr,Beziers (Béziers),43.34138524,3.209962599,1250.0,1450.0,recorded_ce,200.0,200.0,200.0,openICPSR_duration_enriched,harmonized_recorded_span,37.0,3135.0,8.050384453067021,original_surface_m2,cathedral surface/footprint proxy,32.0,100320.0,True,,1250.0,1450.0,200.0,1250.0,1450.0,200.0,unchanged,,,,False,
CAT_0033,33,cathedral,Duomo di Santa Maria Assunta,it,Urbino,43.72494534,12.63640483,1021.0,1700.0,recorded_ce,583.0,583.0,583.0,openICPSR_duration_enriched,harmonized_recorded_span,456.0,2271.7276673995657,7.7282959079558,osm_polygon_area,cathedral surface/footprint proxy,,,True,earliest:fondata nel 1021 ,1021.0,1700.0,583.0,1021.0,1700.0,583.0,unchanged,,,,False,
CAT_0034,34,cathedral,Cattedrale di San Florido,it,Citta di Castello (Città di Castello),43.45669598,12.23811913,1466.0,1529.0,recorded_ce,63.0,63.0,63.0,manual_researched_start_end_correction,high_numeric,293.0,1686.645875187649,7.430497146573579,osm_polygon_area,cathedral surface/footprint proxy,,,True,current_end:consacrata nel 1032 e dedicata a san florido,600.0,1600.0,929.0,1466.0,1529.0,63.0,corrected,manual_notes_main_present_or_substantially_preserved_building,high_numeric,"**1466–1529** | Tradition says founded in 6th c., but Renaissance rebuild occurred 1466–1529 and consecrated 1540. ([Wikipedia][32])",False,
CAT_0035,35,cathedral,Primatiale Saint-Jean,fr,Lyon,45.7607184,4.827431529,1165.0,1332.0,recorded_ce,167.0,167.0,167.0,openICPSR_duration_enriched,harmonized_recorded_span,174.0,3432.0,8.140898460607852,original_surface_m2,cathedral surface/footprint proxy,33.0,113256.0,True,,1165.0,1332.0,167.0,1165.0,1332.0,167.0,unchanged,,,,False,
CAT_0036,36,cathedral,Cathédrale Saint-Pierre,fr,Saintes,45.74452141,-0.632007430930527,1450.0,1568.0,recorded_ce,118.0,118.0,118.0,manual_researched_start_end_correction,high_numeric,12.0,3469.228498420627,8.15168751347177,osm_polygon_area,cathedral surface/footprint proxy,,,True,,700.0,1700.0,1000.0,1450.0,1568.0,118.0,corrected,manual_notes_main_present_or_substantially_preserved_building,high_numeric,"**1450–1568** | Earlier 12th-century fabric remains, but the church was largely rebuilt from 1450 and still unfinished in 1568. ([Wikipedia][34])",False,
CAT_0037,37,cathedral,Basler Münster,ch,Basel,47.5564303,7.592304144,1180.0,1420.0,recorded_ce,240.0,240.0,240.0,openICPSR_duration_enriched,harmonized_recorded_span,249.0,2683.431696,7.894851737967062,original_surface_m2,cathedral surface/footprint proxy,20.0,53668.63392,True,,1180.0,1420.0,240.0,1180.0,1420.0,240.0,unchanged,,,,False,
CAT_0038,38,cathedral,Cattedrale di Santa Maria Assunta,it,Ivrea,45.46809336,7.87527621,800.0,1854.0,recorded_ce,1150.0,1150.0,1150.0,openICPSR_duration_enriched,harmonized_recorded_span,267.0,1713.7663000209725,7.446448742149146,osm_polygon_area,cathedral surface/footprint proxy,,,True,,800.0,1854.0,1150.0,800.0,1854.0,1150.0,unchanged,,,,False,
CAT_0039,39,cathedral,Duomo Antico,it,Milazzo,38.23066198,15.24220669,1607.0,1642.0,recorded_ce,35.0,35.0,35.0,manual_researched_start_end_correction,high_numeric,65.0,1032.361529385671,6.939604203866236,osm_polygon_area,cathedral surface/footprint proxy,,,True,,1607.0,350.0,19.0,1607.0,1642.0,35.0,corrected,manual_notes_main_present_or_substantially_preserved_building,high_numeric,"**1607–1642** | Current `end_year=350` is definitely wrong. Source gives construction from 1607, consecration 1616, final works completed 1642. ([Wikipedia][37])",False,
CAT_0040,40,cathedral,Basilica di San Marco,it,Venezia,45.4345513,12.33981336,1063.0,1094.0,recorded_ce,31.0,31.0,31.0,manual_researched_start_end_correction,high_numeric,14.0,3981.069210461923,8.289305708044354,osm_polygon_area,cathedral surface/footprint proxy,,,True,earliest:risale al doge giovanni soranzo (in carica dal 1312 al 1328) | earliest:risale al doge giovanni soranzo (in carica dal 1312 al 1328) | current_end:dedicata nel 1430,1063.0,1617.0,279.0,1063.0,1094.0,31.0,corrected,manual_notes_main_present_or_substantially_preserved_building,high_numeric,**1063–1094** | Major Contarini church rebuilt from 1063; dedication/relic placement in 1094. Later decoration phases should not extend construction duration to 1617. ([Wikipedia][38]),False,
CAT_0042,42,cathedral,Cattedrale di Santa Maria Matricolare,it,Verona,45.44723792,10.99701725,800.0,1140.0,recorded_ce,687.0,687.0,687.0,openICPSR_duration_enriched,harmonized_recorded_span,64.0,2575.7097824567463,7.853880418787622,osm_polygon_area,cathedral surface/footprint proxy,,,True,earliest:risale al xiii secolo | earliest:risale al xiii secolo | current_end:consacrata nel 1140 dal patriarca di aquileia,800.0,1140.0,687.0,800.0,1140.0,687.0,unchanged,,,,False,
CAT_0043,43,cathedral,Cattedrale di Santa Maria Annunciata,it,Vicenza,45.54632606,11.54391655,700.0,2000.0,recorded_ce,1152.0,1152.0,1152.0,openICPSR_duration_enriched,harmonized_recorded_span,50.0,2993.17685449915,8.004090595481916,osm_polygon_area,cathedral surface/footprint proxy,,,True,,700.0,2000.0,1152.0,700.0,2000.0,1152.0,unchanged,,,,False,
CAT_0044,44,cathedral,Cattedrale di San Romolo,it,Firenze,43.80722559,11.29256965,1028.0,1260.0,recorded_ce,232.0,232.0,232.0,manual_researched_start_end_correction,high_numeric,297.0,1180.8206819044426,7.073964968855796,osm_polygon_area,cathedral surface/footprint proxy,,,True,earliest:risale al 1028 | earliest:risale al 1213 | earliest:risale al 1028 | earliest:risale al 1213,1028.0,1260.0,232.0,1028.0,1260.0,232.0,corrected,manual_notes_main_present_or_substantially_preserved_building,high_numeric,"**1028–1260** | Present cathedral founded in 1028; expanded in the 13th century, with inscriptions around 1201, 1256, and 1260. ([Wikipedia][1])",False,
CAT_0045,45,cathedral,Cathédrale de l'Assomption de Notre-Dame,fr,Senlis,49.20682164,2.586034683,1151.0,1191.0,recorded_ce,40.0,40.0,40.0,openICPSR_duration_enriched,harmonized_recorded_span,80.0,2297.64809,7.739641309171076,original_surface_m2,cathedral surface/footprint proxy,24.0,55143.55416,True,,1151.0,1191.0,40.0,1151.0,1191.0,40.0,unchanged,,,,False,
CAT_0046,46,cathedral,Cathédrale Notre-Dame et Saint-Vaast,fr,Arras (Atrecht),50.29295344,2.77484334,700.0,1435.0,recorded_ce,735.0,735.0,735.0,openICPSR_duration_enriched,harmonized_recorded_span,68.0,4697.404662079993,8.454765435622376,osm_polygon_area,cathedral surface/footprint proxy,,,True,,700.0,1435.0,735.0,700.0,1435.0,735.0,unchanged,,,,False,
CAT_0048,48,cathedral,Cathédrale Notre-Dame,fr,Laon,49.56436229,3.625017193,1135.0,1235.0,recorded_ce,100.0,100.0,100.0,openICPSR_duration_enriched,harmonized_recorded_span,184.0,5016.823922,8.520552327595691,original_surface_m2,cathedral surface/footprint proxy,25.0,125420.59805,True,,1135.0,1235.0,100.0,1135.0,1235.0,100.0,unchanged,,,,False,
CAT_0049,49,cathedral,Cathédrale Notre-Dame,fr,Dax,43.70846093,-1.052983623,1000.0,1300.0,recorded_ce,300.0,300.0,300.0,openICPSR_duration_enriched,harmonized_recorded_span,18.0,2131.4595080345753,7.664562239090538,osm_polygon_area,cathedral surface/footprint proxy,,,True,,1000.0,1300.0,300.0,1000.0,1300.0,300.0,unchanged,,,,False,
CAT_0050,50,cathedral,Salisbury Cathedral,uk,Salisbury,51.06474973,-1.797496434,1220.0,1330.0,recorded_ce,110.0,110.0,110.0,manual_researched_start_end_correction,high_numeric,48.0,5000.0,8.517193191416238,original_surface_m2,cathedral surface/footprint proxy,26.0,130000.0,True,earliest:built in the years after and was consecrated in 1092 | current_end:completed in 1934 | current_end:completed by 1330 | current_end:consecrated in 1092,1092.0,1934.0,138.0,1220.0,1330.0,110.0,corrected,manual_notes_main_present_or_substantially_preserved_building,high_numeric,"**1220–1258** core; **1220–1330** with tower/spire | 1092 is Old Sarum Cathedral, not the present Salisbury Cathedral. Present building foundation stones were laid in 1220; nave/transepts/choir complete by 1258; tower/spire later. ([Wikipedia][7])",False,
CAT_0051,51,cathedral,Cattedrale di Santa Maria Assunta,it,Spoleto,42.73526978,12.74037102,800.0,1800.0,recorded_ce,400.0,400.0,400.0,openICPSR_duration_enriched,harmonized_recorded_span,429.0,3330.8095228471793,8.110970653384591,osm_polygon_area,cathedral surface/footprint proxy,,,True,earliest:risale al ix secolo ed è l'unico elemento rimasto dell'antico edificio altomedievale | earliest:risale al ix secolo ed è l'unico elemento rimasto dell'antico edificio altomedievale,800.0,1800.0,400.0,800.0,1800.0,400.0,unchanged,,,,False,
CAT_0053,53,cathedral,Cattedrale di San Pietro Apostolo,it,Faenza,44.28582573,11.88447447,1474.0,1515.0,recorded_ce,525.0,525.0,525.0,openICPSR_duration_enriched,harmonized_recorded_span,43.0,2537.71060609899,7.839017617383377,osm_polygon_area,cathedral surface/footprint proxy,,,True,,1474.0,1515.0,525.0,1474.0,1515.0,525.0,unchanged,,,,False,
CAT_0054,54,cathedral,Cathédrale Saint-Jean-Baptiste,fr,Aire (Aire-sur-l'Adour),43.70037984,-0.262054284491455,1060.0,1300.0,recorded_ce,240.0,240.0,240.0,openICPSR_duration_enriched,harmonized_recorded_span,86.0,1586.366592,7.369201517982329,original_surface_m2,cathedral surface/footprint proxy,15.0,23795.498880000003,True,,1060.0,1300.0,240.0,1060.0,1300.0,240.0,unchanged,,,,False,
CAT_0055,55,cathedral,Chiesa Cattedrale di Cesena,it,Cesena,44.1374291,12.24544288,1385.0,1404.0,recorded_ce,19.0,19.0,19.0,manual_researched_start_end_correction,high_numeric,48.0,1159.1455677954364,7.055438433205763,osm_polygon_area,cathedral surface/footprint proxy,,,True,,1385.0,2000.0,506.0,1385.0,1404.0,19.0,corrected,manual_notes_main_present_or_substantially_preserved_building,high_numeric,**1385–c. 1404/1405** | Construction started in 1385 and was completed around 1404/1405; 2000 is not a construction end date. ([Wikipedia][11]),False,
CAT_0056,56,cathedral,Hoher Dom St. Martin,de,Mainz,49.99889863,8.273938864,1085.0,1400.0,recorded_ce,315.0,315.0,315.0,openICPSR_duration_enriched,harmonized_recorded_span,97.0,4830.067093,8.48261563744041,original_surface_m2,cathedral surface/footprint proxy,29.0,140071.945697,True,,1085.0,1400.0,315.0,1085.0,1400.0,315.0,unchanged,,,,False,
CAT_0057,57,cathedral,Concattedrale di San Nicola,it,Palmi,38.35952203,15.8488582,1300.0,1932.0,recorded_ce,50.0,50.0,50.0,openICPSR_duration_enriched,harmonized_recorded_span,234.0,1179.4769603814348,7.072826365279617,osm_polygon_area,cathedral surface/footprint proxy,,,True,current_start:attuale chiesa collegiata fu aperta al culto nel 1932 ,1300.0,1932.0,50.0,1300.0,1932.0,50.0,unchanged,,,,False,
CAT_0058,58,cathedral,Duomo di Santa Maria Assunta,it,Montagnana,45.23297821,11.46783625,1431.0,1502.0,recorded_ce,71.0,71.0,71.0,manual_researched_start_end_correction,high_numeric,17.0,1694.903357927571,7.435381002217144,osm_polygon_area,cathedral surface/footprint proxy,,,True,,1000.0,1502.0,502.0,1431.0,1502.0,71.0,corrected,manual_notes_main_present_or_substantially_preserved_building,high_numeric,**1431–1502** | Present church was built between 1431 and 1502. ([Wikipedia][14]),False,
CAT_0059,59,cathedral,Cattedrale di Santa Maria Assunta,it,Aosta,45.7381387,7.318056813,300.0,1848.0,recorded_ce,1220.0,1220.0,1220.0,openICPSR_duration_enriched,harmonized_recorded_span,586.0,1999.5555729777552,7.600680221337879,osm_polygon_area,cathedral surface/footprint proxy,,,True,,300.0,1848.0,1220.0,300.0,1848.0,1220.0,unchanged,,,,False,
CAT_0064,64,cathedral,Cattedrale di Santa Maria Assunta,it,Como,45.81178183,9.083683148,1396.0,1740.0,recorded_ce,719.0,719.0,719.0,openICPSR_duration_enriched,harmonized_recorded_span,215.0,3933.433643262601,8.277268023984853,osm_polygon_area,cathedral surface/footprint proxy,,,True,earliest:risale al xvi secolo | earliest:risale al xvi secolo | current_start:ricostruita nel 1927 | current_end:completata nel 1497 ,1396.0,1740.0,719.0,1396.0,1740.0,719.0,unchanged,,,,False,
CAT_0065,65,cathedral,Cattedrale di Santa Maria e San Giovenale,it,Fossano,44.54919291,7.725682848,1200.0,1300.0,recorded_ce,100.0,100.0,100.0,openICPSR_duration_enriched,harmonized_recorded_span,385.0,1484.176503886818,7.302615354583894,osm_polygon_area,cathedral surface/footprint proxy,,,True,,1200.0,1300.0,100.0,1200.0,1300.0,100.0,unchanged,,,,False,
CAT_0066,66,cathedral,Cattedrale di Santa Maria Assunta,it,Parma,44.80322148,10.33129222,700.0,1178.0,recorded_ce,894.0,894.0,894.0,openICPSR_duration_enriched,harmonized_recorded_span,60.0,3568.8363694346044,8.17999487470435,osm_polygon_area,cathedral surface/footprint proxy,,,True,earliest:risale al 1668 | earliest:risale al '700 [ 19 ] già esistente nel 1420 | earliest:risale al 1668 | earliest:risale al '700 [ 19 ] già esistente nel 1420 | current_end:consacrata nel 1106 | current_end:consacrata nel 1106 da pasquale ii ,700.0,1178.0,894.0,700.0,1178.0,894.0,unchanged,,,,False,
CAT_0067,67,cathedral,Cattedrale di Santo Stefano,it,Prato,43.88184141,11.09809303,1100.0,1400.0,recorded_ce,450.0,450.0,450.0,openICPSR_duration_enriched,harmonized_recorded_span,64.0,1488.0251101182948,7.305205090330154,osm_polygon_area,cathedral surface/footprint proxy,,,True,earliest:risale al 1160 e si inserisce nel prospetto simmetrico del fianco meridionale della chiesa | earliest:risale al 1160 e si inserisce nel prospetto simmetrico del fianco meridionale della chiesa,1100.0,1400.0,450.0,1100.0,1400.0,450.0,unchanged,,,,False,
CAT_0068,68,cathedral,Cattedrale di San Martino,it,Lucca,43.84064992,10.50607897,1000.0,1200.0,recorded_ce,700.0,700.0,700.0,openICPSR_duration_enriched,harmonized_recorded_span,20.0,3542.970742427511,8.17272084697857,osm_polygon_area,cathedral surface/footprint proxy,,,True,earliest:fondata nel 1389 [ 27 ]  | current_end:completata nel 1479 | current_end:consacrata nel 1070 [ 3 ] ,1000.0,1200.0,700.0,1000.0,1200.0,700.0,unchanged,,,,False,
CAT_0070,70,cathedral,Norwich Cathedral,uk,Norwich,52.63161192,1.300962599,1096.0,1145.0,recorded_ce,49.0,49.0,49.0,manual_researched_start_end_correction,high_numeric,12.0,4074.7070267733216,8.312554127820023,osm_polygon_area,cathedral surface/footprint proxy,96.0,,True,earliest:built in the early 14th century | current_end:completed in 1278 | current_end:completed in 1297 but was blown down during a storm in 1362 | current_end:completed in 1278 | current_end:finished in 1485 which is still in place today | current_end:finished in 1430 after the black death had plagued the city | current_end:completed by around 1120 | current_end:completed by 1145,1096.0,1101.0,434.0,1096.0,1145.0,49.0,corrected,manual_notes_main_present_or_substantially_preserved_building,high_numeric,**1096–1145** | Construction began in 1096; entire cathedral completed by 1145. The raw 1101 endpoint is too short. ([Wikipedia][24]),False,
CAT_0072,72,cathedral,Cattedrale di Santa Maria Assunta,it,Frosinone,41.63967986,13.35243705,700.0,1200.0,recorded_ce,500.0,500.0,500.0,openICPSR_duration_enriched,harmonized_recorded_span,274.0,1036.940971987322,6.944030284707122,osm_polygon_area,cathedral surface/footprint proxy,,,True,,700.0,1200.0,500.0,700.0,1200.0,500.0,unchanged,,,,False,
CAT_0073,73,cathedral,Cattedrale di Avellino,it,Avellino,40.91528043,14.79715059,1132.0,1166.0,recorded_ce,34.0,34.0,34.0,manual_researched_start_end_correction,high_numeric,352.0,1855.795558923157,7.526068755836766,osm_polygon_area,cathedral surface/footprint proxy,,,True,,1132.0,1166.0,34.0,1132.0,1166.0,34.0,corrected,manual_notes_main_present_or_substantially_preserved_building,high_numeric,**1132–1166** | Correct for the Romanesque cathedral. ([Wikipedia][27]),False,
CAT_0074,74,cathedral,Cattedrale di San Nicolò,it,Nicosia,37.74772442,14.39830386,1280.0,1300.0,recorded_ce,60.0,60.0,60.0,openICPSR_duration_enriched,harmonized_recorded_span,719.0,1038.0417074512225,6.945091243507462,osm_polygon_area,cathedral surface/footprint proxy,,,True,,1280.0,1300.0,60.0,1280.0,1300.0,60.0,unchanged,,,,False,
CAT_0075,75,cathedral,Dom Peter und Paul,de,Zeitz,51.05064567,12.12626193,900.0,1250.0,recorded_ce,350.0,350.0,350.0,openICPSR_duration_enriched,harmonized_recorded_span,168.0,1620.936852816667,7.390759565280811,osm_polygon_area,cathedral surface/footprint proxy,,,True,,900.0,1250.0,350.0,900.0,1250.0,350.0,unchanged,,,,False,
CAT_0076,76,cathedral,Santa Maria Assunta nella Cattedrale,it,Catanzaro,38.9048436,16.59198874,1121.0,1121.0,recorded_ce,30.0,30.0,30.0,openICPSR_duration_enriched,harmonized_recorded_span,346.0,1128.0497841577744,7.028245565975732,osm_polygon_area,cathedral surface/footprint proxy,42.0,,True,"earliest:la prima cattedrale , eretta nel 1121 in epoca normanna e dedicata da callisto ii a santa maria assunta e agli apostoli pietro e paolo ",1121.0,1121.0,30.0,1121.0,1121.0,30.0,unchanged,,,,False,
CAT_0077,77,cathedral,Cathédrale Notre-Dame de Grâce,fr,Cambrai,50.17213683,3.233409841,1054.0,1703.0,recorded_ce,649.0,649.0,649.0,openICPSR_duration_enriched,harmonized_recorded_span,60.0,2971.3346106450845,7.996766494716609,osm_polygon_area,cathedral surface/footprint proxy,,,True,,1054.0,1703.0,649.0,1054.0,1703.0,649.0,unchanged,,,,False,
CAT_0078,78,cathedral,Cathédrale Notre-Dame de Paris,fr,Paris,48.85297272,2.349910456,1163.0,1345.0,recorded_ce,182.0,182.0,182.0,manual_researched_start_end_correction,high_numeric,38.0,6878.0,8.83608319099221,original_surface_m2,cathedral surface/footprint proxy,35.0,240730.0,True,,1160.0,1345.0,185.0,1163.0,1345.0,182.0,corrected,manual_notes_main_present_or_substantially_preserved_building,high_numeric,**1163–1345** | Construction began in 1163 and was largely completed by 1345. ([Wikipedia][30]),False,
CAT_0079,79,cathedral,Cattedrale di San Michele Arcangelo,it,Caserta,41.07376512,14.33365077,1113.0,1153.0,recorded_ce,187.0,187.0,187.0,openICPSR_duration_enriched,harmonized_recorded_span,76.0,1374.8425507136851,7.226094494972199,osm_polygon_area,cathedral surface/footprint proxy,,,True,,1113.0,1153.0,187.0,1113.0,1153.0,187.0,unchanged,,,,False,
CAT_0081,81,cathedral,Duomo di Crema,it,Crema,45.36316892,9.687249002,1284.0,1341.0,recorded_ce,57.0,57.0,57.0,manual_researched_start_end_correction,high_numeric,86.0,1053.139561320655,6.95953104021846,osm_polygon_area,cathedral surface/footprint proxy,,,True,earliest:risale al 1520 l'allestimento dell'altare della madonna della misericordia | earliest:risale al periodo a cavallo tra xiii e xiv secolo e pur essendo parte integrante della chiesa | earliest:risale al 1448 nel pieno delle contese tra guelfi e ghibellini  | earliest:risale al 1520 l'allestimento dell'altare della madonna della misericordia | earliest:risale al periodo a cavallo tra xiii e xiv secolo e pur essendo parte integrante della chiesa | earliest:risale al 1448 nel pieno delle contese tra guelfi e ghibellini ,1284.0,1341.0,890.0,1284.0,1341.0,57.0,corrected,manual_notes_main_present_or_substantially_preserved_building,high_numeric,**1284–1341** | The raw dates look plausible; source confirms major construction progress in early 14th century and façade fresco by 1345. ([Wikipedia][33]),False,
CAT_0082,82,cathedral,Dom St. Stephanus und St. Sixtus,de,Halberstadt,51.89606919,11.04893633,1236.0,1491.0,recorded_ce,255.0,255.0,255.0,manual_researched_start_end_correction,high_numeric,121.0,2800.0,7.937374696163295,original_surface_m2,cathedral surface/footprint proxy,27.0,75600.0,True,,1236.0,1491.0,255.0,1236.0,1491.0,255.0,corrected,manual_notes_main_present_or_substantially_preserved_building,high_numeric,**1236–1491** | Correct. Present Gothic cathedral was built 1236–1491. ([Wikipedia][34]),False,
CAT_0083,83,cathedral,Cattedrale di San Lorenzo,it,Tivoli,41.96565391,12.79710268,1000.0,1700.0,recorded_ce,830.0,830.0,830.0,openICPSR_duration_enriched,harmonized_recorded_span,217.0,1545.8477036235854,7.34332771434901,osm_polygon_area,cathedral surface/footprint proxy,,,True,earliest:risale alla prima metà del xix secolo  | current_start:ricostruita in forme romaniche a tre navate tra l' xi e il xii secolo ,1000.0,1700.0,830.0,1000.0,1700.0,830.0,unchanged,,,,False,
CAT_0085,85,cathedral,Cattedrale di San Lorenzo,it,Amalfi,40.65351097,14.60820539,987.0,1900.0,recorded_ce,275.0,275.0,275.0,openICPSR_duration_enriched,harmonized_recorded_span,390.0,1190.7849947852085,7.082368028109263,osm_polygon_area,cathedral surface/footprint proxy,,,True,,987.0,1900.0,275.0,987.0,1900.0,275.0,unchanged,,,,False,
CAT_0086,86,cathedral,Cattedrale di Santa Maria Assunta,it,Melfi,40.99679819,15.65857072,1076.0,1770.0,recorded_ce,77.0,77.0,77.0,openICPSR_duration_enriched,harmonized_recorded_span,545.0,1368.7269013896585,7.221636317725362,osm_polygon_area,cathedral surface/footprint proxy,,,True,earliest:risale al 1770  | earliest:risale al 1770 ,1076.0,1770.0,77.0,1076.0,1770.0,77.0,unchanged,,,,False,
CAT_0087,87,cathedral,Cathédrale de Sion,ch,Sion,46.23401379,7.3592436,700.0,1520.0,recorded_ce,820.0,820.0,820.0,openICPSR_duration_enriched,harmonized_recorded_span,525.0,1665.9173920825124,7.418131236913106,osm_polygon_area,cathedral surface/footprint proxy,,,True,,700.0,1520.0,820.0,700.0,1520.0,820.0,kept_no_numeric_correction,,broad_or_no_numeric,"**15th–16th c.** | Romanesque tower survives, but visible late Gothic fabric and north transept/portal belong mainly to 15th–16th-century campaigns. ([Wikipedia][19])",False,
CAT_0088,88,cathedral,Cattedrale dei Santi Erasmo e Marciano e di Santa Maria Assunta,it,Gaeta,41.20886192,13.58689047,1100.0,1950.0,recorded_ce,556.0,556.0,556.0,openICPSR_duration_enriched,harmonized_recorded_span,9.0,1502.606667063199,7.314956656943185,osm_polygon_area,cathedral surface/footprint proxy,,,True,earliest:risale alla metà del xviii secolo ed è attribuibile all'artista napoletano ferdinando sanfelice o al suo collaboratore giuseppe astarita  | earliest:risale alla fine del xiv secolo -inizi del xv e si presenta in cattive condizioni di conservazione | current_end:completata nel 1950 con la realizzazione del rosone cieco marmoreo | current_end:completata nel 1689  | current_end:consacrata nel 1597 ,1100.0,1950.0,556.0,1100.0,1950.0,556.0,unchanged,,,,False,
CAT_0089,89,cathedral,St. Petri-Dom,de,Bremen,53.07548416,8.809108788,1041.0,1253.0,recorded_ce,212.0,212.0,212.0,manual_researched_start_end_correction,high_numeric,21.0,3447.386453492196,8.145371673227219,osm_polygon_area,cathedral surface/footprint proxy,98.0,,True,,785.0,1102.0,317.0,1041.0,1253.0,212.0,corrected,manual_notes_main_present_or_substantially_preserved_building,high_numeric,"**1041–1253** | Earlier foundations exist, but the main medieval building/towers developed from the 11th century through west towers in 1215–1253. ([Wikipedia][3])",False,
CAT_0090,90,cathedral,The Cathedral Church of Christ and the Blessed Mary the Virgin of Worcester,uk,Worcester,52.18864387,-2.220864791,680.0,2008.0,recorded_ce,674.0,674.0,674.0,openICPSR_duration_enriched,harmonized_recorded_span,25.0,3908.391130495183,8.270881092723426,osm_polygon_area,cathedral surface/footprint proxy,,,True,earliest:was founded in 680 | earliest:was founded in 680 | current_end:completed in 1374 | current_end:completed in the summer of 2008,680.0,2008.0,674.0,680.0,2008.0,674.0,unchanged,,,,False,
CAT_0092,92,cathedral,Duomo di Arezzo,it,Arezzo,43.46705209,11.8834402,1277.0,1511.0,recorded_ce,234.0,234.0,234.0,manual_researched_start_end_correction,high_numeric,298.0,3225.2080897577107,8.07875275110417,osm_polygon_area,cathedral surface/footprint proxy,,,True,earliest:dates to the 13th century,1200.0,1511.0,233.0,1277.0,1511.0,234.0,corrected,manual_notes_main_present_or_substantially_preserved_building,high_numeric,**1277/1278–1511** | Present structure began in 1277/1278 and ended in 1511; façade is later and should not count. ([Wikipedia][6]),False,
CAT_0093,93,cathedral,Dom zu Meißen,de,Meissen,51.16621207,13.47146001,1260.0,1410.0,recorded_ce,150.0,150.0,150.0,manual_researched_start_end_correction,high_numeric,131.0,1972.995572288899,7.5873082618685,osm_polygon_area,cathedral surface/footprint proxy,81.0,,True,,970.0,1410.0,440.0,1260.0,1410.0,150.0,corrected,manual_notes_main_present_or_substantially_preserved_building,high_numeric,**1260–1410** | Present Gothic hall church was built 1260–1410; 970 belongs to bishopric/site history. ([Wikipedia][7]),False,
CAT_0095,95,cathedral,Cattedrale di Sancta Maria de Episcopio,it,"Benevento (Benevent, Bénévent)",41.13151604,14.77434375,600.0,2000.0,recorded_ce,873.0,873.0,873.0,openICPSR_duration_enriched,harmonized_recorded_span,144.0,2686.728813106194,7.896079677994141,osm_polygon_area,cathedral surface/footprint proxy,,,True,earliest:risale alla fine del xiii secolo ,600.0,2000.0,873.0,600.0,2000.0,873.0,unchanged,,,,False,
CAT_0097,97,cathedral,Cattedrale di Santa Maria Assunta,it,Pisa,43.72328668,10.39573267,1064.0,1092.0,recorded_ce,120.0,120.0,120.0,openICPSR_duration_enriched,harmonized_recorded_span,8.0,4057.0,8.308199063206446,original_surface_m2,cathedral surface/footprint proxy,,,True,current_end:consacrata nel 1118 dal papa gelasio ii ,1064.0,1092.0,120.0,1064.0,1092.0,120.0,unchanged,,,,False,
CAT_0098,98,cathedral,Magdeburger Dom,de,Magdeburg,52.12464594,11.63471199,1209.0,1520.0,recorded_ce,311.0,311.0,311.0,manual_researched_start_end_correction,high_numeric,61.0,4629.64038,8.440234472357414,original_surface_m2,cathedral surface/footprint proxy,32.0,148148.49216,True,,1209.0,1520.0,311.0,1209.0,1520.0,311.0,corrected,manual_notes_main_present_or_substantially_preserved_building,high_numeric,**1209–1520** | Correct. Current cathedral began in 1209 and was completed with the towers in 1520. ([Wikipedia][10]),False,
CAT_0099,99,cathedral,Cattedrale di San Gerlando,it,Agrigento,37.31400549,13.57641155,1093.0,1305.0,recorded_ce,212.0,212.0,212.0,manual_researched_start_end_correction,high_numeric,325.0,3151.354961305973,8.055587785779558,osm_polygon_area,cathedral surface/footprint proxy,,,True,earliest:fondata nel 1591 ,1100.0,1700.0,173.0,1093.0,1305.0,212.0,corrected,manual_notes_main_present_or_substantially_preserved_building,high_numeric,**c. 1093/1099–1305** | Norman foundation/consecration in 1099; later rebuilding under Bishop Bertaldo in 1305 is a better medieval endpoint than 1700. ([Wikipedia][11]),False,
CAT_0100,100,cathedral,Cattedrale dei Santi Mariano e Giacomo,it,Gubbio,43.35367967,12.58008728,1194.0,1350.0,recorded_ce,640.0,640.0,640.0,openICPSR_duration_enriched,harmonized_recorded_span,549.0,1586.7597758211195,7.369449339075822,osm_polygon_area,cathedral surface/footprint proxy,,,True,,1194.0,1350.0,640.0,1194.0,1350.0,640.0,unchanged,,,,False,
CAT_0101,101,cathedral,Basilica Cattedrale di Santa Maria Assunta e San Berardo,it,Teramo,42.65861938,13.70335049,1158.0,1493.0,recorded_ce,177.0,177.0,177.0,openICPSR_duration_enriched,harmonized_recorded_span,277.0,2156.8843267108314,7.676420018020644,osm_polygon_area,cathedral surface/footprint proxy,,,True,earliest:risale al ad un restauro del 1734  | earliest:risale al ad un restauro del 1734  | current_end:consacrata nel 1176 ,1158.0,1493.0,177.0,1158.0,1493.0,177.0,unchanged,,,,False,
CAT_0103,103,cathedral,Dom,de,"Luebeck (Lübeck), see also Old-Luebeck",53.86089854,10.68572755,1173.0,1335.0,recorded_ce,162.0,162.0,162.0,manual_researched_start_end_correction,high_numeric,13.0,4955.203619246095,8.508193539612217,osm_polygon_area,cathedral surface/footprint proxy,115.0,,True,,1173.0,1400.0,227.0,1173.0,1335.0,162.0,corrected,manual_notes_main_present_or_substantially_preserved_building,high_numeric,"**1173–1335** | Started 1173, Romanesque completed c.1230, Gothic conversion completed 1335. ([Wikipedia][14])",False,
CAT_0104,104,cathedral,Lincoln Cathedral,uk,Lincoln,53.23440945,-0.536172646502425,1072.0,1311.0,recorded_ce,239.0,239.0,239.0,manual_researched_start_end_correction,high_numeric,78.0,6000.0,8.699514748210191,original_surface_m2,cathedral surface/footprint proxy,25.0,150000.0,True,current_end:completed in 1092 | current_end:completed in 1235 | current_end:completed by the end of august 2005,1072.0,1092.0,138.0,1072.0,1311.0,239.0,corrected,manual_notes_main_present_or_substantially_preserved_building,high_numeric,"**1072–1311/1316** | Original Norman build finished 1092, but present medieval cathedral includes major post-1185 rebuilding; use broad medieval phase if keeping. ([Wikipedia][15])",False,
CAT_0106,106,cathedral,Dom St. Stephan,de,Passau,48.57422224,13.46542622,1668.0,1693.0,recorded_ce,25.0,25.0,25.0,manual_researched_start_end_correction,high_numeric,315.0,3806.6457819917705,8.244503708184924,osm_polygon_area,cathedral surface/footprint proxy,,,True,,720.0,1598.0,878.0,1668.0,1693.0,25.0,corrected,manual_notes_main_present_or_substantially_preserved_building,high_numeric,**1668–1693** | Current Baroque cathedral was built after the 1662 fire from 1668 to 1693; raw dates reflect earlier churches. ([Wikipedia][16]),False,
CAT_0107,107,cathedral,Basilica di San Lorenzo,it,Firenze,43.77487741,11.25403059,1419.0,1459.0,recorded_ce,40.0,40.0,40.0,manual_researched_start_end_correction,high_numeric,63.0,3564.452265045169,8.178765678700632,osm_polygon_area,cathedral surface/footprint proxy,,,True,earliest:risale alla sistemazione che ne fece gaetano baccani nel 1860 dopo la parziale demolizione settecentesca,1059.0,1461.0,1140.0,1419.0,1459.0,40.0,corrected,manual_notes_main_present_or_substantially_preserved_building,high_numeric,**1419–1459** | Current Renaissance basilica began around 1419 and was largely complete by 1459. ([Wikipedia][17]),False,
CAT_0108,108,cathedral,Cathédrale Saint-Julien,fr,Le Mans,48.00923064,0.198739359727441,1060.0,1430.0,recorded_ce,370.0,370.0,370.0,manual_researched_start_end_correction,high_numeric,84.0,5118.50101,8.54061690368324,original_surface_m2,cathedral surface/footprint proxy,33.0,168910.53333,True,,1139.0,1423.0,284.0,1060.0,1430.0,370.0,corrected,manual_notes_main_present_or_substantially_preserved_building,high_numeric,**1060–1430** | Present fabric combines Romanesque rebuilding from c.1060/consecrated 1120 and later Gothic work culminating around 1430. ([Wikipedia][18]),False,
CAT_0109,109,cathedral,Duomo,it,Ravenna,44.41535017,12.19701801,350.0,1745.0,recorded_ce,5.0,5.0,5.0,openICPSR_duration_enriched,harmonized_recorded_span,4.0,3999.891264399572,8.294022455832431,osm_polygon_area,cathedral surface/footprint proxy,35.17,,True,earliest:risale al 1701 ed è sormontato da un crocifisso ligneo policromo | earliest:risale al 1701 ed è sormontato da un crocifisso ligneo policromo | earliest:fondata nel 350 circa) e della basilica c di nicopoli ,350.0,1745.0,5.0,350.0,1745.0,5.0,kept_no_numeric_correction,,broad_or_no_numeric,**early 5th c.; 18th c. rebuild** | Original cathedral was early 5th century; current Baroque cathedral is 18th-century rebuild. Keep only with explicit phase decision. ([Wikipedia][19]),False,
CAT_0110,110,cathedral,Concattedrale dell'Immacolata Concezione,it,Bosa,40.29509398,8.503984774,1700.0,1809.0,recorded_ce,400.0,400.0,400.0,openICPSR_duration_enriched,harmonized_recorded_span,6.0,1528.6670657464128,7.332151435813648,osm_polygon_area,cathedral surface/footprint proxy,,,True,earliest:risale alla seconda metà del 1700 | current_end:consacrata nel luglio 1809 ,1700.0,1809.0,400.0,1700.0,1809.0,400.0,unchanged,,,,False,
CAT_0111,111,cathedral,Schweriner Dom St. Maria und St. Johannes,de,Schwerin,53.62969693,11.41455673,1171.0,1246.0,recorded_ce,75.0,75.0,75.0,openICPSR_duration_enriched,harmonized_recorded_span,47.0,3200.0,8.070906088787819,original_surface_m2,cathedral surface/footprint proxy,27.0,86400.0,True,,1171.0,1246.0,75.0,1171.0,1246.0,75.0,unchanged,,,,False,
CAT_0112,112,cathedral,Dom,de,Paderborn,51.7189637,8.755867056,800.0,1250.0,recorded_ce,450.0,450.0,450.0,openICPSR_duration_enriched,harmonized_recorded_span,115.0,3907.903845333232,8.27075640828813,osm_polygon_area,cathedral surface/footprint proxy,93.0,,True,,800.0,1250.0,450.0,800.0,1250.0,450.0,kept_no_numeric_correction,,broad_or_no_numeric,**before 1220–late 13th c.** | Current cathedral began before 1220 and was completed in the late 13th century; earlier Charlemagne-era churches are previous structures. ([Wikipedia][22]),False,
CAT_0113,113,cathedral,Cathédrale Notre-Dame de Lausanne,ch,Lausanne,46.52257834,6.635352703,600.0,1268.0,recorded_ce,668.0,668.0,668.0,openICPSR_duration_enriched,harmonized_recorded_span,510.0,2820.6482151958626,7.944722001062215,osm_polygon_area,cathedral surface/footprint proxy,79.6,,True,,600.0,1268.0,668.0,600.0,1268.0,668.0,unchanged,,,,False,
CAT_0114,114,cathedral,Cathédrale Sainte-Cécile d'Albi,fr,Albi,43.92847901,2.142615086,850.0,1397.0,recorded_ce,547.0,547.0,547.0,openICPSR_duration_enriched,harmonized_recorded_span,179.0,4322.34509897024,8.371553380933884,osm_polygon_area,cathedral surface/footprint proxy,78.0,,True,,850.0,1397.0,547.0,850.0,1397.0,547.0,unchanged,,,,False,
CAT_0115,115,cathedral,Kiliansdom,de,Wuerzburg(Würzburg),49.79340745,9.932402137,1040.0,1075.0,recorded_ce,35.0,35.0,35.0,manual_researched_start_end_correction,high_numeric,181.0,3994.24703557248,8.292610363733651,osm_polygon_area,cathedral surface/footprint proxy,,,True,,750.0,1075.0,325.0,1040.0,1075.0,35.0,corrected,manual_notes_main_present_or_substantially_preserved_building,high_numeric,"**1040–1075/1187** | Present cathedral built from 1040, completed 1075, consecrated 1187 after later rebuilding. ([Wikipedia][25])",False,
CAT_0116,116,cathedral,Dom zu Speyer,de,Speyer,49.31722054,8.442451828,1030.0,1106.0,recorded_ce,76.0,76.0,76.0,manual_researched_start_end_correction,high_numeric,107.0,6017.28005,8.702390617265058,original_surface_m2,cathedral surface/footprint proxy,33.0,198570.24165,True,,1030.0,1106.0,76.0,1030.0,1106.0,76.0,corrected,manual_notes_main_present_or_substantially_preserved_building,high_numeric,**1030–1106** | Keep: Speyer I consecrated 1061; Henry IV’s reconstruction c.1090–1106. ([Wikipedia][26]),False,
CAT_0117,117,cathedral,Cathédrale de la Major,fr,Marseille,43.29981417,5.364907138,700.0,1200.0,recorded_ce,500.0,500.0,500.0,openICPSR_duration_enriched,harmonized_recorded_span,23.0,868.6707541297656,6.766964174450467,osm_polygon_area,cathedral surface/footprint proxy,,,True,,700.0,1200.0,500.0,700.0,1200.0,500.0,kept_no_numeric_correction,,broad_or_no_numeric,**12th c. old cathedral** | Old cathedral remnants are 12th-century Romanesque; new cathedral is 1852–1896 and should be separate. ([Wikipedia][27]),False,
CAT_0118,118,cathedral,Basilique Saint-Nazaire,fr,Carcassonne,43.2052531,2.362885391,700.0,1329.0,recorded_ce,629.0,629.0,629.0,openICPSR_duration_enriched,harmonized_recorded_span,151.0,1760.224249019484,7.473196494131312,osm_polygon_area,cathedral surface/footprint proxy,,,True,,700.0,1329.0,629.0,700.0,1329.0,629.0,kept_no_numeric_correction,,broad_or_no_numeric,"**1096–early 14th c.** | Materials blessed in 1096, Romanesque completed first half of 12th c., Gothic reconstruction at end of 13th c. ([Wikipedia][28])",False,
CAT_0119,119,cathedral,Dom Sankt Peter,de,Osnabrueck (Osnabrück),52.27741082,8.044916761,770.0,1500.0,recorded_ce,730.0,730.0,730.0,openICPSR_duration_enriched,harmonized_recorded_span,69.0,2922.004233597887,7.980025041179508,osm_polygon_area,cathedral surface/footprint proxy,,,True,,770.0,1500.0,730.0,770.0,1500.0,730.0,kept_no_numeric_correction,,broad_or_no_numeric,"**c. 1100–13th c.** | Present version developed gradually after fire around 1100, with major 11th–13th-century phases. ([Wikipedia][29])",False,
CAT_0120,120,cathedral,Cathédrale Saint-Dié,fr,St Die (Saint-Dié-des-Vosges),48.28903153,6.950773793,700.0,1800.0,recorded_ce,1100.0,1100.0,1100.0,openICPSR_duration_enriched,harmonized_recorded_span,344.0,2040.7940130404604,7.621094233189655,osm_polygon_area,cathedral surface/footprint proxy,,,True,,700.0,1800.0,1100.0,700.0,1800.0,1100.0,kept_no_numeric_correction,,broad_or_no_numeric,**12th–13th c.** | Current fabric includes Romanesque nave and Gothic choir with 13th-century cloister; earlier monastery is foundation history. ([Wikipedia][30]),False,
CAT_0121,121,cathedral,Cathédrale Saint-Pierre,fr,Montpellier,43.61332756,3.874032697,1364.0,1368.0,recorded_ce,4.0,4.0,4.0,openICPSR_duration_enriched,harmonized_recorded_span,43.0,3496.2075375856657,8.159434099311396,osm_polygon_area,cathedral surface/footprint proxy,,,True,,1364.0,1368.0,4.0,1364.0,1368.0,4.0,kept_no_numeric_correction,,broad_or_no_numeric,"**1364–17th c. rebuild** | Founded as monastery church in 1364, later damaged and rebuilt in the 17th century. The 4-year raw duration is too narrow. ([Wikipedia][31])",False,
CAT_0122,122,cathedral,Dom zu Eichstätt,de,Eichstaett (Eichstätt),48.89185084,11.18349665,740.0,1400.0,recorded_ce,660.0,660.0,660.0,openICPSR_duration_enriched,harmonized_recorded_span,397.0,3002.582120398991,8.007227904254217,osm_polygon_area,cathedral surface/footprint proxy,,,True,,740.0,1400.0,660.0,740.0,1400.0,660.0,kept_no_numeric_correction,,broad_or_no_numeric,**11th c.–14th c.** | Current building is essentially 11th-century with significant medieval fabric; bells/fabric show 13th–14th-century elements. ([Wikipedia][32]),False,
CAT_0123,123,cathedral,Cattedrale di Santa Maria Assunta,it,Saluzzo,44.64486196,7.493203537,1491.0,1501.0,recorded_ce,10.0,10.0,10.0,openICPSR_duration_enriched,harmonized_recorded_span,355.0,3067.6326918210834,8.028661432966882,osm_polygon_area,cathedral surface/footprint proxy,,,True,,1491.0,1501.0,10.0,1491.0,1501.0,10.0,unchanged,,,,False,
CAT_0124,124,cathedral,Basilica Sancti Petri,it,Roma,41.90215364,12.45374037,1506.0,1626.0,recorded_ce,120.0,120.0,120.0,manual_researched_start_end_correction,high_numeric,52.0,22183.087646974935,10.00708545982597,osm_polygon_area,cathedral surface/footprint proxy,136.6,,True,earliest:built in the fourth century by roman emperor constantine the great  | current_end:completed in 537 | current_end:finished in 1615,300.0,1626.0,35.0,1506.0,1626.0,120.0,corrected,manual_notes_main_present_or_substantially_preserved_building,high_numeric,"**1506–1626** | Use present basilica, not Old St Peter’s. Current basilica began 1506 and was completed/consecrated 1626. ([Wikipedia][34])",False,
CAT_0127,127,cathedral,Canterbury Cathedral,uk,Canterbury,51.27990168,1.082770845,1070.0,1500.0,recorded_ce,430.0,430.0,430.0,manual_researched_start_end_correction,medium_broad_or_phase_choice,20.0,6402.355287,8.76442121524112,original_surface_m2,cathedral surface/footprint proxy,27.0,172863.592749,True,earliest:was founded in 597 but was completely rebuilt between 1070 and 1077 | earliest:was founded in 2014 and their first performance was at evensong that january | earliest:built in the gothic style following a fire in 1174 | current_start:rebuilt in the gothic style following a fire in 1174 | current_end:completed in 1184 | current_end:dedicated in 1077,597.0,1834.0,350.0,1070.0,1500.0,430.0,corrected,manual_notes_main_present_or_substantially_preserved_building,medium_broad_or_phase_choice,"**1070–1126**, or **1070–1500s broad** | Present Norman rebuild began 1070 and major east-end work completed 1126; later Gothic rebuilding can be a broader medieval phase. ([Wikipedia][35])",False,
CAT_0128,128,cathedral,Exeter Cathedral,uk,Exeter,50.72249727,-3.529816828,1112.0,1342.0,recorded_ce,230.0,230.0,230.0,manual_researched_start_end_correction,high_numeric,41.0,3810.278425,8.245457542878542,original_surface_m2,cathedral surface/footprint proxy,21.0,80015.846925,True,current_end:consecrated in 1133,1112.0,1133.0,247.0,1112.0,1342.0,230.0,corrected,manual_notes_main_present_or_substantially_preserved_building,high_numeric,"**1112–1342/1414** | Norman cathedral began 1112; Gothic rebuilding and west/nave work continued into 14th century, cloister to 1414. ([Wikipedia][36])",False,
CAT_0130,130,cathedral,Cathédrale Saint-Pierre-et-Saint-Paul,fr,Nantes,47.21837708,-1.550192363,1430.0,1536.0,recorded_ce,106.0,106.0,106.0,openICPSR_duration_enriched,harmonized_recorded_span,25.0,4435.139866,8.397314431112243,original_surface_m2,cathedral surface/footprint proxy,38.0,168535.31490800003,True,,1430.0,1536.0,106.0,1430.0,1536.0,106.0,unchanged,,,,False,
CAT_0131,131,cathedral,Cattedrale Madonna del Ponte,it,Lanciano,42.23060753,14.39117524,1300.0,1819.0,recorded_ce,100.0,100.0,100.0,openICPSR_duration_enriched,harmonized_recorded_span,274.0,1408.9406863751356,7.250593414756494,osm_polygon_area,cathedral surface/footprint proxy,,,True,earliest:risale al xiv secolo circa | earliest:risale al xiv secolo circa,1300.0,1819.0,100.0,1300.0,1819.0,100.0,unchanged,,,,False,
CAT_0132,132,cathedral,Cattedrale di San Nicola,it,Sassari,40.72672463,8.558452198,1100.0,1800.0,recorded_ce,700.0,700.0,700.0,openICPSR_duration_enriched,harmonized_recorded_span,209.0,1717.5656322087743,7.448663237170611,osm_polygon_area,cathedral surface/footprint proxy,,,True,current_start:ricostruita nel xiii secolo in stile romanico pisano ,1100.0,1800.0,700.0,1100.0,1800.0,700.0,unchanged,,,,False,
CAT_0133,133,cathedral,Duomo Di Modena,it,Modena,44.64631015,10.92554413,1099.0,1319.0,recorded_ce,220.0,220.0,220.0,manual_researched_start_end_correction,high_numeric,43.0,12000.0,9.392661928770137,original_surface_m2,cathedral surface/footprint proxy,,,True,,1099.0,1389.0,1055.0,1099.0,1319.0,220.0,corrected,manual_notes_main_present_or_substantially_preserved_building,high_numeric,**1099–1319** | Built from 1099; consecrated 1184; completed 1319. ([Wikipedia][40]),False,
CAT_0134,134,cathedral,York Minster,uk,York,53.9622666,-1.08205172,1220.0,1472.0,recorded_ce,252.0,252.0,252.0,manual_researched_start_end_correction,high_numeric,25.0,7000.0,8.85366542803745,original_surface_m2,cathedral surface/footprint proxy,30.0,210000.0,True,earliest:dates back to the 12th century and much of the glass (white or coloured) came from germany | earliest:was founded in 627 by paulinus of york  | current_end:completed in 637 by oswald and was dedicated to saint peter  | current_end:completed in 1988 for £2 | current_end:completed in 2018 | current_end:completed in 1472 | current_end:completed in 1880 | current_end:completed in 1988 | current_end:completed in 2018 | current_end:completed in september 2017 and they were re-installed between november 2017 and january 2018 | current_end:consecrated in 1472,627.0,1472.0,252.0,1220.0,1472.0,252.0,corrected,manual_notes_main_present_or_substantially_preserved_building,high_numeric,"**1220–1472** | Use Gothic minster, not early foundation. Gothic work began 1220 and cathedral was declared complete/consecrated in 1472. ([Wikipedia][41])",False,
CAT_0135,135,cathedral,Dom Sankt Peter und Paul,de,Naumburg (Naumburg (Saale)),51.1545909,11.80387905,1029.0,1044.0,recorded_ce,15.0,15.0,15.0,manual_researched_start_end_correction,high_numeric,128.0,2799.4416644360026,7.937175270720793,osm_polygon_area,cathedral surface/footprint proxy,,,True,,1029.0,1242.0,213.0,1029.0,1044.0,15.0,corrected,manual_notes_main_present_or_substantially_preserved_building,high_numeric,"**1210–1330**, or **1029–1044 early core** | Present famous late Romanesque/Gothic building mostly from c.1210 onward, with east choir around 1330. ([Wikipedia][42])",False,
CAT_0136,136,cathedral,Basilica Cattedrale di Santa Maria Assunta,it,Lodi,45.31433191,9.503226044,1158.0,1284.0,recorded_ce,126.0,126.0,126.0,openICPSR_duration_enriched,harmonized_recorded_span,86.0,2175.412165933987,7.684973427148473,osm_polygon_area,cathedral surface/footprint proxy,,,True,earliest:risale al periodo compreso tra il 1158 ed il 1163  | earliest:risale al periodo compreso tra il 1158 ed il 1163 ,1158.0,1284.0,126.0,1158.0,1284.0,126.0,unchanged,,,,False,
CAT_0138,138,cathedral,Cattedrale di Maria Santissima Achiropita,it,Rossano,39.57503507,16.63555386,800.0,1100.0,recorded_ce,100.0,100.0,100.0,openICPSR_duration_enriched,harmonized_recorded_span,240.0,1191.311609721393,7.0828101721799674,osm_polygon_area,cathedral surface/footprint proxy,,,True,,800.0,1100.0,100.0,800.0,1100.0,100.0,unchanged,,,,False,
CAT_0139,139,cathedral,Cattedrale San Pietro Apostolo,it,Isernia,41.58992632,14.22669063,1349.0,1900.0,recorded_ce,1000.0,1000.0,1000.0,openICPSR_duration_enriched,harmonized_recorded_span,430.0,973.0113656912,6.880395763198152,osm_polygon_area,cathedral surface/footprint proxy,,,True,earliest:risale al 2002 e mette in evidenza gli scavi ritrovati sotto l'edificio | earliest:risale al 2002 e mette in evidenza gli scavi ritrovati sotto l'edificio,1349.0,1900.0,1000.0,1349.0,1900.0,1000.0,unchanged,,,,False,
CAT_0140,140,cathedral,Cathédrale Saint-Pierre,fr,Rennes,48.11157595,-1.683382087,700.0,1200.0,recorded_ce,500.0,500.0,500.0,openICPSR_duration_enriched,harmonized_recorded_span,39.0,3223.766937999346,8.078305811311056,osm_polygon_area,cathedral surface/footprint proxy,,,True,,700.0,1200.0,500.0,700.0,1200.0,500.0,unchanged,,,,False,
CAT_0141,141,cathedral,Cattedrale di Maria Santissima delle Vittorie,it,Piazza Armerina,37.38480567,14.36427847,1604.0,1719.0,recorded_ce,115.0,115.0,115.0,manual_researched_start_end_correction,high_numeric,721.0,2145.7669194376795,7.671252305659951,osm_polygon_area,cathedral surface/footprint proxy,,,True,earliest:risale al xv secolo ed è quello di una precedente chiesa  | earliest:risale al xv secolo ed è quello di una precedente chiesa  | current_end:completata nel 1719 ,1400.0,1719.0,420.0,1604.0,1719.0,115.0,corrected,manual_notes_main_present_or_substantially_preserved_building,high_numeric,**1604–1719** | Present cathedral began 1604 and ended 1719; dome added 1768 but not needed as construction endpoint. ([Wikipedia][46]),False,
CAT_0142,142,cathedral,Cattedrale di Santa Maria Assunta,it,Novara,45.44566096,8.619879249,1400.0,1869.0,recorded_ce,970.0,970.0,970.0,openICPSR_duration_enriched,harmonized_recorded_span,166.0,2193.709167690038,7.693349074022166,osm_polygon_area,cathedral surface/footprint proxy,,,True,earliest:risale alla fine del xv secolo ed è composto da un quadriportico con eleganti archi ogivali,1400.0,1869.0,970.0,1400.0,1869.0,970.0,unchanged,,,,False,
CAT_0143,143,cathedral,Cattedrale di San Vigilio,it,Trento,46.06691042,11.12154559,1212.0,1687.0,recorded_ce,821.0,821.0,821.0,openICPSR_duration_enriched,harmonized_recorded_span,203.0,2060.4591445946135,7.630684122673834,osm_polygon_area,cathedral surface/footprint proxy,,,True,current_end:ultimata nel 1687 | current_end:completata nel 1515,1212.0,1687.0,821.0,1212.0,1687.0,821.0,unchanged,,,,False,
CAT_0144,144,cathedral,Cathédrale Notre-Dame,fr,Amiens,49.89458592,2.302071201,1220.0,1499.0,recorded_ce,279.0,279.0,279.0,openICPSR_duration_enriched,harmonized_recorded_span,42.0,7215.0,8.88391747120797,original_surface_m2,cathedral surface/footprint proxy,42.0,303030.0,True,,1220.0,1499.0,279.0,1220.0,1499.0,279.0,unchanged,,,,False,
CAT_0145,145,cathedral,Cattedrale di San Bartolomeo,it,Patti,38.13817308,14.96401396,1094.0,1094.0,recorded_ce,12.0,12.0,12.0,openICPSR_duration_enriched,harmonized_recorded_span,135.0,1050.184164490085,6.9567208225241695,osm_polygon_area,cathedral surface/footprint proxy,,,True,earliest:risale al 1094 per volontà del conte ruggero del casato d' altavilla  | earliest:risale al 1094 per volontà del conte ruggero del casato d' altavilla ,1094.0,1094.0,12.0,1094.0,1094.0,12.0,unchanged,,,,False,
CAT_0146,146,cathedral,Duomo vecchio,it,Brescia,45.5382136,10.22172832,900.0,1200.0,recorded_ce,599.0,599.0,599.0,openICPSR_duration_enriched,harmonized_recorded_span,164.0,3960.318660565652,8.284079770850813,osm_polygon_area,cathedral surface/footprint proxy,,,True,earliest:risale al 1572 e | earliest:risale al 1572 e,900.0,1200.0,599.0,900.0,1200.0,599.0,kept_no_numeric_correction,,broad_or_no_numeric,**c. 1100–12th c.** | Earliest documents state construction began about 1100 on a prior church. ([Wikipedia][51]),False,
CAT_0147,147,cathedral,Chiesa di Santa Maria Maggiore e San Leoluca,it,Vibo Valentia,38.6773114,16.10704695,800.0,1723.0,recorded_ce,923.0,923.0,923.0,openICPSR_duration_enriched,harmonized_recorded_span,485.0,1602.66004152596,7.379420053715153,osm_polygon_area,cathedral surface/footprint proxy,,,True,current_start:l'attuale chiesa principale di vibo valentia sorge dove esisteva anticamente una cattedrale bizantina probabilmente del ix secolo  | current_start:attuale chiesa principale di vibo valentia sorge dove esisteva anticamente una cattedrale bizantina probabilmente del ix secolo ,800.0,1723.0,923.0,800.0,1723.0,923.0,kept_no_numeric_correction,,broad_or_no_numeric,"**9th c.**, broad | Built in the 9th century over a Byzantine basilica; later restorations should not stretch duration to 1723. ([Wikipedia][1])",False,
CAT_0148,148,cathedral,Cathédrale Saint-Jean,fr,Besancon,47.23368199,6.030399791,1127.0,1212.0,recorded_ce,85.0,85.0,85.0,manual_researched_start_end_correction,high_numeric,260.0,2864.4631065599388,7.960136214226482,osm_polygon_area,cathedral surface/footprint proxy,,,True,,700.0,1250.0,550.0,1127.0,1212.0,85.0,corrected,manual_notes_main_present_or_substantially_preserved_building,high_numeric,**1127–1212/1250** | Rebuilt 1127–1161; fire in 1212; medieval fabric broadly 11th–13th c. ([Wikipedia][2]),False,
CAT_0149,149,cathedral,Cattedrale di San Pietro,it,Bologna,44.49573761,11.34339695,910.0,1800.0,recorded_ce,278.0,278.0,278.0,openICPSR_duration_enriched,harmonized_recorded_span,73.0,3680.0840971500143,8.21069088338828,osm_polygon_area,cathedral surface/footprint proxy,,,True,,910.0,1800.0,278.0,910.0,1800.0,278.0,unchanged,,,,False,
CAT_0150,150,cathedral,Cathédrale Saint-Étienne,fr,Metz,49.12021609,6.175645601,1200.0,1359.0,recorded_ce,159.0,159.0,159.0,openICPSR_duration_enriched,harmonized_recorded_span,193.0,4950.0,8.507142855562735,original_surface_m2,cathedral surface/footprint proxy,42.0,207900.0,True,,1200.0,1359.0,159.0,1200.0,1359.0,159.0,unchanged,,,,False,
CAT_0151,151,cathedral,Cattedrale di Santo Stefano e Santa Maria Assunta,it,Pavia,45.1846025,9.153372093,1400.0,1933.0,recorded_ce,985.0,985.0,985.0,openICPSR_duration_enriched,harmonized_recorded_span,88.0,4772.049223089067,8.470531098145551,osm_polygon_area,cathedral surface/footprint proxy,,,True,earliest:risale al xv secolo  | earliest:risale al xv secolo  | current_end:completata nel 1676),1400.0,1933.0,985.0,1400.0,1933.0,985.0,unchanged,,,,False,
CAT_0152,152,cathedral,Domkerk,nl,Utrecht,52.09085531,5.122413459,1254.0,1517.0,recorded_ce,263.0,263.0,263.0,manual_researched_start_end_correction,high_numeric,15.0,4000.0,8.294049640102028,original_surface_m2,cathedral surface/footprint proxy,32.0,128000.0,True,,1254.0,1517.0,263.0,1254.0,1517.0,263.0,corrected,manual_notes_main_present_or_substantially_preserved_building,high_numeric,**1254–1517** | Correct. Construction began 1254 and continued until 1517. ([Wikipedia][6]),False,
CAT_0153,153,cathedral,Cathédrale Notre-Dame,fr,Grenoble,45.19260608,5.732080174,1000.0,1500.0,recorded_ce,500.0,500.0,500.0,openICPSR_duration_enriched,harmonized_recorded_span,223.0,1701.6956623095175,7.439380481340539,osm_polygon_area,cathedral surface/footprint proxy,,,True,,1000.0,1500.0,500.0,1000.0,1500.0,500.0,kept_no_numeric_correction,,broad_or_no_numeric,"**mid-13th c.**, broad | Earlier mention in 902, but cathedral and St Hugh’s church rebuilt in mid-13th century. ([Wikipedia][7])",False,
CAT_0154,154,cathedral,Cattedrale di San Giorgio Martire,it,Ferrara,44.83558892,11.62031499,1135.0,1700.0,recorded_ce,380.0,380.0,380.0,openICPSR_duration_enriched,harmonized_recorded_span,17.0,4510.570237657055,8.41417886300894,osm_polygon_area,cathedral surface/footprint proxy,,,True,,1135.0,1700.0,380.0,1135.0,1700.0,380.0,unchanged,,,,False,
CAT_0155,155,cathedral,Basilica Cattedrale del Santissimo Salvatore,it,Mazzara (Mazara del Vallo),37.65112346,12.59044858,1086.0,1093.0,recorded_ce,7.0,7.0,7.0,openICPSR_duration_enriched,harmonized_recorded_span,14.0,1925.6331549792085,7.563010104319807,osm_polygon_area,cathedral surface/footprint proxy,,,True,,1086.0,1093.0,7.0,1086.0,1093.0,7.0,unchanged,,,,False,
CAT_0156,156,cathedral,Cathédrale Saint-Vincent,fr,St Malo (Saint-Malo),48.64948738,-2.025576664,800.0,1631.0,recorded_ce,831.0,831.0,831.0,openICPSR_duration_enriched,harmonized_recorded_span,26.0,2060.13583503454,7.630527198946879,osm_polygon_area,cathedral surface/footprint proxy,,,True,,800.0,1631.0,831.0,800.0,1631.0,831.0,kept_no_numeric_correction,,broad_or_no_numeric,"**12th–17th c.**, broad | Keep as broad multi-phase medieval/early modern fabric.",False,
CAT_0157,157,cathedral,Cathédrale Saint-Étienne,fr,Toulouse,43.59989147,1.450485947,1120.0,1600.0,recorded_ce,480.0,480.0,480.0,openICPSR_duration_enriched,harmonized_recorded_span,152.0,4530.0,8.41847721847708,original_surface_m2,cathedral surface/footprint proxy,28.0,126840.0,True,,1120.0,1600.0,480.0,1120.0,1600.0,480.0,unchanged,,,,False,
CAT_0158,158,cathedral,Cathédrale Saint-Étienne,fr,Toulouse,43.59989147,1.450485947,1071.0,1100.0,recorded_ce,29.0,29.0,29.0,openICPSR_duration_enriched,harmonized_recorded_span,152.0,1600.0,7.377758908227872,original_surface_m2,cathedral surface/footprint proxy,20.0,32000.0,True,,1071.0,1100.0,29.0,1071.0,1100.0,29.0,unchanged,,,,False,
CAT_0159,159,cathedral,Cathédrale Notre-Dame,fr,Strasbourg (Strassburg),48.58184001,7.750923358,1176.0,1439.0,recorded_ce,263.0,263.0,263.0,manual_researched_start_end_correction,high_numeric,152.0,5986.050552,8.697187133415408,original_surface_m2,cathedral surface/footprint proxy,31.0,185567.567112,True,,1176.0,1439.0,263.0,1176.0,1439.0,263.0,corrected,manual_notes_main_present_or_substantially_preserved_building,high_numeric,**1176–1439** | Correct for main Gothic campaign.,False,
CAT_0160,160,cathedral,Cattedrale di San Lorenzo,it,Genova,44.4076216,8.931460515,1098.0,1400.0,recorded_ce,1000.0,1000.0,1000.0,openICPSR_duration_enriched,harmonized_recorded_span,36.0,2106.69697037444,7.652876583040746,osm_polygon_area,cathedral surface/footprint proxy,,,True,earliest:risale al 1391  | earliest:risale al 1391  | current_end:completata nel xvii secolo con una profusione di marmi,1098.0,1400.0,1000.0,1098.0,1400.0,1000.0,unchanged,,,,False,
CAT_0161,161,cathedral,Durham Cathedral,uk,Durham,54.77327372,-1.576696345,1093.0,1133.0,recorded_ce,40.0,40.0,40.0,manual_researched_start_end_correction,high_numeric,70.0,343.24077266128734,5.8384321620181,osm_polygon_area,cathedral surface/footprint proxy,66.0,,True,earliest:built in the île-de-france region in the 12th century is not obvious) | current_end:completed by 1096 | current_end:dedicated in 2004 | current_end:dedicated in 2017,1093.0,2017.0,242.0,1093.0,1133.0,40.0,corrected,manual_notes_main_present_or_substantially_preserved_building,high_numeric,"**1093–1133** core | Present Norman cathedral core, not modern restoration.",False,
CAT_0162,162,cathedral,Cattedrale di San Lorenzo,it,Alba,44.70073491,8.03662175,1400.0,1900.0,recorded_ce,1017.0,1017.0,1017.0,openICPSR_duration_enriched,harmonized_recorded_span,177.0,2270.460305290646,7.727737867579915,osm_polygon_area,cathedral surface/footprint proxy,,,True,current_start:l'attuale cattedrale di san lorenzo fu costruita tra il 1486 e il 1517 per volere del vescovo di alba andrea novelli  | current_start:attuale cattedrale di san lorenzo fu costruita tra il 1486 e il 1517 per volere del vescovo di alba andrea novelli ,1400.0,1900.0,1017.0,1400.0,1900.0,1017.0,unchanged,,,,False,
CAT_0163,163,cathedral,Hereford Cathedral,uk,Hereford,52.05428849,-2.71603231,1079.0,1250.0,recorded_ce,171.0,171.0,171.0,manual_researched_start_end_correction,medium_broad_or_phase_choice,62.0,3175.601260483905,8.063252266778674,osm_polygon_area,cathedral surface/footprint proxy,,,True,earliest:dates back to the 13th century,1079.0,1400.0,700.0,1079.0,1250.0,171.0,corrected,manual_notes_main_present_or_substantially_preserved_building,medium_broad_or_phase_choice,"**1079–1250/1300**, broad | Keep as medieval construction/development span.",False,
CAT_0165,165,cathedral,Cattedrale di San Donato,it,Mondovi (Mondovì),44.38970769,7.829299329,1100.0,1753.0,recorded_ce,100.0,100.0,100.0,openICPSR_duration_enriched,harmonized_recorded_span,531.0,1024.694934618943,6.932150222511463,osm_polygon_area,cathedral surface/footprint proxy,,,True,earliest:la prima cattedrale fu la pieve di san donato ( xii secolo ),1100.0,1753.0,100.0,1100.0,1753.0,100.0,unchanged,,,,False,
CAT_0166,166,cathedral,Cattedrale dei Santi Stefano ed Agata,it,Capua,41.10909344,14.21074408,500.0,1500.0,recorded_ce,1000.0,1000.0,1000.0,openICPSR_duration_enriched,harmonized_recorded_span,31.0,2580.539278306067,7.855753678672734,osm_polygon_area,cathedral surface/footprint proxy,,,True,,500.0,1500.0,1000.0,500.0,1500.0,1000.0,unchanged,,,,False,
CAT_0168,168,cathedral,Cattedrale di San Giusto,it,Trieste,45.64653754,13.77249589,1302.0,1320.0,recorded_ce,920.0,920.0,920.0,openICPSR_duration_enriched,harmonized_recorded_span,63.0,1770.827577843389,7.479202274400253,osm_polygon_area,cathedral surface/footprint proxy,,,True,,1302.0,1320.0,920.0,1302.0,1320.0,920.0,unchanged,,,,False,
CAT_0169,169,cathedral,Duomo Cattedrale Santa Maria Maggiore,it,Udine,46.06251167,13.2372618,1236.0,1600.0,recorded_ce,184.0,184.0,184.0,openICPSR_duration_enriched,harmonized_recorded_span,122.0,2974.948742669309,7.997982088476449,osm_polygon_area,cathedral surface/footprint proxy,,,True,,1236.0,1600.0,184.0,1236.0,1600.0,184.0,unchanged,,,,False,
CAT_0170,170,cathedral,Cathédrale Saint-Louis,fr,Blois,47.58847443,1.336467039,1100.0,1200.0,recorded_ce,100.0,100.0,100.0,openICPSR_duration_enriched,harmonized_recorded_span,103.0,2359.002678895311,7.765994215013351,osm_polygon_area,cathedral surface/footprint proxy,,,True,,1100.0,1200.0,100.0,1100.0,1200.0,100.0,unchanged,,,,False,
CAT_0172,172,cathedral,St Paul's Cathedral,uk,London,51.51377375,-0.098479049764056,1675.0,1710.0,recorded_ce,35.0,35.0,35.0,manual_researched_start_end_correction,high_numeric,34.0,7918.715566919302,8.976984295762511,osm_polygon_area,cathedral surface/footprint proxy,111.0,,True,earliest:was founded in the second century under the legendary king lucius and his missionary saints fagan  | earliest:founded in the second century under the legendary king lucius and his missionary saints fagan  | current_end:completed in 1710 | current_end:completed in 1958 | current_end:completed in 1967 and the building of a new choir school building in 1967 | current_end:completed in 1872 | current_end:completed in 1710 | current_end:completed in 2005 | current_end:finished in 1710 have included the funerals of admiral lord nelson  | current_end:consecrated in 1300 but was not complete until 1314 | current_end:dedicated in 1958 as the american memorial chapel,100.0,1710.0,614.0,1675.0,1710.0,35.0,corrected,manual_notes_main_present_or_substantially_preserved_building,high_numeric,"**1675–1710** | Use Wren’s present cathedral, not Old St Paul’s.",False,
CAT_0173,173,cathedral,Cattedrale di San Rufino,it,Assisi,43.07039437,12.61780313,1140.0,1253.0,recorded_ce,113.0,113.0,113.0,manual_researched_start_end_correction,medium_broad_or_phase_choice,429.0,2239.1828305623494,7.713866270505872,osm_polygon_area,cathedral surface/footprint proxy,,,True,earliest:risale al xii secolo | earliest:risale al rinnovo del 1571 ad opera di galeazzo alessi  | earliest:risale al xii secolo | earliest:risale alla fine del xiii secolo ed è composta da una coronazione triangolare a capanna con all'interno un arco gotico | earliest:risale al rinnovo del 1571 ad opera di galeazzo alessi ,1100.0,1571.0,553.0,1140.0,1253.0,113.0,corrected,manual_notes_main_present_or_substantially_preserved_building,medium_broad_or_phase_choice,"**1140–1253**, approx. | Use Romanesque cathedral construction, not later interior changes.",False,
CAT_0174,174,cathedral,San Lorenzo,it,Viterbo,42.41525556,12.10093451,1100.0,1600.0,recorded_ce,381.0,381.0,381.0,openICPSR_duration_enriched,harmonized_recorded_span,330.0,368.87853560969234,5.91046741806215,osm_polygon_area,cathedral surface/footprint proxy,,,True,current_start:ricostruita nel 1266 con l'erezione di viterbo a sede papale,1100.0,1600.0,381.0,1100.0,1600.0,381.0,kept_no_numeric_correction,,broad_or_no_numeric,"**12th c.–16th c.**, broad | Keep broad multi-phase.",False,
CAT_0175,175,cathedral,Duomo di San Cataldo,it,Taranto,40.47605638,17.22859257,900.0,1300.0,recorded_ce,340.0,340.0,340.0,openICPSR_duration_enriched,harmonized_recorded_span,16.0,1523.0117093574954,7.3284450412158995,osm_polygon_area,cathedral surface/footprint proxy,,,True,,900.0,1300.0,340.0,900.0,1300.0,340.0,kept_no_numeric_correction,,broad_or_no_numeric,"**10th–11th c.**, broad | Keep medieval core; later Baroque alterations separate.",False,
CAT_0176,176,cathedral,Duomo,it,Mantua,45.1608325,10.79755988,1545.0,1761.0,recorded_ce,216.0,216.0,216.0,manual_researched_start_end_correction,high_numeric,27.0,2371.7874752728385,7.771399158832393,osm_polygon_area,cathedral surface/footprint proxy,,,True,,1300.0,1761.0,801.0,1545.0,1761.0,216.0,corrected,manual_notes_main_present_or_substantially_preserved_building,high_numeric,"**1545–1761**, or medieval core separately | Keep/review; current interior/fabric strongly reshaped by Giulio Romano and later façade.",False,
CAT_0177,177,cathedral,Cathédrale Saint-Étienne,fr,Cahors,44.44729842,1.442987556,700.0,1320.0,recorded_ce,620.0,620.0,620.0,openICPSR_duration_enriched,harmonized_recorded_span,133.0,1815.004844447132,7.503843415812266,osm_polygon_area,cathedral surface/footprint proxy,,,True,,700.0,1320.0,620.0,700.0,1320.0,620.0,unchanged,,,,False,
CAT_0178,178,cathedral,Llandaff Cathedral,uk,Cardiff,51.49574639,-3.217849141,1120.0,1843.0,recorded_ce,300.0,300.0,300.0,openICPSR_duration_enriched,harmonized_recorded_span,28.0,2006.633608702643,7.604213775430607,osm_polygon_area,cathedral surface/footprint proxy,,,True,earliest:dates to the mid 13th century [ 99 ] and is made from chipping campden and bath limestone | current_end:completed by local architect john prichard between 1843 and 1869,1120.0,1843.0,300.0,1120.0,1843.0,300.0,kept_no_numeric_correction,,broad_or_no_numeric,"**1120–15th c.**, broad | Keep medieval fabric; exclude 19th-century restoration from duration.",False,
CAT_0179,179,cathedral,Catedrale,it,Caltabellotta,37.5789709,13.21913279,1090.0,1110.0,recorded_ce,20.0,20.0,20.0,manual_researched_start_end_correction,high_numeric,821.0,1097.6918655466288,7.000964950213621,osm_polygon_area,cathedral surface/footprint proxy,,,True,,1090.0,1110.0,20.0,1090.0,1110.0,20.0,corrected,manual_notes_main_present_or_substantially_preserved_building,high_numeric,"**1090–1110** | Keep, but flag source check later.",False,
CAT_0180,180,cathedral,Cathédrale de la Nativité de Notre-Dame,fr,Noyon,49.5821649,3.000727581,1145.0,1295.0,recorded_ce,150.0,150.0,150.0,openICPSR_duration_enriched,harmonized_recorded_span,56.0,5898.0,8.682368589375221,original_surface_m2,cathedral surface/footprint proxy,23.0,135654.0,True,,1145.0,1295.0,150.0,1145.0,1295.0,150.0,unchanged,,,,False,
CAT_0181,181,cathedral,Cathédrale Notre-Dame et Saint-Castor,fr,Nimes (Nîmes),43.83834723,4.360420553,700.0,1096.0,recorded_ce,396.0,396.0,396.0,openICPSR_duration_enriched,harmonized_recorded_span,52.0,2062.995898034773,7.631914524719674,osm_polygon_area,cathedral surface/footprint proxy,,,True,,700.0,1096.0,396.0,700.0,1096.0,396.0,unchanged,,,,False,
CAT_0182,182,cathedral,Cathédrale Saint-Pierre,ch,"Geneve (Geneva, Genf)",46.20110486,6.148508233,600.0,1225.0,recorded_ce,625.0,625.0,625.0,openICPSR_duration_enriched,harmonized_recorded_span,406.0,2152.237905740214,7.674263466165887,osm_polygon_area,cathedral surface/footprint proxy,,,True,,600.0,1225.0,625.0,600.0,1225.0,625.0,unchanged,,,,False,
CAT_0183,183,cathedral,Cattedrale di Santa Maria Assunta,it,Acerra,40.94336863,14.3727919,800.0,1874.0,recorded_ce,500.0,500.0,500.0,openICPSR_duration_enriched,harmonized_recorded_span,32.0,1562.3029943164438,7.353916290023871,osm_polygon_area,cathedral surface/footprint proxy,,,True,,800.0,1874.0,500.0,800.0,1874.0,500.0,unchanged,,,,False,
CAT_0184,184,cathedral,Duomo di lecce,it,Lecce,40.351667,18.169444,1659.0,1670.0,recorded_ce,11.0,11.0,11.0,manual_researched_start_end_correction,high_numeric,59.0,2145.1185686369427,7.670950106588234,osm_polygon_area,cathedral surface/footprint proxy,,,True,,1100.0,1689.0,56.0,1659.0,1670.0,11.0,corrected,manual_notes_main_present_or_substantially_preserved_building,high_numeric,**1659–1670/1689** | Present Baroque cathedral by Zimbalo; keep as early modern rebuild.,False,
CAT_0185,185,cathedral,Concattedrale di Santa Maria Assunta+,it,Matelica,43.25757302,13.00835795,1350.0,1500.0,recorded_ce,100.0,100.0,100.0,openICPSR_duration_enriched,harmonized_recorded_span,357.0,1324.7041684995056,7.1889444444351,osm_polygon_area,cathedral surface/footprint proxy,,,True,,1350.0,1500.0,100.0,1350.0,1500.0,100.0,unchanged,,,,False,
CAT_0186,186,cathedral,Dom Sankt Peter,de,Regensburg,49.01947413,12.09831063,1273.0,1520.0,recorded_ce,247.0,247.0,247.0,manual_researched_start_end_correction,high_numeric,345.0,3306.282838,8.103579827655585,original_surface_m2,cathedral surface/footprint proxy,32.0,105801.050816,True,,1200.0,1221.0,21.0,1273.0,1520.0,247.0,corrected,manual_notes_main_present_or_substantially_preserved_building,high_numeric,**1273–1520** | Raw dates are wrong; Gothic cathedral began 1273 and continued into 16th c.,False,
CAT_0188,188,cathedral,Basilica cattedrale di Santa Maria Assunta,it,Lucera,41.50807175,15.335066,1302.0,1317.0,recorded_ce,417.0,417.0,417.0,openICPSR_duration_enriched,harmonized_recorded_span,225.0,2262.7921886290424,7.724354811381127,osm_polygon_area,cathedral surface/footprint proxy,,,True,current_end:consacrata nel 1302 ,1302.0,1317.0,417.0,1302.0,1317.0,417.0,unchanged,,,,False,
CAT_0189,189,cathedral,Cattedrale di Foggia,it,Foggia,41.4635073,15.54386126,1172.0,1223.0,recorded_ce,51.0,51.0,51.0,manual_researched_start_end_correction,high_numeric,80.0,1178.2270415721289,7.071766080421664,osm_polygon_area,cathedral surface/footprint proxy,,,True,,1172.0,1223.0,134.0,1172.0,1223.0,51.0,corrected,manual_notes_main_present_or_substantially_preserved_building,high_numeric,**1172–1223** | Keep.,False,
CAT_0190,190,cathedral,Cathédrale Saint-Pierre et Saint-Paul,fr,Poitiers,46.58033672,0.349359291642663,700.0,1379.0,recorded_ce,679.0,679.0,679.0,openICPSR_duration_enriched,harmonized_recorded_span,94.0,4644.366646770213,8.443410290340925,osm_polygon_area,cathedral surface/footprint proxy,34.0,,True,,700.0,1379.0,679.0,700.0,1379.0,679.0,unchanged,,,,False,
CAT_0191,191,cathedral,Cattedrale di Santa Maria Maggiore,it,Barletta,41.32050509,16.28621951,1126.0,1400.0,recorded_ce,767.0,767.0,767.0,openICPSR_duration_enriched,harmonized_recorded_span,20.0,1362.1720363197385,7.216835790274485,osm_polygon_area,cathedral surface/footprint proxy,,,True,,1126.0,1400.0,767.0,1126.0,1400.0,767.0,unchanged,,,,False,
CAT_0192,192,cathedral,Cattedrale di San Nicola Pellegrino,it,Trani,41.28223537,16.41848388,1099.0,1143.0,recorded_ce,785.0,785.0,785.0,openICPSR_duration_enriched,harmonized_recorded_span,5.0,1348.356252312893,7.206641538687108,osm_polygon_area,cathedral surface/footprint proxy,59.0,,True,current_end:consacrata nel 1143 prima ancora del completamento,1099.0,1143.0,785.0,1099.0,1143.0,785.0,unchanged,,,,False,
CAT_0193,193,cathedral,Concattedrale di Bitonto,it,Bitonto,41.10633022,16.68976575,1089.0,1300.0,recorded_ce,514.0,514.0,514.0,openICPSR_duration_enriched,harmonized_recorded_span,125.0,1159.300884118769,7.055572416307626,osm_polygon_area,cathedral surface/footprint proxy,,,True,earliest:risale al 1089  | earliest:risale al 1089 ,1089.0,1300.0,514.0,1089.0,1300.0,514.0,kept_no_numeric_correction,,broad_or_no_numeric,**late 11th–12th/13th c.** | Keep broad.,False,
CAT_0194,194,cathedral,St.-Paulus-Dom,de,Muenster (Münster (Westfalen)),51.96306604,7.625786612,1225.0,1264.0,recorded_ce,39.0,39.0,39.0,manual_researched_start_end_correction,high_numeric,64.0,4331.349654,8.373634470812059,original_surface_m2,cathedral surface/footprint proxy,23.0,99621.042042,True,,1225.0,1264.0,39.0,1225.0,1264.0,39.0,corrected,manual_notes_main_present_or_substantially_preserved_building,high_numeric,**1225–1264** | Keep.,False,
CAT_0195,195,cathedral,Cattedrale di Santa Maria Assunta,it,Conversano,40.96841224,17.1147544,1100.0,1379.0,recorded_ce,873.0,873.0,873.0,openICPSR_duration_enriched,harmonized_recorded_span,222.0,1021.120286705438,6.9286556238653,osm_polygon_area,cathedral surface/footprint proxy,,,True,current_end:completata nel 1926 quando la cattedrale venne riaperta al culto,1100.0,1379.0,873.0,1100.0,1379.0,873.0,kept_no_numeric_correction,,broad_or_no_numeric,**11th–14th c.** | Keep broad.,False,
CAT_0196,196,cathedral,Cattedrale Santa Maria Assunta,it,Altamura,40.82741421,16.55280039,1232.0,1254.0,recorded_ce,88.0,88.0,88.0,openICPSR_duration_enriched,harmonized_recorded_span,472.0,1403.526873143157,7.2467435428528,osm_polygon_area,cathedral surface/footprint proxy,,,True,,1232.0,1254.0,88.0,1232.0,1254.0,88.0,unchanged,,,,False,
CAT_0198,198,cathedral,Cathédrale Saint-Bénigne,fr,Dijon,47.32149274,5.03442645,1280.0,1325.0,recorded_ce,45.0,45.0,45.0,manual_researched_start_end_correction,medium_broad_or_phase_choice,250.0,2623.459654396487,7.872249204467059,osm_polygon_area,cathedral surface/footprint proxy,,,True,,700.0,1325.0,625.0,1280.0,1325.0,45.0,corrected,manual_notes_main_present_or_substantially_preserved_building,medium_broad_or_phase_choice,"**1280–1325**, approx. | Use Gothic abbey/cathedral reconstruction, not early abbey history.",False,
CAT_0199,199,cathedral,Cattedrale di Santa Maria Assunta,it,Chioggia,45.21691515,12.27725435,1624.0,1802.0,recorded_ce,410.0,410.0,410.0,openICPSR_duration_enriched,harmonized_recorded_span,3.0,2024.333943736623,7.612996008762414,osm_polygon_area,cathedral surface/footprint proxy,,,True,,1624.0,1802.0,410.0,1624.0,1802.0,410.0,unchanged,,,,False,
CAT_0200,200,cathedral,Basilica cattedrale di Santa Maria Assunta,it,Nardo (Nardò),40.18000181,18.03045876,1000.0,1899.0,recorded_ce,800.0,800.0,800.0,openICPSR_duration_enriched,harmonized_recorded_span,45.0,1318.346793889068,7.184133801763999,osm_polygon_area,cathedral surface/footprint proxy,,,True,,1000.0,1899.0,800.0,1000.0,1899.0,800.0,unchanged,,,,False,
CAT_0201,201,cathedral,Winchester Cathedral,uk,Winchester,51.06071794,-1.313285528,1079.0,1532.0,recorded_ce,453.0,453.0,453.0,manual_researched_start_end_correction,medium_broad_or_phase_choice,42.0,6009.148235725705,8.701038292980511,osm_polygon_area,cathedral surface/footprint proxy,,,True,earliest:was founded in 1999 and is made up of 20 girls between the ages of 12 and 17 | earliest:built in the norman style following its collapse in 1107 | earliest:built in the perpendicular gothic style from 1458 to 1520 | current_start:rebuilt in the norman style following its collapse in 1107 | current_end:completed in 901 by his son edward the elder  | current_end:completed in may 2016 with the removal of the external scaffolding and the completion of the lead replacement | current_end:completed in 1532 | current_end:dedicated in 993,1079.0,2016.0,800.0,1079.0,1532.0,453.0,corrected,manual_notes_main_present_or_substantially_preserved_building,medium_broad_or_phase_choice,"**1079–1532**, broad | Use medieval construction/remodeling, not modern work.",False,
CAT_0202,202,cathedral,Cattedrale di San Sabino,it,Bari,41.12853896,16.86907751,1100.0,1292.0,recorded_ce,792.0,792.0,792.0,openICPSR_duration_enriched,harmonized_recorded_span,13.0,1896.449747864928,7.54773886347493,osm_polygon_area,cathedral surface/footprint proxy,,,True,,1100.0,1292.0,792.0,1100.0,1292.0,792.0,unchanged,,,,False,
CAT_0204,204,cathedral,Cattedrale di Santa Maria Assunta,it,Acqui Terme,44.67416919,8.471231738,989.0,1067.0,recorded_ce,78.0,78.0,78.0,manual_researched_start_end_correction,high_numeric,181.0,1642.4857425495284,7.403966069985949,osm_polygon_area,cathedral surface/footprint proxy,,,True,,1000.0,1900.0,470.0,989.0,1067.0,78.0,corrected,manual_notes_main_present_or_substantially_preserved_building,high_numeric,"**989/1000–1067**, core | Use Romanesque cathedral consecrated in 1067; later works separate.",False,
CAT_0206,206,cathedral,Basilica Cattedrale di Santa Maria Assunta,it,Volterra,43.40177778,10.85900506,800.0,1800.0,recorded_ce,320.0,320.0,320.0,openICPSR_duration_enriched,harmonized_recorded_span,534.0,1496.2217405312697,7.310698369830846,osm_polygon_area,cathedral surface/footprint proxy,,,True,earliest:la prima cattedrale cittadina; in ogni caso a partire dal ix secolo esisteva una chiesa dedicata a santa maria ,800.0,1800.0,320.0,800.0,1800.0,320.0,unchanged,,,,False,
CAT_0207,207,cathedral,Duomo di Cefalù,it,Cefalu (Cefalù),38.03984099,14.02356728,1131.0,1240.0,recorded_ce,109.0,109.0,109.0,manual_researched_start_end_correction,medium_broad_or_phase_choice,18.0,13939.999999999998,9.542517684314516,original_surface_m2,cathedral surface/footprint proxy,,,True,,1131.0,1148.0,136.0,1131.0,1240.0,109.0,corrected,manual_notes_main_present_or_substantially_preserved_building,medium_broad_or_phase_choice,"**1131–1240**, broad | Raw end too short if using broader completion.",False,
CAT_0208,208,cathedral,Cattedrale S Giorgio Martire,it,Caccamo,37.93090355,13.66047244,1616.0,1480.0,recorded_ce,390.0,390.0,390.0,openICPSR_duration_enriched,harmonized_recorded_span,448.0,1384.7650328117888,7.233285752829582,osm_polygon_area,cathedral surface/footprint proxy,,,True,,1616.0,1480.0,390.0,1616.0,1480.0,390.0,unchanged,,,,False,
CAT_0209,209,cathedral,Cattedrale di Santo Stefano,it,Biella,45.56609355,8.053756768,1402.0,1900.0,recorded_ce,803.0,803.0,803.0,openICPSR_duration_enriched,harmonized_recorded_span,428.0,2433.923618373432,7.797259891943091,osm_polygon_area,cathedral surface/footprint proxy,,,True,,1402.0,1900.0,803.0,1402.0,1900.0,803.0,unchanged,,,,False,
CAT_0210,210,cathedral,Cattedrale di Sant'Emidio,it,Ascoli Piceno,42.85352207,13.5787555,400.0,1539.0,recorded_ce,829.0,829.0,829.0,openICPSR_duration_enriched,harmonized_recorded_span,156.0,152.72471421398222,5.02863704728826,osm_polygon_area,cathedral surface/footprint proxy,,,True,earliest:risale al 1485  | earliest:risale al 1485  | current_start:ricostruita nel 1592 sul disegno dell'ascolano silvestro galeotti,400.0,1539.0,829.0,400.0,1539.0,829.0,kept_no_numeric_correction,,broad_or_no_numeric,"**11th–16th c.**, broad | Keep as multi-phase medieval/Renaissance fabric, not 4th-century origin.",False,
CAT_0211,211,cathedral,Ely Cathedral,uk,Ely,52.39867229,0.263710280841286,1083.0,1539.0,recorded_ce,456.0,456.0,456.0,manual_researched_start_end_correction,medium_broad_or_phase_choice,30.0,5200.919922555622,8.556590797106885,osm_polygon_area,cathedral surface/footprint proxy,,,True,earliest:was founded in 672,672.0,1500.0,800.0,1083.0,1539.0,456.0,corrected,manual_notes_main_present_or_substantially_preserved_building,medium_broad_or_phase_choice,"**1083–1539**, broad | Use Norman cathedral/monastic church onward, not early abbey foundation.",False,
CAT_0212,212,cathedral,Cattedrale di Santa Maria del Fiore,it,Firenze,43.77312816,11.25662729,1296.0,1436.0,recorded_ce,140.0,140.0,140.0,manual_researched_start_end_correction,high_numeric,63.0,8600.0,9.0595174822416,original_surface_m2,cathedral surface/footprint proxy,114.5,984700.0,True,earliest:risale al 1477 | earliest:risale al 1477 | current_end:completata nel 1442),1296.0,1471.0,1031.0,1296.0,1436.0,140.0,corrected,manual_notes_main_present_or_substantially_preserved_building,high_numeric,**1296–1436/1471** | Keep; use 1436 for dome/consecration or 1471 for lantern/completion depending convention.,False,
CAT_0213,213,cathedral,Chiesa di San Siro,it,Genova,44.41159665,8.930194071,500.0,1700.0,recorded_ce,850.0,850.0,850.0,openICPSR_duration_enriched,harmonized_recorded_span,31.0,1669.7203584288943,7.420411441346899,osm_polygon_area,cathedral surface/footprint proxy,,,True,,500.0,1700.0,850.0,500.0,1700.0,850.0,kept_no_numeric_correction,,broad_or_no_numeric,"**1580s–1619/17th c.**, approx. | Present church substantially rebuilt in late 16th/early 17th c.",False,
CAT_0215,215,cathedral,Duomo di Orvieto,it,Orvieto,42.71700824,12.11363324,1290.0,1591.0,recorded_ce,301.0,301.0,301.0,manual_researched_start_end_correction,high_numeric,320.0,2986.1655561849475,8.001745420696443,osm_polygon_area,cathedral surface/footprint proxy,,,True,earliest:risale al xiii e xiv secolo ed è a pianta basilicale  | earliest:risale al 1961 | earliest:risale al xiii e xiv secolo ed è a pianta basilicale  | earliest:risale al 1961,1290.0,1591.0,317.0,1290.0,1591.0,301.0,corrected,manual_notes_main_present_or_substantially_preserved_building,high_numeric,**1290–1591** | Keep.,False,
CAT_0216,216,cathedral,Dom St. Peter und Paul,de,Brandenburg (Brandenburg an der Havel),52.41524916,12.56743776,1170.0,1370.0,recorded_ce,200.0,200.0,200.0,openICPSR_duration_enriched,harmonized_recorded_span,36.0,1598.321392642771,7.376709227907928,osm_polygon_area,cathedral surface/footprint proxy,,,True,,1170.0,1370.0,200.0,1170.0,1370.0,200.0,kept_no_numeric_correction,,broad_or_no_numeric,**1165/1170–14th c.** | Keep broad.,False,
CAT_0217,217,cathedral,Cattedrale Natività di Maria Santissima,it,Siracusa (Sirkusa),37.05959415,15.29380763,1444.0,1753.0,recorded_ce,420.0,420.0,420.0,openICPSR_duration_enriched,harmonized_recorded_span,31.0,2212.9468353611883,7.702080315976296,osm_polygon_area,cathedral surface/footprint proxy,,,True,earliest:risale al xv secolo e nel 1518 la navata centrale fu coperta con il soffitto ligneo tuttora conservato | earliest:risale al 1528  | earliest:risale al 1444 ) | earliest:risale al 1885 ed è caratterizzata da marmo bianco e nero che vanno a formare una figura di scacchiera | earliest:risale al xv secolo e nel 1518 la navata centrale fu coperta con il soffitto ligneo tuttora conservato | earliest:risale al 1528  | earliest:risale al 1444 ) | earliest:risale al 1885 ed è caratterizzata da marmo bianco e nero che vanno a formare una figura di scacchiera | current_start:ricostruita nel 1910  | current_end:completata nel 1753,1444.0,1753.0,420.0,1444.0,1753.0,420.0,unchanged,,,,False,
CAT_0218,218,cathedral,Ex cattedrale di Maria Santissima Assunta,it,Troina,37.78550122,14.60151307,1067.0,1078.0,recorded_ce,30.0,30.0,30.0,openICPSR_duration_enriched,harmonized_recorded_span,1064.0,553.2447066027671,6.3158004110639085,osm_polygon_area,cathedral surface/footprint proxy,,,True,,1067.0,1078.0,30.0,1067.0,1078.0,30.0,unchanged,,,,False,
CAT_0219,219,cathedral,Cathédrale Saint-Pierre,fr,Angouleme (Angoulême),45.64899906,0.151639766,1110.0,1128.0,recorded_ce,18.0,18.0,18.0,manual_researched_start_end_correction,high_numeric,95.0,2278.477104004356,7.7312625619391,osm_polygon_area,cathedral surface/footprint proxy,,,True,,700.0,1128.0,428.0,1110.0,1128.0,18.0,corrected,manual_notes_main_present_or_substantially_preserved_building,high_numeric,"**1110–1128** | Use present Romanesque cathedral, not early foundation.",False,
CAT_0220,220,cathedral,Duomo di Aversa,it,Aversa,40.97659757,14.20320264,1053.0,1090.0,recorded_ce,37.0,37.0,37.0,manual_researched_start_end_correction,high_numeric,47.0,3291.1776628254447,8.099000731936382,osm_polygon_area,cathedral surface/footprint proxy,,,True,,1053.0,1090.0,647.0,1053.0,1090.0,37.0,corrected,manual_notes_main_present_or_substantially_preserved_building,high_numeric,**1053–1090** | Keep.,False,
CAT_0221,221,cathedral,Kölner Dom,de,"Koeln (Köln, Cologne)",50.94133376,6.958121825,1248.0,1473.0,recorded_ce,225.0,225.0,225.0,manual_researched_start_end_correction,high_numeric,61.0,6000.0,8.699514748210191,original_surface_m2,cathedral surface/footprint proxy,43.0,258000.0,True,,1248.0,1480.0,232.0,1248.0,1473.0,225.0,corrected,manual_notes_main_present_or_substantially_preserved_building,high_numeric,"**1248–1880** if full building history; **1248–1473** if medieval-only | Medieval work began in 1248, stopped in the late 15th century, and the cathedral was finally completed in 1880. For your premodern model, I would use **1248–1473**. ([Wikipedia][1])",False,
CAT_0222,222,cathedral,Cattedrale di Sant'Ambrogio,it,Vigevano,45.31694821,8.859273834,1532.0,1606.0,recorded_ce,74.0,74.0,74.0,manual_researched_start_end_correction,high_numeric,110.0,2524.1356644938423,7.833653972016097,osm_polygon_area,cathedral surface/footprint proxy,,,True,,900.0,1606.0,50.0,1532.0,1606.0,74.0,corrected,manual_notes_main_present_or_substantially_preserved_building,high_numeric,**1532–1606** | Present cathedral began in 1532 and the edifice was completed in 1606; façade is a later 1670s phase. ([Wikipedia][2]),False,
CAT_0223,223,cathedral,Cathédrale Notre-Dame-de-l'Assomption,fr,Rodez,44.35077143,2.574158702,1277.0,1542.0,recorded_ce,265.0,265.0,265.0,openICPSR_duration_enriched,harmonized_recorded_span,644.0,4321.0,8.371242135931933,original_surface_m2,cathedral surface/footprint proxy,30.0,129630.0,True,,1277.0,1542.0,265.0,1277.0,1542.0,265.0,unchanged,,,,False,
CAT_0224,224,cathedral,Duomo,it,Piacenza,45.0501248,9.697831376,1122.0,1233.0,recorded_ce,111.0,111.0,111.0,manual_researched_start_end_correction,high_numeric,64.0,3600.0,8.1886891244442,original_surface_m2,cathedral surface/footprint proxy,32.0,115200.0,True,current_end:ultimata nel 1333,1122.0,1233.0,110.0,1122.0,1233.0,111.0,corrected,manual_notes_main_present_or_substantially_preserved_building,high_numeric,**1122–1233** | Current structure was built between 1122 and 1233. ([Wikipedia][4]),False,
CAT_0226,226,cathedral,Cattedrale Santa Vergine Maria Assunta,it,Palermo (Balarm),38.1143261,13.35599057,1185.0,1800.0,recorded_ce,320.0,320.0,320.0,openICPSR_duration_enriched,harmonized_recorded_span,40.0,11000.0,9.305650551780507,original_surface_m2,cathedral surface/footprint proxy,,,True,current_end:completata nel 1184 - 1185 ,1185.0,1800.0,320.0,1185.0,1800.0,320.0,unchanged,,,,False,
CAT_0227,227,cathedral,Duomo di Monza,it,Monza,45.58360438,9.275797619,1300.0,1681.0,recorded_ce,381.0,381.0,381.0,manual_researched_start_end_correction,high_numeric,171.0,2270.150826341589,7.727601551590475,osm_polygon_area,cathedral surface/footprint proxy,,,True,,1300.0,1681.0,920.0,1300.0,1681.0,381.0,corrected,manual_notes_main_present_or_substantially_preserved_building,high_numeric,**1300–1681** | Raw dates are usable as a full structural/decorative campaign; source lists groundbreaking 1300 and completion 1681. ([Wikipedia][6]),False,
CAT_0228,228,cathedral,Dom St. Peter zu Trier,de,Trier,49.75620869,6.643596879,340.0,1066.0,recorded_ce,726.0,726.0,726.0,manual_researched_start_end_correction,high_numeric,146.0,3937.040244,8.278184512887938,original_surface_m2,cathedral surface/footprint proxy,29.0,114174.167076,True,,1040.0,1196.0,156.0,340.0,1066.0,726.0,corrected,manual_notes_main_present_or_substantially_preserved_building,high_numeric,"**1010–1066** for westwork; **c.340–1066** if including Roman core | For modeling, use the Salian westwork phase **1010–1066**, not the late antique sacred-site origin. ([Wikipedia][7])",False,
CAT_0231,231,cathedral,Cathédrale_Saint-Front,fr,Perigueux (Périgueux),45.18359614,0.722660211723202,976.0,1120.0,recorded_ce,144.0,144.0,144.0,manual_researched_start_end_correction,high_numeric,111.0,1463.6408282327757,7.288682328514907,osm_polygon_area,cathedral surface/footprint proxy,,,True,,700.0,1337.0,637.0,976.0,1120.0,144.0,corrected,manual_notes_main_present_or_substantially_preserved_building,high_numeric,"**976–1120** core abbey/cathedral fabric; exclude 1852–1895 restoration | Abbey built in 976, consecrated 1047, burned in 1120; later 19th-century Abadie reconstruction should not be the modeled medieval duration. ([Wikipedia][9])",False,
CAT_0232,232,cathedral,Cathédrale métropolitaine et primatiale Saint-Étienne,fr,Sens,48.19802616,3.28401444,700.0,1532.0,recorded_ce,832.0,832.0,832.0,openICPSR_duration_enriched,harmonized_recorded_span,74.0,4706.431700203102,8.456685299079812,osm_polygon_area,cathedral surface/footprint proxy,,,True,,700.0,1532.0,832.0,700.0,1532.0,832.0,unchanged,,,,False,
CAT_0235,235,cathedral,Cattedrale di Santa Maria Assunta,it,Siena,43.31780852,11.32900811,1220.0,1370.0,recorded_ce,570.0,570.0,570.0,openICPSR_duration_enriched,harmonized_recorded_span,346.0,3381.4098042676924,8.126048003368613,osm_polygon_area,cathedral surface/footprint proxy,77.0,,True,earliest:risale al 1891 | earliest:risale al 1891 | current_end:completata nel 1926 e fu posta in loco l'anno successivo,1220.0,1370.0,570.0,1220.0,1370.0,570.0,unchanged,,,,False,
CAT_0236,236,cathedral,Duomo di Savona,it,Savona,44.30750384,8.482241219,1589.0,1605.0,recorded_ce,16.0,16.0,16.0,manual_researched_start_end_correction,high_numeric,10.0,4660.0,8.446770727119691,original_surface_m2,cathedral surface/footprint proxy,,,True,,1589.0,1605.0,100.0,1589.0,1605.0,16.0,corrected,manual_notes_main_present_or_substantially_preserved_building,high_numeric,**1589–1605** | Correct; current cathedral began 1589 and was completed 1605. ([Wikipedia][12]),False,
CAT_0237,237,cathedral,Cathédrale Notre-Dame,be,Tournai (Doornik),50.60646393,3.388894142,1066.0,1255.0,recorded_ce,189.0,189.0,189.0,openICPSR_duration_enriched,harmonized_recorded_span,26.0,5120.755598,8.541057284879406,original_surface_m2,cathedral surface/footprint proxy,36.0,184347.201528,True,,1066.0,1255.0,189.0,1066.0,1255.0,189.0,kept_no_numeric_correction,,broad_or_no_numeric,**12th c.–1255** | Romanesque nave/transept began in 12th century; Gothic choir built 1242–1255. Use **c.1100–1255** if numeric needed. ([Wikipedia][13]),False,
CAT_0239,239,cathedral,Cattedrale di Sant'Agata,it,Catania,37.5024721,15.08826927,1086.0,1200.0,recorded_ce,130.0,130.0,130.0,openICPSR_duration_enriched,harmonized_recorded_span,21.0,4830.189273275362,8.48264093289236,osm_polygon_area,cathedral surface/footprint proxy,,,True,earliest: risale al periodo 1086-1094; targeted source-checked,1086.0,1200.0,130.0,1086.0,1200.0,130.0,unchanged,,,,False,
CAT_0240,240,cathedral,Lichfield Cathedral,uk,Lichfield,52.68553705,-1.830427157,1200.0,1330.0,recorded_ce,130.0,130.0,130.0,manual_researched_start_end_correction,high_numeric,94.0,3387.189538367791,8.127755811797593,osm_polygon_area,cathedral surface/footprint proxy,76.8,,True,current_end:completed in 1249 and is one of the most beautiful parts of the cathedral with some charming stone carvings | current_end:dedicated in 2015 after a five-year renovation,1330.0,2015.0,630.0,1200.0,1330.0,130.0,corrected,manual_notes_main_present_or_substantially_preserved_building,high_numeric,**c.1200–1330s** | Present Gothic cathedral generally began in early 13th century and Lady Chapel was completed in the 1330s. ([Wikipedia][15]),False,
CAT_0242,242,cathedral,Chichester Cathedral,uk,Chichester,50.83624818,-0.780741069096489,1076.0,1108.0,recorded_ce,32.0,32.0,32.0,manual_researched_start_end_correction,high_numeric,20.0,3247.524012643844,8.085648142711056,osm_polygon_area,cathedral surface/footprint proxy,84.42960000000001,,True,earliest:built in the 14th century and was repaired in the 17th century by christopher wren  | earliest:built in the late 14th century | current_end:completed by walter hook who took over as dean in 1849 | current_end:consecrated in 1108 under bishop ralph de luffa  | current_end:consecrated in 1199,1300.0,1108.0,550.0,1076.0,1108.0,32.0,corrected,manual_notes_main_present_or_substantially_preserved_building,high_numeric,**1076–1108** core; later 12th–13th c. additions | Raw order is reversed. Use the Norman core span.,False,
CAT_0243,243,cathedral,Concattedrale di San Leopardo,it,Osimo,43.48636582,13.48042466,600.0,1320.0,recorded_ce,720.0,720.0,720.0,openICPSR_duration_enriched,harmonized_recorded_span,261.0,1380.4894957840152,7.230193422347429,osm_polygon_area,cathedral surface/footprint proxy,,,True,,600.0,1320.0,720.0,600.0,1320.0,720.0,unchanged,,,,False,
CAT_0244,244,cathedral,Kathedrale St. Mariä Himmelfahrt,ch,Chur,46.84765625,9.535513651,700.0,1272.0,recorded_ce,572.0,572.0,572.0,openICPSR_duration_enriched,harmonized_recorded_span,608.0,1434.1604742339114,7.268334921616685,osm_polygon_area,cathedral surface/footprint proxy,,,True,,700.0,1272.0,572.0,700.0,1272.0,572.0,unchanged,,,,False,
CAT_0245,245,cathedral,Cattedrale di San Massimo,it,Penne,42.45621834,13.92683398,900.0,2000.0,recorded_ce,900.0,900.0,900.0,openICPSR_duration_enriched,harmonized_recorded_span,425.0,977.8548089880496,6.885361201946542,osm_polygon_area,cathedral surface/footprint proxy,,,True,current_start:ricostruita nel 1955) | current_start:ricostruita in stile romanico nel xii secolo ,900.0,2000.0,900.0,900.0,2000.0,900.0,unchanged,,,,False,
CAT_0246,246,cathedral,Cattedrale San Lorenzo Maiorano,it,Manfredonia,41.62961017,15.91709589,1270.0,1274.0,recorded_ce,4.0,4.0,4.0,manual_researched_start_end_correction,high_numeric,21.0,906.85309035331,6.8099804638464665,osm_polygon_area,cathedral surface/footprint proxy,,,True,,1270.0,1274.0,4.0,1270.0,1274.0,4.0,corrected,manual_notes_main_present_or_substantially_preserved_building,high_numeric,**1270–1274** | Correct for the first cathedral after the transfer from Siponto; flag as short but source-supported. ([Wikipedia][17]),False,
CAT_0247,247,cathedral,Basilica di Santa Maria Maggiore,it,Santa Maria Capua Vetere (Santa Maria Capua Vetere),41.07576705,14.25581092,432.0,820.0,recorded_ce,388.0,388.0,388.0,manual_researched_start_end_correction,medium_broad_or_phase_choice,40.0,4099.323328360217,8.31857719720813,osm_polygon_area,cathedral surface/footprint proxy,,,True,earliest:risale alla prima metà del xix secolo e nella foggia,432.0,820.0,388.0,432.0,820.0,388.0,corrected,manual_notes_main_present_or_substantially_preserved_building,medium_broad_or_phase_choice,**432–820** broad early Christian/Lombard | Keep only if early Christian cathedrals are retained; date span is broad but not automatically invalid.,False,
CAT_0248,248,cathedral,cattedrale di santa maria assunto,it,Reggio nell Emilia,44.69763,10.63103,1599.0,1623.0,recorded_ce,900.0,900.0,900.0,openICPSR_duration_enriched,harmonized_recorded_span,67.0,197.70650497544557,5.286783632900043,osm_polygon_area,cathedral surface/footprint proxy,,,True,,1599.0,1623.0,900.0,1599.0,1623.0,900.0,kept_no_numeric_correction,,broad_or_no_numeric,"**9th–12th c. core**, or **second half 16th c. rebuild** | Source says built in the 9th–12th centuries and rebuilt in the second half of the 16th century. Use the 16th-century rebuild only if modeling present fabric. ([Wikipedia][18])",False,
CAT_0250,250,cathedral,Cathédrale Saint-Étienne,fr,Auxerre,47.79787111,3.572876818,1220.0,1500.0,recorded_ce,280.0,280.0,280.0,openICPSR_duration_enriched,harmonized_recorded_span,126.0,3562.0,8.178077463849608,original_surface_m2,cathedral surface/footprint proxy,30.0,106860.0,True,,1220.0,1500.0,280.0,1220.0,1500.0,280.0,unchanged,,,,False,
CAT_0251,251,cathedral,Cathédrale Notre-Dame,fr,Rouen,49.44021436,1.095007307,1120.0,1478.0,recorded_ce,358.0,358.0,358.0,openICPSR_duration_enriched,harmonized_recorded_span,24.0,5807.0,8.66681936537205,original_surface_m2,cathedral surface/footprint proxy,28.0,162596.0,True,,1120.0,1478.0,358.0,1120.0,1478.0,358.0,unchanged,,,,False,
CAT_0252,252,cathedral,Cattedrale di Santa Maria Assunta,it,Montepulciano,43.09233763,11.78077277,1594.0,1680.0,recorded_ce,86.0,86.0,86.0,manual_researched_start_end_correction,high_numeric,606.0,2222.0150110851973,7.706169725840661,osm_polygon_area,cathedral surface/footprint proxy,,,True,earliest:risale al 1512 circa ed è posto tra due statue di autore ignoto raffiguranti san pietro (a sinistra) e san giovanni battista (a destra) | earliest:risale al 1512 circa ed è posto tra due statue di autore ignoto raffiguranti san pietro (a sinistra) e san giovanni battista (a destra),1512.0,1680.0,670.0,1594.0,1680.0,86.0,corrected,manual_notes_main_present_or_substantially_preserved_building,high_numeric,**1594–1680** | Present cathedral was a late Renaissance/early Baroque rebuild; keep as early modern.,False,
CAT_0253,253,cathedral,Cathédrale Saint-Mammès,fr,Langres,47.86423769,5.335179133,1140.0,1196.0,recorded_ce,56.0,56.0,56.0,manual_researched_start_end_correction,high_numeric,472.0,2951.0,7.989899374942939,original_surface_m2,cathedral surface/footprint proxy,23.0,67873.0,True,,1150.0,1366.0,216.0,1140.0,1196.0,56.0,corrected,manual_notes_main_present_or_substantially_preserved_building,high_numeric,"**1140–1196** core | Rebuilding began around 1140; dedication in 1196, with only some vaults unfinished. ([Wikipedia][20])",False,
CAT_0255,255,cathedral,Cathédrale Notre-Dame,fr,Tulle,45.26787715,1.771243036,700.0,1300.0,recorded_ce,600.0,600.0,600.0,openICPSR_duration_enriched,harmonized_recorded_span,217.0,1010.9903219374974,6.918685646212533,osm_polygon_area,cathedral surface/footprint proxy,,,True,,700.0,1300.0,600.0,700.0,1300.0,600.0,unchanged,,,,False,
CAT_0256,256,cathedral,Cathédrale_Saint-Étienne,fr,Bourges,47.08219883,2.39919084,1195.0,1480.0,recorded_ce,285.0,285.0,285.0,openICPSR_duration_enriched,harmonized_recorded_span,158.0,6407.0,8.765146421639022,original_surface_m2,cathedral surface/footprint proxy,37.0,237059.0,True,,1195.0,1480.0,285.0,1195.0,1480.0,285.0,unchanged,,,,False,
CAT_0257,257,cathedral,Cathédrale Saint-Caprais,fr,Agen,44.20678289,0.619253284761589,700.0,1500.0,recorded_ce,800.0,800.0,800.0,openICPSR_duration_enriched,harmonized_recorded_span,51.0,1645.4993035098814,7.40579914511371,osm_polygon_area,cathedral surface/footprint proxy,,,True,,700.0,1500.0,800.0,700.0,1500.0,800.0,unchanged,,,,False,
CAT_0258,258,cathedral,Cathédrale Sainte-Marie,fr,Auch,43.64628063,0.585992963755894,1489.0,1520.0,recorded_ce,31.0,31.0,31.0,openICPSR_duration_enriched,harmonized_recorded_span,171.0,3807.0,8.244596756382498,original_surface_m2,cathedral surface/footprint proxy,27.0,102789.0,True,,1489.0,1520.0,31.0,1489.0,1520.0,31.0,unchanged,,,,False,
CAT_0259,259,cathedral,Cattedrale di Belluno,it,Belluno,46.13771083,12.21706678,1517.0,1624.0,recorded_ce,107.0,107.0,107.0,manual_researched_start_end_correction,high_numeric,396.0,1517.8840672502993,7.325072583003707,osm_polygon_area,cathedral surface/footprint proxy,,,True,earliest:risale al xv secolo | earliest:risale al xv secolo,1400.0,1624.0,360.0,1517.0,1624.0,107.0,corrected,manual_notes_main_present_or_substantially_preserved_building,high_numeric,**1517–1624** | Keep as Renaissance/early modern rebuilding span.,False,
CAT_0260,260,cathedral,Église Saint-Pierre,fr,Condom,43.95791318,0.372762710816567,1507.0,1531.0,recorded_ce,24.0,24.0,24.0,manual_researched_start_end_correction,high_numeric,95.0,2304.0,7.742402021815782,original_surface_m2,cathedral surface/footprint proxy,25.0,57600.0,True,,1400.0,1507.0,107.0,1507.0,1531.0,24.0,corrected,manual_notes_main_present_or_substantially_preserved_building,high_numeric,**1507–1531?** or **early 16th c.** | Keep broad as late Gothic/early 16th-century construction.,False,
CAT_0261,261,cathedral,cathédrale Notre-Dame-du-Puy de Grasse ,fr,Grasse,43.65789,6.924792,1200.0,1300.0,recorded_ce,100.0,100.0,100.0,openICPSR_duration_enriched,harmonized_recorded_span,304.0,870.6207202389487,6.76920642878783,osm_polygon_area,cathedral surface/footprint proxy,,,True,,1200.0,1300.0,100.0,1200.0,1300.0,100.0,unchanged,,,,False,
CAT_0262,262,cathedral,Cathédrale Notre-Dame-de-l'Assomption,fr,Clermont-Ferrand,45.77872227,3.085780006,1248.0,1345.0,recorded_ce,97.0,97.0,97.0,manual_researched_start_end_correction,high_numeric,417.0,3238.3579044878497,8.082821660707394,osm_polygon_area,cathedral surface/footprint proxy,96.1,,True,,700.0,1345.0,645.0,1248.0,1345.0,97.0,corrected,manual_notes_main_present_or_substantially_preserved_building,high_numeric,**1248–1345** | Use Gothic cathedral start rather than earlier Christian site.,False,
CAT_0263,263,cathedral,Sankt-Petri-Dom zu Schleswig,de,Schleswig (hedeby),54.51362887,9.569274999,1134.0,1408.0,recorded_ce,274.0,274.0,274.0,manual_researched_start_end_correction,medium_broad_or_phase_choice,10.0,127.05598010122776,4.844627777538655,osm_polygon_area,cathedral surface/footprint proxy,112.0,,True,,1134.0,1600.0,466.0,1134.0,1408.0,274.0,corrected,manual_notes_main_present_or_substantially_preserved_building,medium_broad_or_phase_choice,"**1134–1408**, or **1134–16th c. broad** | Romanesque basilica began 1134 and was completed around 1200; late Gothic hall church was built from 1200 to 1408 and finally completed in the 16th century. Use **1134–1408** for a cleaner medieval span. ([Wikipedia][1])",False,
CAT_0264,264,cathedral,Cathédrale de l'Immaculée-Conception,fr,Antibes,43.58116914,7.128542605,700.0,1746.0,recorded_ce,1046.0,1046.0,1046.0,openICPSR_duration_enriched,harmonized_recorded_span,16.0,1272.7403032549191,7.1489275740183365,osm_polygon_area,cathedral surface/footprint proxy,,,True,,700.0,1746.0,1046.0,700.0,1746.0,1046.0,unchanged,,,,False,
CAT_0265,265,cathedral,Cathédrale Saint-Michel,fr,Carcassonne,43.21097867,2.351126391,800.0,1370.0,recorded_ce,570.0,570.0,570.0,openICPSR_duration_enriched,harmonized_recorded_span,115.0,1793.0156723926991,7.491654214444065,osm_polygon_area,cathedral surface/footprint proxy,,,True,,800.0,1370.0,570.0,800.0,1370.0,570.0,kept_no_numeric_correction,,broad_or_no_numeric,"**13th c.–14th c. rebuild** | Built in the 13th century as a parish church, then rebuilt as a fortified church after 14th-century war damage. ([Wikipedia][3])",False,
CAT_0266,266,cathedral,Cathédrale Notre-Dame,fr,Coutances,49.04762601,-1.444206253,1210.0,1274.0,recorded_ce,64.0,64.0,64.0,manual_researched_start_end_correction,high_numeric,92.0,3270.0,8.0925452638913,original_surface_m2,cathedral surface/footprint proxy,22.0,71940.0,True,,1220.0,1270.0,50.0,1210.0,1274.0,64.0,corrected,manual_notes_main_present_or_substantially_preserved_building,high_numeric,**1210–1274** | Present Gothic cathedral began in 1210 and was completed in 1274. ([Wikipedia][4]),False,
CAT_0267,267,cathedral,cathedrale saint-etienne,fr,Toul,48.67523251,5.89440215,1221.0,1496.0,recorded_ce,275.0,275.0,275.0,manual_researched_start_end_correction,high_numeric,212.0,5831.0,8.670943791222156,original_surface_m2,cathedral surface/footprint proxy,32.0,186592.0,True,,1220.0,1497.0,277.0,1221.0,1496.0,275.0,corrected,manual_notes_main_present_or_substantially_preserved_building,high_numeric,**1221–1496/1497** | Current Gothic cathedral began around 1221 and was essentially complete by 1496/1497. ([Wikipedia][5]),False,
CAT_0268,268,cathedral,Cathédrale Saint-Gervais et Saint-Protais,fr,Soissons,49.38087975,3.325395399,810.0,1479.0,recorded_ce,669.0,669.0,669.0,openICPSR_duration_enriched,harmonized_recorded_span,50.0,4690.689660965443,8.453334899876008,osm_polygon_area,cathedral surface/footprint proxy,66.0,,True,,810.0,1479.0,669.0,810.0,1479.0,669.0,unchanged,,,,False,
CAT_0269,269,cathedral,Dom Unserer Lieben Frau,de,Augsburg,48.37274852,10.89657464,995.0,1431.0,recorded_ce,436.0,436.0,436.0,manual_researched_start_end_correction,medium_broad_or_phase_choice,491.0,5069.988852164708,8.53109389779873,osm_polygon_area,cathedral surface/footprint proxy,62.0,,True,,700.0,1441.0,741.0,995.0,1431.0,436.0,corrected,manual_notes_main_present_or_substantially_preserved_building,medium_broad_or_phase_choice,"**995–1065**, or **995–1431 broad** | Use the main Ottonian/Romanesque cathedral core if strict; include later Gothic additions only if using broad multi-phase fabric.",False,
CAT_0270,270,cathedral,Cathédrale Saint-Étienne,fr,Limoges,45.82891546,1.26667503,700.0,1499.0,recorded_ce,799.0,799.0,799.0,openICPSR_duration_enriched,harmonized_recorded_span,251.0,3444.070780976501,8.144409417304058,osm_polygon_area,cathedral surface/footprint proxy,,,True,,700.0,1499.0,799.0,700.0,1499.0,799.0,unchanged,,,,False,
CAT_0271,271,cathedral,Cathédrale Saint-Fulcran,fr,Lodeve (Lodève),43.73190342,3.317392931,1265.0,1320.0,recorded_ce,55.0,55.0,55.0,openICPSR_duration_enriched,harmonized_recorded_span,178.0,2024.0,7.6128310304073565,original_surface_m2,cathedral surface/footprint proxy,25.0,50600.0,True,,1265.0,1320.0,55.0,1265.0,1320.0,55.0,unchanged,,,,False,
CAT_0273,273,cathedral,Cathédrale Saint-Paul-Aurélien,fr,St Pol  (Saint-Pol-de-Léon),48.68494468,-3.986164233,780.0,1500.0,recorded_ce,720.0,720.0,720.0,openICPSR_duration_enriched,harmonized_recorded_span,40.0,2367.081402092823,7.769412999329416,osm_polygon_area,cathedral surface/footprint proxy,,,True,,780.0,1500.0,720.0,780.0,1500.0,720.0,unchanged,,,,False,
CAT_0274,274,cathedral,Cathédrale Sainte-Marie,fr,Bayonne,43.49052477,-1.477297531,700.0,1600.0,recorded_ce,900.0,900.0,900.0,openICPSR_duration_enriched,harmonized_recorded_span,22.0,3488.3646310449476,8.157188318282094,osm_polygon_area,cathedral surface/footprint proxy,,,True,,700.0,1600.0,900.0,700.0,1600.0,900.0,kept_no_numeric_correction,,broad_or_no_numeric,"**13th c.–early 17th c.** | Present Gothic cathedral began in the 13th century and was completed at the beginning of the 17th century, excluding 19th-century spires. ([Wikipedia][11])",False,
CAT_0275,275,cathedral,Cattedrale di San Feliciano,it,Foligno,42.95645756,12.70370036,1100.0,2000.0,recorded_ce,301.0,301.0,301.0,openICPSR_duration_enriched,harmonized_recorded_span,239.0,2296.28599108709,7.739048310260434,osm_polygon_area,cathedral surface/footprint proxy,,,True,earliest:risale al xiii secolo | earliest:risale al xiii secolo,1100.0,2000.0,301.0,1100.0,2000.0,301.0,unchanged,,,,False,
CAT_0276,276,cathedral,Cathédrale Saint-Pierre et Saint-Paul,fr,Troyes,48.30037659,4.081514841,700.0,1500.0,recorded_ce,800.0,800.0,800.0,openICPSR_duration_enriched,harmonized_recorded_span,108.0,5573.500719144533,8.625778630858921,osm_polygon_area,cathedral surface/footprint proxy,,,True,,700.0,1500.0,800.0,700.0,1500.0,800.0,unchanged,,,,False,
CAT_0277,277,cathedral,Cathédrale Saint-Gatien,fr,Tours,47.39557713,0.694464088,1170.0,1400.0,recorded_ce,230.0,230.0,230.0,openICPSR_duration_enriched,harmonized_recorded_span,58.0,3675.0,8.209308411646937,original_surface_m2,cathedral surface/footprint proxy,29.0,106575.0,True,,1170.0,1400.0,230.0,1170.0,1400.0,230.0,unchanged,,,,False,
CAT_0278,278,cathedral,Cattedrale di Santa Maria Assunta,it,Cremona,45.13355164,10.02560838,1107.0,1491.0,recorded_ce,700.0,700.0,700.0,openICPSR_duration_enriched,harmonized_recorded_span,54.0,3525.8013172335923,8.167863013450074,osm_polygon_area,cathedral surface/footprint proxy,,,True,,1107.0,1491.0,700.0,1107.0,1491.0,700.0,unchanged,,,,False,
CAT_0279,279,cathedral,Église Saint-Étienne de la Cité,fr,Perigueux (Périgueux),45.1817435,0.714820320251761,700.0,1200.0,recorded_ce,500.0,500.0,500.0,openICPSR_duration_enriched,harmonized_recorded_span,97.0,918.834530511158,6.823106052293293,osm_polygon_area,cathedral surface/footprint proxy,,,True,,700.0,1200.0,500.0,700.0,1200.0,500.0,kept_no_numeric_correction,,broad_or_no_numeric,**11th–12th c.** | Former cathedral of Périgueux; keep as broad Romanesque medieval span if retained.,False,
CAT_0280,280,cathedral,Cathédrale Saint-Étienne,fr,St Brieuc (Saint-Brieuc),48.51418675,-2.763891519,1180.0,1472.0,recorded_ce,292.0,292.0,292.0,manual_researched_start_end_correction,high_numeric,80.0,1965.3113902641344,7.583405980076386,osm_polygon_area,cathedral surface/footprint proxy,,,True,,700.0,1500.0,800.0,1180.0,1472.0,292.0,corrected,manual_notes_main_present_or_substantially_preserved_building,high_numeric,**c.1180–1472** | Present building began around 1180; later reconstructions and chapel work continued into the 15th century. ([Wikipedia][16]),False,
CAT_0281,281,cathedral,Cathédrale Notre-Dame,fr,Orange,44.13804247,4.807403121,700.0,1208.0,recorded_ce,508.0,508.0,508.0,openICPSR_duration_enriched,harmonized_recorded_span,50.0,1211.6211407971275,7.09971452766141,osm_polygon_area,cathedral surface/footprint proxy,,,True,,700.0,1208.0,508.0,700.0,1208.0,508.0,unchanged,,,,False,
CAT_0282,282,cathedral,Duomo di Bergamo,it,Bergamo,45.70327954,9.66291957,1400.0,1900.0,recorded_ce,1000.0,1000.0,1000.0,openICPSR_duration_enriched,harmonized_recorded_span,378.0,1495.111881184857,7.309956319937592,osm_polygon_area,cathedral surface/footprint proxy,,,True,,1400.0,1900.0,1000.0,1400.0,1900.0,1000.0,kept_no_numeric_correction,,broad_or_no_numeric,"**mid-15th c.–1689** or **mid-15th c.–1889 full** | Rebuilding commissioned in the mid-15th century; major refurbishing in 1689 and west front completed 1889. For premodern, use mid-15th c.–1689. ([Wikipedia][18])",False,
CAT_0283,283,cathedral,Cathédrale Saint-Pierre,fr,Vannes,47.65789884,-2.75679225,700.0,1520.0,recorded_ce,820.0,820.0,820.0,openICPSR_duration_enriched,harmonized_recorded_span,27.0,2668.0516337032313,7.889103759810479,osm_polygon_area,cathedral surface/footprint proxy,,,True,,700.0,1520.0,820.0,700.0,1520.0,820.0,unchanged,,,,False,
CAT_0284,284,cathedral,Cathédrale Saint-André,fr,Bordeaux,44.83765666,-0.577757666087606,700.0,1350.0,recorded_ce,650.0,650.0,650.0,openICPSR_duration_enriched,harmonized_recorded_span,16.0,5238.250432191489,8.563742834576061,osm_polygon_area,cathedral surface/footprint proxy,,,True,,700.0,1350.0,650.0,700.0,1350.0,650.0,kept_no_numeric_correction,,broad_or_no_numeric,**13th–1500** | Gothic transformation began in the early 13th century; choir under construction by 1320 and separate bell tower built 1440–1500. ([Wikipedia][20]),False,
CAT_0285,285,cathedral,Cattedrale di Sant'Evasio,it,Casale (Casale Monferrato),45.13723347,8.452657922,1000.0,1900.0,recorded_ce,450.0,450.0,450.0,openICPSR_duration_enriched,harmonized_recorded_span,121.0,2200.6203527036123,7.696494578099584,osm_polygon_area,cathedral surface/footprint proxy,,,True,,1000.0,1900.0,450.0,1000.0,1900.0,450.0,unchanged,,,,False,
CAT_0286,286,cathedral,Cathédrale Saint-Jean-Baptiste,fr,Perpignan,42.70061587,2.897092208,1324.0,1509.0,recorded_ce,185.0,185.0,185.0,manual_researched_start_end_correction,high_numeric,38.0,4562.0,8.425516402844334,original_surface_m2,cathedral surface/footprint proxy,26.0,118612.0,True,,1324.0,1453.0,129.0,1324.0,1509.0,185.0,corrected,manual_notes_main_present_or_substantially_preserved_building,high_numeric,**1324–1509** | Construction began in 1324 and finished in the 15th century / 1509. ([Wikipedia][22]),False,
CAT_0287,287,cathedral,Cathédrale Notre-Dame,fr,Evreux (Évreux),49.02421337,1.150952616,700.0,1455.0,recorded_ce,755.0,755.0,755.0,openICPSR_duration_enriched,harmonized_recorded_span,71.0,4071.2847775599585,8.31171389878545,osm_polygon_area,cathedral surface/footprint proxy,78.15,,True,,700.0,1455.0,755.0,700.0,1455.0,755.0,unchanged,,,,False,
CAT_0288,288,cathedral,Cattedrale di Sant'Eusebio,it,Vercelli,45.33019486,8.422559498,300.0,1900.0,recorded_ce,800.0,800.0,800.0,openICPSR_duration_enriched,harmonized_recorded_span,137.0,4713.397307156352,8.458164223637235,osm_polygon_area,cathedral surface/footprint proxy,,,True,current_end:consacrata nel 1805,300.0,1900.0,800.0,300.0,1900.0,800.0,unchanged,,,,False,
CAT_0289,289,cathedral,Duomo di Monreale,it,Monreale,38.08203426,13.29229182,1174.0,1189.0,recorded_ce,15.0,15.0,15.0,manual_researched_start_end_correction,high_numeric,309.0,16690.0,9.72256501665588,original_surface_m2,cathedral surface/footprint proxy,,,True,earliest:risale al 15 agosto del 1176 la prima e più antica festa mariana nella città di monreale | earliest:risale al 15 agosto del 1176 la prima e più antica festa mariana nella città di monreale,1172.0,1267.0,8.0,1174.0,1189.0,15.0,corrected,manual_notes_main_present_or_substantially_preserved_building,high_numeric,**1174–1189/1267** | Norman cathedral was rapidly built in the late 12th century; 1267 may reflect later completion/consecration traditions. Keep as corrected but flag phase choice.,False,
CAT_0290,290,cathedral,Cathédrale Saint-Benoît,fr,Castres,43.60423781,2.241669366,700.0,1200.0,recorded_ce,500.0,500.0,500.0,openICPSR_duration_enriched,harmonized_recorded_span,172.0,1581.396796080211,7.366063783632631,osm_polygon_area,cathedral surface/footprint proxy,,,True,,700.0,1200.0,500.0,700.0,1200.0,500.0,unchanged,,,,False,
CAT_0291,291,cathedral,Cathédrale Sainte-Anne,fr,Apt,43.87613762,5.397174995,1080.0,1320.0,recorded_ce,240.0,240.0,240.0,manual_researched_start_end_correction,medium_broad_or_phase_choice,234.0,1635.6557698155375,7.399799085375272,osm_polygon_area,cathedral surface/footprint proxy,,,True,,700.0,1320.0,620.0,1080.0,1320.0,240.0,corrected,manual_notes_main_present_or_substantially_preserved_building,medium_broad_or_phase_choice,"**1080/1119–1320**, broad | Use Romanesque/Gothic construction rather than early foundation.",False,
CAT_0292,292,cathedral,Cathédrale Notre-Dame-des-Doms,fr,Avignon,43.95158425,4.807690988,700.0,1160.0,recorded_ce,460.0,460.0,460.0,openICPSR_duration_enriched,harmonized_recorded_span,45.0,1949.5628059708688,7.575360424354531,osm_polygon_area,cathedral surface/footprint proxy,,,True,,700.0,1160.0,460.0,700.0,1160.0,460.0,kept_no_numeric_correction,,broad_or_no_numeric,**12th c.–1160** | Keep as Romanesque cathedral phase; early 700 is site/older church history.,False,
CAT_0293,293,cathedral,Cathédrale Saint-Pierre,fr,"St Flour (Saint-Flour, Cantal)",45.03334882,3.095314971,1398.0,1466.0,recorded_ce,68.0,68.0,68.0,manual_researched_start_end_correction,high_numeric,880.0,1971.0915077730317,7.58634273315418,osm_polygon_area,cathedral surface/footprint proxy,,,True,,700.0,1466.0,766.0,1398.0,1466.0,68.0,corrected,manual_notes_main_present_or_substantially_preserved_building,high_numeric,**1398–1466** | Present Gothic cathedral construction fits the 14th–15th-century phase; use this instead of early foundation.,False,
CAT_0294,294,cathedral,Duomo,it,Terni,42.56047915,12.64335881,500.0,1700.0,recorded_ce,1100.0,1100.0,1100.0,openICPSR_duration_enriched,harmonized_recorded_span,130.0,2116.6697755369823,7.657599271975179,osm_polygon_area,cathedral surface/footprint proxy,,,True,current_start:riedificata nel 1743,500.0,1700.0,1100.0,500.0,1700.0,1100.0,kept_no_numeric_correction,,broad_or_no_numeric,"**17th c. rebuild**, broad | Keep only as early modern rebuild; early 500 belongs to earlier Christian foundation.",False,
CAT_0296,296,cathedral,Dom Mariä Himmelfahrt,de,Hildesheim,52.14900052,9.946982552,1010.0,1020.0,recorded_ce,10.0,10.0,10.0,manual_researched_start_end_correction,medium_broad_or_phase_choice,89.0,5800.0,8.66561319653451,original_surface_m2,cathedral surface/footprint proxy,,,True,,852.0,1300.0,448.0,1010.0,1020.0,10.0,corrected,manual_notes_main_present_or_substantially_preserved_building,medium_broad_or_phase_choice,"**1010–1020** core; **1010–14th c. broad** | Main Romanesque cathedral was built 1010–1020; later additions occurred in 11th, 12th, and 14th centuries. ([Wikipedia][24])",False,
CAT_0297,297,cathedral,Carlisle Cathedral,uk,Carlisle,54.8947267,-2.938529437,1122.0,1420.0,recorded_ce,178.0,178.0,178.0,openICPSR_duration_enriched,harmonized_recorded_span,29.0,2144.501447,7.670662378706067,original_surface_m2,cathedral surface/footprint proxy,22.0,47179.031834,True,earliest:was founded in 1122 | current_end:completed in about 1420,1122.0,1420.0,178.0,1122.0,1420.0,178.0,kept_no_numeric_correction,,broad_or_no_numeric,"**1122–13th c.**, broad | Cathedral priory founded and church begun in 1122; later medieval work produced the existing structure. ([Wikipedia][25])",False,
CAT_0298,298,cathedral,Cathédrale Saint-Sauveur,fr,Aix (Aix-en-Provence),43.53187485,5.447310973,700.0,1513.0,recorded_ce,813.0,813.0,813.0,openICPSR_duration_enriched,harmonized_recorded_span,216.0,2738.718941518513,7.915245550459619,osm_polygon_area,cathedral surface/footprint proxy,,,True,,700.0,1513.0,813.0,700.0,1513.0,813.0,unchanged,,,,False,
CAT_0300,300,cathedral,Paroisse Saint-Siffrein,fr,Carpentras,44.05419143,5.047746891,1409.0,1559.0,recorded_ce,150.0,150.0,150.0,manual_researched_start_end_correction,medium_broad_or_phase_choice,109.0,1976.433768324554,7.58904937260005,osm_polygon_area,cathedral surface/footprint proxy,,,True,,700.0,1538.0,838.0,1409.0,1559.0,150.0,corrected,manual_notes_main_present_or_substantially_preserved_building,medium_broad_or_phase_choice,**1409–1559** approx. | Built in the 15th century; construction started in 1409 and continued for about 150 years. ([Wikipedia][27]),False,
CAT_0301,301,cathedral,Cathédrale Notre-Dame et Saint-Thyrse,fr,Sisteron,44.19571482,5.943597348,1160.0,1220.0,recorded_ce,60.0,60.0,60.0,openICPSR_duration_enriched,harmonized_recorded_span,495.0,1214.7117361639391,7.1022620734393636,osm_polygon_area,cathedral surface/footprint proxy,,,True,,1160.0,1220.0,60.0,1160.0,1220.0,60.0,unchanged,,,,False,
CAT_0303,303,cathedral,Cathédrale Saint-Gervais-Saint-Protais,fr,Lectoure,43.93386035,0.623927133892386,1473.0,1600.0,recorded_ce,127.0,127.0,127.0,openICPSR_duration_enriched,harmonized_recorded_span,183.0,2305.0,7.742835955430749,original_surface_m2,cathedral surface/footprint proxy,21.0,48405.0,True,,1473.0,1600.0,127.0,1473.0,1600.0,127.0,unchanged,,,,False,
CAT_0304,304,cathedral,Cathédrale Saint-Just et Saint-Pasteur,fr,Narbonne,43.18481735,3.003904579,700.0,1354.0,recorded_ce,654.0,654.0,654.0,openICPSR_duration_enriched,harmonized_recorded_span,11.0,2973.419186354702,7.997467810823631,osm_polygon_area,cathedral surface/footprint proxy,,,True,,700.0,1354.0,654.0,700.0,1354.0,654.0,unchanged,,,,False,
CAT_0305,305,cathedral,Cathédrale Notre-Dame,fr,Reims,49.25379447,4.033910046,1211.0,1275.0,recorded_ce,64.0,64.0,64.0,openICPSR_duration_enriched,harmonized_recorded_span,95.0,7276.0,8.892336539638013,original_surface_m2,cathedral surface/footprint proxy,38.0,276488.0,True,,1211.0,1275.0,64.0,1211.0,1275.0,64.0,unchanged,,,,False,
CAT_0307,307,cathedral,Dom St. Peter,de,Worms,49.63004441,8.359893585,1130.0,1181.0,recorded_ce,51.0,51.0,51.0,manual_researched_start_end_correction,high_numeric,107.0,3316.336899,8.106616109104108,original_surface_m2,cathedral surface/footprint proxy,26.0,86224.759374,True,,1130.0,1300.0,170.0,1130.0,1181.0,51.0,corrected,manual_notes_main_present_or_substantially_preserved_building,high_numeric,"**1130–1181** | Current Romanesque cathedral was essentially rebuilt from about 1130; eastern parts were complete by c.1144, nave/western choir/towers by 1160–1181, and consecrated in 1181. ([Wikipedia][3])",False,
CAT_0308,308,cathedral,Cathédrale Saint-Corentin,fr,Quimper,47.99562125,-4.102178775,1239.0,1493.0,recorded_ce,254.0,254.0,254.0,openICPSR_duration_enriched,harmonized_recorded_span,11.0,3060.0,8.026170194946426,original_surface_m2,cathedral surface/footprint proxy,20.0,61200.0,True,,1239.0,1493.0,254.0,1239.0,1493.0,254.0,unchanged,,,,False,
CAT_0309,309,cathedral,Cathédrale Notre-Dame,fr,Verdun,49.15951076,5.382326302,847.0,1528.0,recorded_ce,681.0,681.0,681.0,openICPSR_duration_enriched,harmonized_recorded_span,222.0,3404.8786541470326,8.132964580399985,osm_polygon_area,cathedral surface/footprint proxy,,,True,,847.0,1528.0,681.0,847.0,1528.0,681.0,unchanged,,,,False,
CAT_0310,310,cathedral,Dom zu Merseburg,de,Merseburg,51.35858824,12.00112342,1015.0,1042.0,recorded_ce,27.0,27.0,27.0,manual_researched_start_end_correction,high_numeric,100.0,1908.296647980591,7.553966315803923,osm_polygon_area,cathedral surface/footprint proxy,,,True,,1015.0,1042.0,27.0,1015.0,1042.0,27.0,corrected,manual_notes_main_present_or_substantially_preserved_building,high_numeric,"**1015–1042** | Raw dates are usable: construction began in 1015, consecrated 1021, and formally opened in 1042 after rebuilding the collapsed eastern part. ([Wikipedia][6])",False,
CAT_0311,311,cathedral,Rochester Cathedral,uk,Rochester,51.3889841,0.503266617038518,1080.0,1130.0,recorded_ce,50.0,50.0,50.0,manual_researched_start_end_correction,high_numeric,17.0,2992.880962686613,8.0039917351562,osm_polygon_area,cathedral surface/footprint proxy,,,True,earliest:was founded in 604 | current_end:completed by thomas de mepeham who became sacrist in 1255 | current_end:completed by 1724 | current_end:dedicated in 1130 (or possibly 1133) by the archbishop of canterbury  | current_end:dedicated in 1240 by richard wendene (also known as richard de wendover) who had been translated from bangor ,604.0,604.0,263.0,1080.0,1130.0,50.0,corrected,manual_notes_main_present_or_substantially_preserved_building,high_numeric,**1080–1130** | Raw date is just the early foundation. Present Norman cathedral began around 1080 under Gundulf and was dedicated in 1130 or 1133. Use 1080–1130 for modeling. ([Wikipedia][7]),False,
CAT_0312,312,cathedral,Cathédrale Saint-Apollinaire,fr,Valence (Valence (Drôme)),44.93161647,4.889543292,1063.0,1150.0,recorded_ce,87.0,87.0,87.0,openICPSR_duration_enriched,harmonized_recorded_span,117.0,1674.7637904551812,7.423427413691051,osm_polygon_area,cathedral surface/footprint proxy,,,True,,1063.0,1150.0,87.0,1063.0,1150.0,87.0,unchanged,,,,False,
CAT_0313,313,cathedral,Duomo di Ravello,it,Amalfi,40.64933695,14.61208834,1086.0,1100.0,recorded_ce,14.0,14.0,14.0,manual_researched_start_end_correction,high_numeric,363.0,1175.9197881398725,7.0698059187682905,osm_polygon_area,cathedral surface/footprint proxy,,,True,,1086.0,1100.0,14.0,1086.0,1100.0,14.0,corrected,manual_notes_main_present_or_substantially_preserved_building,high_numeric,"**1086–1100** | Keep as-is provisionally. The raw span is plausible for the Norman/Romanesque foundation phase, though this one should be flagged as source-confirmation-needed if we later tighten confidence levels.",False,
CAS_0002,Q873884,castle,Berneck Castle,Austria,Kauns,47.0758,10.7019,1200.0,1250.0,recorded_or_wikipedia_enriched_ce,50.0,50.0,50.0,manual_researched_start_end_correction,medium_broad_or_phase_choice,1058.0,1045.3323970771678,6.952090197148568,osm_polygon,castle mapped footprint/grounds/outline proxy,,,,"construction_duration_years was manually corrected using the one-by-one online/historical duration review. For direct ranges, the checked build span is treated as primary. For broad century ranges, the value remains approximate.",1200.0,1300.0,100.0,1200.0,1250.0,50.0,corrected,manual_notes_main_present_or_substantially_preserved_building,medium_broad_or_phase_choice,1200.0–1250.0 | Early 13th-century proxy.,False,
CAS_0003,Q1012734,castle,Burg Krems,Austria,Voitsberg,47.0308,15.1819,1100.0,1600.0,recorded_or_wikipedia_enriched_ce,500.0,500.0,500.0,manual_researched_start_end_correction,medium_broad_or_phase_choice,393.0,2551.725786058072,7.844525188087247,osm_polygon,castle mapped footprint/grounds/outline proxy,,,,"construction_duration_years is derived as end_year - start_year; for castles this may represent construction, reconstruction, restoration, or broader historical date span rather than literal build duration.",1100.0,1400.0,300.0,1100.0,1600.0,500.0,corrected,manual_notes_main_present_or_substantially_preserved_building,medium_broad_or_phase_choice,1100.0–1600.0 | Broad medieval-to-Renaissance construction/development span.,False,
CAS_0004,Q767828,castle,Burgruine Kollmitz,Austria,Raabs an der Thaya,48.8217,15.5333,1200.0,1300.0,recorded_or_wikipedia_enriched_ce,100.0,100.0,100.0,manual_researched_start_end_correction,medium_broad_or_phase_choice,419.0,261.76285239418297,5.567438950337678,osm_polygon,castle mapped footprint/grounds/outline proxy,,,,"construction_duration_years was manually corrected using the one-by-one online/historical duration review. For direct ranges, the checked build span is treated as primary. For broad century ranges, the value remains approximate.",1200.0,1300.0,100.0,1200.0,1300.0,100.0,corrected,manual_notes_main_present_or_substantially_preserved_building,medium_broad_or_phase_choice,1200.0–1300.0 | 13th-century proxy.,False,
CAS_0005,Q1011689,castle,Falkenstein Castle,Austria,Obervellach,46.9223,13.2402,1100.0,1200.0,recorded_or_wikipedia_enriched_ce,100.0,100.0,100.0,manual_researched_start_end_correction,medium_broad_or_phase_choice,850.0,322.01311999878425,5.774592290052179,osm_polygon,castle mapped footprint/grounds/outline proxy,,,,"construction_duration_years was manually corrected using the one-by-one online/historical duration review. For direct ranges, the checked build span is treated as primary. For broad century ranges, the value remains approximate.",1100.0,1200.0,100.0,1100.0,1200.0,100.0,corrected,manual_notes_main_present_or_substantially_preserved_building,medium_broad_or_phase_choice,1100.0–1200.0 | 12th-century proxy.,False,
CAS_0006,Q1015311,castle,Gösting Castle,Austria,Graz,47.103782,15.381493,1042.0,1500.0,recorded_or_wikipedia_enriched_ce,458.0,458.0,458.0,manual_researched_start_end_correction,high_numeric,519.0,303.04234735280943,5.7138725559841115,osm_polygon,castle mapped footprint/grounds/outline proxy,,,,"construction_duration_years is derived as end_year - start_year; for castles this may represent construction, reconstruction, restoration, or broader historical date span rather than literal build duration.",1000.0,1728.0,728.0,1042.0,1500.0,458.0,corrected,manual_notes_main_present_or_substantially_preserved_building,high_numeric,1042.0–1500.0 | Remove 1728 replacement/ruin endpoint; use medieval castle through late-medieval expansion.,False,
CAS_0007,Q875733,castle,Schloss Bruck,Austria,Lienz,46.83228,12.74915,1252.0,1278.0,recorded_or_wikipedia_enriched_ce,26.0,26.0,26.0,manual_researched_start_end_correction,high_numeric,724.0,1853.7417283325055,7.524961431315419,osm_polygon,castle mapped footprint/grounds/outline proxy,,,,"construction_duration_years is derived as end_year - start_year; for castles this may represent construction, reconstruction, restoration, or broader historical date span rather than literal build duration.",1252.0,1278.0,26.0,1252.0,1278.0,26.0,corrected,manual_notes_main_present_or_substantially_preserved_building,high_numeric,1252.0–1278.0 | Raw dates retained.,False,
CAS_0009,Q24708262,castle,Castle Rožmitál pod Třemšínem,Czech Republic,Rožmitál pod Třemšínem,49.602116111,13.862323611,1230.0,1564.0,recorded_or_wikipedia_enriched_ce,334.0,334.0,334.0,manual_researched_start_end_correction,high_numeric,521.0,5100.850118276877,8.537162494679418,osm_polygon,castle mapped footprint/grounds/outline proxy,,,,"construction_duration_years is derived as end_year - start_year; for castles this may represent construction, reconstruction, restoration, or broader historical date span rather than literal build duration.",1200.0,2000.0,800.0,1230.0,1564.0,334.0,corrected,manual_notes_main_present_or_substantially_preserved_building,high_numeric,1230.0–1564.0 | Built in the 13th century / listed as built 1230; major Renaissance rebuilding occurred 1559–1564.,False,
CAS_0010,Q1013039,castle,Loket Castle,Czech Republic,Loket,50.186971166,12.754438,1175.0,1399.0,recorded_or_wikipedia_enriched_ce,224.0,224.0,224.0,manual_researched_start_end_correction,high_numeric,427.0,3067.7023533490064,8.02868414127129,osm_polygon,castle mapped footprint/grounds/outline proxy,,,,"construction_duration_years is derived as end_year - start_year; for castles this may represent construction, reconstruction, restoration, or broader historical date span rather than literal build duration.",870.0,1822.0,952.0,1175.0,1399.0,224.0,corrected,manual_notes_main_present_or_substantially_preserved_building,high_numeric,1175.0–1399.0 | Remove legendary/early origin and prison-conversion endpoint; use main medieval stone castle phase.,False,
CAS_0014,Q1012561,castle,Häme Castle,Finland,Hämeenlinna,61.0035132,24.4598186,1200.0,1300.0,recorded_or_wikipedia_enriched_ce,100.0,100.0,100.0,manual_researched_start_end_correction,medium_broad_or_phase_choice,93.0,1026.8513311372217,6.934252439116003,osm_polygon,castle mapped footprint/grounds/outline proxy,,,,"construction_duration_years was manually corrected using the one-by-one online/historical duration review. For direct ranges, the checked build span is treated as primary. For broad century ranges, the value remains approximate.",1200.0,1300.0,100.0,1200.0,1300.0,100.0,corrected,manual_notes_main_present_or_substantially_preserved_building,medium_broad_or_phase_choice,1200.0–1300.0 | 13th-century proxy.,False,
CAS_0016,Q136893,castle,Turku Castle,Finland,Turku,60.4352823,22.2276388,1280.0,1600.0,recorded_or_wikipedia_enriched_ce,320.0,320.0,320.0,manual_researched_start_end_correction,high_numeric,12.0,6178.008821971133,8.728751301443053,osm_polygon,castle mapped footprint/grounds/outline proxy,,,major reconstruction detected in wikipedia text,"construction_duration_years is derived as end_year - start_year; for castles this may represent construction, reconstruction, restoration, or broader historical date span rather than literal build duration.",1200.0,1600.0,400.0,1280.0,1600.0,320.0,corrected,manual_notes_main_present_or_substantially_preserved_building,high_numeric,1280.0–1600.0 | Use late-13th-century foundation through 16th-century development.,False,
CAS_0017,Q1959338,castle,Castle of Colombières,France,Colombières,49.3031,-0.97556,1300.0,1400.0,recorded_or_wikipedia_enriched_ce,100.0,100.0,100.0,manual_researched_start_end_correction,medium_broad_or_phase_choice,5.0,788.924029748216,6.670670029452359,osm_polygon,castle mapped footprint/grounds/outline proxy,,,,"construction_duration_years is derived as end_year - start_year; for castles this may represent construction, reconstruction, restoration, or broader historical date span rather than literal build duration.",1300.0,1400.0,100.0,1300.0,1400.0,100.0,corrected,manual_notes_main_present_or_substantially_preserved_building,medium_broad_or_phase_choice,1300.0–1400.0 | 14th-century proxy.,False,
CAS_0018,Q2971586,castle,Château de Chambéry,France,Chambéry,45.5644,5.91778,1200.0,1500.0,recorded_or_wikipedia_enriched_ce,300.0,300.0,300.0,manual_researched_start_end_correction,medium_broad_or_phase_choice,282.0,2322.0758534188176,7.750216829001972,osm_polygon,castle mapped footprint/grounds/outline proxy,,,major reconstruction detected in wikipedia text,"construction_duration_years was manually corrected using the one-by-one online/historical duration review. For direct ranges, the checked build span is treated as primary. For broad century ranges, the value remains approximate.",1000.0,1100.0,100.0,1200.0,1500.0,300.0,corrected,manual_notes_main_present_or_substantially_preserved_building,medium_broad_or_phase_choice,1200.0–1500.0 | Raw dates too early; use broad medieval/ducal castle phase.,False,
CAS_0019,Q2968956,castle,Château de Châteaubriant,France,Châteaubriant,47.72,-1.373,1000.0,1600.0,recorded_or_wikipedia_enriched_ce,600.0,600.0,600.0,manual_researched_start_end_correction,medium_broad_or_phase_choice,66.0,20121.07217480403,9.909522911800032,osm_polygon,castle mapped footprint/grounds/outline proxy,,,major reconstruction detected in wikipedia text,"construction_duration_years was manually corrected using the one-by-one online/historical duration review. For direct ranges, the checked build span is treated as primary. For broad century ranges, the value remains approximate.",1000.0,1600.0,600.0,1000.0,1600.0,600.0,corrected,manual_notes_main_present_or_substantially_preserved_building,medium_broad_or_phase_choice,1000.0–1600.0 | Broad medieval-to-Renaissance castle/château development.,False,
CAS_0021,Q663673,castle,Château de Vincennes,France,Vincennes,48.842777777,2.435833333,1340.0,1410.0,recorded_or_wikipedia_enriched_ce,70.0,70.0,70.0,manual_researched_start_end_correction,high_numeric,56.0,91935.65425642776,11.4288442010735,osm_polygon,castle mapped footprint/grounds/outline proxy,,,major reconstruction detected in wikipedia text,"construction_duration_years was manually corrected using the one-by-one online/historical duration review. For direct ranges, the checked build span is treated as primary. For broad century ranges, the value remains approximate.",1340.0,1410.0,70.0,1340.0,1410.0,70.0,corrected,manual_notes_main_present_or_substantially_preserved_building,high_numeric,1340.0–1410.0 | Main donjon/fortress phase.,False,
CAS_0025,Q15992417,castle,Louvre Castle,France,Paris,48.8602,2.338,1190.0,1202.0,recorded_or_wikipedia_enriched_ce,12.0,12.0,12.0,manual_researched_start_end_correction,high_numeric,42.0,71090.01509911833,11.171702171317913,osm_polygon,castle mapped footprint/grounds/outline proxy,,,,"construction_duration_years is derived as end_year - start_year; for castles this may represent construction, reconstruction, restoration, or broader historical date span rather than literal build duration.",1190.0,1610.0,420.0,1190.0,1202.0,12.0,corrected,manual_notes_main_present_or_substantially_preserved_building,high_numeric,"1190.0–1202.0 | Use medieval fortress construction only, not later palace sequence.",False,
CAS_0026,Q2243758,castle,castel of Tournon,France,Tournon-sur-Rhône,45.068333333,4.83175,1500.0,1600.0,recorded_or_wikipedia_enriched_ce,100.0,100.0,100.0,manual_researched_start_end_correction,medium_broad_or_phase_choice,131.0,1225.8767115539904,7.111411549901162,osm_polygon,castle mapped footprint/grounds/outline proxy,,,,"construction_duration_years is derived as end_year - start_year; for castles this may represent construction, reconstruction, restoration, or broader historical date span rather than literal build duration.",1500.0,1600.0,100.0,1500.0,1600.0,100.0,corrected,manual_notes_main_present_or_substantially_preserved_building,medium_broad_or_phase_choice,1500.0–1600.0 | 16th-century proxy.,False,
CAS_0028,Q1010752,castle,Altenstein Castle,Germany,Maroldsweisach,50.1715,10.7341,1231.0,1441.0,recorded_or_wikipedia_enriched_ce,210.0,210.0,210.0,manual_researched_start_end_correction,medium_broad_or_phase_choice,437.0,8502.010141260398,9.04805790172682,osm_polygon,castle mapped footprint/grounds/outline proxy,,,,"construction_duration_years is derived as end_year - start_year; for castles this may represent construction, reconstruction, restoration, or broader historical date span rather than literal build duration.",1232.0,2003.0,771.0,1231.0,1441.0,210.0,corrected,manual_notes_main_present_or_substantially_preserved_building,medium_broad_or_phase_choice,1231.0–1441.0 | First directly referred to as a castle with church in 1231/1232; by 1441 it had developed into a multi-family Ganerbenburg.,False,
CAS_0029,Q1010976,castle,Berum Castle,Germany,Hage,53.6014,7.2973,1310.0,1591.0,recorded_or_wikipedia_enriched_ce,281.0,281.0,281.0,manual_researched_start_end_correction,medium_broad_or_phase_choice,5.0,789.1533849380427,6.670960706182546,osm_polygon,castle mapped footprint/grounds/outline proxy,,,,"construction_duration_years is derived as end_year - start_year; for castles this may represent construction, reconstruction, restoration, or broader historical date span rather than literal build duration.",1310.0,1591.0,281.0,1310.0,1591.0,281.0,corrected,manual_notes_main_present_or_substantially_preserved_building,medium_broad_or_phase_choice,1310.0–1591.0 | Raw range retained provisionally.,False,
CAS_0030,Q893095,castle,Boosenburg,Germany,Rüdesheim am Rhein,49.9783,7.91806,1100.0,1200.0,recorded_or_wikipedia_enriched_ce,100.0,100.0,100.0,manual_researched_start_end_correction,medium_broad_or_phase_choice,89.0,295.85339439754665,5.689864042430373,osm_polygon,castle mapped footprint/grounds/outline proxy,,,,"construction_duration_years was manually corrected using the one-by-one online/historical duration review. For direct ranges, the checked build span is treated as primary. For broad century ranges, the value remains approximate.",1100.0,1200.0,100.0,1100.0,1200.0,100.0,corrected,manual_notes_main_present_or_substantially_preserved_building,medium_broad_or_phase_choice,1100.0–1200.0 | 12th-century proxy.,False,
CAS_0031,Q828219,castle,Dohna Castle,Germany,Dohna,50.953,13.8545,950.0,1121.0,recorded_or_wikipedia_enriched_ce,171.0,171.0,171.0,manual_researched_start_end_correction,medium_broad_or_phase_choice,167.0,6918.687361017663,8.841981342904514,osm_polygon,castle mapped footprint/grounds/outline proxy,,,,"construction_duration_years is derived as end_year - start_year; for castles this may represent construction, reconstruction, restoration, or broader historical date span rather than literal build duration.",950.0,1830.0,880.0,950.0,1121.0,171.0,corrected,manual_notes_main_present_or_substantially_preserved_building,medium_broad_or_phase_choice,950.0–1121.0 | Probably founded around 950; destroyed at the beginning of the 12th century and rebuilt around 1121.,False,
CAS_0032,Q153426,castle,Eltz Castle,Germany,Wierschem,50.205,7.336666666,1157.0,1540.0,recorded_or_wikipedia_enriched_ce,383.0,383.0,383.0,manual_researched_start_end_correction,high_numeric,129.0,1341.029987577977,7.20119324513305,osm_polygon,castle mapped footprint/grounds/outline proxy,,,,"construction_duration_years is derived as end_year - start_year; for castles this may represent construction, reconstruction, restoration, or broader historical date span rather than literal build duration.",1157.0,1540.0,383.0,1157.0,1540.0,383.0,corrected,manual_notes_main_present_or_substantially_preserved_building,high_numeric,1157.0–1540.0 | Multi-phase castle development retained.,False,
CAS_0034,Q1012085,castle,Grubenhagen Castle,Germany,Einbeck,51.7647,9.81722,1200.0,1300.0,recorded_or_wikipedia_enriched_ce,100.0,100.0,100.0,manual_researched_start_end_correction,medium_broad_or_phase_choice,285.0,4204.4829228461585,8.343906597627448,osm_polygon,castle mapped footprint/grounds/outline proxy,,,major reconstruction detected in wikipedia text,"construction_duration_years is derived as end_year - start_year; for castles this may represent construction, reconstruction, restoration, or broader historical date span rather than literal build duration.",1200.0,1300.0,100.0,1200.0,1300.0,100.0,corrected,manual_notes_main_present_or_substantially_preserved_building,medium_broad_or_phase_choice,1200.0–1300.0 | 13th-century proxy.,False,
CAS_0036,Q435449,castle,Old Castle (Koblenz),Germany,Koblenz,50.3624,7.59403,1276.0,1307.0,recorded_or_wikipedia_enriched_ce,31.0,31.0,31.0,manual_researched_start_end_correction,high_numeric,83.0,514.4325930915066,6.243064532291564,osm_polygon,castle mapped footprint/grounds/outline proxy,,,,"construction_duration_years is derived as end_year - start_year; for castles this may represent construction, reconstruction, restoration, or broader historical date span rather than literal build duration.",1185.0,1307.0,122.0,1276.0,1307.0,31.0,corrected,manual_notes_main_present_or_substantially_preserved_building,high_numeric,1276.0–1307.0 | Use castle-specific construction phase.,False,
CAS_0037,Q1013713,castle,Ronneburg Castle,Germany,Ronneburg,50.238594841,9.061194449,1200.0,1549.0,recorded_or_wikipedia_enriched_ce,349.0,349.0,349.0,manual_researched_start_end_correction,medium_broad_or_phase_choice,238.0,6954.528116360269,8.84714825394077,osm_polygon,castle mapped footprint/grounds/outline proxy,,,major reconstruction detected in wikipedia text,"construction_duration_years is derived as end_year - start_year; for castles this may represent construction, reconstruction, restoration, or broader historical date span rather than literal build duration.",1200.0,1549.0,349.0,1200.0,1549.0,349.0,corrected,manual_notes_main_present_or_substantially_preserved_building,medium_broad_or_phase_choice,1200.0–1549.0 | Broad medieval-to-16th-century phase.,False,
CAS_0040,Q151545,castle,Wartburg,Germany,Eisenach,50.966111111,10.306388888,1067.0,1318.0,recorded_or_wikipedia_enriched_ce,251.0,251.0,251.0,manual_researched_start_end_correction,high_numeric,393.0,2289.5997274842,7.736132289778856,osm_polygon,castle mapped footprint/grounds/outline proxy,,,,"construction_duration_years is derived as end_year - start_year; for castles this may represent construction, reconstruction, restoration, or broader historical date span rather than literal build duration.",1067.0,1859.0,792.0,1067.0,1318.0,251.0,corrected,manual_notes_main_present_or_substantially_preserved_building,high_numeric,1067.0–1318.0 | Founded around 1067; use full medieval castle fabric through South Tower in 1318; exclude 1859 restoration.,False,
CAS_0041,Q637827,castle,Wewelsburg,Germany,Büren,51.606773,8.651431,1603.0,1609.0,recorded_or_wikipedia_enriched_ce,6.0,6.0,6.0,manual_researched_start_end_correction,high_numeric,194.0,2558.9874539504744,7.847366933432051,osm_polygon,castle mapped footprint/grounds/outline proxy,,,,"construction_duration_years is derived as end_year - start_year; for castles this may represent construction, reconstruction, restoration, or broader historical date span rather than literal build duration.",1603.0,1609.0,6.0,1603.0,1609.0,6.0,corrected,manual_notes_main_present_or_substantially_preserved_building,high_numeric,1603.0–1609.0 | Raw dates retained.,False,
CAS_0044,Q2419871,castle,Birr Castle,Ireland,Birr,53.095319444,-7.915541666,1620.0,1845.0,recorded_or_wikipedia_enriched_ce,225.0,225.0,225.0,manual_researched_start_end_correction,medium_broad_or_phase_choice,53.0,1119.340746977725,7.020495172215214,osm_polygon,castle mapped footprint/grounds/outline proxy,,,,"construction_duration_years is derived as end_year - start_year; for castles this may represent construction, reconstruction, restoration, or broader historical date span rather than literal build duration.",1170.0,1845.0,675.0,1620.0,1845.0,225.0,corrected,manual_notes_main_present_or_substantially_preserved_building,medium_broad_or_phase_choice,1620.0–1845.0 | Use present-form phase; flag because earlier castle existed.,False,
CAS_0049,Q3662312,castle,Caldora-Cantelmo Castle,Italy,Pacentro,42.051671,13.995264,1000.0,1500.0,recorded_or_wikipedia_enriched_ce,500.0,500.0,500.0,manual_researched_start_end_correction,medium_broad_or_phase_choice,695.0,1521.1754770073885,7.327238655103356,osm_polygon,castle mapped footprint/grounds/outline proxy,10.0,,,"construction_duration_years was manually corrected using the one-by-one online/historical duration review. For direct ranges, the checked build span is treated as primary. For broad century ranges, the value remains approximate.",1000.0,1400.0,400.0,1000.0,1500.0,500.0,corrected,manual_notes_main_present_or_substantially_preserved_building,medium_broad_or_phase_choice,1000.0–1500.0 | Broad 11th-to-15th-century proxy.,False,
CAS_0050,Q23702078,castle,Castello Orsini,Italy,Massa d'Albe,42.084233333,13.412480555,1300.0,1400.0,recorded_or_wikipedia_enriched_ce,100.0,100.0,100.0,manual_researched_start_end_correction,medium_broad_or_phase_choice,999.0,570.9507113182009,6.3473028859971325,osm_polygon,castle mapped footprint/grounds/outline proxy,,,,"construction_duration_years was manually corrected using the one-by-one online/historical duration review. For direct ranges, the checked build span is treated as primary. For broad century ranges, the value remains approximate.",1300.0,1400.0,100.0,1300.0,1400.0,100.0,corrected,manual_notes_main_present_or_substantially_preserved_building,medium_broad_or_phase_choice,1300.0–1400.0 | 14th-century proxy.,False,
CAS_0051,Q21196197,castle,Castello Visconteo,Italy,Vogogna,46.008101,8.295971,1300.0,1500.0,recorded_or_wikipedia_enriched_ce,200.0,200.0,200.0,manual_researched_start_end_correction,medium_broad_or_phase_choice,235.0,396.0398105346255,5.981514737854607,osm_polygon,castle mapped footprint/grounds/outline proxy,,,,"construction_duration_years was manually corrected using the one-by-one online/historical duration review. For direct ranges, the checked build span is treated as primary. For broad century ranges, the value remains approximate.",1400.0,1500.0,100.0,1300.0,1500.0,200.0,corrected,manual_notes_main_present_or_substantially_preserved_building,medium_broad_or_phase_choice,1300.0–1500.0 | Corrected to broad 14th-to-15th-century phase.,False,
CAS_0052,Q3662392,castle,Castello Visconteo,Italy,Lodi,45.31239,9.498982,1300.0,1400.0,recorded_or_wikipedia_enriched_ce,100.0,100.0,100.0,manual_researched_start_end_correction,medium_broad_or_phase_choice,80.0,1427.9583870561305,7.264001001757936,osm_polygon,castle mapped footprint/grounds/outline proxy,,,,"construction_duration_years was manually corrected using the one-by-one online/historical duration review. For direct ranges, the checked build span is treated as primary. For broad century ranges, the value remains approximate.",1100.0,1400.0,300.0,1300.0,1400.0,100.0,corrected,manual_notes_main_present_or_substantially_preserved_building,medium_broad_or_phase_choice,1300.0–1400.0 | Raw start too early; use 14th-century Visconti phase proxy.,False,
CAS_0053,Q3662394,castle,Castello Visconteo,Italy,Voghera,44.989371,9.009289,1335.0,1372.0,recorded_or_wikipedia_enriched_ce,37.0,37.0,37.0,manual_researched_start_end_correction,high_numeric,102.0,2791.3770028129347,7.934290302455285,osm_polygon,castle mapped footprint/grounds/outline proxy,,,,"construction_duration_years was manually corrected using the one-by-one online/historical duration review. For direct ranges, the checked build span is treated as primary. For broad century ranges, the value remains approximate.",1335.0,1372.0,37.0,1335.0,1372.0,37.0,corrected,manual_notes_main_present_or_substantially_preserved_building,high_numeric,1335.0–1372.0 | Raw dates retained.,False,
CAS_0054,Q3662484,castle,Castello di Belgioioso,Italy,Belgioioso,45.160394,9.313197,1300.0,1400.0,recorded_or_wikipedia_enriched_ce,100.0,100.0,100.0,manual_researched_start_end_correction,medium_broad_or_phase_choice,74.0,8632.422387846778,9.063280438531208,osm_polygon,castle mapped footprint/grounds/outline proxy,,,,"construction_duration_years is derived as end_year - start_year; for castles this may represent construction, reconstruction, restoration, or broader historical date span rather than literal build duration.",1300.0,1400.0,100.0,1300.0,1400.0,100.0,corrected,manual_notes_main_present_or_substantially_preserved_building,medium_broad_or_phase_choice,1300.0–1400.0 | 14th-century proxy.,False,
CAS_0055,Q2968443,castle,Castle of Barletta,Italy,Barletta,41.321042,16.288691,1000.0,1500.0,recorded_or_wikipedia_enriched_ce,500.0,500.0,500.0,manual_researched_start_end_correction,medium_broad_or_phase_choice,2.0,10173.340022647884,9.227525854264265,osm_polygon,castle mapped footprint/grounds/outline proxy,,,,"construction_duration_years was manually corrected using the one-by-one online/historical duration review. For direct ranges, the checked build span is treated as primary. For broad century ranges, the value remains approximate.",1000.0,1100.0,100.0,1000.0,1500.0,500.0,corrected,manual_notes_main_present_or_substantially_preserved_building,medium_broad_or_phase_choice,1000.0–1500.0 | Broad Norman/Swabian/Aragonese development.,False,
CAS_0056,Q3662932,castle,Castle of Trezzo sull'Adda,Italy,Trezzo sull'Adda,45.611823,9.52224,1370.0,1377.0,recorded_or_wikipedia_enriched_ce,7.0,7.0,7.0,manual_researched_start_end_correction,high_numeric,171.0,98.39496927448756,4.588989677491995,osm_polygon,castle mapped footprint/grounds/outline proxy,42.0,,,"construction_duration_years is derived as end_year - start_year; for castles this may represent construction, reconstruction, restoration, or broader historical date span rather than literal build duration.",1370.0,1377.0,7.0,1370.0,1377.0,7.0,corrected,manual_notes_main_present_or_substantially_preserved_building,high_numeric,1370.0–1377.0 | Raw dates retained.,False,
CAS_0057,Q1011701,castle,Festenstein Castle,Italy,Eppan an der Weinstraße,46.511994,11.218769,1200.0,1300.0,recorded_or_wikipedia_enriched_ce,100.0,100.0,100.0,manual_researched_start_end_correction,medium_broad_or_phase_choice,527.0,611.237857974848,6.415486176337957,osm_polygon,castle mapped footprint/grounds/outline proxy,,,,"construction_duration_years was manually corrected using the one-by-one online/historical duration review. For direct ranges, the checked build span is treated as primary. For broad century ranges, the value remains approximate.",1200.0,1300.0,100.0,1200.0,1300.0,100.0,corrected,manual_notes_main_present_or_substantially_preserved_building,medium_broad_or_phase_choice,1200.0–1300.0 | 13th-century proxy.,False,
CAS_0061,Q3662376,castle,Visconti-Sforza Castle,Italy,Galliate,45.478392,8.696201,1476.0,1496.0,recorded_or_wikipedia_enriched_ce,20.0,20.0,20.0,manual_researched_start_end_correction,medium_broad_or_phase_choice,157.0,5249.18135482565,8.565827411012785,osm_polygon,castle mapped footprint/grounds/outline proxy,,,,"construction_duration_years was manually corrected using the one-by-one online/historical duration review. For direct ranges, the checked build span is treated as primary. For broad century ranges, the value remains approximate.",1400.0,1500.0,100.0,1476.0,1496.0,20.0,corrected,manual_notes_main_present_or_substantially_preserved_building,medium_broad_or_phase_choice,1476.0–1496.0 | Likely late-15th-century Sforza reconstruction.,False,
CAS_0062,Q3662579,castle,Conisbrough Castle,Kingdom of England,Conisbrough,53.4843,-1.22606,1070.0,1180.0,recorded_or_wikipedia_enriched_ce,110.0,110.0,110.0,manual_researched_start_end_correction,medium_broad_or_phase_choice,48.0,22560.73431633921,10.023966254565392,osm_polygon,castle mapped footprint/grounds/outline proxy,,,,"construction_duration_years was manually corrected using the one-by-one online/historical duration review. For direct ranges, the checked build span is treated as primary. For broad century ranges, the value remains approximate.",1000.0,1100.0,100.0,1070.0,1180.0,110.0,corrected,manual_notes_main_present_or_substantially_preserved_building,medium_broad_or_phase_choice,1070.0–1180.0 | Broad Norman earthwork-to-stone phase.,False,
CAS_0068,Q9386719,castle,Racibórz Castle,Poland,Racibórz,50.0961,18.2206,1200.0,1287.0,recorded_or_wikipedia_enriched_ce,87.0,87.0,87.0,manual_researched_start_end_correction,high_numeric,199.0,7149.537252768395,8.874802913701098,osm_polygon,castle mapped footprint/grounds/outline proxy,,,major reconstruction detected in wikipedia text,"construction_duration_years is derived as end_year - start_year; for castles this may represent construction, reconstruction, restoration, or broader historical date span rather than literal build duration.",1108.0,1287.0,179.0,1200.0,1287.0,87.0,corrected,manual_notes_main_present_or_substantially_preserved_building,high_numeric,1200.0–1287.0 | Use 13th-century castle phase to 1287.,False,
CAS_0069,Q3695846,castle,Castle of Abrantes,Portugal,Abrantes (São Vicente e São João) e Alferrarede,39.46445833,-8.19481944,1179.0,1303.0,recorded_or_wikipedia_enriched_ce,124.0,124.0,124.0,manual_researched_start_end_correction,high_numeric,182.0,15714.443275299596,9.662335522278948,osm_polygon,castle mapped footprint/grounds/outline proxy,,,,"construction_duration_years is derived as end_year - start_year; for castles this may represent construction, reconstruction, restoration, or broader historical date span rather than literal build duration.",130.0,1900.0,1770.0,1179.0,1303.0,124.0,corrected,manual_notes_main_present_or_substantially_preserved_building,high_numeric,1179.0–1303.0 | Christian fortification was rebuilt after the 1179 foral/resistance episode; Afonso III strengthened it in 1250 and works were completed under Dinis between 1300–1303.,False,
CAS_0071,Q5050367,castle,Castle of Belver,Portugal,Belver,39.49386944,-7.96090278,1194.0,1212.0,recorded_or_wikipedia_enriched_ce,18.0,18.0,18.0,manual_researched_start_end_correction,high_numeric,128.0,2577.4624917509805,7.854560663603264,osm_polygon,castle mapped footprint/grounds/outline proxy,,,,"construction_duration_years is derived as end_year - start_year; for castles this may represent construction, reconstruction, restoration, or broader historical date span rather than literal build duration.",1194.0,1212.0,18.0,1194.0,1212.0,18.0,corrected,manual_notes_main_present_or_substantially_preserved_building,high_numeric,1194.0–1212.0 | Raw dates retained.,False,
CAS_0072,Q2043483,castle,Castle of Evoramonte,Portugal,Evoramonte,38.77189,-7.715841,1100.0,1530.0,recorded_or_wikipedia_enriched_ce,430.0,430.0,430.0,manual_researched_start_end_correction,high_numeric,476.0,483.0231194684968,6.180064518901417,osm_polygon,castle mapped footprint/grounds/outline proxy,,,,"construction_duration_years was manually corrected using the one-by-one online/historical duration review. For direct ranges, the checked build span is treated as primary. For broad century ranges, the value remains approximate.",1100.0,1200.0,100.0,1100.0,1530.0,430.0,corrected,manual_notes_main_present_or_substantially_preserved_building,high_numeric,1100.0–1530.0 | Medieval castle plus major 1530s rebuild.,False,
CAS_0073,Q5049782,castle,Castle of Freixo de Espada-à-Cinta,Portugal,Freixo de Espada à Cinta e Mazouco,41.0927,-6.8042,1100.0,1300.0,recorded_or_wikipedia_enriched_ce,200.0,200.0,200.0,manual_researched_start_end_correction,medium_broad_or_phase_choice,465.0,94.97511197885817,4.553614878108089,osm_polygon,castle mapped footprint/grounds/outline proxy,,,,"construction_duration_years was manually corrected using the one-by-one online/historical duration review. For direct ranges, the checked build span is treated as primary. For broad century ranges, the value remains approximate.",1100.0,1200.0,100.0,1100.0,1300.0,200.0,corrected,manual_notes_main_present_or_substantially_preserved_building,medium_broad_or_phase_choice,1100.0–1300.0 | 12th-to-13th-century proxy.,False,
CAS_0074,Q3775726,castle,Castle of Santa Maria da Feira,Portugal,"Santa Maria da Feira, Travanca, Sanfins e Espargo",40.92100556,-8.54276389,1028.0,1037.0,recorded_or_wikipedia_enriched_ce,9.0,9.0,9.0,manual_researched_start_end_correction,medium_broad_or_phase_choice,156.0,3316.3961483965327,8.106633974860534,osm_polygon,castle mapped footprint/grounds/outline proxy,,,,"construction_duration_years is derived as end_year - start_year; for castles this may represent construction, reconstruction, restoration, or broader historical date span rather than literal build duration.",868.0,1986.0,1118.0,1028.0,1037.0,9.0,corrected,manual_notes_main_present_or_substantially_preserved_building,medium_broad_or_phase_choice,"1028.0–1037.0 | Use reconstruction/development project during Bermudo III's reign, 1028–1037; 1986 is modern renovation.",False,
CAS_0075,Q5050421,castle,Castle of Terena,Portugal,Terena,38.62166667,-7.40722222,1262.0,1977.0,recorded_or_wikipedia_enriched_ce,715.0,715.0,715.0,wikidata_wikipedia_duration,,221.0,4275.184932423139,8.360582639481564,osm_polygon,castle mapped footprint/grounds/outline proxy,,,,"construction_duration_years is derived as end_year - start_year; for castles this may represent construction, reconstruction, restoration, or broader historical date span rather than literal build duration.",1262.0,1977.0,715.0,1262.0,1977.0,715.0,unchanged,,,,False,
CAS_0076,Q830976,castle,Devín Castle,Slovakia,Devín,48.173888888,16.978055555,1400.0,1500.0,recorded_or_wikipedia_enriched_ce,100.0,100.0,100.0,manual_duration_fix_after_wikidata_wikipedia,BROAD_CENTURY_SPAN_COMPARE_CAUTION,185.0,64796.18138482383,11.079001951357425,osm_polygon,castle mapped footprint/grounds/outline proxy,,,major reconstruction detected in wikipedia text,"construction_duration_years was manually corrected using the one-by-one online/historical duration review. For direct ranges, the checked build span is treated as primary. For broad century ranges, the value remains approximate.",1400.0,1500.0,100.0,1400.0,1500.0,100.0,unchanged,,,,False,
CAS_0078,Q1934670,castle,Royal Palace of Olite,Spain,Olite/Erriberri,42.481731,-1.649563,1200.0,1967.0,recorded_or_wikipedia_enriched_ce,767.0,767.0,767.0,wikidata_wikipedia_duration,,387.0,2595.302328615735,7.861458293097412,osm_polygon,castle mapped footprint/grounds/outline proxy,,,major reconstruction detected in wikipedia text,"construction_duration_years is derived as end_year - start_year; for castles this may represent construction, reconstruction, restoration, or broader historical date span rather than literal build duration.",1200.0,1967.0,767.0,1200.0,1967.0,767.0,unchanged,,,,False,
CAS_0079,Q771891,castle,Hörningsholm Castle,Sweden,Södertälje Municipality,59.05083333,17.66583333,1400.0,1500.0,recorded_or_wikipedia_enriched_ce,100.0,100.0,100.0,manual_duration_fix_after_wikidata_wikipedia,BROAD_CENTURY_SPAN_COMPARE_CAUTION,5.0,779.4875121460983,6.658636668030952,osm_polygon,castle mapped footprint/grounds/outline proxy,,,,"construction_duration_years was manually corrected using the one-by-one online/historical duration review. For direct ranges, the checked build span is treated as primary. For broad century ranges, the value remains approximate.",1400.0,1500.0,100.0,1400.0,1500.0,100.0,unchanged,,,,False,
CAS_0081,Q1475894,castle,Uppsala Castle,Sweden,Uppsala Municipality,59.85359,17.63543,1549.0,1762.0,recorded_or_wikipedia_enriched_ce,213.0,213.0,213.0,wikidata_wikipedia_duration,,43.0,4518.905896578526,8.416025185246356,osm_polygon,castle mapped footprint/grounds/outline proxy,,,major reconstruction detected in wikipedia text,"construction_duration_years is derived as end_year - start_year; for castles this may represent construction, reconstruction, restoration, or broader historical date span rather than literal build duration.",1549.0,1762.0,213.0,1549.0,1762.0,213.0,unchanged,,,,False,
CAS_0082,Q1663657,castle,Vittskövle Castle,Sweden,Kristianstad Municipality,55.854722222,14.133333333,1553.0,1577.0,recorded_or_wikipedia_enriched_ce,24.0,24.0,24.0,wikidata_wikipedia_duration,,16.0,1524.5726622659065,7.329469428307162,osm_polygon,castle mapped footprint/grounds/outline proxy,,,,"construction_duration_years is derived as end_year - start_year; for castles this may represent construction, reconstruction, restoration, or broader historical date span rather than literal build duration.",1553.0,1577.0,24.0,1553.0,1577.0,24.0,unchanged,,,,False,
CAS_0083,Q687250,castle,Bottmingen Castle,Switzerland,Bottmingen,47.523738,7.570322,1200.0,1363.0,recorded_or_wikipedia_enriched_ce,163.0,163.0,163.0,wikidata_wikipedia_duration,,291.8,640.9986432596928,6.463027340318887,osm_polygon,castle mapped footprint/grounds/outline proxy,,,major reconstruction detected in wikipedia text,"construction_duration_years is derived as end_year - start_year; for castles this may represent construction, reconstruction, restoration, or broader historical date span rather than literal build duration.",1200.0,1363.0,163.0,1200.0,1363.0,163.0,unchanged,,,,False,
CAS_0084,Q29573881,castle,Gestelnburg,Switzerland,Niedergesteln,46.31333,7.7831,1100.0,1200.0,recorded_or_wikipedia_enriched_ce,100.0,100.0,100.0,manual_duration_fix_after_wikidata_wikipedia,BROAD_CENTURY_SPAN_COMPARE_CAUTION,650.0,310.1868827894166,5.737174963547305,osm_polygon,castle mapped footprint/grounds/outline proxy,,,,"construction_duration_years was manually corrected using the one-by-one online/historical duration review. For direct ranges, the checked build span is treated as primary. For broad century ranges, the value remains approximate.",1100.0,1200.0,100.0,1100.0,1200.0,100.0,unchanged,,,,False,
CAS_0085,Q668647,castle,Lenzburg Castle,Switzerland,Lenzburg,47.38752385,8.185309862,1036.0,1761.0,recorded_or_wikipedia_enriched_ce,725.0,725.0,725.0,wikidata_wikipedia_duration,,435.0,7719.195166917347,8.95146538459412,osm_polygon,castle mapped footprint/grounds/outline proxy,,,,"construction_duration_years is derived as end_year - start_year; for castles this may represent construction, reconstruction, restoration, or broader historical date span rather than literal build duration.",1036.0,1761.0,725.0,1036.0,1761.0,725.0,unchanged,,,,False,
CAS_0086,Q670256,castle,Marschlins Castle,Switzerland,Landquart,46.954444444,9.584444444,1200.0,1300.0,recorded_or_wikipedia_enriched_ce,100.0,100.0,100.0,manual_duration_fix_after_wikidata_wikipedia,BROAD_CENTURY_SPAN_COMPARE_CAUTION,539.0,1511.636924033784,7.320948398296462,osm_polygon,castle mapped footprint/grounds/outline proxy,,,,"construction_duration_years was manually corrected using the one-by-one online/historical duration review. For direct ranges, the checked build span is treated as primary. For broad century ranges, the value remains approximate.",1200.0,1300.0,100.0,1200.0,1300.0,100.0,unchanged,,,,False,
CAS_0087,Q2970842,castle,Tourbillon Castle,Switzerland,Sion,46.236463888,7.366952777,1297.0,1308.0,recorded_or_wikipedia_enriched_ce,11.0,11.0,11.0,manual_duration_fix_after_wikidata_wikipedia,DIFFERS,636.0,354.31859658799436,5.870196498746843,osm_polygon,castle mapped footprint/grounds/outline proxy,,,,"construction_duration_years was manually corrected using the one-by-one online/historical duration review. For direct ranges, the checked build span is treated as primary. For broad century ranges, the value remains approximate.",1297.0,1308.0,11.0,1297.0,1308.0,11.0,unchanged,,,,False,
CAS_0088,Q29521715,castle,Upper Castle Zizers,Switzerland,Zizers,46.934542,9.567474,1680.0,1976.0,recorded_or_wikipedia_enriched_ce,296.0,296.0,296.0,wikidata_wikipedia_duration,,589.0,384.4621129808006,5.9518452482800654,osm_polygon,castle mapped footprint/grounds/outline proxy,,,,"construction_duration_years is derived as end_year - start_year; for castles this may represent construction, reconstruction, restoration, or broader historical date span rather than literal build duration.",1680.0,1976.0,296.0,1680.0,1976.0,296.0,unchanged,,,,False,
CAS_0089,Q319745,castle,Aberystwyth Castle,United Kingdom,Aberystwyth,52.413277777,-4.089503888,1277.0,1289.0,recorded_or_wikipedia_enriched_ce,12.0,12.0,12.0,manual_duration_fix_after_wikidata_wikipedia,DIFFERS,18.7,44.67814606004292,3.799484479607858,osm_polygon,castle mapped footprint/grounds/outline proxy,,,,"construction_duration_years was manually corrected using the one-by-one online/historical duration review. For direct ranges, the checked build span is treated as primary. For broad century ranges, the value remains approximate.",1277.0,1289.0,12.0,1277.0,1289.0,12.0,unchanged,,,,False,
CAS_0092,Q827174,castle,Berry Pomeroy Castle,United Kingdom,Berry Pomeroy,50.449,-3.63662,1400.0,1710.0,recorded_or_wikipedia_enriched_ce,310.0,310.0,310.0,wikidata_wikipedia_duration,,80.0,2348.597116216355,7.761573457056751,osm_polygon,castle mapped footprint/grounds/outline proxy,,,,"construction_duration_years is derived as end_year - start_year; for castles this may represent construction, reconstruction, restoration, or broader historical date span rather than literal build duration.",1400.0,1710.0,310.0,1400.0,1710.0,310.0,unchanged,,,,False,
CAS_0093,Q328595,castle,Carisbrooke Castle,United Kingdom,Newport and Carisbrooke,50.6875,-1.31389,1100.0,1200.0,recorded_or_wikipedia_enriched_ce,100.0,100.0,100.0,manual_duration_fix_after_wikidata_wikipedia,BROAD_CENTURY_SPAN_COMPARE_CAUTION,44.0,56138.99302324893,10.935585912869522,osm_polygon,castle mapped footprint/grounds/outline proxy,,,,"construction_duration_years was manually corrected using the one-by-one online/historical duration review. For direct ranges, the checked build span is treated as primary. For broad century ranges, the value remains approximate.",1100.0,1200.0,100.0,1100.0,1200.0,100.0,unchanged,,,,False,
CAS_0094,Q614836,castle,Carlisle Castle,United Kingdom,Carlisle,54.8972,-2.94167,1092.0,1138.0,recorded_or_wikipedia_enriched_ce,46.0,46.0,46.0,wikidata_wikipedia_duration,,22.0,18100.630761480897,9.803702065347318,osm_polygon,castle mapped footprint/grounds/outline proxy,,,major reconstruction detected in wikipedia text,"construction_duration_years is derived as end_year - start_year; for castles this may represent construction, reconstruction, restoration, or broader historical date span rather than literal build duration.",1092.0,1138.0,46.0,1092.0,1138.0,46.0,unchanged,,,,False,
CAS_0095,Q1070187,castle,Chepstow Castle,United Kingdom,Chepstow,51.6439,-2.6757,1066.0,1300.0,recorded_or_wikipedia_enriched_ce,234.0,234.0,234.0,manual_duration_fix_after_wikidata_wikipedia,DIFFERS,28.0,7043.270885168274,8.859827955622745,osm_polygon,castle mapped footprint/grounds/outline proxy,,,,"construction_duration_years was manually corrected using the one-by-one online/historical duration review. For direct ranges, the checked build span is treated as primary. For broad century ranges, the value remains approximate.",1066.0,1300.0,234.0,1066.0,1300.0,234.0,unchanged,,,,False,
CAS_0097,Q198287,castle,Colchester Castle,United Kingdom,Colchester,51.890589,0.903047,1076.0,1801.0,recorded_or_wikipedia_enriched_ce,725.0,725.0,725.0,wikidata_wikipedia_duration,,31.0,2029.2203513092363,7.615406934870133,osm_polygon,castle mapped footprint/grounds/outline proxy,23.5,,,"construction_duration_years is derived as end_year - start_year; for castles this may represent construction, reconstruction, restoration, or broader historical date span rather than literal build duration.",1076.0,1801.0,725.0,1076.0,1801.0,725.0,unchanged,,,,False,
CAS_0100,Q17571145,castle,Harthill Castle,United Kingdom,Aberdeenshire,57.3161,-2.52197,1400.0,1500.0,recorded_or_wikipedia_enriched_ce,100.0,100.0,100.0,manual_duration_fix_after_wikidata_wikipedia,BROAD_CENTURY_SPAN_COMPARE_CAUTION,117.0,168.46040066603183,5.126700711288947,osm_polygon,castle mapped footprint/grounds/outline proxy,,,,"construction_duration_years was manually corrected using the one-by-one online/historical duration review. For direct ranges, the checked build span is treated as primary. For broad century ranges, the value remains approximate.",1400.0,1500.0,100.0,1400.0,1500.0,100.0,unchanged,,,,False,
CAS_0101,Q1741258,castle,Kilchurn Castle,United Kingdom,Argyll and Bute,56.4037,-5.0274,1400.0,1500.0,recorded_or_wikipedia_enriched_ce,100.0,100.0,100.0,manual_duration_fix_after_wikidata_wikipedia,BROAD_CENTURY_SPAN_COMPARE_CAUTION,33.0,991.9892959397232,6.8997123168433125,osm_polygon,castle mapped footprint/grounds/outline proxy,,,,"construction_duration_years was manually corrected using the one-by-one online/historical duration review. For direct ranges, the checked build span is treated as primary. For broad century ranges, the value remains approximate.",1400.0,1500.0,100.0,1400.0,1500.0,100.0,unchanged,,,,False,
CAS_0102,Q1741270,castle,Kildrummy Castle,United Kingdom,Aberdeenshire,57.234811111,-2.904630555,1200.0,1300.0,recorded_or_wikipedia_enriched_ce,100.0,100.0,100.0,wikidata_wikipedia_duration,,253.0,1753.7340439656966,7.469502533137617,osm_polygon,castle mapped footprint/grounds/outline proxy,,,,"construction_duration_years is derived as end_year - start_year; for castles this may represent construction, reconstruction, restoration, or broader historical date span rather than literal build duration.",1200.0,1300.0,100.0,1200.0,1300.0,100.0,unchanged,,,,False,
CAS_0103,Q2969640,castle,Lancaster Castle,United Kingdom,Lancaster,54.0498,-2.80562,1000.0,2019.0,recorded_or_wikipedia_enriched_ce,1019.0,1019.0,1019.0,wikidata_wikipedia_duration,,34.0,7120.9123744359795,8.87079113867344,osm_polygon,castle mapped footprint/grounds/outline proxy,,,major reconstruction detected in wikipedia text,"construction_duration_years is derived as end_year - start_year; for castles this may represent construction, reconstruction, restoration, or broader historical date span rather than literal build duration.",1000.0,2019.0,1019.0,1000.0,2019.0,1019.0,unchanged,,,,False,
CAS_0104,Q6530697,castle,Leslie Castle,United Kingdom,Aberdeenshire,57.3124,-2.66626,1661.0,1989.0,recorded_or_wikipedia_enriched_ce,328.0,328.0,328.0,wikidata_wikipedia_duration,,163.0,215.3764870383647,5.372387599239184,osm_polygon,castle mapped footprint/grounds/outline proxy,,,,"construction_duration_years is derived as end_year - start_year; for castles this may represent construction, reconstruction, restoration, or broader historical date span rather than literal build duration.",1661.0,1989.0,328.0,1661.0,1989.0,328.0,unchanged,,,,False,
CAS_0106,Q1672292,castle,Norwich Castle,United Kingdom,Norwich,52.6281,1.29678,1067.0,1827.0,recorded_or_wikipedia_enriched_ce,760.0,760.0,760.0,wikidata_wikipedia_duration,,29.0,861.3938242905448,6.758551803207898,osm_polygon,castle mapped footprint/grounds/outline proxy,27.0,,,"construction_duration_years is derived as end_year - start_year; for castles this may represent construction, reconstruction, restoration, or broader historical date span rather than literal build duration.",1067.0,1827.0,760.0,1067.0,1827.0,760.0,unchanged,,,,False,
CAS_0107,Q7969192,castle,Old Wardour Castle,United Kingdom,Donhead St Andrew,51.0363247,-2.0888994,1300.0,1400.0,recorded_or_wikipedia_enriched_ce,100.0,100.0,100.0,manual_duration_fix_after_wikidata_wikipedia,BROAD_CENTURY_SPAN_COMPARE_CAUTION,143.0,383.53,5.949417844605637,existing,castle mapped footprint/grounds/outline proxy,25.0,,,"construction_duration_years was manually corrected using the one-by-one online/historical duration review. For direct ranges, the checked build span is treated as primary. For broad century ranges, the value remains approximate.",1300.0,1400.0,100.0,1300.0,1400.0,100.0,unchanged,,,,False,
CAS_0109,Q2970220,castle,Piel Castle,United Kingdom,Barrow-in-Furness,54.06254938,-3.173599575,1300.0,1991.0,recorded_or_wikipedia_enriched_ce,691.0,691.0,691.0,wikidata_wikipedia_duration,,8.0,11872.904578496187,9.382014156784864,osm_polygon,castle mapped footprint/grounds/outline proxy,,,,"construction_duration_years is derived as end_year - start_year; for castles this may represent construction, reconstruction, restoration, or broader historical date span rather than literal build duration.",1300.0,1991.0,691.0,1300.0,1991.0,691.0,unchanged,,,,False,
CAS_0111,Q913981,castle,Urquhart Castle,United Kingdom,Highland,57.324,-4.442,1200.0,1600.0,recorded_or_wikipedia_enriched_ce,400.0,400.0,400.0,manual_duration_fix_after_wikidata_wikipedia,BROAD_CENTURY_SPAN_COMPARE_CAUTION,28.0,5538.65603500678,8.619507157351833,osm_polygon,castle mapped footprint/grounds/outline proxy,,,,"construction_duration_years was manually corrected using the one-by-one online/historical duration review. For direct ranges, the checked build span is treated as primary. For broad century ranges, the value remains approximate.",1200.0,1600.0,400.0,1200.0,1600.0,400.0,unchanged,,,,False,
CAS_0112,Q4917439,castle,Waytemore Castle,United Kingdom,Bishop's Stortford,51.872,0.162949,1100.0,1200.0,recorded_or_wikipedia_enriched_ce,100.0,100.0,100.0,manual_duration_fix_after_wikidata_wikipedia,BROAD_CENTURY_SPAN_COMPARE_CAUTION,59.0,694.8341090789899,6.543673125100653,osm_polygon,castle mapped footprint/grounds/outline proxy,,,,"construction_duration_years was manually corrected using the one-by-one online/historical duration review. For direct ranges, the checked build span is treated as primary. For broad century ranges, the value remains approximate.",1100.0,1200.0,100.0,1100.0,1200.0,100.0,unchanged,,,,False,
PYR_0001,1,pyramid,Step Pyramid of Djoser,Egypt,Saqqara,29.871215,31.216644,-2686.0,-2613.0,dynasty_start_proxy_bce_negative,19.0,19.0,19.0,manual curated construction-duration correction,medium,60.0,13189.0,9.487138427825885,kaggle_base1_x_base2,pyramid base area from base dimensions,60.0,330.4,unknown,"Manual edit based on online source review and books/secondary historical material read. Treat as a curated estimate, not an exact engineering duration.",-2686.0,-2613.0,19.0,-2686.0,-2613.0,19.0,unchanged,,,,False,
PYR_0004,4,pyramid,Pyramid Lepsius I,Egypt,Abu Rawash,30.040833,31.094444,-2686.0,-2613.0,dynasty_start_proxy_bce_negative,24.0,24.0,24.0,auto-filled upper-bound proxy from attributed pharaoh reign length,low,27.0,46225.0,10.741276056255323,kaggle_base1_x_base2,pyramid base area from base dimensions,145.0,,ruined,Auto-filled reign-window proxy. This is not a direct construction duration. It is an upper-bound proxy based on the attributed pharaoh's reign length. Use only when a numeric duration is required for comparative analysis.,-2686.0,-2613.0,24.0,-2686.0,-2613.0,24.0,unchanged,,,,False,
PYR_0005,5,pyramid,Pyramid of Athribis,Egypt,Athribis,30.470556,31.188056,-2686.0,-2613.0,dynasty_start_proxy_bce_negative,24.0,24.0,24.0,auto-filled upper-bound proxy from attributed pharaoh reign length,low,13.0,400.0,5.991464547107982,kaggle_base1_x_base2,pyramid base area from base dimensions,16.0,,unknown,Auto-filled reign-window proxy. This is not a direct construction duration. It is an upper-bound proxy based on the attributed pharaoh's reign length. Use only when a numeric duration is required for comparative analysis.,-2686.0,-2613.0,24.0,-2686.0,-2613.0,24.0,unchanged,,,,False,
PYR_0006,6,pyramid,Pyramid of Elephantine,Egypt,Elephantine,24.085556,32.885278,-2686.0,-2613.0,dynasty_start_proxy_bce_negative,24.0,24.0,24.0,auto-filled upper-bound proxy from attributed pharaoh reign length,low,95.0,324.0,5.780743515792329,kaggle_base1_x_base2,pyramid base area from base dimensions,10.5,,unknown,Auto-filled reign-window proxy. This is not a direct construction duration. It is an upper-bound proxy based on the attributed pharaoh's reign length. Use only when a numeric duration is required for comparative analysis.,-2686.0,-2613.0,24.0,-2686.0,-2613.0,24.0,unchanged,,,,False,
PYR_0007,7,pyramid,Edfu South Pyramid,Egypt,Edfu,24.943611,32.841944,-2686.0,-2613.0,dynasty_start_proxy_bce_negative,24.0,24.0,24.0,auto-filled upper-bound proxy from attributed pharaoh reign length,low,88.0,324.0,5.780743515792329,kaggle_base1_x_base2,pyramid base area from base dimensions,12.5,,unknown,Auto-filled reign-window proxy. This is not a direct construction duration. It is an upper-bound proxy based on the attributed pharaoh's reign length. Use only when a numeric duration is required for comparative analysis.,-2686.0,-2613.0,24.0,-2686.0,-2613.0,24.0,unchanged,,,,False,
PYR_0008,8,pyramid,Al Kula Pyramid,Egypt,Hierakonpolis,25.116667,32.8,-2686.0,-2613.0,dynasty_start_proxy_bce_negative,24.0,24.0,24.0,auto-filled upper-bound proxy from attributed pharaoh reign length,low,85.0,361.0,5.8888779583328805,kaggle_base1_x_base2,pyramid base area from base dimensions,12.0,,unknown,Auto-filled reign-window proxy. This is not a direct construction duration. It is an upper-bound proxy based on the attributed pharaoh's reign length. Use only when a numeric duration is required for comparative analysis.,-2686.0,-2613.0,24.0,-2686.0,-2613.0,24.0,unchanged,,,,False,
PYR_0009,9,pyramid,Pyramid of Naqada (Pyramid of Ombos),Egypt,Naqada,25.940556,32.709167,-2686.0,-2613.0,dynasty_start_proxy_bce_negative,24.0,24.0,24.0,auto-filled upper-bound proxy from attributed pharaoh reign length,low,89.0,361.0,5.8888779583328805,kaggle_base1_x_base2,pyramid base area from base dimensions,14.0,,unknown,Auto-filled reign-window proxy. This is not a direct construction duration. It is an upper-bound proxy based on the attributed pharaoh's reign length. Use only when a numeric duration is required for comparative analysis.,-2686.0,-2613.0,24.0,-2686.0,-2613.0,24.0,unchanged,,,,False,
PYR_0010,10,pyramid,Pyramid of Sinki,Egypt,Abydos,26.157778,31.966111,-2686.0,-2613.0,dynasty_start_proxy_bce_negative,24.0,24.0,24.0,auto-filled upper-bound proxy from attributed pharaoh reign length,low,75.0,361.0,5.8888779583328805,kaggle_base1_x_base2,pyramid base area from base dimensions,12.5,,unknown,Auto-filled reign-window proxy. This is not a direct construction duration. It is an upper-bound proxy based on the attributed pharaoh's reign length. Use only when a numeric duration is required for comparative analysis.,-2686.0,-2613.0,24.0,-2686.0,-2613.0,24.0,unchanged,,,,False,
PYR_0011,11,pyramid,Pyramid of Zawyet el-Maiyitin,Egypt,Al-Minya,28.045833,30.828611,-2686.0,-2613.0,dynasty_start_proxy_bce_negative,24.0,24.0,24.0,auto-filled upper-bound proxy from attributed pharaoh reign length,low,35.0,501.75999999999993,6.218121917721988,kaggle_base1_x_base2,pyramid base area from base dimensions,17.0,,unknown,Auto-filled reign-window proxy. This is not a direct construction duration. It is an upper-bound proxy based on the attributed pharaoh's reign length. Use only when a numeric duration is required for comparative analysis.,-2686.0,-2613.0,24.0,-2686.0,-2613.0,24.0,unchanged,,,,False,
PYR_0012,12,pyramid,Pyramid of Seila,Egypt,Seila,29.382589,31.053581,-2613.0,-2494.0,dynasty_start_proxy_bce_negative,24.0,24.0,24.0,upper-bound proxy from attributed pharaoh reign length,low,110.0,625.0,6.437751649736401,kaggle_base1_x_base2,pyramid base area from base dimensions,6.8,,unknown,This is not a direct construction duration. It is only an upper-bound proxy.,-2613.0,-2494.0,24.0,-2613.0,-2494.0,24.0,unchanged,,,,False,
PYR_0013,13,pyramid,Pyramid of Meidum,Egypt,Meidum,29.388056,31.156944,-2613.0,-2494.0,dynasty_start_proxy_bce_negative,24.0,24.0,24.0,upper-bound proxy from attributed pharaoh reign length,low,56.0,20736.0,9.939626599152,kaggle_base1_x_base2,pyramid base area from base dimensions,92.0,638.733,unknown,This is not a direct construction duration. It is only an upper-bound proxy.,-2613.0,-2494.0,24.0,-2613.0,-2494.0,24.0,unchanged,,,,False,
PYR_0014,14,pyramid,Bent Pyramid,Egypt,Dahshur,29.790278,31.209167,-2613.0,-2494.0,dynasty_start_proxy_bce_negative,24.0,24.0,24.0,upper-bound proxy from attributed pharaoh reign length,low,76.0,35344.0,10.472883925659898,kaggle_base1_x_base2,pyramid base area from base dimensions,105.0,1.237,unknown,This is not a direct construction duration. It is only an upper-bound proxy.,-2613.0,-2494.0,24.0,-2613.0,-2494.0,24.0,unchanged,,,,False,
PYR_0015,15,pyramid,Red Pyramid (North Pyramid),Egypt,Dahshur,29.808333,31.205833,-2613.0,-2494.0,dynasty_start_proxy_bce_negative,13.5,13.5,13.5,manual curated construction-duration correction,medium-low,61.0,48400.0,10.787255092704724,kaggle_base1_x_base2,pyramid base area from base dimensions,105.0,1.694,unknown,"Manual edit based on online source review and books/secondary historical material read. Treat as a curated estimate, not an exact engineering duration.",-2613.0,-2494.0,13.5,-2613.0,-2494.0,13.5,unchanged,,,,False,
PYR_0019,19,pyramid,Pyramid G1-d,Egypt,Giza,29.97785,31.136256,-2613.0,-2494.0,dynasty_start_proxy_bce_negative,26.0,26.0,26.0,upper-bound proxy from attributed pharaoh reign length,low,58.0,529.0,6.270988431858299,kaggle_base1_x_base2,pyramid base area from base dimensions,14.0,,unknown,This is not a direct construction duration. It is only an upper-bound proxy.,-2613.0,-2494.0,26.0,-2613.0,-2494.0,26.0,unchanged,,,,False,
PYR_0020,20,pyramid,The Great Pyramid of Giza,Egypt,Giza,29.979167,31.134167,-2613.0,-2494.0,dynasty_start_proxy_bce_negative,23.5,23.5,23.5,manual curated construction-duration correction,medium,58.0,53038.09,10.87876561365328,kaggle_base1_x_base2,pyramid base area from base dimensions,146.6,2.583,unknown,"Manual edit based on online source review and books/secondary historical material read. Treat as a curated estimate, not an exact engineering duration.",-2613.0,-2494.0,23.5,-2613.0,-2494.0,23.5,unchanged,,,,False,
PYR_0021,21,pyramid,Pyramid of Djedefre,Egypt,Abu Rawash,30.032222,31.074722,-2613.0,-2494.0,dynasty_start_proxy_bce_negative,8.0,8.0,8.0,upper-bound proxy from attributed pharaoh reign length,low,157.0,11236.0,9.326878188224134,kaggle_base1_x_base2,pyramid base area from base dimensions,67.0,131.043,unknown,This is not a direct construction duration. It is only an upper-bound proxy.,-2613.0,-2494.0,8.0,-2613.0,-2494.0,8.0,unchanged,,,,False,
PYR_0023,23,pyramid,Pyramid of Khafre,Egypt,Giza,29.975947,31.130698,-2613.0,-2494.0,dynasty_start_proxy_bce_negative,26.0,26.0,26.0,manual curated upper-bound proxy from attributed pharaoh reign length,low,78.0,46332.5625,10.74360028661568,kaggle_base1_x_base2,pyramid base area from base dimensions,143.5,2.211,unknown,Manual edit based on online source review and books/secondary historical material read. This is not a direct construction duration. It is only a reign-window upper-bound proxy. Alias correction: Khafra is treated as Khafre.,-2613.0,-2494.0,26.0,-2613.0,-2494.0,26.0,unchanged,,,,False,
PYR_0024,24,pyramid,Pyramid of Menkaure,Egypt,Giza,29.972378,31.128327,-2613.0,-2494.0,dynasty_start_proxy_bce_negative,18.0,18.0,18.0,upper-bound proxy from attributed pharaoh reign length,low,70.0,11121.8116,9.316663468204649,kaggle_base1_x_base2,pyramid base area from base dimensions,65.5,235.183,unknown,This is not a direct construction duration. It is only an upper-bound proxy.,-2613.0,-2494.0,18.0,-2613.0,-2494.0,18.0,unchanged,,,,False,
PYR_0025,25,pyramid,Pyramid G-3c (western),Egypt,Giza,29.971592,31.127274,-2613.0,-2494.0,dynasty_start_proxy_bce_negative,18.0,18.0,18.0,upper-bound proxy from attributed pharaoh reign length,low,70.0,992.25,6.899975091663174,kaggle_base1_x_base2,pyramid base area from base dimensions,21.0,7.0,completed,This is not a direct construction duration. It is only an upper-bound proxy.,-2613.0,-2494.0,18.0,-2613.0,-2494.0,18.0,unchanged,,,,False,
PYR_0026,26,pyramid,Pyramid G-3b (middle),Egypt,Giza,29.971592,31.127783,-2613.0,-2494.0,dynasty_start_proxy_bce_negative,18.0,18.0,18.0,upper-bound proxy from attributed pharaoh reign length,low,70.0,992.25,6.899975091663174,kaggle_base1_x_base2,pyramid base area from base dimensions,21.0,7.0,completed,This is not a direct construction duration. It is only an upper-bound proxy.,-2613.0,-2494.0,18.0,-2613.0,-2494.0,18.0,unchanged,,,,False,
PYR_0027,27,pyramid,Pyramid G-3a (eastern),Egypt,Giza,29.971592,31.128293,-2613.0,-2494.0,dynasty_start_proxy_bce_negative,18.0,18.0,18.0,upper-bound proxy from attributed pharaoh reign length,low,70.0,1971.36,7.5864789388763585,kaggle_base1_x_base2,pyramid base area from base dimensions,28.3,18.69,completed,This is not a direct construction duration. It is only an upper-bound proxy.,-2613.0,-2494.0,18.0,-2613.0,-2494.0,18.0,unchanged,,,,False,
PYR_0028,28,pyramid,Mastabat al-Fir'aun,Egypt,Giza,29.838889,31.215,-2613.0,-2494.0,dynasty_start_proxy_bce_negative,4.0,4.0,4.0,upper-bound proxy from attributed pharaoh reign length,low,51.0,7410.24,8.910618106429599,kaggle_base1_x_base2,pyramid base area from base dimensions,18.0,148.271,completed,This is not a direct construction duration. It is only an upper-bound proxy.,-2613.0,-2494.0,4.0,-2613.0,-2494.0,4.0,unchanged,,,,False,
PYR_0031,31,pyramid,Pyramid of Userkaf,Egypt,Saqqara,29.873611,31.218889,-2494.0,-2345.0,dynasty_start_proxy_bce_negative,8.0,8.0,8.0,upper-bound proxy from attributed pharaoh reign length,low,54.0,5372.889999999999,8.58912121778521,kaggle_base1_x_base2,pyramid base area from base dimensions,49.0,87.906,unknown,This is not a direct construction duration. It is only an upper-bound proxy.,-2494.0,-2345.0,8.0,-2494.0,-2345.0,8.0,unchanged,,,,False,
PYR_0033,33,pyramid,Pyramid of Sahure,Egypt,Abusir,29.897778,31.203333,-2494.0,-2345.0,dynasty_start_proxy_bce_negative,13.0,13.0,13.0,upper-bound proxy from attributed pharaoh reign length,low,40.0,6201.5625,8.732556555411485,kaggle_base1_x_base2,pyramid base area from base dimensions,47.0,96.542,unknown,This is not a direct construction duration. It is only an upper-bound proxy.,-2494.0,-2345.0,13.0,-2494.0,-2345.0,13.0,unchanged,,,,False,
PYR_0034,34,pyramid,Pyramid of Neferirkare,Egypt,Abusir,29.895,31.2025,-2494.0,-2345.0,dynasty_start_proxy_bce_negative,11.0,11.0,11.0,manual curated upper-bound proxy from attributed pharaoh reign length,low,56.0,5184.0,8.55333223803211,kaggle_base1_x_base2,pyramid base area from base dimensions,52.0,257.25,completed,Manual edit based on online source review and books/secondary historical material read. This is not a direct construction duration. It is only a reign-window upper-bound proxy. Manual correction: older 20-year reign traditions are treated cautiously; the proxy is revised downward to about 11 years based on the reviewed chronology.,-2494.0,-2345.0,11.0,-2494.0,-2345.0,11.0,unchanged,,,,False,
PYR_0038,38,pyramid,Pyramid of Nyuserre,Egypt,Abusir,29.895667,31.203556,-2494.0,-2345.0,dynasty_start_proxy_bce_negative,30.0,30.0,30.0,upper-bound proxy from attributed pharaoh reign length,low,56.0,6225.210000000001,8.736362455703658,kaggle_base1_x_base2,pyramid base area from base dimensions,51.68,112.632,unknown,This is not a direct construction duration. It is only an upper-bound proxy.,-2494.0,-2345.0,30.0,-2494.0,-2345.0,30.0,unchanged,,,,False,
PYR_0039,39,pyramid,Headless Pyramid,Egypt,Saqqara,29.875278,31.223611,-2494.0,-2345.0,dynasty_start_proxy_bce_negative,8.0,8.0,8.0,upper-bound proxy from attributed pharaoh reign length,low,51.0,2704.0,7.902487437162855,kaggle_base1_x_base2,pyramid base area from base dimensions,52.5,,unknown,This is not a direct construction duration. It is only an upper-bound proxy.,-2494.0,-2345.0,8.0,-2494.0,-2345.0,8.0,unchanged,,,,False,
PYR_0040,40,pyramid,Pyramid of Djedkare-Isesi,Egypt,South Saqqara,29.851111,31.220833,-2494.0,-2345.0,dynasty_start_proxy_bce_negative,38.0,38.0,38.0,manual curated upper-bound proxy from attributed pharaoh reign length,low,45.0,6201.5625,8.732556555411485,kaggle_base1_x_base2,pyramid base area from base dimensions,52.5,107.835,unknown,"Manual edit based on online source review and books/secondary historical material read. This is not a direct construction duration. It is only a reign-window upper-bound proxy. This reign length is debated. The value is retained only as a low-confidence proxy, not a confirmed construction duration.",-2494.0,-2345.0,38.0,-2494.0,-2345.0,38.0,unchanged,,,,False,
PYR_0041,41,pyramid,Pyramid of Unas,Egypt,North Saqqara,29.868333,31.214722,-2494.0,-2345.0,dynasty_start_proxy_bce_negative,30.0,30.0,30.0,upper-bound proxy from attributed pharaoh reign length,low,59.0,3335.0625,8.112246698803807,kaggle_base1_x_base2,pyramid base area from base dimensions,43.0,47.39,unknown,This is not a direct construction duration. It is only an upper-bound proxy.,-2494.0,-2345.0,30.0,-2494.0,-2345.0,30.0,unchanged,,,,False,
PYR_0042,42,pyramid,Pyramid of Teti,Egypt,North Saqqara,29.875278,31.221667,-2345.0,-2181.0,dynasty_start_proxy_bce_negative,12.0,12.0,12.0,upper-bound proxy from attributed pharaoh reign length,low,58.0,6201.5625,8.732556555411485,kaggle_base1_x_base2,pyramid base area from base dimensions,52.5,107.835,unknown,This is not a direct construction duration. It is only an upper-bound proxy.,-2345.0,-2181.0,12.0,-2345.0,-2181.0,12.0,unchanged,,,,False,
PYR_0043,43,pyramid,Pyramid of Pepi I,Egypt,South Saqqara,29.85451,31.21909,-2345.0,-2181.0,dynasty_start_proxy_bce_negative,49.0,49.0,49.0,manual curated upper-bound proxy from attributed pharaoh reign length,low,42.0,6201.5625,8.732556555411485,kaggle_base1_x_base2,pyramid base area from base dimensions,52.5,107.835,unknown,Manual edit based on online source review and books/secondary historical material read. This is not a direct construction duration. It is only a reign-window upper-bound proxy. Kept as proxy-only because it was not reconfirmed as a direct construction duration.,-2345.0,-2181.0,49.0,-2345.0,-2181.0,49.0,unchanged,,,,False,
PYR_0044,44,pyramid,Pyramid of Merenre,Egypt,South Saqqara,29.850556,31.215,-2345.0,-2181.0,dynasty_start_proxy_bce_negative,9.0,9.0,9.0,manual curated upper-bound proxy from attributed pharaoh reign length,low,47.0,6201.5625,8.732556555411485,kaggle_base1_x_base2,pyramid base area from base dimensions,52.5,107.835,unknown,Manual edit based on online source review and books/secondary historical material read. This is not a direct construction duration. It is only a reign-window upper-bound proxy. Kept as proxy-only because it was not reconfirmed as a direct construction duration.,-2345.0,-2181.0,9.0,-2345.0,-2181.0,9.0,unchanged,,,,False,
PYR_0045,45,pyramid,Pyramid of Pepi II,Egypt,South Saqqara,29.8403,31.2133,-2345.0,-2181.0,dynasty_start_proxy_bce_negative,64.0,64.0,64.0,upper-bound proxy from attributed pharaoh reign length,low,52.0,6241.0,8.738895704934043,kaggle_base1_x_base2,pyramid base area from base dimensions,52.4,107.835,unknown,This is not a direct construction duration. It is only an upper-bound proxy.,-2345.0,-2181.0,64.0,-2345.0,-2181.0,64.0,unchanged,,,,False,
PYR_0048,48,pyramid,Pyramid of Amenemhet I,Egypt,Lisht,29.574722,31.225,-1991.0,-1802.0,dynasty_start_proxy_bce_negative,29.0,29.0,29.0,upper-bound proxy from attributed pharaoh reign length,low,37.0,7056.0,8.861633597686627,kaggle_base1_x_base2,pyramid base area from base dimensions,55.0,129.36,unknown,This is not a direct construction duration. It is only an upper-bound proxy.,-1991.0,-1802.0,29.0,-1991.0,-1802.0,29.0,unchanged,,,,False,
PYR_0049,49,pyramid,Pyramid of Senusret I,Egypt,Lisht,29.560009,31.220876,-1991.0,-1802.0,dynasty_start_proxy_bce_negative,45.0,45.0,45.0,upper-bound proxy from attributed pharaoh reign length,low,44.0,11025.0,9.307920700315046,kaggle_base1_x_base2,pyramid base area from base dimensions,61.25,225.093,unknown,This is not a direct construction duration. It is only an upper-bound proxy.,-1991.0,-1802.0,45.0,-1991.0,-1802.0,45.0,unchanged,,,,False,
PYR_0050,50,pyramid,White Pyramid,Egypt,Dahshur,29.805563,31.222781,-1991.0,-1802.0,dynasty_start_proxy_bce_negative,35.0,35.0,35.0,upper-bound proxy from attributed pharaoh reign length,low,41.0,2500.0,7.824046010856292,kaggle_base1_x_base2,pyramid base area from base dimensions,84.0,,unknown,This is not a direct construction duration. It is only an upper-bound proxy.,-1991.0,-1802.0,35.0,-1991.0,-1802.0,35.0,unchanged,,,,False,
PYR_0051,51,pyramid,Pyramid of Senusret II,Egypt,El-Lahun,29.233333,30.966667,-1991.0,-1802.0,dynasty_start_proxy_bce_negative,19.0,19.0,19.0,manual curated upper-bound proxy from attributed pharaoh reign length,low,35.0,11236.0,9.326878188224134,kaggle_base1_x_base2,pyramid base area from base dimensions,48.6,185.665,unknown,Manual edit based on online source review and books/secondary historical material read. This is not a direct construction duration. It is only a reign-window upper-bound proxy. Traditional and modern chronologies differ. This value is retained only as a low-confidence reign-window proxy.,-1991.0,-1802.0,19.0,-1991.0,-1802.0,19.0,unchanged,,,,False,
PYR_0052,52,pyramid,Pyramid of Senusret III,Egypt,Dahshur,29.818889,31.225556,-1991.0,-1802.0,dynasty_start_proxy_bce_negative,39.0,39.0,39.0,manual curated upper-bound proxy from attributed pharaoh reign length,low,51.0,11025.0,9.307920700315046,kaggle_base1_x_base2,pyramid base area from base dimensions,63.0,288.488,unknown,Manual edit based on online source review and books/secondary historical material read. This is not a direct construction duration. It is only a reign-window upper-bound proxy. The previously used 20-year value was not kept as a direct construction duration because the reviewed support was not strong enough.,-1991.0,-1802.0,39.0,-1991.0,-1802.0,39.0,unchanged,,,,False,
PYR_0053,53,pyramid,Black Pyramid,Egypt,Dahshur,29.791667,31.223611,-1991.0,-1802.0,dynasty_start_proxy_bce_negative,45.0,45.0,45.0,upper-bound proxy from attributed pharaoh reign length,low,36.0,11025.0,9.307920700315046,kaggle_base1_x_base2,pyramid base area from base dimensions,75.0,274.625,unknown,This is not a direct construction duration. It is only an upper-bound proxy.,-1991.0,-1802.0,45.0,-1991.0,-1802.0,45.0,unchanged,,,,False,
PYR_0054,54,pyramid,Pyramid of Hawara,Egypt,Hawara,29.27424,30.898973,-1991.0,-1802.0,dynasty_start_proxy_bce_negative,45.0,45.0,45.0,upper-bound proxy from attributed pharaoh reign length,low,35.0,11025.0,9.307920700315046,kaggle_base1_x_base2,pyramid base area from base dimensions,58.0,200.158,unknown,This is not a direct construction duration. It is only an upper-bound proxy.,-1991.0,-1802.0,45.0,-1991.0,-1802.0,45.0,unchanged,,,,False,
PYR_0057,57,pyramid,Pyramid of Ameny Qemau,Egypt,Dahshur,29.781667,31.221389,-1802.0,-1650.0,dynasty_start_proxy_bce_negative,2.0,2.0,2.0,upper-bound proxy from attributed pharaoh reign length,low,33.0,2704.0,7.902487437162855,kaggle_base1_x_base2,pyramid base area from base dimensions,35.0,,completed,This is not a direct construction duration. It is only an upper-bound proxy.,-1802.0,-1650.0,2.0,-1802.0,-1650.0,2.0,unchanged,,,,False,
PYR_0058,58,pyramid,Pyramid of Khendjer,Egypt,South Saqqara,29.832222,31.223889,-1802.0,-1650.0,dynasty_start_proxy_bce_negative,4.0,4.0,4.0,upper-bound proxy from attributed pharaoh reign length,low,52.0,2756.25,7.921626339195156,kaggle_base1_x_base2,pyramid base area from base dimensions,37.35,44.096,completed,This is not a direct construction duration. It is only an upper-bound proxy.,-1802.0,-1650.0,4.0,-1802.0,-1650.0,4.0,unchanged,,,,False,
PYR_0062,62,pyramid,Pyramid of Ahmose,Egypt,Abydos,26.175,31.937778,-1550.0,-1292.0,dynasty_start_proxy_bce_negative,25.0,25.0,25.0,manual curated upper-bound proxy from attributed pharaoh reign length,low,72.0,2756.25,7.921626339195156,kaggle_base1_x_base2,pyramid base area from base dimensions,40.0,,unknown,Manual edit based on online source review and books/secondary historical material read. This is not a direct construction duration. It is only a reign-window upper-bound proxy. The previously used 10–30 year range was not kept as a direct construction duration because the reviewed support was not strong enough.,-1550.0,-1292.0,25.0,-1550.0,-1292.0,25.0,unchanged,,,,False,
